0 verbose cli /usr/local/bin/node /usr/local/bin/npm
1 info using npm@11.11.0
2 info using node@v24.14.1
3 silly config load:file:/usr/local/lib/node_modules/npm/npmrc
4 silly config load:file:/Users/dhyey/Documents/GitHub/GlobeHack/driver-app/.npmrc
5 silly config load:file:/Users/dhyey/.npmrc
6 silly config load:file:/usr/local/etc/npmrc
7 verbose title npm install socket.io-client lucide-react-native
8 verbose argv "install" "socket.io-client" "lucide-react-native" "--cache" "../server/.npm-cache"
9 verbose logfile logs-max:10 dir:/Users/dhyey/Documents/GitHub/GlobeHack/server/.npm-cache/_logs/2026-04-18T23_25_58_883Z-
10 verbose logfile /Users/dhyey/Documents/GitHub/GlobeHack/server/.npm-cache/_logs/2026-04-18T23_25_58_883Z-debug-0.log
11 silly logfile done cleaning log files
12 silly packumentCache heap:4496293888 maxSize:1124073472 maxEntrySize:562036736
13 silly idealTree buildDeps
14 silly fetch manifest @expo/vector-icons@^15.0.3
15 silly packumentCache full:https://registry.npmjs.org/@expo%2fvector-icons cache-miss
16 http fetch GET 200 https://registry.npmjs.org/@expo%2fvector-icons 166ms (cache miss)
17 silly packumentCache full:https://registry.npmjs.org/@expo%2fvector-icons set size:undefined disposed:false
18 silly fetch manifest expo-font@~14.0.11
19 silly packumentCache full:https://registry.npmjs.org/expo-font cache-miss
20 http fetch GET 200 https://registry.npmjs.org/expo-font 65ms (cache miss)
21 silly packumentCache full:https://registry.npmjs.org/expo-font set size:undefined disposed:false
22 silly fetch manifest expo@~54.0.33
23 silly packumentCache full:https://registry.npmjs.org/expo cache-miss
24 http fetch GET 200 https://registry.npmjs.org/expo 161ms (cache miss)
25 silly packumentCache full:https://registry.npmjs.org/expo set size:undefined disposed:false
26 silly fetch manifest @expo/dom-webview@*
27 silly packumentCache full:https://registry.npmjs.org/@expo%2fdom-webview cache-miss
28 http fetch GET 200 https://registry.npmjs.org/@expo%2fdom-webview 71ms (cache miss)
29 silly packumentCache full:https://registry.npmjs.org/@expo%2fdom-webview set size:undefined disposed:false
30 silly fetch manifest react@19.1.0
31 silly packumentCache full:https://registry.npmjs.org/react cache-miss
32 http cache https://registry.npmjs.org/react 14ms (cache hit)
33 silly packumentCache full:https://registry.npmjs.org/react set size:6613874 disposed:false
34 silly fetch manifest react-native@0.81.5
35 silly packumentCache full:https://registry.npmjs.org/react-native cache-miss
36 http fetch GET 200 https://registry.npmjs.org/react-native 149ms (cache miss)
37 silly packumentCache full:https://registry.npmjs.org/react-native set size:undefined disposed:false
38 silly fetch manifest @types/react@~19.1.0
39 silly packumentCache full:https://registry.npmjs.org/@types%2freact cache-miss
40 http cache https://registry.npmjs.org/@types%2freact 10ms (cache hit)
41 silly packumentCache full:https://registry.npmjs.org/@types%2freact set size:2588964 disposed:false
42 silly fetch manifest @expo/metro-runtime@*
43 silly packumentCache full:https://registry.npmjs.org/@expo%2fmetro-runtime cache-miss
44 http fetch GET 200 https://registry.npmjs.org/@expo%2fmetro-runtime 142ms (cache miss)
45 silly packumentCache full:https://registry.npmjs.org/@expo%2fmetro-runtime set size:undefined disposed:false
46 silly fetch manifest react-dom@19.1.0
47 silly packumentCache full:https://registry.npmjs.org/react-dom cache-miss
48 http cache https://registry.npmjs.org/react-dom 16ms (cache hit)
49 silly packumentCache full:https://registry.npmjs.org/react-dom set size:8805723 disposed:false
50 silly fetch manifest react-native-webview@*
51 silly packumentCache full:https://registry.npmjs.org/react-native-webview cache-miss
52 http fetch GET 200 https://registry.npmjs.org/react-native-webview 81ms (cache miss)
53 silly packumentCache full:https://registry.npmjs.org/react-native-webview set size:undefined disposed:false
54 silly fetch manifest @react-navigation/bottom-tabs@^7.4.0
55 silly packumentCache full:https://registry.npmjs.org/@react-navigation%2fbottom-tabs cache-miss
56 http fetch GET 200 https://registry.npmjs.org/@react-navigation%2fbottom-tabs 71ms (cache miss)
57 silly packumentCache full:https://registry.npmjs.org/@react-navigation%2fbottom-tabs set size:undefined disposed:false
58 silly fetch manifest @react-navigation/native@^7.1.8
59 silly packumentCache full:https://registry.npmjs.org/@react-navigation%2fnative cache-miss
60 http fetch GET 200 https://registry.npmjs.org/@react-navigation%2fnative 100ms (cache miss)
61 silly packumentCache full:https://registry.npmjs.org/@react-navigation%2fnative set size:undefined disposed:false
62 silly fetch manifest react-native-safe-area-context@~5.6.0
63 silly packumentCache full:https://registry.npmjs.org/react-native-safe-area-context cache-miss
64 http fetch GET 200 https://registry.npmjs.org/react-native-safe-area-context 55ms (cache miss)
65 silly packumentCache full:https://registry.npmjs.org/react-native-safe-area-context set size:undefined disposed:false
66 silly fetch manifest react-native-screens@~4.16.0
67 silly packumentCache full:https://registry.npmjs.org/react-native-screens cache-miss
68 http fetch GET 200 https://registry.npmjs.org/react-native-screens 155ms (cache miss)
69 silly packumentCache full:https://registry.npmjs.org/react-native-screens set size:undefined disposed:false
70 silly fetch manifest @react-navigation/elements@^2.6.3
71 silly packumentCache full:https://registry.npmjs.org/@react-navigation%2felements cache-miss
72 http fetch GET 200 https://registry.npmjs.org/@react-navigation%2felements 72ms (cache miss)
73 silly packumentCache full:https://registry.npmjs.org/@react-navigation%2felements set size:undefined disposed:false
74 silly fetch manifest @react-native-masked-view/masked-view@>= 0.2.0
75 silly packumentCache full:https://registry.npmjs.org/@react-native-masked-view%2fmasked-view cache-miss
76 http fetch GET 200 https://registry.npmjs.org/@react-native-masked-view%2fmasked-view 61ms (cache miss)
77 silly packumentCache full:https://registry.npmjs.org/@react-native-masked-view%2fmasked-view set size:undefined disposed:false
78 silly fetch manifest expo-constants@~18.0.13
79 silly packumentCache full:https://registry.npmjs.org/expo-constants cache-miss
80 http fetch GET 200 https://registry.npmjs.org/expo-constants 70ms (cache miss)
81 silly packumentCache full:https://registry.npmjs.org/expo-constants set size:undefined disposed:false
82 silly fetch manifest expo-haptics@~15.0.8
83 silly packumentCache full:https://registry.npmjs.org/expo-haptics cache-miss
84 http fetch GET 200 https://registry.npmjs.org/expo-haptics 57ms (cache miss)
85 silly packumentCache full:https://registry.npmjs.org/expo-haptics set size:undefined disposed:false
86 silly fetch manifest expo-image@~3.0.11
87 silly packumentCache full:https://registry.npmjs.org/expo-image cache-miss
88 http fetch GET 200 https://registry.npmjs.org/expo-image 54ms (cache miss)
89 silly packumentCache full:https://registry.npmjs.org/expo-image set size:undefined disposed:false
90 silly fetch manifest react-native-web@~0.21.0
91 silly packumentCache full:https://registry.npmjs.org/react-native-web cache-miss
92 http fetch GET 200 https://registry.npmjs.org/react-native-web 149ms (cache miss)
93 silly packumentCache full:https://registry.npmjs.org/react-native-web set size:undefined disposed:false
94 silly fetch manifest expo-linking@~8.0.11
95 silly packumentCache full:https://registry.npmjs.org/expo-linking cache-miss
96 http fetch GET 200 https://registry.npmjs.org/expo-linking 54ms (cache miss)
97 silly packumentCache full:https://registry.npmjs.org/expo-linking set size:undefined disposed:false
98 silly fetch manifest expo-router@~6.0.23
99 silly packumentCache full:https://registry.npmjs.org/expo-router cache-miss
100 http fetch GET 200 https://registry.npmjs.org/expo-router 78ms (cache miss)
101 silly packumentCache full:https://registry.npmjs.org/expo-router set size:undefined disposed:false
102 silly fetch manifest @react-navigation/drawer@^7.5.0
103 silly packumentCache full:https://registry.npmjs.org/@react-navigation%2fdrawer cache-miss
104 http fetch GET 200 https://registry.npmjs.org/@react-navigation%2fdrawer 92ms (cache miss)
105 silly packumentCache full:https://registry.npmjs.org/@react-navigation%2fdrawer set size:undefined disposed:false
106 silly fetch manifest react-native-gesture-handler@~2.28.0
107 silly packumentCache full:https://registry.npmjs.org/react-native-gesture-handler cache-miss
108 http fetch GET 200 https://registry.npmjs.org/react-native-gesture-handler 74ms (cache miss)
109 silly packumentCache full:https://registry.npmjs.org/react-native-gesture-handler set size:undefined disposed:false
110 silly fetch manifest react-native-reanimated@~4.1.1
111 silly packumentCache full:https://registry.npmjs.org/react-native-reanimated cache-miss
112 http fetch GET 200 https://registry.npmjs.org/react-native-reanimated 205ms (cache miss)
113 silly packumentCache full:https://registry.npmjs.org/react-native-reanimated set size:undefined disposed:false
114 silly fetch manifest react-native-worklets@0.5.1
115 silly packumentCache full:https://registry.npmjs.org/react-native-worklets cache-miss
116 http fetch GET 200 https://registry.npmjs.org/react-native-worklets 66ms (cache miss)
117 silly packumentCache full:https://registry.npmjs.org/react-native-worklets set size:undefined disposed:false
118 silly fetch manifest @babel/core@^7.0.0-0
119 silly packumentCache full:https://registry.npmjs.org/@babel%2fcore cache-miss
120 http cache https://registry.npmjs.org/@babel%2fcore 21ms (cache hit)
121 silly packumentCache full:https://registry.npmjs.org/@babel%2fcore set size:760113 disposed:false
122 silly fetch manifest @testing-library/react-native@>= 12.0.0
123 silly packumentCache full:https://registry.npmjs.org/@testing-library%2freact-native cache-miss
124 http fetch GET 200 https://registry.npmjs.org/@testing-library%2freact-native 99ms (cache miss)
125 silly packumentCache full:https://registry.npmjs.org/@testing-library%2freact-native set size:undefined disposed:false
126 silly fetch manifest jest@>=29.0.0
127 silly packumentCache full:https://registry.npmjs.org/jest cache-miss
128 http fetch GET 200 https://registry.npmjs.org/jest 79ms (cache miss)
129 silly packumentCache full:https://registry.npmjs.org/jest set size:undefined disposed:false
130 silly fetch manifest node-notifier@^8.0.1 || ^9.0.0 || ^10.0.0
131 silly packumentCache full:https://registry.npmjs.org/node-notifier cache-miss
132 http fetch GET 200 https://registry.npmjs.org/node-notifier 55ms (cache miss)
133 silly packumentCache full:https://registry.npmjs.org/node-notifier set size:undefined disposed:false
134 silly fetch manifest react-test-renderer@>=18.2.0
135 silly packumentCache full:https://registry.npmjs.org/react-test-renderer cache-miss
136 http fetch GET 200 https://registry.npmjs.org/react-test-renderer 165ms (cache miss)
137 silly packumentCache full:https://registry.npmjs.org/react-test-renderer set size:undefined disposed:false
138 silly fetch manifest react@^19.2.5
139 silly packumentCache full:https://registry.npmjs.org/react cache-miss
140 http cache https://registry.npmjs.org/react 10ms (cache hit)
141 silly packumentCache full:https://registry.npmjs.org/react set size:6613874 disposed:false
142 silly fetch manifest react-server-dom-webpack@~19.0.4 || ~19.1.5 || ~19.2.4
143 silly packumentCache full:https://registry.npmjs.org/react-server-dom-webpack cache-miss
144 http fetch GET 200 https://registry.npmjs.org/react-server-dom-webpack 142ms (cache miss)
145 silly packumentCache full:https://registry.npmjs.org/react-server-dom-webpack set size:undefined disposed:false
146 silly fetch manifest react-dom@^19.2.5
147 silly packumentCache full:https://registry.npmjs.org/react-dom cache-miss
148 http cache https://registry.npmjs.org/react-dom 11ms (cache hit)
149 silly packumentCache full:https://registry.npmjs.org/react-dom set size:8805723 disposed:false
150 silly fetch manifest webpack@^5.59.0
151 silly packumentCache full:https://registry.npmjs.org/webpack cache-miss
152 http fetch GET 200 https://registry.npmjs.org/webpack 81ms (cache miss)
153 silly packumentCache full:https://registry.npmjs.org/webpack set size:undefined disposed:false
154 silly fetch manifest expo-splash-screen@~31.0.13
155 silly packumentCache full:https://registry.npmjs.org/expo-splash-screen cache-miss
156 http fetch GET 200 https://registry.npmjs.org/expo-splash-screen 152ms (cache miss)
157 silly packumentCache full:https://registry.npmjs.org/expo-splash-screen set size:undefined disposed:false
158 silly fetch manifest expo-status-bar@~3.0.9
159 silly packumentCache full:https://registry.npmjs.org/expo-status-bar cache-miss
160 http fetch GET 200 https://registry.npmjs.org/expo-status-bar 56ms (cache miss)
161 silly packumentCache full:https://registry.npmjs.org/expo-status-bar set size:undefined disposed:false
162 silly fetch manifest expo-symbols@~1.0.8
163 silly packumentCache full:https://registry.npmjs.org/expo-symbols cache-miss
164 http fetch GET 200 https://registry.npmjs.org/expo-symbols 57ms (cache miss)
165 silly packumentCache full:https://registry.npmjs.org/expo-symbols set size:undefined disposed:false
166 silly fetch manifest expo-system-ui@~6.0.9
167 silly packumentCache full:https://registry.npmjs.org/expo-system-ui cache-miss
168 http fetch GET 200 https://registry.npmjs.org/expo-system-ui 57ms (cache miss)
169 silly packumentCache full:https://registry.npmjs.org/expo-system-ui set size:undefined disposed:false
170 silly fetch manifest expo-web-browser@~15.0.10
171 silly packumentCache full:https://registry.npmjs.org/expo-web-browser cache-miss
172 http fetch GET 200 https://registry.npmjs.org/expo-web-browser 84ms (cache miss)
173 silly packumentCache full:https://registry.npmjs.org/expo-web-browser set size:undefined disposed:false
174 silly fetch manifest socket.io-client@*
175 silly packumentCache full:https://registry.npmjs.org/socket.io-client cache-miss
176 http cache https://registry.npmjs.org/socket.io-client 6ms (cache hit)
177 silly packumentCache full:https://registry.npmjs.org/socket.io-client set size:410355 disposed:false
178 silly fetch manifest lucide-react-native@*
179 silly packumentCache full:https://registry.npmjs.org/lucide-react-native cache-miss
180 http fetch GET 200 https://registry.npmjs.org/lucide-react-native 110ms (cache miss)
181 silly packumentCache full:https://registry.npmjs.org/lucide-react-native set size:undefined disposed:false
182 silly fetch manifest react-native-svg@^12.0.0 || ^13.0.0 || ^14.0.0 || ^15.0.0
183 silly packumentCache full:https://registry.npmjs.org/react-native-svg cache-miss
184 http fetch GET 200 https://registry.npmjs.org/react-native-svg 100ms (cache miss)
185 silly packumentCache full:https://registry.npmjs.org/react-native-svg set size:undefined disposed:false
186 silly fetch manifest typescript@~5.9.2
187 silly packumentCache full:https://registry.npmjs.org/typescript cache-miss
188 http fetch GET 200 https://registry.npmjs.org/typescript 174ms (cache miss)
189 silly packumentCache full:https://registry.npmjs.org/typescript set size:undefined disposed:false
190 silly fetch manifest eslint@^9.25.0
191 silly packumentCache full:https://registry.npmjs.org/eslint cache-miss
192 http cache https://registry.npmjs.org/eslint 7ms (cache hit)
193 silly packumentCache full:https://registry.npmjs.org/eslint set size:1983515 disposed:false
194 silly fetch manifest jiti@*
195 silly packumentCache full:https://registry.npmjs.org/jiti cache-miss
196 http cache https://registry.npmjs.org/jiti 4ms (cache hit)
197 silly packumentCache full:https://registry.npmjs.org/jiti set size:382310 disposed:false
198 silly fetch manifest eslint-config-expo@~10.0.0
199 silly packumentCache full:https://registry.npmjs.org/eslint-config-expo cache-miss
200 http fetch GET 200 https://registry.npmjs.org/eslint-config-expo 58ms (cache miss)
201 silly packumentCache full:https://registry.npmjs.org/eslint-config-expo set size:undefined disposed:false
202 silly placeDep ROOT @expo/vector-icons@15.1.1 OK for: driver-app@1.0.0 want: ^15.0.3
203 silly placeDep ROOT react@19.1.0 OK for: @expo/vector-icons@15.1.1 want: *
204 silly placeDep ROOT expo-font@14.0.11 OK for: @expo/vector-icons@15.1.1 want: >=14.0.4
205 silly placeDep ROOT expo@54.0.33 OK for: expo-font@14.0.11 want: *
206 silly placeDep ROOT react-native@0.81.5 OK for: expo@54.0.33 want: *
207 silly placeDep ROOT @react-navigation/bottom-tabs@7.15.9 OK for: driver-app@1.0.0 want: ^7.4.0
208 silly placeDep ROOT react-native-screens@4.16.0 OK for: @react-navigation/bottom-tabs@7.15.9 want: >= 4.0.0
209 silly placeDep ROOT @react-navigation/native@7.2.2 OK for: @react-navigation/bottom-tabs@7.15.9 want: ^7.2.2
210 silly placeDep ROOT react-native-safe-area-context@5.6.2 OK for: @react-navigation/bottom-tabs@7.15.9 want: >= 4.0.0
211 silly placeDep ROOT @react-navigation/elements@2.9.14 OK for: driver-app@1.0.0 want: ^2.6.3
212 silly placeDep ROOT @types/react@19.1.17 OK for: driver-app@1.0.0 want: ~19.1.0
213 silly placeDep ROOT eslint@9.39.4 OK for: driver-app@1.0.0 want: ^9.25.0
214 silly placeDep ROOT eslint-config-expo@10.0.0 OK for: driver-app@1.0.0 want: ~10.0.0
215 silly placeDep ROOT expo-constants@18.0.13 OK for: driver-app@1.0.0 want: ~18.0.13
216 silly placeDep ROOT expo-haptics@15.0.8 OK for: driver-app@1.0.0 want: ~15.0.8
217 silly placeDep ROOT expo-image@3.0.11 OK for: driver-app@1.0.0 want: ~3.0.11
218 silly placeDep ROOT expo-linking@8.0.11 OK for: driver-app@1.0.0 want: ~8.0.11
219 silly placeDep ROOT expo-router@6.0.23 OK for: driver-app@1.0.0 want: ~6.0.23
220 silly placeDep ROOT expo-splash-screen@31.0.13 OK for: driver-app@1.0.0 want: ~31.0.13
221 silly placeDep ROOT expo-status-bar@3.0.9 OK for: driver-app@1.0.0 want: ~3.0.9
222 silly placeDep ROOT expo-symbols@1.0.8 OK for: driver-app@1.0.0 want: ~1.0.8
223 silly placeDep ROOT expo-system-ui@6.0.9 OK for: driver-app@1.0.0 want: ~6.0.9
224 silly placeDep ROOT expo-web-browser@15.0.10 OK for: driver-app@1.0.0 want: ~15.0.10
225 silly placeDep ROOT lucide-react-native@1.8.0 OK for: driver-app@1.0.0 want: *
226 silly placeDep ROOT react-native-svg@15.15.4 OK for: lucide-react-native@1.8.0 want: ^12.0.0 || ^13.0.0 || ^14.0.0 || ^15.0.0
227 silly placeDep ROOT react-dom@19.1.0 OK for: driver-app@1.0.0 want: 19.1.0
228 silly placeDep ROOT react-native-gesture-handler@2.28.0 OK for: driver-app@1.0.0 want: ~2.28.0
229 silly placeDep ROOT react-native-reanimated@4.1.7 OK for: driver-app@1.0.0 want: ~4.1.1
230 silly placeDep ROOT react-native-worklets@0.5.1 OK for: react-native-reanimated@4.1.7 want: 0.5 - 0.8
231 silly placeDep ROOT @babel/core@7.29.0 OK for: react-native-worklets@0.5.1 want: ^7.0.0-0
232 silly placeDep ROOT react-native-web@0.21.2 OK for: driver-app@1.0.0 want: ~0.21.0
233 silly placeDep ROOT socket.io-client@4.8.3 OK for: driver-app@1.0.0 want: *
234 silly placeDep ROOT typescript@5.9.3 OK for: driver-app@1.0.0 want: ~5.9.2
235 silly fetch manifest fontfaceobserver@^2.1.0
236 silly packumentCache full:https://registry.npmjs.org/fontfaceobserver cache-miss
237 silly fetch manifest @expo/cli@54.0.23
238 silly packumentCache full:https://registry.npmjs.org/@expo%2fcli cache-miss
239 silly fetch manifest expo-asset@~12.0.12
240 silly packumentCache full:https://registry.npmjs.org/expo-asset cache-miss
241 silly fetch manifest @expo/metro@~54.2.0
242 silly packumentCache full:https://registry.npmjs.org/@expo%2fmetro cache-miss
243 silly fetch manifest @expo/config@~12.0.13
244 silly packumentCache full:https://registry.npmjs.org/@expo%2fconfig cache-miss
245 silly fetch manifest pretty-format@^29.7.0
246 silly packumentCache full:https://registry.npmjs.org/pretty-format cache-miss
247 silly fetch manifest react-refresh@^0.14.2
248 silly packumentCache full:https://registry.npmjs.org/react-refresh cache-miss
249 http fetch GET 200 https://registry.npmjs.org/fontfaceobserver 43ms (cache miss)
250 silly packumentCache full:https://registry.npmjs.org/fontfaceobserver set size:undefined disposed:false
251 silly fetch manifest @babel/runtime@^7.20.0
252 silly packumentCache full:https://registry.npmjs.org/@babel%2fruntime cache-miss
253 http cache https://registry.npmjs.org/@babel%2fruntime 6ms (cache hit)
254 silly packumentCache full:https://registry.npmjs.org/@babel%2fruntime set size:3372292 disposed:false
255 silly fetch manifest @expo/devtools@0.1.8
256 silly packumentCache full:https://registry.npmjs.org/@expo%2fdevtools cache-miss
257 http fetch GET 200 https://registry.npmjs.org/@expo%2fdevtools 136ms (cache miss)
258 silly packumentCache full:https://registry.npmjs.org/@expo%2fdevtools set size:undefined disposed:false
259 silly fetch manifest expo-keep-awake@~15.0.8
260 silly packumentCache full:https://registry.npmjs.org/expo-keep-awake cache-miss
261 http fetch GET 200 https://registry.npmjs.org/@expo%2fcli 253ms (cache miss)
262 silly packumentCache full:https://registry.npmjs.org/@expo%2fcli set size:undefined disposed:false
263 silly fetch manifest expo-file-system@~19.0.21
264 silly packumentCache full:https://registry.npmjs.org/expo-file-system cache-miss
265 http fetch GET 200 https://registry.npmjs.org/@expo%2fmetro 271ms (cache miss)
266 silly packumentCache full:https://registry.npmjs.org/@expo%2fmetro set size:undefined disposed:false
267 silly fetch manifest @expo/fingerprint@0.15.4
268 silly packumentCache full:https://registry.npmjs.org/@expo%2ffingerprint cache-miss
269 http fetch GET 200 https://registry.npmjs.org/expo-asset 278ms (cache miss)
270 silly packumentCache full:https://registry.npmjs.org/expo-asset set size:undefined disposed:false
271 silly fetch manifest babel-preset-expo@~54.0.10
272 silly packumentCache full:https://registry.npmjs.org/babel-preset-expo cache-miss
273 http fetch GET 200 https://registry.npmjs.org/pretty-format 293ms (cache miss)
274 silly packumentCache full:https://registry.npmjs.org/pretty-format set size:undefined disposed:false
275 silly fetch manifest expo-modules-core@3.0.29
276 silly packumentCache full:https://registry.npmjs.org/expo-modules-core cache-miss
277 http fetch GET 200 https://registry.npmjs.org/@expo%2fconfig 319ms (cache miss)
278 silly packumentCache full:https://registry.npmjs.org/@expo%2fconfig set size:undefined disposed:false
279 silly fetch manifest @expo/metro-config@54.0.14
280 silly packumentCache full:https://registry.npmjs.org/@expo%2fmetro-config cache-miss
281 http fetch GET 200 https://registry.npmjs.org/expo-keep-awake 137ms (cache miss)
282 silly packumentCache full:https://registry.npmjs.org/expo-keep-awake set size:undefined disposed:false
283 silly fetch manifest @expo/config-plugins@~54.0.4
284 silly packumentCache full:https://registry.npmjs.org/@expo%2fconfig-plugins cache-miss
285 http fetch GET 200 https://registry.npmjs.org/expo-file-system 73ms (cache miss)
286 silly packumentCache full:https://registry.npmjs.org/expo-file-system set size:undefined disposed:false
287 silly fetch manifest @ungap/structured-clone@^1.3.0
288 silly packumentCache full:https://registry.npmjs.org/@ungap%2fstructured-clone cache-miss
289 http fetch GET 200 https://registry.npmjs.org/babel-preset-expo 109ms (cache miss)
290 silly packumentCache full:https://registry.npmjs.org/babel-preset-expo set size:undefined disposed:false
291 silly fetch manifest expo-modules-autolinking@3.0.24
292 silly packumentCache full:https://registry.npmjs.org/expo-modules-autolinking cache-miss
293 http fetch GET 200 https://registry.npmjs.org/@expo%2ffingerprint 128ms (cache miss)
294 silly packumentCache full:https://registry.npmjs.org/@expo%2ffingerprint set size:undefined disposed:false
295 silly fetch manifest whatwg-url-without-unicode@8.0.0-3
296 silly packumentCache full:https://registry.npmjs.org/whatwg-url-without-unicode cache-miss
297 http fetch GET 200 https://registry.npmjs.org/expo-modules-core 109ms (cache miss)
298 silly packumentCache full:https://registry.npmjs.org/expo-modules-core set size:undefined disposed:false
299 silly fetch manifest ws@^6.2.3
300 silly packumentCache full:https://registry.npmjs.org/ws cache-miss
301 http cache https://registry.npmjs.org/ws 3ms (cache hit)
302 silly packumentCache full:https://registry.npmjs.org/ws set size:415737 disposed:false
303 silly fetch manifest glob@^7.1.1
304 silly packumentCache full:https://registry.npmjs.org/glob cache-miss
305 http fetch GET 200 https://registry.npmjs.org/@expo%2fconfig-plugins 84ms (cache miss)
306 silly packumentCache full:https://registry.npmjs.org/@expo%2fconfig-plugins set size:undefined disposed:false
307 silly fetch manifest anser@^1.4.9
308 silly packumentCache full:https://registry.npmjs.org/anser cache-miss
309 http fetch GET 200 https://registry.npmjs.org/@expo%2fmetro-config 104ms (cache miss)
310 silly packumentCache full:https://registry.npmjs.org/@expo%2fmetro-config set size:undefined disposed:false
311 silly fetch manifest yargs@^17.6.2
312 silly packumentCache full:https://registry.npmjs.org/yargs cache-miss
313 http fetch GET 200 https://registry.npmjs.org/react-refresh 435ms (cache miss)
314 silly packumentCache full:https://registry.npmjs.org/react-refresh set size:undefined disposed:false
315 silly fetch manifest semver@^7.1.3
316 silly packumentCache full:https://registry.npmjs.org/semver cache-miss
317 http fetch GET 200 https://registry.npmjs.org/@ungap%2fstructured-clone 108ms (cache miss)
318 silly packumentCache full:https://registry.npmjs.org/@ungap%2fstructured-clone set size:undefined disposed:false
319 silly fetch manifest promise@^8.3.0
320 silly packumentCache full:https://registry.npmjs.org/promise cache-miss
321 http cache https://registry.npmjs.org/semver 6ms (cache hit)
322 silly packumentCache full:https://registry.npmjs.org/semver set size:229620 disposed:false
323 silly fetch manifest base64-js@^1.5.1
324 silly packumentCache full:https://registry.npmjs.org/base64-js cache-miss
325 http fetch GET 200 https://registry.npmjs.org/expo-modules-autolinking 65ms (cache miss)
326 silly packumentCache full:https://registry.npmjs.org/expo-modules-autolinking set size:undefined disposed:false
327 silly fetch manifest commander@^12.0.0
328 silly packumentCache full:https://registry.npmjs.org/commander cache-miss
329 http fetch GET 200 https://registry.npmjs.org/anser 46ms (cache miss)
330 silly packumentCache full:https://registry.npmjs.org/anser set size:undefined disposed:false
331 silly fetch manifest invariant@^2.2.4
332 silly packumentCache full:https://registry.npmjs.org/invariant cache-miss
333 http fetch GET 200 https://registry.npmjs.org/whatwg-url-without-unicode 68ms (cache miss)
334 silly packumentCache full:https://registry.npmjs.org/whatwg-url-without-unicode set size:undefined disposed:false
335 silly fetch manifest scheduler@0.26.0
336 silly packumentCache full:https://registry.npmjs.org/scheduler cache-miss
337 http cache https://registry.npmjs.org/scheduler 8ms (cache hit)
338 silly packumentCache full:https://registry.npmjs.org/scheduler set size:5480996 disposed:false
339 silly fetch manifest ansi-regex@^5.0.0
340 silly packumentCache full:https://registry.npmjs.org/ansi-regex cache-miss
341 http fetch GET 200 https://registry.npmjs.org/glob 77ms (cache miss)
342 silly packumentCache full:https://registry.npmjs.org/glob set size:undefined disposed:false
343 silly fetch manifest babel-jest@^29.7.0
344 silly packumentCache full:https://registry.npmjs.org/babel-jest cache-miss
345 http fetch GET 200 https://registry.npmjs.org/yargs 78ms (cache miss)
346 silly packumentCache full:https://registry.npmjs.org/yargs set size:undefined disposed:false
347 silly fetch manifest nullthrows@^1.1.1
348 silly packumentCache full:https://registry.npmjs.org/nullthrows cache-miss
349 http fetch GET 200 https://registry.npmjs.org/promise 56ms (cache miss)
350 silly packumentCache full:https://registry.npmjs.org/promise set size:undefined disposed:false
351 silly fetch manifest memoize-one@^5.0.0
352 silly packumentCache full:https://registry.npmjs.org/memoize-one cache-miss
353 http fetch GET 200 https://registry.npmjs.org/base64-js 57ms (cache miss)
354 silly packumentCache full:https://registry.npmjs.org/base64-js set size:undefined disposed:false
355 silly fetch manifest whatwg-fetch@^3.0.0
356 silly packumentCache full:https://registry.npmjs.org/whatwg-fetch cache-miss
357 http fetch GET 200 https://registry.npmjs.org/invariant 55ms (cache miss)
358 silly packumentCache full:https://registry.npmjs.org/invariant set size:undefined disposed:false
359 silly fetch manifest metro-runtime@^0.83.1
360 silly packumentCache full:https://registry.npmjs.org/metro-runtime cache-miss
361 http fetch GET 200 https://registry.npmjs.org/commander 62ms (cache miss)
362 silly packumentCache full:https://registry.npmjs.org/commander set size:undefined disposed:false
363 silly fetch manifest react-refresh@^0.14.0
364 silly packumentCache full:https://registry.npmjs.org/react-refresh cache-miss
365 http cache https://registry.npmjs.org/react-refresh 6ms (cache hit)
366 silly packumentCache full:https://registry.npmjs.org/react-refresh set size:6300571 disposed:false
367 silly fetch manifest abort-controller@^3.0.0
368 silly packumentCache full:https://registry.npmjs.org/abort-controller cache-miss
369 http fetch GET 200 https://registry.npmjs.org/ansi-regex 65ms (cache miss)
370 silly packumentCache full:https://registry.npmjs.org/ansi-regex set size:undefined disposed:false
371 silly fetch manifest metro-source-map@^0.83.1
372 silly packumentCache full:https://registry.npmjs.org/metro-source-map cache-miss
373 http fetch GET 200 https://registry.npmjs.org/nullthrows 55ms (cache miss)
374 silly packumentCache full:https://registry.npmjs.org/nullthrows set size:undefined disposed:false
375 silly fetch manifest stacktrace-parser@^0.1.10
376 silly packumentCache full:https://registry.npmjs.org/stacktrace-parser cache-miss
377 http fetch GET 200 https://registry.npmjs.org/memoize-one 54ms (cache miss)
378 silly packumentCache full:https://registry.npmjs.org/memoize-one set size:undefined disposed:false
379 silly fetch manifest flow-enums-runtime@^0.0.6
380 silly packumentCache full:https://registry.npmjs.org/flow-enums-runtime cache-miss
381 http fetch GET 200 https://registry.npmjs.org/babel-jest 90ms (cache miss)
382 silly packumentCache full:https://registry.npmjs.org/babel-jest set size:undefined disposed:false
383 silly fetch manifest react-devtools-core@^6.1.5
384 silly packumentCache full:https://registry.npmjs.org/react-devtools-core cache-miss
385 http fetch GET 200 https://registry.npmjs.org/metro-runtime 61ms (cache miss)
386 silly packumentCache full:https://registry.npmjs.org/metro-runtime set size:undefined disposed:false
387 silly fetch manifest regenerator-runtime@^0.13.2
388 silly packumentCache full:https://registry.npmjs.org/regenerator-runtime cache-miss
389 http fetch GET 200 https://registry.npmjs.org/abort-controller 52ms (cache miss)
390 silly packumentCache full:https://registry.npmjs.org/abort-controller set size:undefined disposed:false
391 silly fetch manifest @react-native/codegen@0.81.5
392 silly packumentCache full:https://registry.npmjs.org/@react-native%2fcodegen cache-miss
393 http fetch GET 200 https://registry.npmjs.org/metro-source-map 59ms (cache miss)
394 silly packumentCache full:https://registry.npmjs.org/metro-source-map set size:undefined disposed:false
395 silly fetch manifest jest-environment-node@^29.7.0
396 silly packumentCache full:https://registry.npmjs.org/jest-environment-node cache-miss
397 http fetch GET 200 https://registry.npmjs.org/whatwg-fetch 102ms (cache miss)
398 silly packumentCache full:https://registry.npmjs.org/whatwg-fetch set size:undefined disposed:false
399 silly fetch manifest @react-native/js-polyfills@0.81.5
400 silly packumentCache full:https://registry.npmjs.org/@react-native%2fjs-polyfills cache-miss
401 http fetch GET 200 https://registry.npmjs.org/stacktrace-parser 49ms (cache miss)
402 silly packumentCache full:https://registry.npmjs.org/stacktrace-parser set size:undefined disposed:false
403 silly fetch manifest @react-native/gradle-plugin@0.81.5
404 silly packumentCache full:https://registry.npmjs.org/@react-native%2fgradle-plugin cache-miss
405 http fetch GET 200 https://registry.npmjs.org/flow-enums-runtime 149ms (cache miss)
406 silly packumentCache full:https://registry.npmjs.org/flow-enums-runtime set size:undefined disposed:false
407 silly fetch manifest @react-native/assets-registry@0.81.5
408 silly packumentCache full:https://registry.npmjs.org/@react-native%2fassets-registry cache-miss
409 http fetch GET 200 https://registry.npmjs.org/regenerator-runtime 132ms (cache miss)
410 silly packumentCache full:https://registry.npmjs.org/regenerator-runtime set size:undefined disposed:false
411 silly fetch manifest @react-native/normalize-colors@0.81.5
412 silly packumentCache full:https://registry.npmjs.org/@react-native%2fnormalize-colors cache-miss
413 http fetch GET 200 https://registry.npmjs.org/react-devtools-core 141ms (cache miss)
414 silly packumentCache full:https://registry.npmjs.org/react-devtools-core set size:undefined disposed:false
415 silly fetch manifest @jest/create-cache-key-function@^29.7.0
416 silly packumentCache full:https://registry.npmjs.org/@jest%2fcreate-cache-key-function cache-miss
417 http fetch GET 200 https://registry.npmjs.org/jest-environment-node 114ms (cache miss)
418 silly packumentCache full:https://registry.npmjs.org/jest-environment-node set size:undefined disposed:false
419 silly fetch manifest @react-native/virtualized-lists@0.81.5
420 silly packumentCache full:https://registry.npmjs.org/@react-native%2fvirtualized-lists cache-miss
421 http fetch GET 200 https://registry.npmjs.org/@react-native%2fcodegen 136ms (cache miss)
422 silly packumentCache full:https://registry.npmjs.org/@react-native%2fcodegen set size:undefined disposed:false
423 silly fetch manifest babel-plugin-syntax-hermes-parser@0.29.1
424 silly packumentCache full:https://registry.npmjs.org/babel-plugin-syntax-hermes-parser cache-miss
425 http fetch GET 200 https://registry.npmjs.org/@react-native%2fjs-polyfills 138ms (cache miss)
426 silly packumentCache full:https://registry.npmjs.org/@react-native%2fjs-polyfills set size:undefined disposed:false
427 silly fetch manifest @react-native/community-cli-plugin@0.81.5
428 silly packumentCache full:https://registry.npmjs.org/@react-native%2fcommunity-cli-plugin cache-miss
429 http fetch GET 200 https://registry.npmjs.org/@jest%2fcreate-cache-key-function 68ms (cache miss)
430 silly packumentCache full:https://registry.npmjs.org/@jest%2fcreate-cache-key-function set size:undefined disposed:false
431 silly fetch manifest color@^4.2.3
432 silly packumentCache full:https://registry.npmjs.org/color cache-miss
433 http fetch GET 200 https://registry.npmjs.org/@react-native%2fgradle-plugin 185ms (cache miss)
434 silly packumentCache full:https://registry.npmjs.org/@react-native%2fgradle-plugin set size:undefined disposed:false
435 silly fetch manifest sf-symbols-typescript@^2.1.0
436 silly packumentCache full:https://registry.npmjs.org/sf-symbols-typescript cache-miss
437 http fetch GET 200 https://registry.npmjs.org/@react-native%2fassets-registry 104ms (cache miss)
438 silly packumentCache full:https://registry.npmjs.org/@react-native%2fassets-registry set size:undefined disposed:false
439 silly fetch manifest @react-navigation/elements@^2.9.14
440 silly packumentCache full:https://registry.npmjs.org/@react-navigation%2felements cache-miss
441 http fetch GET 200 https://registry.npmjs.org/@react-native%2fnormalize-colors 109ms (cache miss)
442 silly packumentCache full:https://registry.npmjs.org/@react-native%2fnormalize-colors set size:undefined disposed:false
443 silly fetch manifest nanoid@^3.3.11
444 silly packumentCache full:https://registry.npmjs.org/nanoid cache-miss
445 http cache https://registry.npmjs.org/@react-navigation%2felements 6ms (cache hit)
446 silly packumentCache full:https://registry.npmjs.org/@react-navigation%2felements set size:619146 disposed:false
447 silly fetch manifest fast-deep-equal@^3.1.3
448 silly packumentCache full:https://registry.npmjs.org/fast-deep-equal cache-miss
449 http cache https://registry.npmjs.org/nanoid 5ms (cache hit)
450 silly packumentCache full:https://registry.npmjs.org/nanoid set size:304025 disposed:false
451 silly fetch manifest use-latest-callback@^0.2.4
452 silly packumentCache full:https://registry.npmjs.org/use-latest-callback cache-miss
453 http cache https://registry.npmjs.org/fast-deep-equal 4ms (cache hit)
454 silly packumentCache full:https://registry.npmjs.org/fast-deep-equal set size:48634 disposed:false
455 silly fetch manifest escape-string-regexp@^4.0.0
456 silly packumentCache full:https://registry.npmjs.org/escape-string-regexp cache-miss
457 http fetch GET 200 https://registry.npmjs.org/@react-native%2fvirtualized-lists 109ms (cache miss)
458 silly packumentCache full:https://registry.npmjs.org/@react-native%2fvirtualized-lists set size:undefined disposed:false
459 silly fetch manifest @react-navigation/core@^7.17.2
460 silly packumentCache full:https://registry.npmjs.org/@react-navigation%2fcore cache-miss
461 http cache https://registry.npmjs.org/escape-string-regexp 7ms (cache hit)
462 silly packumentCache full:https://registry.npmjs.org/escape-string-regexp set size:22244 disposed:false
463 silly fetch manifest warn-once@^0.1.0
464 silly packumentCache full:https://registry.npmjs.org/warn-once cache-miss
465 http fetch GET 200 https://registry.npmjs.org/babel-plugin-syntax-hermes-parser 99ms (cache miss)
466 silly packumentCache full:https://registry.npmjs.org/babel-plugin-syntax-hermes-parser set size:undefined disposed:false
467 silly fetch manifest react-freeze@^1.0.0
468 silly packumentCache full:https://registry.npmjs.org/react-freeze cache-miss
469 http fetch GET 200 https://registry.npmjs.org/color 54ms (cache miss)
470 silly packumentCache full:https://registry.npmjs.org/color set size:undefined disposed:false
471 silly fetch manifest react-native-is-edge-to-edge@^1.2.1
472 silly packumentCache full:https://registry.npmjs.org/react-native-is-edge-to-edge cache-miss
473 http fetch GET 200 https://registry.npmjs.org/sf-symbols-typescript 58ms (cache miss)
474 silly packumentCache full:https://registry.npmjs.org/sf-symbols-typescript set size:undefined disposed:false
475 silly fetch manifest use-latest-callback@^0.2.4
476 silly packumentCache full:https://registry.npmjs.org/use-latest-callback cache-miss
477 http fetch GET 200 https://registry.npmjs.org/@react-native%2fcommunity-cli-plugin 140ms (cache miss)
478 silly packumentCache full:https://registry.npmjs.org/@react-native%2fcommunity-cli-plugin set size:undefined disposed:false
479 silly fetch manifest use-sync-external-store@^1.5.0
480 silly packumentCache full:https://registry.npmjs.org/use-sync-external-store cache-miss
481 http fetch GET 200 https://registry.npmjs.org/react-freeze 55ms (cache miss)
482 silly packumentCache full:https://registry.npmjs.org/react-freeze set size:undefined disposed:false
483 silly fetch manifest csstype@^3.0.2
484 silly packumentCache full:https://registry.npmjs.org/csstype cache-miss
485 http fetch GET 200 https://registry.npmjs.org/use-latest-callback 68ms (cache miss)
486 silly packumentCache full:https://registry.npmjs.org/use-latest-callback set size:undefined disposed:false
487 silly fetch manifest ajv@^6.14.0
488 silly packumentCache full:https://registry.npmjs.org/ajv cache-miss
489 http cache https://registry.npmjs.org/csstype 3ms (cache hit)
490 silly packumentCache full:https://registry.npmjs.org/csstype set size:274189 disposed:false
491 silly fetch manifest chalk@^4.0.0
492 silly packumentCache full:https://registry.npmjs.org/chalk cache-miss
493 http cache https://registry.npmjs.org/chalk 1ms (cache hit)
494 silly packumentCache full:https://registry.npmjs.org/chalk set size:117861 disposed:false
495 silly fetch manifest debug@^4.3.2
496 silly packumentCache full:https://registry.npmjs.org/debug cache-miss
497 http cache https://registry.npmjs.org/ajv 5ms (cache hit)
498 silly packumentCache full:https://registry.npmjs.org/ajv set size:1120197 disposed:false
499 silly fetch manifest espree@^10.4.0
500 silly packumentCache full:https://registry.npmjs.org/espree cache-miss
501 http fetch GET 200 https://registry.npmjs.org/use-latest-callback 51ms (cache miss)
502 silly packumentCache full:https://registry.npmjs.org/use-latest-callback set size:undefined disposed:false
503 silly fetch manifest ignore@^5.2.0
504 silly packumentCache full:https://registry.npmjs.org/ignore cache-miss
505 http fetch GET 200 https://registry.npmjs.org/react-native-is-edge-to-edge 68ms (cache miss)
506 silly packumentCache full:https://registry.npmjs.org/react-native-is-edge-to-edge set size:undefined disposed:false
507 silly fetch manifest esquery@^1.5.0
508 silly packumentCache full:https://registry.npmjs.org/esquery cache-miss
509 http cache https://registry.npmjs.org/debug 8ms (cache hit)
510 silly packumentCache full:https://registry.npmjs.org/debug set size:195840 disposed:false
511 silly fetch manifest esutils@^2.0.2
512 silly packumentCache full:https://registry.npmjs.org/esutils cache-miss
513 http cache https://registry.npmjs.org/espree 6ms (cache hit)
514 silly packumentCache full:https://registry.npmjs.org/espree set size:326080 disposed:false
515 silly fetch manifest find-up@^5.0.0
516 silly packumentCache full:https://registry.npmjs.org/find-up cache-miss
517 http cache https://registry.npmjs.org/ignore 6ms (cache hit)
518 silly packumentCache full:https://registry.npmjs.org/ignore set size:237380 disposed:false
519 silly fetch manifest is-glob@^4.0.0
520 silly packumentCache full:https://registry.npmjs.org/is-glob cache-miss
521 http cache https://registry.npmjs.org/esquery 6ms (cache hit)
522 silly packumentCache full:https://registry.npmjs.org/esquery set size:48888 disposed:false
523 silly fetch manifest minimatch@^3.1.5
524 silly packumentCache full:https://registry.npmjs.org/minimatch cache-miss
525 http cache https://registry.npmjs.org/esutils 6ms (cache hit)
526 silly packumentCache full:https://registry.npmjs.org/esutils set size:29522 disposed:false
527 silly fetch manifest @eslint/js@9.39.4
528 silly packumentCache full:https://registry.npmjs.org/@eslint%2fjs cache-miss
529 http cache https://registry.npmjs.org/find-up 4ms (cache hit)
530 silly packumentCache full:https://registry.npmjs.org/find-up set size:42620 disposed:false
531 silly fetch manifest optionator@^0.9.3
532 silly packumentCache full:https://registry.npmjs.org/optionator cache-miss
533 http fetch GET 200 https://registry.npmjs.org/@react-navigation%2fcore 82ms (cache miss)
534 silly packumentCache full:https://registry.npmjs.org/@react-navigation%2fcore set size:undefined disposed:false
535 silly fetch manifest cross-spawn@^7.0.6
536 silly packumentCache full:https://registry.npmjs.org/cross-spawn cache-miss
537 http cache https://registry.npmjs.org/is-glob 7ms (cache hit)
538 silly packumentCache full:https://registry.npmjs.org/is-glob set size:40530 disposed:false
539 silly fetch manifest glob-parent@^6.0.2
540 silly packumentCache full:https://registry.npmjs.org/glob-parent cache-miss
541 http fetch GET 200 https://registry.npmjs.org/warn-once 86ms (cache miss)
542 silly packumentCache full:https://registry.npmjs.org/warn-once set size:undefined disposed:false
543 silly fetch manifest imurmurhash@^0.1.4
544 silly packumentCache full:https://registry.npmjs.org/imurmurhash cache-miss
545 http cache https://registry.npmjs.org/@eslint%2fjs 6ms (cache hit)
546 silly packumentCache full:https://registry.npmjs.org/@eslint%2fjs set size:140022 disposed:false
547 silly fetch manifest @eslint/core@^0.17.0
548 silly packumentCache full:https://registry.npmjs.org/@eslint%2fcore cache-miss
549 http cache https://registry.npmjs.org/optionator 7ms (cache hit)
550 silly packumentCache full:https://registry.npmjs.org/optionator set size:49651 disposed:false
551 silly fetch manifest eslint-scope@^8.4.0
552 silly packumentCache full:https://registry.npmjs.org/eslint-scope cache-miss
553 http cache https://registry.npmjs.org/minimatch 8ms (cache hit)
554 silly packumentCache full:https://registry.npmjs.org/minimatch set size:375282 disposed:false
555 silly fetch manifest lodash.merge@^4.6.2
556 silly packumentCache full:https://registry.npmjs.org/lodash.merge cache-miss
557 http cache https://registry.npmjs.org/cross-spawn 7ms (cache hit)
558 silly packumentCache full:https://registry.npmjs.org/cross-spawn set size:109066 disposed:false
559 silly fetch manifest @humanfs/node@^0.16.6
560 silly packumentCache full:https://registry.npmjs.org/@humanfs%2fnode cache-miss
561 http cache https://registry.npmjs.org/glob-parent 6ms (cache hit)
562 silly packumentCache full:https://registry.npmjs.org/glob-parent set size:42445 disposed:false
563 silly fetch manifest @types/estree@^1.0.6
564 silly packumentCache full:https://registry.npmjs.org/@types%2festree cache-miss
565 http cache https://registry.npmjs.org/imurmurhash 7ms (cache hit)
566 silly packumentCache full:https://registry.npmjs.org/imurmurhash set size:35819 disposed:false
567 silly fetch manifest natural-compare@^1.4.0
568 silly packumentCache full:https://registry.npmjs.org/natural-compare cache-miss
569 http cache https://registry.npmjs.org/@eslint%2fcore 6ms (cache hit)
570 silly packumentCache full:https://registry.npmjs.org/@eslint%2fcore set size:58023 disposed:false
571 silly fetch manifest @eslint/eslintrc@^3.3.5
572 silly packumentCache full:https://registry.npmjs.org/@eslint%2feslintrc cache-miss
573 http cache https://registry.npmjs.org/eslint-scope 6ms (cache hit)
574 silly packumentCache full:https://registry.npmjs.org/eslint-scope set size:98867 disposed:false
575 silly fetch manifest file-entry-cache@^8.0.0
576 silly packumentCache full:https://registry.npmjs.org/file-entry-cache cache-miss
577 http cache https://registry.npmjs.org/lodash.merge 6ms (cache hit)
578 silly packumentCache full:https://registry.npmjs.org/lodash.merge set size:78575 disposed:false
579 silly fetch manifest @eslint/plugin-kit@^0.4.1
580 silly packumentCache full:https://registry.npmjs.org/@eslint%2fplugin-kit cache-miss
581 http cache https://registry.npmjs.org/@humanfs%2fnode 4ms (cache hit)
582 silly packumentCache full:https://registry.npmjs.org/@humanfs%2fnode set size:39629 disposed:false
583 silly fetch manifest eslint-visitor-keys@^4.2.1
584 silly packumentCache full:https://registry.npmjs.org/eslint-visitor-keys cache-miss
585 http cache https://registry.npmjs.org/@types%2festree 5ms (cache hit)
586 silly packumentCache full:https://registry.npmjs.org/@types%2festree set size:74091 disposed:false
587 silly fetch manifest @eslint/config-array@^0.21.2
588 silly packumentCache full:https://registry.npmjs.org/@eslint%2fconfig-array cache-miss
589 http cache https://registry.npmjs.org/natural-compare 4ms (cache hit)
590 silly packumentCache full:https://registry.npmjs.org/natural-compare set size:7852 disposed:false
591 silly fetch manifest @humanwhocodes/retry@^0.4.2
592 silly packumentCache full:https://registry.npmjs.org/@humanwhocodes%2fretry cache-miss
593 http cache https://registry.npmjs.org/@eslint%2feslintrc 5ms (cache hit)
594 silly packumentCache full:https://registry.npmjs.org/@eslint%2feslintrc set size:168674 disposed:false
595 silly fetch manifest @eslint/config-helpers@^0.4.2
596 silly packumentCache full:https://registry.npmjs.org/@eslint%2fconfig-helpers cache-miss
597 http cache https://registry.npmjs.org/file-entry-cache 5ms (cache hit)
598 silly packumentCache full:https://registry.npmjs.org/file-entry-cache set size:151480 disposed:false
599 silly fetch manifest @eslint-community/regexpp@^4.12.1
600 silly packumentCache full:https://registry.npmjs.org/@eslint-community%2fregexpp cache-miss
601 http cache https://registry.npmjs.org/@eslint%2fplugin-kit 5ms (cache hit)
602 silly packumentCache full:https://registry.npmjs.org/@eslint%2fplugin-kit set size:73270 disposed:false
603 silly fetch manifest @eslint-community/eslint-utils@^4.8.0
604 silly packumentCache full:https://registry.npmjs.org/@eslint-community%2feslint-utils cache-miss
605 http cache https://registry.npmjs.org/eslint-visitor-keys 5ms (cache hit)
606 silly packumentCache full:https://registry.npmjs.org/eslint-visitor-keys set size:69949 disposed:false
607 silly fetch manifest @humanwhocodes/module-importer@^1.0.1
608 silly packumentCache full:https://registry.npmjs.org/@humanwhocodes%2fmodule-importer cache-miss
609 http cache https://registry.npmjs.org/@humanwhocodes%2fretry 4ms (cache hit)
610 silly packumentCache full:https://registry.npmjs.org/@humanwhocodes%2fretry set size:42348 disposed:false
611 silly fetch manifest json-stable-stringify-without-jsonify@^1.0.1
612 silly packumentCache full:https://registry.npmjs.org/json-stable-stringify-without-jsonify cache-miss
613 http cache https://registry.npmjs.org/@eslint%2fconfig-array 6ms (cache hit)
614 silly packumentCache full:https://registry.npmjs.org/@eslint%2fconfig-array set size:74140 disposed:false
615 silly fetch manifest globals@^16.0.0
616 silly packumentCache full:https://registry.npmjs.org/globals cache-miss
617 http cache https://registry.npmjs.org/@eslint%2fconfig-helpers 6ms (cache hit)
618 silly packumentCache full:https://registry.npmjs.org/@eslint%2fconfig-helpers set size:47979 disposed:false
619 silly fetch manifest eslint-plugin-expo@^1.0.0
620 silly packumentCache full:https://registry.npmjs.org/eslint-plugin-expo cache-miss
621 http cache https://registry.npmjs.org/@eslint-community%2fregexpp 6ms (cache hit)
622 silly packumentCache full:https://registry.npmjs.org/@eslint-community%2fregexpp set size:106609 disposed:false
623 silly fetch manifest eslint-plugin-react@^7.37.3
624 silly packumentCache full:https://registry.npmjs.org/eslint-plugin-react cache-miss
625 http cache https://registry.npmjs.org/@eslint-community%2feslint-utils 6ms (cache hit)
626 silly packumentCache full:https://registry.npmjs.org/@eslint-community%2feslint-utils set size:93301 disposed:false
627 silly fetch manifest eslint-plugin-import@^2.30.0
628 silly packumentCache full:https://registry.npmjs.org/eslint-plugin-import cache-miss
629 http cache https://registry.npmjs.org/json-stable-stringify-without-jsonify 7ms (cache hit)
630 silly packumentCache full:https://registry.npmjs.org/json-stable-stringify-without-jsonify set size:5808 disposed:false
631 silly fetch manifest @typescript-eslint/parser@^8.18.2
632 silly packumentCache full:https://registry.npmjs.org/@typescript-eslint%2fparser cache-miss
633 http cache https://registry.npmjs.org/globals 8ms (cache hit)
634 silly packumentCache full:https://registry.npmjs.org/globals set size:312297 disposed:false
635 silly fetch manifest eslint-plugin-react-hooks@^5.1.0
636 silly packumentCache full:https://registry.npmjs.org/eslint-plugin-react-hooks cache-miss
637 http cache https://registry.npmjs.org/@humanwhocodes%2fmodule-importer 11ms (cache hit)
638 silly packumentCache full:https://registry.npmjs.org/@humanwhocodes%2fmodule-importer set size:9516 disposed:false
639 silly fetch manifest @typescript-eslint/eslint-plugin@^8.18.2
640 silly packumentCache full:https://registry.npmjs.org/@typescript-eslint%2feslint-plugin cache-miss
641 http cache https://registry.npmjs.org/eslint-plugin-react-hooks 15ms (cache hit)
642 silly packumentCache full:https://registry.npmjs.org/eslint-plugin-react-hooks set size:7332785 disposed:false
643 silly fetch manifest eslint-import-resolver-typescript@^3.6.3
644 silly packumentCache full:https://registry.npmjs.org/eslint-import-resolver-typescript cache-miss
645 http fetch GET 200 https://registry.npmjs.org/eslint-plugin-expo 52ms (cache miss)
646 silly packumentCache full:https://registry.npmjs.org/eslint-plugin-expo set size:undefined disposed:false
647 silly fetch manifest @expo/env@~2.0.8
648 silly packumentCache full:https://registry.npmjs.org/@expo%2fenv cache-miss
649 http fetch GET 200 https://registry.npmjs.org/use-sync-external-store 109ms (cache miss)
650 silly packumentCache full:https://registry.npmjs.org/use-sync-external-store set size:undefined disposed:false
651 silly fetch manifest vaul@^1.1.2
652 silly packumentCache full:https://registry.npmjs.org/vaul cache-miss
653 http fetch GET 200 https://registry.npmjs.org/eslint-plugin-react 70ms (cache miss)
654 silly packumentCache full:https://registry.npmjs.org/eslint-plugin-react set size:undefined disposed:false
655 silly fetch manifest debug@^4.3.4
656 silly packumentCache full:https://registry.npmjs.org/debug cache-hit
657 silly fetch manifest nanoid@^3.3.8
658 silly packumentCache full:https://registry.npmjs.org/nanoid cache-hit
659 silly fetch manifest semver@~7.6.3
660 silly packumentCache full:https://registry.npmjs.org/semver cache-hit
661 silly fetch manifest client-only@^0.0.1
662 silly packumentCache full:https://registry.npmjs.org/client-only cache-miss
663 http fetch GET 200 https://registry.npmjs.org/eslint-plugin-import 72ms (cache miss)
664 silly packumentCache full:https://registry.npmjs.org/eslint-plugin-import set size:undefined disposed:false
665 silly fetch manifest expo-server@^1.0.5
666 silly packumentCache full:https://registry.npmjs.org/expo-server cache-miss
667 http fetch GET 200 https://registry.npmjs.org/eslint-import-resolver-typescript 57ms (cache miss)
668 silly packumentCache full:https://registry.npmjs.org/eslint-import-resolver-typescript set size:undefined disposed:false
669 silly fetch manifest server-only@^0.0.1
670 silly packumentCache full:https://registry.npmjs.org/server-only cache-miss
671 http fetch GET 200 https://registry.npmjs.org/vaul 59ms (cache miss)
672 silly packumentCache full:https://registry.npmjs.org/vaul set size:undefined disposed:false
673 silly fetch manifest query-string@^7.1.3
674 silly packumentCache full:https://registry.npmjs.org/query-string cache-miss
675 http fetch GET 200 https://registry.npmjs.org/expo-server 54ms (cache miss)
676 silly packumentCache full:https://registry.npmjs.org/expo-server set size:undefined disposed:false
677 silly fetch manifest shallowequal@^1.1.0
678 silly packumentCache full:https://registry.npmjs.org/shallowequal cache-miss
679 http fetch GET 200 https://registry.npmjs.org/client-only 61ms (cache miss)
680 silly packumentCache full:https://registry.npmjs.org/client-only set size:undefined disposed:false
681 silly fetch manifest @expo/schema-utils@^0.1.8
682 silly packumentCache full:https://registry.npmjs.org/@expo%2fschema-utils cache-miss
683 http fetch GET 200 https://registry.npmjs.org/@expo%2fenv 83ms (cache miss)
684 silly packumentCache full:https://registry.npmjs.org/@expo%2fenv set size:undefined disposed:false
685 silly fetch manifest react-fast-compare@^3.2.2
686 silly packumentCache full:https://registry.npmjs.org/react-fast-compare cache-miss
687 http fetch GET 200 https://registry.npmjs.org/server-only 57ms (cache miss)
688 silly packumentCache full:https://registry.npmjs.org/server-only set size:undefined disposed:false
689 silly fetch manifest @expo/metro-runtime@^6.1.2
690 silly packumentCache full:https://registry.npmjs.org/@expo%2fmetro-runtime cache-miss
691 http cache https://registry.npmjs.org/@expo%2fmetro-runtime 2ms (cache hit)
692 silly packumentCache full:https://registry.npmjs.org/@expo%2fmetro-runtime set size:620260 disposed:false
693 silly fetch manifest use-latest-callback@^0.2.1
694 silly packumentCache full:https://registry.npmjs.org/use-latest-callback cache-miss
695 http cache https://registry.npmjs.org/use-latest-callback 1ms (cache hit)
696 silly packumentCache full:https://registry.npmjs.org/use-latest-callback set size:64855 disposed:false
697 silly fetch manifest @radix-ui/react-slot@1.2.0
698 silly packumentCache full:https://registry.npmjs.org/@radix-ui%2freact-slot cache-miss
699 http fetch GET 200 https://registry.npmjs.org/react-fast-compare 59ms (cache miss)
700 silly packumentCache full:https://registry.npmjs.org/react-fast-compare set size:undefined disposed:false
701 silly fetch manifest @radix-ui/react-tabs@^1.1.12
702 silly packumentCache full:https://registry.npmjs.org/@radix-ui%2freact-tabs cache-miss
703 http fetch GET 200 https://registry.npmjs.org/query-string 68ms (cache miss)
704 silly packumentCache full:https://registry.npmjs.org/query-string set size:undefined disposed:false
705 silly fetch manifest react-native-is-edge-to-edge@^1.1.6
706 silly packumentCache full:https://registry.npmjs.org/react-native-is-edge-to-edge cache-miss
707 http cache https://registry.npmjs.org/react-native-is-edge-to-edge 2ms (cache hit)
708 silly packumentCache full:https://registry.npmjs.org/react-native-is-edge-to-edge set size:36085 disposed:false
709 silly fetch manifest @react-navigation/native-stack@^7.3.16
710 silly packumentCache full:https://registry.npmjs.org/@react-navigation%2fnative-stack cache-miss
711 http fetch GET 200 https://registry.npmjs.org/shallowequal 163ms (cache miss)
712 silly packumentCache full:https://registry.npmjs.org/shallowequal set size:undefined disposed:false
713 silly fetch manifest @expo/prebuild-config@^54.0.8
714 silly packumentCache full:https://registry.npmjs.org/@expo%2fprebuild-config cache-miss
715 http fetch GET 200 https://registry.npmjs.org/@expo%2fschema-utils 167ms (cache miss)
716 silly packumentCache full:https://registry.npmjs.org/@expo%2fschema-utils set size:undefined disposed:false
717 silly fetch manifest sf-symbols-typescript@^2.0.0
718 silly packumentCache full:https://registry.npmjs.org/sf-symbols-typescript cache-miss
719 http cache https://registry.npmjs.org/sf-symbols-typescript 3ms (cache hit)
720 silly packumentCache full:https://registry.npmjs.org/sf-symbols-typescript set size:18602 disposed:false
721 silly fetch manifest css-select@^5.1.0
722 silly packumentCache full:https://registry.npmjs.org/css-select cache-miss
723 http fetch GET 200 https://registry.npmjs.org/@radix-ui%2freact-slot 146ms (cache miss)
724 silly packumentCache full:https://registry.npmjs.org/@radix-ui%2freact-slot set size:undefined disposed:false
725 silly fetch manifest css-tree@^1.1.3
726 silly packumentCache full:https://registry.npmjs.org/css-tree cache-miss
727 http fetch GET 200 https://registry.npmjs.org/@typescript-eslint%2fparser 338ms (cache miss)
728 silly packumentCache full:https://registry.npmjs.org/@typescript-eslint%2fparser set size:undefined disposed:false
729 silly fetch manifest warn-once@0.1.1
730 silly packumentCache full:https://registry.npmjs.org/warn-once cache-miss
731 http cache https://registry.npmjs.org/warn-once 9ms (cache hit)
732 silly packumentCache full:https://registry.npmjs.org/warn-once set size:8138 disposed:false
733 silly fetch manifest scheduler@^0.26.0
734 silly packumentCache full:https://registry.npmjs.org/scheduler cache-miss
735 http fetch GET 200 https://registry.npmjs.org/css-select 75ms (cache miss)
736 silly packumentCache full:https://registry.npmjs.org/css-select set size:undefined disposed:false
737 silly fetch manifest @egjs/hammerjs@^2.0.17
738 silly packumentCache full:https://registry.npmjs.org/@egjs%2fhammerjs cache-miss
739 http fetch GET 200 https://registry.npmjs.org/css-tree 74ms (cache miss)
740 silly packumentCache full:https://registry.npmjs.org/css-tree set size:undefined disposed:false
741 silly fetch manifest hoist-non-react-statics@^3.3.0
742 silly packumentCache full:https://registry.npmjs.org/hoist-non-react-statics cache-miss
743 http cache https://registry.npmjs.org/scheduler 10ms (cache hit)
744 silly packumentCache full:https://registry.npmjs.org/scheduler set size:5480996 disposed:false
745 silly fetch manifest semver@^7.7.2
746 silly packumentCache full:https://registry.npmjs.org/semver cache-hit
747 silly fetch manifest semver@7.7.2
748 silly packumentCache full:https://registry.npmjs.org/semver cache-hit
749 silly fetch manifest convert-source-map@^2.0.0
750 silly packumentCache full:https://registry.npmjs.org/convert-source-map cache-miss
751 http fetch GET 200 https://registry.npmjs.org/@radix-ui%2freact-tabs 210ms (cache miss)
752 silly packumentCache full:https://registry.npmjs.org/@radix-ui%2freact-tabs set size:undefined disposed:false
753 silly fetch manifest @babel/preset-typescript@^7.16.7
754 silly packumentCache full:https://registry.npmjs.org/@babel%2fpreset-typescript cache-miss
755 http cache https://registry.npmjs.org/convert-source-map 6ms (cache hit)
756 silly packumentCache full:https://registry.npmjs.org/convert-source-map set size:66997 disposed:false
757 silly fetch manifest @babel/plugin-transform-classes@^7.0.0-0
758 silly packumentCache full:https://registry.npmjs.org/@babel%2fplugin-transform-classes cache-miss
759 http fetch GET 200 https://registry.npmjs.org/@react-navigation%2fnative-stack 212ms (cache miss)
760 silly packumentCache full:https://registry.npmjs.org/@react-navigation%2fnative-stack set size:undefined disposed:false
761 silly fetch manifest @babel/plugin-transform-unicode-regex@^7.0.0-0
762 silly packumentCache full:https://registry.npmjs.org/@babel%2fplugin-transform-unicode-regex cache-miss
763 http fetch GET 200 https://registry.npmjs.org/@typescript-eslint%2feslint-plugin 410ms (cache miss)
764 silly packumentCache full:https://registry.npmjs.org/@typescript-eslint%2feslint-plugin set size:undefined disposed:false
765 silly fetch manifest @babel/plugin-transform-arrow-functions@^7.0.0-0
766 silly packumentCache full:https://registry.npmjs.org/@babel%2fplugin-transform-arrow-functions cache-miss
767 http fetch GET 200 https://registry.npmjs.org/@expo%2fprebuild-config 162ms (cache miss)
768 silly packumentCache full:https://registry.npmjs.org/@expo%2fprebuild-config set size:undefined disposed:false
769 silly fetch manifest @babel/plugin-transform-class-properties@^7.0.0-0
770 silly packumentCache full:https://registry.npmjs.org/@babel%2fplugin-transform-class-properties cache-miss
771 http fetch GET 200 https://registry.npmjs.org/hoist-non-react-statics 79ms (cache miss)
772 silly packumentCache full:https://registry.npmjs.org/hoist-non-react-statics set size:undefined disposed:false
773 silly fetch manifest @babel/plugin-transform-optional-chaining@^7.0.0-0
774 silly packumentCache full:https://registry.npmjs.org/@babel%2fplugin-transform-optional-chaining cache-miss
775 http fetch GET 200 https://registry.npmjs.org/@babel%2fplugin-transform-classes 63ms (cache miss)
776 silly packumentCache full:https://registry.npmjs.org/@babel%2fplugin-transform-classes set size:undefined disposed:false
777 silly fetch manifest @babel/plugin-transform-template-literals@^7.0.0-0
778 silly packumentCache full:https://registry.npmjs.org/@babel%2fplugin-transform-template-literals cache-miss
779 http fetch GET 200 https://registry.npmjs.org/@babel%2fpreset-typescript 74ms (cache miss)
780 silly packumentCache full:https://registry.npmjs.org/@babel%2fpreset-typescript set size:undefined disposed:false
781 silly fetch manifest @babel/plugin-transform-shorthand-properties@^7.0.0-0
782 silly packumentCache full:https://registry.npmjs.org/@babel%2fplugin-transform-shorthand-properties cache-miss
783 http fetch GET 200 https://registry.npmjs.org/@babel%2fplugin-transform-class-properties 67ms (cache miss)
784 silly packumentCache full:https://registry.npmjs.org/@babel%2fplugin-transform-class-properties set size:undefined disposed:false
785 silly fetch manifest @babel/plugin-transform-nullish-coalescing-operator@^7.0.0-0
786 silly packumentCache full:https://registry.npmjs.org/@babel%2fplugin-transform-nullish-coalescing-operator cache-miss
787 http fetch GET 200 https://registry.npmjs.org/@babel%2fplugin-transform-unicode-regex 116ms (cache miss)
788 silly packumentCache full:https://registry.npmjs.org/@babel%2fplugin-transform-unicode-regex set size:undefined disposed:false
789 silly fetch manifest debug@^4.1.0
790 silly packumentCache full:https://registry.npmjs.org/debug cache-hit
791 silly fetch manifest json5@^2.2.3
792 silly packumentCache full:https://registry.npmjs.org/json5 cache-miss
793 http fetch GET 200 https://registry.npmjs.org/@babel%2fplugin-transform-arrow-functions 80ms (cache miss)
794 silly packumentCache full:https://registry.npmjs.org/@babel%2fplugin-transform-arrow-functions set size:undefined disposed:false
795 silly fetch manifest semver@^6.3.1
796 silly packumentCache full:https://registry.npmjs.org/semver cache-hit
797 silly fetch manifest gensync@^1.0.0-beta.2
798 silly packumentCache full:https://registry.npmjs.org/gensync cache-miss
799 http cache https://registry.npmjs.org/json5 4ms (cache hit)
800 silly packumentCache full:https://registry.npmjs.org/json5 set size:86136 disposed:false
801 silly fetch manifest @babel/types@^7.29.0
802 silly packumentCache full:https://registry.npmjs.org/@babel%2ftypes cache-miss
803 http cache https://registry.npmjs.org/gensync 3ms (cache hit)
804 silly packumentCache full:https://registry.npmjs.org/gensync set size:15068 disposed:false
805 silly fetch manifest @babel/parser@^7.29.0
806 silly packumentCache full:https://registry.npmjs.org/@babel%2fparser cache-miss
807 http fetch GET 200 https://registry.npmjs.org/@babel%2fplugin-transform-optional-chaining 74ms (cache miss)
808 silly packumentCache full:https://registry.npmjs.org/@babel%2fplugin-transform-optional-chaining set size:undefined disposed:false
809 silly fetch manifest @babel/helpers@^7.28.6
810 silly packumentCache full:https://registry.npmjs.org/@babel%2fhelpers cache-miss
811 http cache https://registry.npmjs.org/@babel%2ftypes 3ms (cache hit)
812 silly packumentCache full:https://registry.npmjs.org/@babel%2ftypes set size:487885 disposed:false
813 silly fetch manifest @babel/template@^7.28.6
814 silly packumentCache full:https://registry.npmjs.org/@babel%2ftemplate cache-miss
815 http cache https://registry.npmjs.org/@babel%2fparser 4ms (cache hit)
816 silly packumentCache full:https://registry.npmjs.org/@babel%2fparser set size:718758 disposed:false
817 silly fetch manifest @babel/traverse@^7.29.0
818 silly packumentCache full:https://registry.npmjs.org/@babel%2ftraverse cache-miss
819 http cache https://registry.npmjs.org/@babel%2fhelpers 7ms (cache hit)
820 silly packumentCache full:https://registry.npmjs.org/@babel%2fhelpers set size:388224 disposed:false
821 silly fetch manifest @babel/generator@^7.29.0
822 silly packumentCache full:https://registry.npmjs.org/@babel%2fgenerator cache-miss
823 http fetch GET 200 https://registry.npmjs.org/@egjs%2fhammerjs 165ms (cache miss)
824 silly packumentCache full:https://registry.npmjs.org/@egjs%2fhammerjs set size:undefined disposed:false
825 silly fetch manifest @babel/code-frame@^7.29.0
826 silly packumentCache full:https://registry.npmjs.org/@babel%2fcode-frame cache-miss
827 http fetch GET 200 https://registry.npmjs.org/@babel%2fplugin-transform-shorthand-properties 65ms (cache miss)
828 silly packumentCache full:https://registry.npmjs.org/@babel%2fplugin-transform-shorthand-properties set size:undefined disposed:false
829 silly fetch manifest @jridgewell/remapping@^2.3.5
830 silly packumentCache full:https://registry.npmjs.org/@jridgewell%2fremapping cache-miss
831 http cache https://registry.npmjs.org/@babel%2ftraverse 5ms (cache hit)
832 silly packumentCache full:https://registry.npmjs.org/@babel%2ftraverse set size:548722 disposed:false
833 silly fetch manifest @babel/helper-module-transforms@^7.28.6
834 silly packumentCache full:https://registry.npmjs.org/@babel%2fhelper-module-transforms cache-miss
835 http cache https://registry.npmjs.org/@babel%2ftemplate 10ms (cache hit)
836 silly packumentCache full:https://registry.npmjs.org/@babel%2ftemplate set size:227169 disposed:false
837 silly fetch manifest @babel/helper-compilation-targets@^7.28.6
838 silly packumentCache full:https://registry.npmjs.org/@babel%2fhelper-compilation-targets cache-miss
839 http cache https://registry.npmjs.org/@babel%2fgenerator 6ms (cache hit)
840 silly packumentCache full:https://registry.npmjs.org/@babel%2fgenerator set size:507107 disposed:false
841 silly fetch manifest @babel/runtime@^7.18.6
842 silly packumentCache full:https://registry.npmjs.org/@babel%2fruntime cache-miss
843 http cache https://registry.npmjs.org/@babel%2fcode-frame 7ms (cache hit)
844 silly packumentCache full:https://registry.npmjs.org/@babel%2fcode-frame set size:196196 disposed:false
845 silly fetch manifest @react-native/normalize-colors@^0.74.1
846 silly packumentCache full:https://registry.npmjs.org/@react-native%2fnormalize-colors cache-miss
847 http cache https://registry.npmjs.org/@jridgewell%2fremapping 7ms (cache hit)
848 silly packumentCache full:https://registry.npmjs.org/@jridgewell%2fremapping set size:23809 disposed:false
849 silly fetch manifest fbjs@^3.0.4
850 silly packumentCache full:https://registry.npmjs.org/fbjs cache-miss
851 http cache https://registry.npmjs.org/@babel%2fruntime 5ms (cache hit)
852 silly packumentCache full:https://registry.npmjs.org/@babel%2fruntime set size:3372292 disposed:false
853 silly fetch manifest inline-style-prefixer@^7.0.1
854 silly packumentCache full:https://registry.npmjs.org/inline-style-prefixer cache-miss
855 http cache https://registry.npmjs.org/@babel%2fhelper-module-transforms 16ms (cache hit)
856 silly packumentCache full:https://registry.npmjs.org/@babel%2fhelper-module-transforms set size:333553 disposed:false
857 silly fetch manifest memoize-one@^6.0.0
858 silly packumentCache full:https://registry.npmjs.org/memoize-one cache-miss
859 http cache https://registry.npmjs.org/@babel%2fhelper-compilation-targets 16ms (cache hit)
860 silly packumentCache full:https://registry.npmjs.org/@babel%2fhelper-compilation-targets set size:218757 disposed:false
861 silly fetch manifest postcss-value-parser@^4.2.0
862 silly packumentCache full:https://registry.npmjs.org/postcss-value-parser cache-miss
863 http cache https://registry.npmjs.org/memoize-one 2ms (cache hit)
864 silly packumentCache full:https://registry.npmjs.org/memoize-one set size:217155 disposed:false
865 silly fetch manifest styleq@^0.1.3
866 silly packumentCache full:https://registry.npmjs.org/styleq cache-miss
867 http cache https://registry.npmjs.org/@react-native%2fnormalize-colors 17ms (cache hit)
868 silly packumentCache full:https://registry.npmjs.org/@react-native%2fnormalize-colors set size:1819045 disposed:false
869 silly fetch manifest @socket.io/component-emitter@~3.1.0
870 silly packumentCache full:https://registry.npmjs.org/@socket.io%2fcomponent-emitter cache-miss
871 http cache https://registry.npmjs.org/@socket.io%2fcomponent-emitter 3ms (cache hit)
872 silly packumentCache full:https://registry.npmjs.org/@socket.io%2fcomponent-emitter set size:14099 disposed:false
873 silly fetch manifest debug@~4.4.1
874 silly packumentCache full:https://registry.npmjs.org/debug cache-hit
875 silly fetch manifest engine.io-client@~6.6.1
876 silly packumentCache full:https://registry.npmjs.org/engine.io-client cache-miss
877 http fetch GET 200 https://registry.npmjs.org/@babel%2fplugin-transform-template-literals 111ms (cache miss)
878 silly packumentCache full:https://registry.npmjs.org/@babel%2fplugin-transform-template-literals set size:undefined disposed:false
879 silly fetch manifest socket.io-parser@~4.2.4
880 silly packumentCache full:https://registry.npmjs.org/socket.io-parser cache-miss
881 http fetch GET 200 https://registry.npmjs.org/@babel%2fplugin-transform-nullish-coalescing-operator 59ms (cache miss)
882 silly packumentCache full:https://registry.npmjs.org/@babel%2fplugin-transform-nullish-coalescing-operator set size:undefined disposed:false
883 http cache https://registry.npmjs.org/engine.io-client 7ms (cache hit)
884 silly packumentCache full:https://registry.npmjs.org/engine.io-client set size:469044 disposed:false
885 http cache https://registry.npmjs.org/socket.io-parser 4ms (cache hit)
886 silly packumentCache full:https://registry.npmjs.org/socket.io-parser set size:124220 disposed:false
887 http fetch GET 200 https://registry.npmjs.org/postcss-value-parser 50ms (cache miss)
888 silly packumentCache full:https://registry.npmjs.org/postcss-value-parser set size:undefined disposed:false
889 http fetch GET 200 https://registry.npmjs.org/fbjs 65ms (cache miss)
890 silly packumentCache full:https://registry.npmjs.org/fbjs set size:undefined disposed:false
891 http fetch GET 200 https://registry.npmjs.org/styleq 59ms (cache miss)
892 silly packumentCache full:https://registry.npmjs.org/styleq set size:undefined disposed:false
893 http fetch GET 200 https://registry.npmjs.org/inline-style-prefixer 88ms (cache miss)
894 silly packumentCache full:https://registry.npmjs.org/inline-style-prefixer set size:undefined disposed:false
895 silly fetch manifest @babel/core@^7.0.0
896 silly packumentCache full:https://registry.npmjs.org/@babel%2fcore cache-hit
897 silly placeDep ROOT @babel/code-frame@7.29.0 OK for: @babel/core@7.29.0 want: ^7.29.0
898 silly placeDep ROOT @babel/generator@7.29.1 OK for: @babel/core@7.29.0 want: ^7.29.0
899 silly placeDep ROOT @babel/helper-compilation-targets@7.28.6 OK for: @babel/core@7.29.0 want: ^7.28.6
900 silly placeDep ROOT @babel/helper-module-transforms@7.28.6 OK for: @babel/core@7.29.0 want: ^7.28.6
901 silly placeDep ROOT @babel/helpers@7.29.2 OK for: @babel/core@7.29.0 want: ^7.28.6
902 silly placeDep ROOT @babel/parser@7.29.2 OK for: @babel/core@7.29.0 want: ^7.29.0
903 silly placeDep ROOT @babel/template@7.28.6 OK for: @babel/core@7.29.0 want: ^7.28.6
904 silly placeDep ROOT @babel/traverse@7.29.0 OK for: @babel/core@7.29.0 want: ^7.29.0
905 silly placeDep ROOT @babel/types@7.29.0 OK for: @babel/core@7.29.0 want: ^7.29.0
906 silly placeDep ROOT @jridgewell/remapping@2.3.5 OK for: @babel/core@7.29.0 want: ^2.3.5
907 silly placeDep ROOT convert-source-map@2.0.0 OK for: @babel/core@7.29.0 want: ^2.0.0
908 silly placeDep ROOT debug@4.4.3 OK for: @babel/core@7.29.0 want: ^4.1.0
909 silly placeDep ROOT gensync@1.0.0-beta.2 OK for: @babel/core@7.29.0 want: ^1.0.0-beta.2
910 silly placeDep ROOT json5@2.2.3 OK for: @babel/core@7.29.0 want: ^2.2.3
911 silly placeDep ROOT semver@6.3.1 OK for: @babel/core@7.29.0 want: ^6.3.1
912 silly fetch manifest js-tokens@^4.0.0
913 silly packumentCache full:https://registry.npmjs.org/js-tokens cache-miss
914 silly fetch manifest picocolors@^1.1.1
915 silly packumentCache full:https://registry.npmjs.org/picocolors cache-miss
916 silly fetch manifest @babel/helper-validator-identifier@^7.28.5
917 silly packumentCache full:https://registry.npmjs.org/@babel%2fhelper-validator-identifier cache-miss
918 silly fetch manifest jsesc@^3.0.2
919 silly packumentCache full:https://registry.npmjs.org/jsesc cache-miss
920 silly fetch manifest @jridgewell/gen-mapping@^0.3.12
921 silly packumentCache full:https://registry.npmjs.org/@jridgewell%2fgen-mapping cache-miss
922 silly fetch manifest @jridgewell/trace-mapping@^0.3.28
923 silly packumentCache full:https://registry.npmjs.org/@jridgewell%2ftrace-mapping cache-miss
924 silly fetch manifest lru-cache@^5.1.1
925 silly packumentCache full:https://registry.npmjs.org/lru-cache cache-miss
926 http cache https://registry.npmjs.org/@babel%2fhelper-validator-identifier 5ms (cache hit)
927 silly packumentCache full:https://registry.npmjs.org/@babel%2fhelper-validator-identifier set size:116299 disposed:false
928 silly fetch manifest browserslist@^4.24.0
929 silly packumentCache full:https://registry.npmjs.org/browserslist cache-miss
930 http cache https://registry.npmjs.org/jsesc 6ms (cache hit)
931 silly packumentCache full:https://registry.npmjs.org/jsesc set size:61512 disposed:false
932 silly fetch manifest @babel/compat-data@^7.28.6
933 silly packumentCache full:https://registry.npmjs.org/@babel%2fcompat-data cache-miss
934 http cache https://registry.npmjs.org/picocolors 7ms (cache hit)
935 silly packumentCache full:https://registry.npmjs.org/picocolors set size:16648 disposed:false
936 silly fetch manifest @babel/helper-validator-option@^7.27.1
937 silly packumentCache full:https://registry.npmjs.org/@babel%2fhelper-validator-option cache-miss
938 http cache https://registry.npmjs.org/lru-cache 6ms (cache hit)
939 silly packumentCache full:https://registry.npmjs.org/lru-cache set size:439357 disposed:false
940 silly fetch manifest @babel/traverse@^7.28.6
941 silly packumentCache full:https://registry.npmjs.org/@babel%2ftraverse cache-hit
942 silly fetch manifest @babel/helper-module-imports@^7.28.6
943 silly packumentCache full:https://registry.npmjs.org/@babel%2fhelper-module-imports cache-miss
944 http cache https://registry.npmjs.org/@jridgewell%2fgen-mapping 9ms (cache hit)
945 silly packumentCache full:https://registry.npmjs.org/@jridgewell%2fgen-mapping set size:80719 disposed:false
946 silly fetch manifest @babel/types@^7.28.6
947 silly packumentCache full:https://registry.npmjs.org/@babel%2ftypes cache-hit
948 silly fetch manifest debug@^4.3.1
949 silly packumentCache full:https://registry.npmjs.org/debug cache-hit
950 silly fetch manifest @babel/helper-globals@^7.28.0
951 silly packumentCache full:https://registry.npmjs.org/@babel%2fhelper-globals cache-miss
952 http cache https://registry.npmjs.org/@jridgewell%2ftrace-mapping 10ms (cache hit)
953 silly packumentCache full:https://registry.npmjs.org/@jridgewell%2ftrace-mapping set size:170909 disposed:false
954 silly fetch manifest @babel/helper-string-parser@^7.27.1
955 silly packumentCache full:https://registry.npmjs.org/@babel%2fhelper-string-parser cache-miss
956 http cache https://registry.npmjs.org/js-tokens 11ms (cache hit)
957 silly packumentCache full:https://registry.npmjs.org/js-tokens set size:41947 disposed:false
958 silly fetch manifest @jridgewell/gen-mapping@^0.3.5
959 silly packumentCache full:https://registry.npmjs.org/@jridgewell%2fgen-mapping cache-hit
960 silly fetch manifest @jridgewell/trace-mapping@^0.3.24
961 silly packumentCache full:https://registry.npmjs.org/@jridgewell%2ftrace-mapping cache-hit
962 silly fetch manifest ms@^2.1.3
963 silly packumentCache full:https://registry.npmjs.org/ms cache-miss
964 http cache https://registry.npmjs.org/browserslist 9ms (cache hit)
965 silly packumentCache full:https://registry.npmjs.org/browserslist set size:504681 disposed:false
966 http cache https://registry.npmjs.org/@babel%2fhelper-validator-option 10ms (cache hit)
967 silly packumentCache full:https://registry.npmjs.org/@babel%2fhelper-validator-option set size:92248 disposed:false
968 http cache https://registry.npmjs.org/@babel%2fhelper-module-imports 8ms (cache hit)
969 silly packumentCache full:https://registry.npmjs.org/@babel%2fhelper-module-imports set size:193449 disposed:false
970 http cache https://registry.npmjs.org/@babel%2fcompat-data 12ms (cache hit)
971 silly packumentCache full:https://registry.npmjs.org/@babel%2fcompat-data set size:305632 disposed:false
972 http cache https://registry.npmjs.org/@babel%2fhelper-string-parser 8ms (cache hit)
973 silly packumentCache full:https://registry.npmjs.org/@babel%2fhelper-string-parser set size:82028 disposed:false
974 http cache https://registry.npmjs.org/@babel%2fhelper-globals 10ms (cache hit)
975 silly packumentCache full:https://registry.npmjs.org/@babel%2fhelper-globals set size:15475 disposed:false
976 http cache https://registry.npmjs.org/ms 8ms (cache hit)
977 silly packumentCache full:https://registry.npmjs.org/ms set size:92208 disposed:false
978 silly placeDep ROOT @babel/helper-validator-identifier@7.28.5 OK for: @babel/code-frame@7.29.0 want: ^7.28.5
979 silly placeDep ROOT js-tokens@4.0.0 OK for: @babel/code-frame@7.29.0 want: ^4.0.0
980 silly placeDep ROOT picocolors@1.1.1 OK for: @babel/code-frame@7.29.0 want: ^1.1.1
981 silly placeDep ROOT @jridgewell/gen-mapping@0.3.13 OK for: @babel/generator@7.29.1 want: ^0.3.12
982 silly placeDep ROOT @jridgewell/trace-mapping@0.3.31 OK for: @babel/generator@7.29.1 want: ^0.3.28
983 silly placeDep ROOT jsesc@3.1.0 OK for: @babel/generator@7.29.1 want: ^3.0.2
984 silly fetch manifest @jridgewell/sourcemap-codec@^1.5.0
985 silly packumentCache full:https://registry.npmjs.org/@jridgewell%2fsourcemap-codec cache-miss
986 silly fetch manifest @jridgewell/resolve-uri@^3.1.0
987 silly packumentCache full:https://registry.npmjs.org/@jridgewell%2fresolve-uri cache-miss
988 silly fetch manifest @jridgewell/sourcemap-codec@^1.4.14
989 silly packumentCache full:https://registry.npmjs.org/@jridgewell%2fsourcemap-codec cache-miss
990 http cache https://registry.npmjs.org/@jridgewell%2fsourcemap-codec 2ms (cache hit)
991 silly packumentCache full:https://registry.npmjs.org/@jridgewell%2fsourcemap-codec set size:59275 disposed:false
992 http cache https://registry.npmjs.org/@jridgewell%2fresolve-uri 2ms (cache hit)
993 silly packumentCache full:https://registry.npmjs.org/@jridgewell%2fresolve-uri set size:57361 disposed:false
994 http cache https://registry.npmjs.org/@jridgewell%2fsourcemap-codec 2ms (cache hit)
995 silly packumentCache full:https://registry.npmjs.org/@jridgewell%2fsourcemap-codec set size:59275 disposed:false
996 silly packumentCache full:https://registry.npmjs.org/@jridgewell%2fsourcemap-codec dispose
997 silly placeDep ROOT @babel/compat-data@7.29.0 OK for: @babel/helper-compilation-targets@7.28.6 want: ^7.28.6
998 silly placeDep ROOT @babel/helper-validator-option@7.27.1 OK for: @babel/helper-compilation-targets@7.28.6 want: ^7.27.1
999 silly placeDep ROOT browserslist@4.28.2 OK for: @babel/helper-compilation-targets@7.28.6 want: ^4.24.0
1000 silly placeDep ROOT lru-cache@5.1.1 OK for: @babel/helper-compilation-targets@7.28.6 want: ^5.1.1
1001 silly fetch manifest baseline-browser-mapping@^2.10.12
1002 silly packumentCache full:https://registry.npmjs.org/baseline-browser-mapping cache-miss
1003 silly fetch manifest caniuse-lite@^1.0.30001782
1004 silly packumentCache full:https://registry.npmjs.org/caniuse-lite cache-miss
1005 silly fetch manifest electron-to-chromium@^1.5.328
1006 silly packumentCache full:https://registry.npmjs.org/electron-to-chromium cache-miss
1007 silly fetch manifest node-releases@^2.0.36
1008 silly packumentCache full:https://registry.npmjs.org/node-releases cache-miss
1009 silly fetch manifest update-browserslist-db@^1.2.3
1010 silly packumentCache full:https://registry.npmjs.org/update-browserslist-db cache-miss
1011 silly fetch manifest yallist@^3.0.2
1012 silly packumentCache full:https://registry.npmjs.org/yallist cache-miss
1013 http cache https://registry.npmjs.org/baseline-browser-mapping 3ms (cache hit)
1014 silly packumentCache full:https://registry.npmjs.org/baseline-browser-mapping set size:448101 disposed:false
1015 http cache https://registry.npmjs.org/caniuse-lite 6ms (cache hit)
1016 silly packumentCache full:https://registry.npmjs.org/caniuse-lite set size:2285165 disposed:false
1017 http cache https://registry.npmjs.org/update-browserslist-db 11ms (cache hit)
1018 silly packumentCache full:https://registry.npmjs.org/update-browserslist-db set size:62000 disposed:false
1019 http cache https://registry.npmjs.org/node-releases 11ms (cache hit)
1020 silly packumentCache full:https://registry.npmjs.org/node-releases set size:272120 disposed:false
1021 http cache https://registry.npmjs.org/electron-to-chromium 15ms (cache hit)
1022 silly packumentCache full:https://registry.npmjs.org/electron-to-chromium set size:4761682 disposed:false
1023 http cache https://registry.npmjs.org/yallist 25ms (cache hit)
1024 silly packumentCache full:https://registry.npmjs.org/yallist set size:34610 disposed:false
1025 silly placeDep ROOT @babel/helper-module-imports@7.28.6 OK for: @babel/helper-module-transforms@7.28.6 want: ^7.28.6
1026 silly placeDep ROOT @babel/helper-globals@7.28.0 OK for: @babel/traverse@7.29.0 want: ^7.28.0
1027 silly placeDep ROOT @babel/helper-string-parser@7.27.1 OK for: @babel/types@7.29.0 want: ^7.27.1
1028 silly placeDep ROOT @jridgewell/sourcemap-codec@1.5.5 OK for: @jridgewell/gen-mapping@0.3.13 want: ^1.5.0
1029 silly placeDep ROOT @jridgewell/resolve-uri@3.1.2 OK for: @jridgewell/trace-mapping@0.3.31 want: ^3.1.0
1030 silly placeDep ROOT color@4.2.3 OK for: @react-navigation/bottom-tabs@7.15.9 want: ^4.2.3
1031 silly placeDep ROOT sf-symbols-typescript@2.2.0 OK for: @react-navigation/bottom-tabs@7.15.9 want: ^2.1.0
1032 silly fetch manifest color-string@^1.9.0
1033 silly packumentCache full:https://registry.npmjs.org/color-string cache-miss
1034 silly fetch manifest color-convert@^2.0.1
1035 silly packumentCache full:https://registry.npmjs.org/color-convert cache-miss
1036 http cache https://registry.npmjs.org/color-convert 3ms (cache hit)
1037 silly packumentCache full:https://registry.npmjs.org/color-convert set size:72663 disposed:false
1038 http fetch GET 200 https://registry.npmjs.org/color-string 96ms (cache miss)
1039 silly packumentCache full:https://registry.npmjs.org/color-string set size:undefined disposed:false
1040 silly fetch manifest react@>= 18.2.0
1041 silly packumentCache full:https://registry.npmjs.org/react cache-miss
1042 http cache https://registry.npmjs.org/react 8ms (cache hit)
1043 silly packumentCache full:https://registry.npmjs.org/react set size:6613874 disposed:false
1044 silly placeDep ROOT use-latest-callback@0.2.6 OK for: @react-navigation/elements@2.9.14 want: ^0.2.4
1045 silly placeDep ROOT use-sync-external-store@1.6.0 OK for: @react-navigation/elements@2.9.14 want: ^1.5.0
1046 silly placeDep ROOT @react-navigation/core@7.17.2 OK for: @react-navigation/native@7.2.2 want: ^7.17.2
1047 silly placeDep ROOT escape-string-regexp@4.0.0 OK for: @react-navigation/native@7.2.2 want: ^4.0.0
1048 silly placeDep ROOT fast-deep-equal@3.1.3 OK for: @react-navigation/native@7.2.2 want: ^3.1.3
1049 silly placeDep ROOT nanoid@3.3.11 OK for: @react-navigation/native@7.2.2 want: ^3.3.11
1050 silly fetch manifest react-is@^19.1.0
1051 silly packumentCache full:https://registry.npmjs.org/react-is cache-miss
1052 silly fetch manifest @react-navigation/routers@^7.5.3
1053 silly packumentCache full:https://registry.npmjs.org/@react-navigation%2frouters cache-miss
1054 http fetch GET 200 https://registry.npmjs.org/@react-navigation%2frouters 77ms (cache miss)
1055 silly packumentCache full:https://registry.npmjs.org/@react-navigation%2frouters set size:undefined disposed:false
1056 http fetch GET 200 https://registry.npmjs.org/react-is 123ms (cache miss)
1057 silly packumentCache full:https://registry.npmjs.org/react-is set size:undefined disposed:false
1058 silly placeDep ROOT @react-navigation/routers@7.5.3 OK for: @react-navigation/core@7.17.2 want: ^7.5.3
1059 silly placeDep ROOT query-string@7.1.3 OK for: @react-navigation/core@7.17.2 want: ^7.1.3
1060 silly placeDep ROOT react-is@19.2.5 OK for: @react-navigation/core@7.17.2 want: ^19.1.0
1061 silly fetch manifest filter-obj@^1.1.0
1062 silly packumentCache full:https://registry.npmjs.org/filter-obj cache-miss
1063 silly fetch manifest split-on-first@^1.0.0
1064 silly packumentCache full:https://registry.npmjs.org/split-on-first cache-miss
1065 silly fetch manifest strict-uri-encode@^2.0.0
1066 silly packumentCache full:https://registry.npmjs.org/strict-uri-encode cache-miss
1067 silly fetch manifest decode-uri-component@^0.2.2
1068 silly packumentCache full:https://registry.npmjs.org/decode-uri-component cache-miss
1069 http fetch GET 200 https://registry.npmjs.org/split-on-first 54ms (cache miss)
1070 silly packumentCache full:https://registry.npmjs.org/split-on-first set size:undefined disposed:false
1071 http fetch GET 200 https://registry.npmjs.org/filter-obj 58ms (cache miss)
1072 silly packumentCache full:https://registry.npmjs.org/filter-obj set size:undefined disposed:false
1073 http fetch GET 200 https://registry.npmjs.org/strict-uri-encode 63ms (cache miss)
1074 silly packumentCache full:https://registry.npmjs.org/strict-uri-encode set size:undefined disposed:false
1075 http fetch GET 200 https://registry.npmjs.org/decode-uri-component 102ms (cache miss)
1076 silly packumentCache full:https://registry.npmjs.org/decode-uri-component set size:undefined disposed:false
1077 silly placeDep ROOT csstype@3.2.3 OK for: @types/react@19.1.17 want: ^3.0.2
1078 silly fetch manifest browserslist@>= 4.21.0
1079 silly packumentCache full:https://registry.npmjs.org/browserslist cache-hit
1080 silly placeDep ROOT baseline-browser-mapping@2.10.20 OK for: browserslist@4.28.2 want: ^2.10.12
1081 silly placeDep ROOT caniuse-lite@1.0.30001788 OK for: browserslist@4.28.2 want: ^1.0.30001782
1082 silly placeDep ROOT electron-to-chromium@1.5.340 OK for: browserslist@4.28.2 want: ^1.5.328
1083 silly placeDep ROOT node-releases@2.0.37 OK for: browserslist@4.28.2 want: ^2.0.36
1084 silly placeDep ROOT update-browserslist-db@1.2.3 OK for: browserslist@4.28.2 want: ^1.2.3
1085 silly fetch manifest escalade@^3.2.0
1086 silly packumentCache full:https://registry.npmjs.org/escalade cache-miss
1087 http cache https://registry.npmjs.org/escalade 2ms (cache hit)
1088 silly packumentCache full:https://registry.npmjs.org/escalade set size:33724 disposed:false
1089 silly placeDep ROOT color-convert@2.0.1 OK for: color@4.2.3 want: ^2.0.1
1090 silly placeDep ROOT color-string@1.9.1 OK for: color@4.2.3 want: ^1.9.0
1091 silly fetch manifest color-name@~1.1.4
1092 silly packumentCache full:https://registry.npmjs.org/color-name cache-miss
1093 silly fetch manifest color-name@^1.0.0
1094 silly packumentCache full:https://registry.npmjs.org/color-name cache-miss
1095 silly fetch manifest simple-swizzle@^0.2.2
1096 silly packumentCache full:https://registry.npmjs.org/simple-swizzle cache-miss
1097 http cache https://registry.npmjs.org/color-name 2ms (cache hit)
1098 silly packumentCache full:https://registry.npmjs.org/color-name set size:19467 disposed:false
1099 http cache https://registry.npmjs.org/color-name 2ms (cache hit)
1100 silly packumentCache full:https://registry.npmjs.org/color-name set size:19467 disposed:false
1101 silly packumentCache full:https://registry.npmjs.org/color-name dispose
1102 http fetch GET 200 https://registry.npmjs.org/simple-swizzle 48ms (cache miss)
1103 silly packumentCache full:https://registry.npmjs.org/simple-swizzle set size:undefined disposed:false
1104 silly placeDep ROOT color-name@1.1.4 OK for: color-convert@2.0.1 want: ~1.1.4
1105 silly placeDep ROOT simple-swizzle@0.2.4 OK for: color-string@1.9.1 want: ^0.2.2
1106 silly fetch manifest is-arrayish@^0.3.1
1107 silly packumentCache full:https://registry.npmjs.org/is-arrayish cache-miss
1108 http fetch GET 200 https://registry.npmjs.org/is-arrayish 47ms (cache miss)
1109 silly packumentCache full:https://registry.npmjs.org/is-arrayish set size:undefined disposed:false
1110 silly placeDep ROOT ms@2.1.3 OK for: debug@4.4.3 want: ^2.1.3
1111 silly fetch manifest eslint@^6.0.0 || ^7.0.0 || >=8.0.0
1112 silly packumentCache full:https://registry.npmjs.org/eslint cache-miss
1113 http cache https://registry.npmjs.org/eslint 3ms (cache hit)
1114 silly packumentCache full:https://registry.npmjs.org/eslint set size:1983515 disposed:false
1115 silly placeDep ROOT @eslint-community/eslint-utils@4.9.1 OK for: eslint@9.39.4 want: ^4.8.0
1116 silly placeDep ROOT @eslint-community/regexpp@4.12.2 OK for: eslint@9.39.4 want: ^4.12.1
1117 silly placeDep ROOT @eslint/config-array@0.21.2 OK for: eslint@9.39.4 want: ^0.21.2
1118 silly placeDep ROOT @eslint/config-helpers@0.4.2 OK for: eslint@9.39.4 want: ^0.4.2
1119 silly placeDep ROOT @eslint/core@0.17.0 OK for: eslint@9.39.4 want: ^0.17.0
1120 silly placeDep ROOT @eslint/eslintrc@3.3.5 OK for: eslint@9.39.4 want: ^3.3.5
1121 silly placeDep ROOT @eslint/js@9.39.4 OK for: eslint@9.39.4 want: 9.39.4
1122 silly placeDep ROOT @eslint/plugin-kit@0.4.1 OK for: eslint@9.39.4 want: ^0.4.1
1123 silly placeDep ROOT @humanfs/node@0.16.8 OK for: eslint@9.39.4 want: ^0.16.6
1124 silly placeDep ROOT @humanwhocodes/module-importer@1.0.1 OK for: eslint@9.39.4 want: ^1.0.1
1125 silly placeDep ROOT @humanwhocodes/retry@0.4.3 OK for: eslint@9.39.4 want: ^0.4.2
1126 silly placeDep ROOT @types/estree@1.0.8 OK for: eslint@9.39.4 want: ^1.0.6
1127 silly placeDep ROOT ajv@6.14.0 OK for: eslint@9.39.4 want: ^6.14.0
1128 silly placeDep ROOT chalk@4.1.2 OK for: eslint@9.39.4 want: ^4.0.0
1129 silly placeDep ROOT cross-spawn@7.0.6 OK for: eslint@9.39.4 want: ^7.0.6
1130 silly placeDep ROOT eslint-scope@8.4.0 OK for: eslint@9.39.4 want: ^8.4.0
1131 silly placeDep ROOT eslint-visitor-keys@4.2.1 OK for: eslint@9.39.4 want: ^4.2.1
1132 silly placeDep ROOT espree@10.4.0 OK for: eslint@9.39.4 want: ^10.4.0
1133 silly placeDep ROOT esquery@1.7.0 OK for: eslint@9.39.4 want: ^1.5.0
1134 silly placeDep ROOT esutils@2.0.3 OK for: eslint@9.39.4 want: ^2.0.2
1135 silly placeDep ROOT file-entry-cache@8.0.0 OK for: eslint@9.39.4 want: ^8.0.0
1136 silly placeDep ROOT find-up@5.0.0 OK for: eslint@9.39.4 want: ^5.0.0
1137 silly placeDep ROOT glob-parent@6.0.2 OK for: eslint@9.39.4 want: ^6.0.2
1138 silly placeDep ROOT ignore@5.3.2 OK for: eslint@9.39.4 want: ^5.2.0
1139 silly placeDep ROOT imurmurhash@0.1.4 OK for: eslint@9.39.4 want: ^0.1.4
1140 silly placeDep ROOT is-glob@4.0.3 OK for: eslint@9.39.4 want: ^4.0.0
1141 silly placeDep ROOT json-stable-stringify-without-jsonify@1.0.1 OK for: eslint@9.39.4 want: ^1.0.1
1142 silly placeDep ROOT lodash.merge@4.6.2 OK for: eslint@9.39.4 want: ^4.6.2
1143 silly placeDep ROOT minimatch@3.1.5 OK for: eslint@9.39.4 want: ^3.1.5
1144 silly placeDep ROOT natural-compare@1.4.0 OK for: eslint@9.39.4 want: ^1.4.0
1145 silly placeDep ROOT optionator@0.9.4 OK for: eslint@9.39.4 want: ^0.9.3
1146 silly fetch manifest eslint-visitor-keys@^3.4.3
1147 silly packumentCache full:https://registry.npmjs.org/eslint-visitor-keys cache-hit
1148 silly fetch manifest @eslint/object-schema@^2.1.7
1149 silly packumentCache full:https://registry.npmjs.org/@eslint%2fobject-schema cache-miss
1150 silly fetch manifest @types/json-schema@^7.0.15
1151 silly packumentCache full:https://registry.npmjs.org/@types%2fjson-schema cache-miss
1152 silly fetch manifest espree@^10.0.1
1153 silly packumentCache full:https://registry.npmjs.org/espree cache-hit
1154 silly fetch manifest globals@^14.0.0
1155 silly packumentCache full:https://registry.npmjs.org/globals cache-hit
1156 silly fetch manifest import-fresh@^3.2.1
1157 silly packumentCache full:https://registry.npmjs.org/import-fresh cache-miss
1158 silly fetch manifest js-yaml@^4.1.1
1159 silly packumentCache full:https://registry.npmjs.org/js-yaml cache-miss
1160 silly fetch manifest strip-json-comments@^3.1.1
1161 silly packumentCache full:https://registry.npmjs.org/strip-json-comments cache-miss
1162 silly fetch manifest levn@^0.4.1
1163 silly packumentCache full:https://registry.npmjs.org/levn cache-miss
1164 silly fetch manifest @humanwhocodes/retry@^0.4.0
1165 silly packumentCache full:https://registry.npmjs.org/@humanwhocodes%2fretry cache-hit
1166 silly fetch manifest @humanfs/core@^0.19.2
1167 silly packumentCache full:https://registry.npmjs.org/@humanfs%2fcore cache-miss
1168 http cache https://registry.npmjs.org/@eslint%2fobject-schema 6ms (cache hit)
1169 silly packumentCache full:https://registry.npmjs.org/@eslint%2fobject-schema set size:38535 disposed:false
1170 silly fetch manifest @humanfs/types@^0.15.0
1171 silly packumentCache full:https://registry.npmjs.org/@humanfs%2ftypes cache-miss
1172 http cache https://registry.npmjs.org/@types%2fjson-schema 6ms (cache hit)
1173 silly packumentCache full:https://registry.npmjs.org/@types%2fjson-schema set size:44704 disposed:false
1174 silly fetch manifest fast-json-stable-stringify@^2.0.0
1175 silly packumentCache full:https://registry.npmjs.org/fast-json-stable-stringify cache-miss
1176 http cache https://registry.npmjs.org/js-yaml 5ms (cache hit)
1177 silly packumentCache full:https://registry.npmjs.org/js-yaml set size:152232 disposed:false
1178 silly fetch manifest json-schema-traverse@^0.4.1
1179 silly packumentCache full:https://registry.npmjs.org/json-schema-traverse cache-miss
1180 http cache https://registry.npmjs.org/import-fresh 7ms (cache hit)
1181 silly packumentCache full:https://registry.npmjs.org/import-fresh set size:24604 disposed:false
1182 silly fetch manifest uri-js@^4.2.2
1183 silly packumentCache full:https://registry.npmjs.org/uri-js cache-miss
1184 http cache https://registry.npmjs.org/levn 7ms (cache hit)
1185 silly packumentCache full:https://registry.npmjs.org/levn set size:28223 disposed:false
1186 silly fetch manifest ansi-styles@^4.1.0
1187 silly packumentCache full:https://registry.npmjs.org/ansi-styles cache-miss
1188 http cache https://registry.npmjs.org/strip-json-comments 8ms (cache hit)
1189 silly packumentCache full:https://registry.npmjs.org/strip-json-comments set size:43569 disposed:false
1190 silly fetch manifest supports-color@^7.1.0
1191 silly packumentCache full:https://registry.npmjs.org/supports-color cache-miss
1192 http cache https://registry.npmjs.org/@humanfs%2fcore 8ms (cache hit)
1193 silly packumentCache full:https://registry.npmjs.org/@humanfs%2fcore set size:37261 disposed:false
1194 silly fetch manifest which@^2.0.1
1195 silly packumentCache full:https://registry.npmjs.org/which cache-miss
1196 http cache https://registry.npmjs.org/json-schema-traverse 4ms (cache hit)
1197 silly packumentCache full:https://registry.npmjs.org/json-schema-traverse set size:23537 disposed:false
1198 silly fetch manifest path-key@^3.1.0
1199 silly packumentCache full:https://registry.npmjs.org/path-key cache-miss
1200 http cache https://registry.npmjs.org/@humanfs%2ftypes 7ms (cache hit)
1201 silly packumentCache full:https://registry.npmjs.org/@humanfs%2ftypes set size:19212 disposed:false
1202 silly fetch manifest shebang-command@^2.0.0
1203 silly packumentCache full:https://registry.npmjs.org/shebang-command cache-miss
1204 http cache https://registry.npmjs.org/uri-js 5ms (cache hit)
1205 silly packumentCache full:https://registry.npmjs.org/uri-js set size:42559 disposed:false
1206 silly fetch manifest esrecurse@^4.3.0
1207 silly packumentCache full:https://registry.npmjs.org/esrecurse cache-miss
1208 http cache https://registry.npmjs.org/fast-json-stable-stringify 7ms (cache hit)
1209 silly packumentCache full:https://registry.npmjs.org/fast-json-stable-stringify set size:11337 disposed:false
1210 silly fetch manifest estraverse@^5.2.0
1211 silly packumentCache full:https://registry.npmjs.org/estraverse cache-miss
1212 http cache https://registry.npmjs.org/ansi-styles 6ms (cache hit)
1213 silly packumentCache full:https://registry.npmjs.org/ansi-styles set size:63233 disposed:false
1214 silly fetch manifest acorn@^8.15.0
1215 silly packumentCache full:https://registry.npmjs.org/acorn cache-miss
1216 http cache https://registry.npmjs.org/supports-color 6ms (cache hit)
1217 silly packumentCache full:https://registry.npmjs.org/supports-color set size:118680 disposed:false
1218 silly fetch manifest acorn-jsx@^5.3.2
1219 silly packumentCache full:https://registry.npmjs.org/acorn-jsx cache-miss
1220 http cache https://registry.npmjs.org/which 6ms (cache hit)
1221 silly packumentCache full:https://registry.npmjs.org/which set size:67747 disposed:false
1222 silly fetch manifest estraverse@^5.1.0
1223 silly packumentCache full:https://registry.npmjs.org/estraverse cache-miss
1224 http cache https://registry.npmjs.org/path-key 6ms (cache hit)
1225 silly packumentCache full:https://registry.npmjs.org/path-key set size:16975 disposed:false
1226 silly fetch manifest flat-cache@^4.0.0
1227 silly packumentCache full:https://registry.npmjs.org/flat-cache cache-miss
1228 http cache https://registry.npmjs.org/shebang-command 5ms (cache hit)
1229 silly packumentCache full:https://registry.npmjs.org/shebang-command set size:8525 disposed:false
1230 silly fetch manifest locate-path@^6.0.0
1231 silly packumentCache full:https://registry.npmjs.org/locate-path cache-miss
1232 http cache https://registry.npmjs.org/esrecurse 6ms (cache hit)
1233 silly packumentCache full:https://registry.npmjs.org/esrecurse set size:29005 disposed:false
1234 silly fetch manifest path-exists@^4.0.0
1235 silly packumentCache full:https://registry.npmjs.org/path-exists cache-miss
1236 http cache https://registry.npmjs.org/estraverse 6ms (cache hit)
1237 silly packumentCache full:https://registry.npmjs.org/estraverse set size:62412 disposed:false
1238 silly fetch manifest is-glob@^4.0.3
1239 silly packumentCache full:https://registry.npmjs.org/is-glob cache-hit
1240 silly fetch manifest is-extglob@^2.1.1
1241 silly packumentCache full:https://registry.npmjs.org/is-extglob cache-miss
1242 http cache https://registry.npmjs.org/estraverse 4ms (cache hit)
1243 silly packumentCache full:https://registry.npmjs.org/estraverse set size:62412 disposed:false
1244 silly packumentCache full:https://registry.npmjs.org/estraverse dispose
1245 silly fetch manifest brace-expansion@^1.1.7
1246 silly packumentCache full:https://registry.npmjs.org/brace-expansion cache-miss
1247 http cache https://registry.npmjs.org/acorn 6ms (cache hit)
1248 silly packumentCache full:https://registry.npmjs.org/acorn set size:379626 disposed:false
1249 silly fetch manifest prelude-ls@^1.2.1
1250 silly packumentCache full:https://registry.npmjs.org/prelude-ls cache-miss
1251 http cache https://registry.npmjs.org/locate-path 5ms (cache hit)
1252 silly packumentCache full:https://registry.npmjs.org/locate-path set size:31329 disposed:false
1253 silly fetch manifest deep-is@^0.1.3
1254 silly packumentCache full:https://registry.npmjs.org/deep-is cache-miss
1255 http cache https://registry.npmjs.org/acorn-jsx 8ms (cache hit)
1256 silly packumentCache full:https://registry.npmjs.org/acorn-jsx set size:71068 disposed:false
1257 silly fetch manifest word-wrap@^1.2.5
1258 silly packumentCache full:https://registry.npmjs.org/word-wrap cache-miss
1259 http cache https://registry.npmjs.org/flat-cache 7ms (cache hit)
1260 silly packumentCache full:https://registry.npmjs.org/flat-cache set size:169582 disposed:false
1261 silly fetch manifest type-check@^0.4.0
1262 silly packumentCache full:https://registry.npmjs.org/type-check cache-miss
1263 http cache https://registry.npmjs.org/path-exists 8ms (cache hit)
1264 silly packumentCache full:https://registry.npmjs.org/path-exists set size:13704 disposed:false
1265 silly fetch manifest fast-levenshtein@^2.0.6
1266 silly packumentCache full:https://registry.npmjs.org/fast-levenshtein cache-miss
1267 http cache https://registry.npmjs.org/is-extglob 9ms (cache hit)
1268 silly packumentCache full:https://registry.npmjs.org/is-extglob set size:11766 disposed:false
1269 http cache https://registry.npmjs.org/brace-expansion 9ms (cache hit)
1270 silly packumentCache full:https://registry.npmjs.org/brace-expansion set size:65768 disposed:false
1271 http cache https://registry.npmjs.org/prelude-ls 6ms (cache hit)
1272 silly packumentCache full:https://registry.npmjs.org/prelude-ls set size:25777 disposed:false
1273 http cache https://registry.npmjs.org/deep-is 6ms (cache hit)
1274 silly packumentCache full:https://registry.npmjs.org/deep-is set size:10205 disposed:false
1275 http cache https://registry.npmjs.org/type-check 5ms (cache hit)
1276 silly packumentCache full:https://registry.npmjs.org/type-check set size:21221 disposed:false
1277 http cache https://registry.npmjs.org/word-wrap 6ms (cache hit)
1278 silly packumentCache full:https://registry.npmjs.org/word-wrap set size:37835 disposed:false
1279 http cache https://registry.npmjs.org/fast-levenshtein 3ms (cache hit)
1280 silly packumentCache full:https://registry.npmjs.org/fast-levenshtein set size:39317 disposed:false
1281 silly placeDep node_modules/@eslint-community/eslint-utils eslint-visitor-keys@3.4.3 OK for: @eslint-community/eslint-utils@4.9.1 want: ^3.4.3
1282 silly placeDep ROOT @eslint/object-schema@2.1.7 OK for: @eslint/config-array@0.21.2 want: ^2.1.7
1283 silly placeDep ROOT @types/json-schema@7.0.15 OK for: @eslint/core@0.17.0 want: ^7.0.15
1284 silly placeDep ROOT globals@14.0.0 OK for: @eslint/eslintrc@3.3.5 want: ^14.0.0
1285 silly placeDep ROOT import-fresh@3.3.1 OK for: @eslint/eslintrc@3.3.5 want: ^3.2.1
1286 silly placeDep ROOT js-yaml@4.1.1 OK for: @eslint/eslintrc@3.3.5 want: ^4.1.1
1287 silly placeDep ROOT strip-json-comments@3.1.1 OK for: @eslint/eslintrc@3.3.5 want: ^3.1.1
1288 silly fetch manifest resolve-from@^4.0.0
1289 silly packumentCache full:https://registry.npmjs.org/resolve-from cache-miss
1290 silly fetch manifest parent-module@^1.0.0
1291 silly packumentCache full:https://registry.npmjs.org/parent-module cache-miss
1292 silly fetch manifest argparse@^2.0.1
1293 silly packumentCache full:https://registry.npmjs.org/argparse cache-miss
1294 http cache https://registry.npmjs.org/parent-module 1ms (cache hit)
1295 silly packumentCache full:https://registry.npmjs.org/parent-module set size:18255 disposed:false
1296 http cache https://registry.npmjs.org/resolve-from 1ms (cache hit)
1297 silly packumentCache full:https://registry.npmjs.org/resolve-from set size:12911 disposed:false
1298 http cache https://registry.npmjs.org/argparse 1ms (cache hit)
1299 silly packumentCache full:https://registry.npmjs.org/argparse set size:49266 disposed:false
1300 silly placeDep ROOT levn@0.4.1 OK for: @eslint/plugin-kit@0.4.1 want: ^0.4.1
1301 silly fetch manifest type-check@~0.4.0
1302 silly packumentCache full:https://registry.npmjs.org/type-check cache-hit
1303 silly placeDep ROOT @humanfs/core@0.19.2 OK for: @humanfs/node@0.16.8 want: ^0.19.2
1304 silly placeDep ROOT @humanfs/types@0.15.0 OK for: @humanfs/node@0.16.8 want: ^0.15.0
1305 silly placeDep ROOT fast-json-stable-stringify@2.1.0 OK for: ajv@6.14.0 want: ^2.0.0
1306 silly placeDep ROOT json-schema-traverse@0.4.1 OK for: ajv@6.14.0 want: ^0.4.1
1307 silly placeDep ROOT uri-js@4.4.1 OK for: ajv@6.14.0 want: ^4.2.2
1308 silly fetch manifest punycode@^2.1.0
1309 silly packumentCache full:https://registry.npmjs.org/punycode cache-miss
1310 http cache https://registry.npmjs.org/punycode 1ms (cache hit)
1311 silly packumentCache full:https://registry.npmjs.org/punycode set size:61302 disposed:false
1312 silly placeDep ROOT ansi-styles@4.3.0 OK for: chalk@4.1.2 want: ^4.1.0
1313 silly placeDep ROOT supports-color@7.2.0 OK for: chalk@4.1.2 want: ^7.1.0
1314 silly fetch manifest has-flag@^4.0.0
1315 silly packumentCache full:https://registry.npmjs.org/has-flag cache-miss
1316 http cache https://registry.npmjs.org/has-flag 1ms (cache hit)
1317 silly packumentCache full:https://registry.npmjs.org/has-flag set size:15180 disposed:false
1318 silly placeDep ROOT path-key@3.1.1 OK for: cross-spawn@7.0.6 want: ^3.1.0
1319 silly placeDep ROOT shebang-command@2.0.0 OK for: cross-spawn@7.0.6 want: ^2.0.0
1320 silly placeDep ROOT which@2.0.2 OK for: cross-spawn@7.0.6 want: ^2.0.1
1321 silly fetch manifest shebang-regex@^3.0.0
1322 silly packumentCache full:https://registry.npmjs.org/shebang-regex cache-miss
1323 silly fetch manifest isexe@^2.0.0
1324 silly packumentCache full:https://registry.npmjs.org/isexe cache-miss
1325 http cache https://registry.npmjs.org/isexe 1ms (cache hit)
1326 silly packumentCache full:https://registry.npmjs.org/isexe set size:31756 disposed:false
1327 http cache https://registry.npmjs.org/shebang-regex 2ms (cache hit)
1328 silly packumentCache full:https://registry.npmjs.org/shebang-regex set size:9763 disposed:false
1329 silly fetch manifest eslint@>=8.10
1330 silly packumentCache full:https://registry.npmjs.org/eslint cache-miss
1331 http cache https://registry.npmjs.org/eslint 2ms (cache hit)
1332 silly packumentCache full:https://registry.npmjs.org/eslint set size:1983515 disposed:false
1333 silly fetch manifest eslint@^3 || ^4 || ^5 || ^6 || ^7 || ^8 || ^9.7
1334 silly packumentCache full:https://registry.npmjs.org/eslint cache-miss
1335 http cache https://registry.npmjs.org/eslint 2ms (cache hit)
1336 silly packumentCache full:https://registry.npmjs.org/eslint set size:1983515 disposed:false
1337 silly fetch manifest eslint@^2 || ^3 || ^4 || ^5 || ^6 || ^7.2.0 || ^8 || ^9
1338 silly packumentCache full:https://registry.npmjs.org/eslint cache-miss
1339 http cache https://registry.npmjs.org/eslint 2ms (cache hit)
1340 silly packumentCache full:https://registry.npmjs.org/eslint set size:1983515 disposed:false
1341 silly fetch manifest typescript@>=4.8.4 <6.1.0
1342 silly packumentCache full:https://registry.npmjs.org/typescript cache-miss
1343 http cache https://registry.npmjs.org/typescript 15ms (cache hit)
1344 silly packumentCache full:https://registry.npmjs.org/typescript set size:15409943 disposed:false
1345 silly fetch manifest eslint@^3.0.0 || ^4.0.0 || ^5.0.0 || ^6.0.0 || ^7.0.0 || ^8.0.0-0 || ^9.0.0
1346 silly packumentCache full:https://registry.npmjs.org/eslint cache-miss
1347 http cache https://registry.npmjs.org/eslint 3ms (cache hit)
1348 silly packumentCache full:https://registry.npmjs.org/eslint set size:1983515 disposed:false
1349 silly fetch manifest eslint-plugin-import-x@*
1350 silly packumentCache full:https://registry.npmjs.org/eslint-plugin-import-x cache-miss
1351 http fetch GET 200 https://registry.npmjs.org/eslint-plugin-import-x 63ms (cache miss)
1352 silly packumentCache full:https://registry.npmjs.org/eslint-plugin-import-x set size:undefined disposed:false
1353 silly fetch manifest @typescript-eslint/utils@^8.56.0
1354 silly packumentCache full:https://registry.npmjs.org/@typescript-eslint%2futils cache-miss
1355 http fetch GET 200 https://registry.npmjs.org/@typescript-eslint%2futils 212ms (cache miss)
1356 silly packumentCache full:https://registry.npmjs.org/@typescript-eslint%2futils set size:undefined disposed:false
1357 silly fetch manifest eslint-import-resolver-node@*
1358 silly packumentCache full:https://registry.npmjs.org/eslint-import-resolver-node cache-miss
1359 http fetch GET 200 https://registry.npmjs.org/eslint-import-resolver-node 50ms (cache miss)
1360 silly packumentCache full:https://registry.npmjs.org/eslint-import-resolver-node set size:undefined disposed:false
1361 silly placeDep ROOT @typescript-eslint/eslint-plugin@8.58.2 OK for: eslint-config-expo@10.0.0 want: ^8.18.2
1362 silly placeDep ROOT @typescript-eslint/parser@8.58.2 OK for: @typescript-eslint/eslint-plugin@8.58.2 want: ^8.58.2
1363 silly placeDep ROOT eslint-import-resolver-typescript@3.10.1 OK for: eslint-config-expo@10.0.0 want: ^3.6.3
1364 silly placeDep ROOT eslint-plugin-expo@1.0.0 OK for: eslint-config-expo@10.0.0 want: ^1.0.0
1365 silly placeDep ROOT eslint-plugin-import@2.32.0 OK for: eslint-config-expo@10.0.0 want: ^2.30.0
1366 silly placeDep ROOT eslint-plugin-react@7.37.5 OK for: eslint-config-expo@10.0.0 want: ^7.37.3
1367 silly placeDep ROOT eslint-plugin-react-hooks@5.2.0 OK for: eslint-config-expo@10.0.0 want: ^5.1.0
1368 silly placeDep node_modules/eslint-config-expo globals@16.5.0 OK for: eslint-config-expo@10.0.0 want: ^16.0.0
1369 silly fetch manifest ignore@^7.0.5
1370 silly packumentCache full:https://registry.npmjs.org/ignore cache-hit
1371 silly fetch manifest ts-api-utils@^2.5.0
1372 silly packumentCache full:https://registry.npmjs.org/ts-api-utils cache-miss
1373 silly fetch manifest @typescript-eslint/utils@8.58.2
1374 silly packumentCache full:https://registry.npmjs.org/@typescript-eslint%2futils cache-miss
1375 silly fetch manifest @typescript-eslint/type-utils@8.58.2
1376 silly packumentCache full:https://registry.npmjs.org/@typescript-eslint%2ftype-utils cache-miss
1377 silly fetch manifest @typescript-eslint/visitor-keys@8.58.2
1378 silly packumentCache full:https://registry.npmjs.org/@typescript-eslint%2fvisitor-keys cache-miss
1379 silly fetch manifest @typescript-eslint/scope-manager@8.58.2
1380 silly packumentCache full:https://registry.npmjs.org/@typescript-eslint%2fscope-manager cache-miss
1381 silly fetch manifest @typescript-eslint/types@8.58.2
1382 silly packumentCache full:https://registry.npmjs.org/@typescript-eslint%2ftypes cache-miss
1383 silly fetch manifest @typescript-eslint/visitor-keys@8.58.2
1384 silly packumentCache full:https://registry.npmjs.org/@typescript-eslint%2fvisitor-keys cache-miss
1385 http cache https://registry.npmjs.org/@typescript-eslint%2futils 12ms (cache hit)
1386 silly packumentCache full:https://registry.npmjs.org/@typescript-eslint%2futils set size:9971849 disposed:false
1387 silly fetch manifest @typescript-eslint/scope-manager@8.58.2
1388 silly packumentCache full:https://registry.npmjs.org/@typescript-eslint%2fscope-manager cache-miss
1389 http fetch GET 200 https://registry.npmjs.org/ts-api-utils 140ms (cache miss)
1390 silly packumentCache full:https://registry.npmjs.org/ts-api-utils set size:undefined disposed:false
1391 silly fetch manifest @typescript-eslint/typescript-estree@8.58.2
1392 silly packumentCache full:https://registry.npmjs.org/@typescript-eslint%2ftypescript-estree cache-miss
1393 http fetch GET 200 https://registry.npmjs.org/@typescript-eslint%2fvisitor-keys 363ms (cache miss)
1394 silly packumentCache full:https://registry.npmjs.org/@typescript-eslint%2fvisitor-keys set size:undefined disposed:false
1395 silly fetch manifest tinyglobby@^0.2.13
1396 silly packumentCache full:https://registry.npmjs.org/tinyglobby cache-miss
1397 http cache https://registry.npmjs.org/tinyglobby 9ms (cache hit)
1398 silly packumentCache full:https://registry.npmjs.org/tinyglobby set size:52660 disposed:false
1399 silly fetch manifest stable-hash@^0.0.5
1400 silly packumentCache full:https://registry.npmjs.org/stable-hash cache-miss
1401 http fetch GET 200 https://registry.npmjs.org/@typescript-eslint%2ftypes 411ms (cache miss)
1402 silly packumentCache full:https://registry.npmjs.org/@typescript-eslint%2ftypes set size:undefined disposed:false
1403 silly fetch manifest get-tsconfig@^4.10.0
1404 silly packumentCache full:https://registry.npmjs.org/get-tsconfig cache-miss
1405 http fetch GET 200 https://registry.npmjs.org/@typescript-eslint%2fvisitor-keys 440ms (cache miss)
1406 silly packumentCache full:https://registry.npmjs.org/@typescript-eslint%2fvisitor-keys set size:undefined disposed:false
1407 silly fetch manifest is-bun-module@^2.0.0
1408 silly packumentCache full:https://registry.npmjs.org/is-bun-module cache-miss
1409 http fetch GET 200 https://registry.npmjs.org/@typescript-eslint%2ftype-utils 474ms (cache miss)
1410 silly packumentCache full:https://registry.npmjs.org/@typescript-eslint%2ftype-utils set size:undefined disposed:false
1411 silly fetch manifest unrs-resolver@^1.6.2
1412 silly packumentCache full:https://registry.npmjs.org/unrs-resolver cache-miss
1413 http fetch GET 200 https://registry.npmjs.org/stable-hash 94ms (cache miss)
1414 silly packumentCache full:https://registry.npmjs.org/stable-hash set size:undefined disposed:false
1415 silly fetch manifest @nolyfill/is-core-module@1.0.39
1416 silly packumentCache full:https://registry.npmjs.org/@nolyfill%2fis-core-module cache-miss
1417 http fetch GET 200 https://registry.npmjs.org/@typescript-eslint%2fscope-manager 477ms (cache miss)
1418 silly packumentCache full:https://registry.npmjs.org/@typescript-eslint%2fscope-manager set size:undefined disposed:false
1419 silly fetch manifest @typescript-eslint/types@^8.29.1
1420 silly packumentCache full:https://registry.npmjs.org/@typescript-eslint%2ftypes cache-miss
1421 http fetch GET 200 https://registry.npmjs.org/is-bun-module 68ms (cache miss)
1422 silly packumentCache full:https://registry.npmjs.org/is-bun-module set size:undefined disposed:false
1423 silly fetch manifest @typescript-eslint/utils@^8.29.1
1424 silly packumentCache full:https://registry.npmjs.org/@typescript-eslint%2futils cache-miss
1425 http fetch GET 200 https://registry.npmjs.org/get-tsconfig 102ms (cache miss)
1426 silly packumentCache full:https://registry.npmjs.org/get-tsconfig set size:undefined disposed:false
1427 silly fetch manifest @rtsao/scc@^1.1.0
1428 silly packumentCache full:https://registry.npmjs.org/@rtsao%2fscc cache-miss
1429 http cache https://registry.npmjs.org/@typescript-eslint%2ftypes 15ms (cache hit)
1430 silly packumentCache full:https://registry.npmjs.org/@typescript-eslint%2ftypes set size:12087896 disposed:false
1431 silly fetch manifest array-includes@^3.1.9
1432 silly packumentCache full:https://registry.npmjs.org/array-includes cache-miss
1433 http fetch GET 200 https://registry.npmjs.org/@nolyfill%2fis-core-module 96ms (cache miss)
1434 silly packumentCache full:https://registry.npmjs.org/@nolyfill%2fis-core-module set size:undefined disposed:false
1435 silly fetch manifest array.prototype.findlastindex@^1.2.6
1436 silly packumentCache full:https://registry.npmjs.org/array.prototype.findlastindex cache-miss
1437 http cache https://registry.npmjs.org/@typescript-eslint%2futils 61ms (cache hit)
1438 silly packumentCache full:https://registry.npmjs.org/@typescript-eslint%2futils set size:9971849 disposed:false
1439 silly fetch manifest array.prototype.flat@^1.3.3
1440 silly packumentCache full:https://registry.npmjs.org/array.prototype.flat cache-miss
1441 http fetch GET 200 https://registry.npmjs.org/unrs-resolver 127ms (cache miss)
1442 silly packumentCache full:https://registry.npmjs.org/unrs-resolver set size:undefined disposed:false
1443 silly fetch manifest array.prototype.flatmap@^1.3.3
1444 silly packumentCache full:https://registry.npmjs.org/array.prototype.flatmap cache-miss
1445 http fetch GET 200 https://registry.npmjs.org/@typescript-eslint%2fscope-manager 626ms (cache miss)
1446 silly packumentCache full:https://registry.npmjs.org/@typescript-eslint%2fscope-manager set size:undefined disposed:false
1447 silly fetch manifest debug@^3.2.7
1448 silly packumentCache full:https://registry.npmjs.org/debug cache-hit
1449 silly fetch manifest doctrine@^2.1.0
1450 silly packumentCache full:https://registry.npmjs.org/doctrine cache-miss
1451 http fetch GET 200 https://registry.npmjs.org/@rtsao%2fscc 116ms (cache miss)
1452 silly packumentCache full:https://registry.npmjs.org/@rtsao%2fscc set size:undefined disposed:false
1453 silly fetch manifest eslint-import-resolver-node@^0.3.9
1454 silly packumentCache full:https://registry.npmjs.org/eslint-import-resolver-node cache-miss
1455 http fetch GET 200 https://registry.npmjs.org/@typescript-eslint%2ftypescript-estree 515ms (cache miss)
1456 silly packumentCache full:https://registry.npmjs.org/@typescript-eslint%2ftypescript-estree set size:undefined disposed:false
1457 silly fetch manifest eslint-module-utils@^2.12.1
1458 silly packumentCache full:https://registry.npmjs.org/eslint-module-utils cache-miss
1459 http cache https://registry.npmjs.org/eslint-import-resolver-node 53ms (cache hit)
1460 silly packumentCache full:https://registry.npmjs.org/eslint-import-resolver-node set size:37178 disposed:false
1461 silly fetch manifest hasown@^2.0.2
1462 silly packumentCache full:https://registry.npmjs.org/hasown cache-miss
1463 http fetch GET 200 https://registry.npmjs.org/array.prototype.findlastindex 119ms (cache miss)
1464 silly packumentCache full:https://registry.npmjs.org/array.prototype.findlastindex set size:undefined disposed:false
1465 silly fetch manifest is-core-module@^2.16.1
1466 silly packumentCache full:https://registry.npmjs.org/is-core-module cache-miss
1467 http fetch GET 200 https://registry.npmjs.org/array.prototype.flat 94ms (cache miss)
1468 silly packumentCache full:https://registry.npmjs.org/array.prototype.flat set size:undefined disposed:false
1469 silly fetch manifest object.fromentries@^2.0.8
1470 silly packumentCache full:https://registry.npmjs.org/object.fromentries cache-miss
1471 http fetch GET 200 https://registry.npmjs.org/array-includes 128ms (cache miss)
1472 silly packumentCache full:https://registry.npmjs.org/array-includes set size:undefined disposed:false
1473 silly fetch manifest object.groupby@^1.0.3
1474 silly packumentCache full:https://registry.npmjs.org/object.groupby cache-miss
1475 http cache https://registry.npmjs.org/hasown 3ms (cache hit)
1476 silly packumentCache full:https://registry.npmjs.org/hasown set size:15429 disposed:false
1477 silly fetch manifest object.values@^1.2.1
1478 silly packumentCache full:https://registry.npmjs.org/object.values cache-miss
1479 http fetch GET 200 https://registry.npmjs.org/doctrine 65ms (cache miss)
1480 silly packumentCache full:https://registry.npmjs.org/doctrine set size:undefined disposed:false
1481 silly fetch manifest string.prototype.trimend@^1.0.9
1482 silly packumentCache full:https://registry.npmjs.org/string.prototype.trimend cache-miss
1483 http fetch GET 200 https://registry.npmjs.org/array.prototype.flatmap 134ms (cache miss)
1484 silly packumentCache full:https://registry.npmjs.org/array.prototype.flatmap set size:undefined disposed:false
1485 silly fetch manifest tsconfig-paths@^3.15.0
1486 silly packumentCache full:https://registry.npmjs.org/tsconfig-paths cache-miss
1487 http fetch GET 200 https://registry.npmjs.org/object.groupby 62ms (cache miss)
1488 silly packumentCache full:https://registry.npmjs.org/object.groupby set size:undefined disposed:false
1489 silly fetch manifest array-includes@^3.1.8
1490 silly packumentCache full:https://registry.npmjs.org/array-includes cache-miss
1491 http fetch GET 200 https://registry.npmjs.org/object.values 62ms (cache miss)
1492 silly packumentCache full:https://registry.npmjs.org/object.values set size:undefined disposed:false
1493 silly fetch manifest array.prototype.findlast@^1.2.5
1494 silly packumentCache full:https://registry.npmjs.org/array.prototype.findlast cache-miss
1495 http fetch GET 200 https://registry.npmjs.org/string.prototype.trimend 59ms (cache miss)
1496 silly packumentCache full:https://registry.npmjs.org/string.prototype.trimend set size:undefined disposed:false
1497 silly fetch manifest array.prototype.tosorted@^1.1.4
1498 silly packumentCache full:https://registry.npmjs.org/array.prototype.tosorted cache-miss
1499 http fetch GET 200 https://registry.npmjs.org/eslint-module-utils 73ms (cache miss)
1500 silly packumentCache full:https://registry.npmjs.org/eslint-module-utils set size:undefined disposed:false
1501 silly fetch manifest es-iterator-helpers@^1.2.1
1502 silly packumentCache full:https://registry.npmjs.org/es-iterator-helpers cache-miss
1503 http fetch GET 200 https://registry.npmjs.org/is-core-module 66ms (cache miss)
1504 silly packumentCache full:https://registry.npmjs.org/is-core-module set size:undefined disposed:false
1505 silly fetch manifest estraverse@^5.3.0
1506 silly packumentCache full:https://registry.npmjs.org/estraverse cache-hit
1507 silly fetch manifest jsx-ast-utils@^2.4.1 || ^3.0.0
1508 silly packumentCache full:https://registry.npmjs.org/jsx-ast-utils cache-miss
1509 http cache https://registry.npmjs.org/array-includes 4ms (cache hit)
1510 silly packumentCache full:https://registry.npmjs.org/array-includes set size:77143 disposed:false
1511 silly fetch manifest object.entries@^1.1.9
1512 silly packumentCache full:https://registry.npmjs.org/object.entries cache-miss
1513 http fetch GET 200 https://registry.npmjs.org/object.fromentries 70ms (cache miss)
1514 silly packumentCache full:https://registry.npmjs.org/object.fromentries set size:undefined disposed:false
1515 silly fetch manifest prop-types@^15.8.1
1516 silly packumentCache full:https://registry.npmjs.org/prop-types cache-miss
1517 http fetch GET 200 https://registry.npmjs.org/tsconfig-paths 55ms (cache miss)
1518 silly packumentCache full:https://registry.npmjs.org/tsconfig-paths set size:undefined disposed:false
1519 silly fetch manifest resolve@^2.0.0-next.5
1520 silly packumentCache full:https://registry.npmjs.org/resolve cache-miss
1521 http fetch GET 200 https://registry.npmjs.org/object.entries 48ms (cache miss)
1522 silly packumentCache full:https://registry.npmjs.org/object.entries set size:undefined disposed:false
1523 silly fetch manifest string.prototype.matchall@^4.0.12
1524 silly packumentCache full:https://registry.npmjs.org/string.prototype.matchall cache-miss
1525 http fetch GET 200 https://registry.npmjs.org/jsx-ast-utils 51ms (cache miss)
1526 silly packumentCache full:https://registry.npmjs.org/jsx-ast-utils set size:undefined disposed:false
1527 silly fetch manifest string.prototype.repeat@^1.0.0
1528 silly packumentCache full:https://registry.npmjs.org/string.prototype.repeat cache-miss
1529 http fetch GET 200 https://registry.npmjs.org/array.prototype.findlast 55ms (cache miss)
1530 silly packumentCache full:https://registry.npmjs.org/array.prototype.findlast set size:undefined disposed:false
1531 http fetch GET 200 https://registry.npmjs.org/prop-types 49ms (cache miss)
1532 silly packumentCache full:https://registry.npmjs.org/prop-types set size:undefined disposed:false
1533 http fetch GET 200 https://registry.npmjs.org/array.prototype.tosorted 56ms (cache miss)
1534 silly packumentCache full:https://registry.npmjs.org/array.prototype.tosorted set size:undefined disposed:false
1535 http fetch GET 200 https://registry.npmjs.org/es-iterator-helpers 65ms (cache miss)
1536 silly packumentCache full:https://registry.npmjs.org/es-iterator-helpers set size:undefined disposed:false
1537 http fetch GET 200 https://registry.npmjs.org/resolve 62ms (cache miss)
1538 silly packumentCache full:https://registry.npmjs.org/resolve set size:undefined disposed:false
1539 http fetch GET 200 https://registry.npmjs.org/string.prototype.repeat 45ms (cache miss)
1540 silly packumentCache full:https://registry.npmjs.org/string.prototype.repeat set size:undefined disposed:false
1541 http fetch GET 200 https://registry.npmjs.org/string.prototype.matchall 51ms (cache miss)
1542 silly packumentCache full:https://registry.npmjs.org/string.prototype.matchall set size:undefined disposed:false
1543 silly fetch manifest eslint@^8.57.0 || ^9.0.0 || ^10.0.0
1544 silly packumentCache full:https://registry.npmjs.org/eslint cache-miss
1545 http cache https://registry.npmjs.org/eslint 3ms (cache hit)
1546 silly packumentCache full:https://registry.npmjs.org/eslint set size:1983515 disposed:false
1547 silly placeDep ROOT @typescript-eslint/scope-manager@8.58.2 OK for: @typescript-eslint/eslint-plugin@8.58.2 want: 8.58.2
1548 silly placeDep ROOT @typescript-eslint/type-utils@8.58.2 OK for: @typescript-eslint/eslint-plugin@8.58.2 want: 8.58.2
1549 silly placeDep ROOT @typescript-eslint/utils@8.58.2 OK for: @typescript-eslint/eslint-plugin@8.58.2 want: 8.58.2
1550 silly placeDep ROOT @typescript-eslint/visitor-keys@8.58.2 OK for: @typescript-eslint/eslint-plugin@8.58.2 want: 8.58.2
1551 silly placeDep node_modules/@typescript-eslint/eslint-plugin ignore@7.0.5 OK for: @typescript-eslint/eslint-plugin@8.58.2 want: ^7.0.5
1552 silly placeDep ROOT ts-api-utils@2.5.0 OK for: @typescript-eslint/eslint-plugin@8.58.2 want: ^2.5.0
1553 silly fetch manifest eslint-visitor-keys@^5.0.0
1554 silly packumentCache full:https://registry.npmjs.org/eslint-visitor-keys cache-hit
1555 silly placeDep ROOT @typescript-eslint/types@8.58.2 OK for: @typescript-eslint/parser@8.58.2 want: 8.58.2
1556 silly placeDep ROOT @typescript-eslint/typescript-estree@8.58.2 OK for: @typescript-eslint/parser@8.58.2 want: 8.58.2
1557 silly fetch manifest semver@^7.7.3
1558 silly packumentCache full:https://registry.npmjs.org/semver cache-hit
1559 silly fetch manifest minimatch@^10.2.2
1560 silly packumentCache full:https://registry.npmjs.org/minimatch cache-hit
1561 silly fetch manifest tinyglobby@^0.2.15
1562 silly packumentCache full:https://registry.npmjs.org/tinyglobby cache-hit
1563 silly fetch manifest @typescript-eslint/tsconfig-utils@8.58.2
1564 silly packumentCache full:https://registry.npmjs.org/@typescript-eslint%2ftsconfig-utils cache-miss
1565 silly fetch manifest @typescript-eslint/project-service@8.58.2
1566 silly packumentCache full:https://registry.npmjs.org/@typescript-eslint%2fproject-service cache-miss
1567 http fetch GET 200 https://registry.npmjs.org/@typescript-eslint%2fproject-service 80ms (cache miss)
1568 silly packumentCache full:https://registry.npmjs.org/@typescript-eslint%2fproject-service set size:undefined disposed:false
1569 http fetch GET 200 https://registry.npmjs.org/@typescript-eslint%2ftsconfig-utils 86ms (cache miss)
1570 silly packumentCache full:https://registry.npmjs.org/@typescript-eslint%2ftsconfig-utils set size:undefined disposed:false
1571 silly placeDep ROOT @typescript-eslint/project-service@8.58.2 OK for: @typescript-eslint/typescript-estree@8.58.2 want: 8.58.2
1572 silly placeDep ROOT @typescript-eslint/tsconfig-utils@8.58.2 OK for: @typescript-eslint/typescript-estree@8.58.2 want: 8.58.2
1573 silly placeDep node_modules/@typescript-eslint/typescript-estree minimatch@10.2.5 OK for: @typescript-eslint/typescript-estree@8.58.2 want: ^10.2.2
1574 silly placeDep node_modules/@typescript-eslint/typescript-estree semver@7.7.4 OK for: @typescript-eslint/typescript-estree@8.58.2 want: ^7.7.3
1575 silly placeDep ROOT tinyglobby@0.2.16 OK for: @typescript-eslint/typescript-estree@8.58.2 want: ^0.2.15
1576 silly fetch manifest @typescript-eslint/tsconfig-utils@^8.58.2
1577 silly packumentCache full:https://registry.npmjs.org/@typescript-eslint%2ftsconfig-utils cache-miss
1578 silly fetch manifest brace-expansion@^5.0.5
1579 silly packumentCache full:https://registry.npmjs.org/brace-expansion cache-hit
1580 silly fetch manifest fdir@^6.5.0
1581 silly packumentCache full:https://registry.npmjs.org/fdir cache-miss
1582 silly fetch manifest picomatch@^4.0.4
1583 silly packumentCache full:https://registry.npmjs.org/picomatch cache-miss
1584 http cache https://registry.npmjs.org/@typescript-eslint%2ftsconfig-utils 2ms (cache hit)
1585 silly packumentCache full:https://registry.npmjs.org/@typescript-eslint%2ftsconfig-utils set size:1103598 disposed:false
1586 http cache https://registry.npmjs.org/picomatch 6ms (cache hit)
1587 silly packumentCache full:https://registry.npmjs.org/picomatch set size:126376 disposed:false
1588 http cache https://registry.npmjs.org/fdir 7ms (cache hit)
1589 silly packumentCache full:https://registry.npmjs.org/fdir set size:136182 disposed:false
1590 silly placeDep node_modules/@typescript-eslint/visitor-keys eslint-visitor-keys@5.0.1 OK for: @typescript-eslint/visitor-keys@8.58.2 want: ^5.0.0
1591 silly placeDep ROOT @nolyfill/is-core-module@1.0.39 OK for: eslint-import-resolver-typescript@3.10.1 want: 1.0.39
1592 silly placeDep ROOT get-tsconfig@4.14.0 OK for: eslint-import-resolver-typescript@3.10.1 want: ^4.10.0
1593 silly placeDep ROOT is-bun-module@2.0.0 OK for: eslint-import-resolver-typescript@3.10.1 want: ^2.0.0
1594 silly placeDep ROOT stable-hash@0.0.5 OK for: eslint-import-resolver-typescript@3.10.1 want: ^0.0.5
1595 silly placeDep ROOT unrs-resolver@1.11.1 OK for: eslint-import-resolver-typescript@3.10.1 want: ^1.6.2
1596 silly fetch manifest resolve-pkg-maps@^1.0.0
1597 silly packumentCache full:https://registry.npmjs.org/resolve-pkg-maps cache-miss
1598 silly fetch manifest semver@^7.7.1
1599 silly packumentCache full:https://registry.npmjs.org/semver cache-hit
1600 silly fetch manifest napi-postinstall@^0.3.0
1601 silly packumentCache full:https://registry.npmjs.org/napi-postinstall cache-miss
1602 silly fetch manifest @unrs/resolver-binding-win32-x64-msvc@1.11.1
1603 silly packumentCache full:https://registry.npmjs.org/@unrs%2fresolver-binding-win32-x64-msvc cache-miss
1604 silly fetch manifest @unrs/resolver-binding-win32-arm64-msvc@1.11.1
1605 silly packumentCache full:https://registry.npmjs.org/@unrs%2fresolver-binding-win32-arm64-msvc cache-miss
1606 silly fetch manifest @unrs/resolver-binding-win32-ia32-msvc@1.11.1
1607 silly packumentCache full:https://registry.npmjs.org/@unrs%2fresolver-binding-win32-ia32-msvc cache-miss
1608 silly fetch manifest @unrs/resolver-binding-linux-x64-gnu@1.11.1
1609 silly packumentCache full:https://registry.npmjs.org/@unrs%2fresolver-binding-linux-x64-gnu cache-miss
1610 silly fetch manifest @unrs/resolver-binding-linux-x64-musl@1.11.1
1611 silly packumentCache full:https://registry.npmjs.org/@unrs%2fresolver-binding-linux-x64-musl cache-miss
1612 http fetch GET 200 https://registry.npmjs.org/resolve-pkg-maps 50ms (cache miss)
1613 silly packumentCache full:https://registry.npmjs.org/resolve-pkg-maps set size:undefined disposed:false
1614 silly fetch manifest @unrs/resolver-binding-freebsd-x64@1.11.1
1615 silly packumentCache full:https://registry.npmjs.org/@unrs%2fresolver-binding-freebsd-x64 cache-miss
1616 http fetch GET 200 https://registry.npmjs.org/@unrs%2fresolver-binding-win32-ia32-msvc 56ms (cache miss)
1617 silly packumentCache full:https://registry.npmjs.org/@unrs%2fresolver-binding-win32-ia32-msvc set size:undefined disposed:false
1618 silly fetch manifest @unrs/resolver-binding-android-arm64@1.11.1
1619 silly packumentCache full:https://registry.npmjs.org/@unrs%2fresolver-binding-android-arm64 cache-miss
1620 http fetch GET 200 https://registry.npmjs.org/@unrs%2fresolver-binding-win32-arm64-msvc 59ms (cache miss)
1621 silly packumentCache full:https://registry.npmjs.org/@unrs%2fresolver-binding-win32-arm64-msvc set size:undefined disposed:false
1622 silly fetch manifest @unrs/resolver-binding-linux-arm64-gnu@1.11.1
1623 silly packumentCache full:https://registry.npmjs.org/@unrs%2fresolver-binding-linux-arm64-gnu cache-miss
1624 http fetch GET 200 https://registry.npmjs.org/@unrs%2fresolver-binding-win32-x64-msvc 62ms (cache miss)
1625 silly packumentCache full:https://registry.npmjs.org/@unrs%2fresolver-binding-win32-x64-msvc set size:undefined disposed:false
1626 silly fetch manifest @unrs/resolver-binding-linux-arm64-musl@1.11.1
1627 silly packumentCache full:https://registry.npmjs.org/@unrs%2fresolver-binding-linux-arm64-musl cache-miss
1628 http fetch GET 200 https://registry.npmjs.org/@unrs%2fresolver-binding-linux-x64-gnu 71ms (cache miss)
1629 silly packumentCache full:https://registry.npmjs.org/@unrs%2fresolver-binding-linux-x64-gnu set size:undefined disposed:false
1630 silly fetch manifest @unrs/resolver-binding-android-arm-eabi@1.11.1
1631 silly packumentCache full:https://registry.npmjs.org/@unrs%2fresolver-binding-android-arm-eabi cache-miss
1632 http fetch GET 200 https://registry.npmjs.org/@unrs%2fresolver-binding-android-arm-eabi 111ms (cache miss)
1633 silly packumentCache full:https://registry.npmjs.org/@unrs%2fresolver-binding-android-arm-eabi set size:undefined disposed:false
1634 silly fetch manifest @unrs/resolver-binding-linux-arm-gnueabihf@1.11.1
1635 silly packumentCache full:https://registry.npmjs.org/@unrs%2fresolver-binding-linux-arm-gnueabihf cache-miss
1636 http fetch GET 200 https://registry.npmjs.org/@unrs%2fresolver-binding-android-arm64 127ms (cache miss)
1637 silly packumentCache full:https://registry.npmjs.org/@unrs%2fresolver-binding-android-arm64 set size:undefined disposed:false
1638 silly fetch manifest @unrs/resolver-binding-linux-arm-musleabihf@1.11.1
1639 silly packumentCache full:https://registry.npmjs.org/@unrs%2fresolver-binding-linux-arm-musleabihf cache-miss
1640 http fetch GET 200 https://registry.npmjs.org/@unrs%2fresolver-binding-linux-arm64-gnu 125ms (cache miss)
1641 silly packumentCache full:https://registry.npmjs.org/@unrs%2fresolver-binding-linux-arm64-gnu set size:undefined disposed:false
1642 silly fetch manifest @unrs/resolver-binding-linux-ppc64-gnu@1.11.1
1643 silly packumentCache full:https://registry.npmjs.org/@unrs%2fresolver-binding-linux-ppc64-gnu cache-miss
1644 http fetch GET 200 https://registry.npmjs.org/@unrs%2fresolver-binding-linux-x64-musl 186ms (cache miss)
1645 silly packumentCache full:https://registry.npmjs.org/@unrs%2fresolver-binding-linux-x64-musl set size:undefined disposed:false
1646 silly fetch manifest @unrs/resolver-binding-linux-riscv64-gnu@1.11.1
1647 silly packumentCache full:https://registry.npmjs.org/@unrs%2fresolver-binding-linux-riscv64-gnu cache-miss
1648 http fetch GET 200 https://registry.npmjs.org/@unrs%2fresolver-binding-freebsd-x64 138ms (cache miss)
1649 silly packumentCache full:https://registry.npmjs.org/@unrs%2fresolver-binding-freebsd-x64 set size:undefined disposed:false
1650 silly fetch manifest @unrs/resolver-binding-linux-riscv64-musl@1.11.1
1651 silly packumentCache full:https://registry.npmjs.org/@unrs%2fresolver-binding-linux-riscv64-musl cache-miss
1652 http fetch GET 200 https://registry.npmjs.org/@unrs%2fresolver-binding-linux-arm64-musl 126ms (cache miss)
1653 silly packumentCache full:https://registry.npmjs.org/@unrs%2fresolver-binding-linux-arm64-musl set size:undefined disposed:false
1654 silly fetch manifest @unrs/resolver-binding-linux-s390x-gnu@1.11.1
1655 silly packumentCache full:https://registry.npmjs.org/@unrs%2fresolver-binding-linux-s390x-gnu cache-miss
1656 http fetch GET 200 https://registry.npmjs.org/napi-postinstall 190ms (cache miss)
1657 silly packumentCache full:https://registry.npmjs.org/napi-postinstall set size:undefined disposed:false
1658 silly fetch manifest @unrs/resolver-binding-darwin-x64@1.11.1
1659 silly packumentCache full:https://registry.npmjs.org/@unrs%2fresolver-binding-darwin-x64 cache-miss
1660 http fetch GET 200 https://registry.npmjs.org/@unrs%2fresolver-binding-linux-riscv64-musl 68ms (cache miss)
1661 silly packumentCache full:https://registry.npmjs.org/@unrs%2fresolver-binding-linux-riscv64-musl set size:undefined disposed:false
1662 silly fetch manifest @unrs/resolver-binding-darwin-arm64@1.11.1
1663 silly packumentCache full:https://registry.npmjs.org/@unrs%2fresolver-binding-darwin-arm64 cache-miss
1664 http fetch GET 200 https://registry.npmjs.org/@unrs%2fresolver-binding-linux-arm-musleabihf 83ms (cache miss)
1665 silly packumentCache full:https://registry.npmjs.org/@unrs%2fresolver-binding-linux-arm-musleabihf set size:undefined disposed:false
1666 silly fetch manifest @unrs/resolver-binding-wasm32-wasi@1.11.1
1667 silly packumentCache full:https://registry.npmjs.org/@unrs%2fresolver-binding-wasm32-wasi cache-miss
1668 http fetch GET 200 https://registry.npmjs.org/@unrs%2fresolver-binding-linux-riscv64-gnu 81ms (cache miss)
1669 silly packumentCache full:https://registry.npmjs.org/@unrs%2fresolver-binding-linux-riscv64-gnu set size:undefined disposed:false
1670 http fetch GET 200 https://registry.npmjs.org/@unrs%2fresolver-binding-linux-arm-gnueabihf 85ms (cache miss)
1671 silly packumentCache full:https://registry.npmjs.org/@unrs%2fresolver-binding-linux-arm-gnueabihf set size:undefined disposed:false
1672 http fetch GET 200 https://registry.npmjs.org/@unrs%2fresolver-binding-linux-s390x-gnu 80ms (cache miss)
1673 silly packumentCache full:https://registry.npmjs.org/@unrs%2fresolver-binding-linux-s390x-gnu set size:undefined disposed:false
1674 http fetch GET 200 https://registry.npmjs.org/@unrs%2fresolver-binding-darwin-x64 80ms (cache miss)
1675 silly packumentCache full:https://registry.npmjs.org/@unrs%2fresolver-binding-darwin-x64 set size:undefined disposed:false
1676 http fetch GET 200 https://registry.npmjs.org/@unrs%2fresolver-binding-linux-ppc64-gnu 96ms (cache miss)
1677 silly packumentCache full:https://registry.npmjs.org/@unrs%2fresolver-binding-linux-ppc64-gnu set size:undefined disposed:false
1678 http fetch GET 200 https://registry.npmjs.org/@unrs%2fresolver-binding-wasm32-wasi 76ms (cache miss)
1679 silly packumentCache full:https://registry.npmjs.org/@unrs%2fresolver-binding-wasm32-wasi set size:undefined disposed:false
1680 http fetch GET 200 https://registry.npmjs.org/@unrs%2fresolver-binding-darwin-arm64 88ms (cache miss)
1681 silly packumentCache full:https://registry.npmjs.org/@unrs%2fresolver-binding-darwin-arm64 set size:undefined disposed:false
1682 silly placeDep ROOT @rtsao/scc@1.1.0 OK for: eslint-plugin-import@2.32.0 want: ^1.1.0
1683 silly placeDep ROOT array-includes@3.1.9 OK for: eslint-plugin-import@2.32.0 want: ^3.1.9
1684 silly placeDep ROOT array.prototype.findlastindex@1.2.6 OK for: eslint-plugin-import@2.32.0 want: ^1.2.6
1685 silly placeDep ROOT array.prototype.flat@1.3.3 OK for: eslint-plugin-import@2.32.0 want: ^1.3.3
1686 silly placeDep ROOT array.prototype.flatmap@1.3.3 OK for: eslint-plugin-import@2.32.0 want: ^1.3.3
1687 silly placeDep node_modules/eslint-plugin-import debug@3.2.7 OK for: eslint-plugin-import@2.32.0 want: ^3.2.7
1688 silly placeDep ROOT doctrine@2.1.0 OK for: eslint-plugin-import@2.32.0 want: ^2.1.0
1689 silly placeDep ROOT eslint-import-resolver-node@0.3.10 OK for: eslint-plugin-import@2.32.0 want: ^0.3.9
1690 silly placeDep ROOT eslint-module-utils@2.12.1 OK for: eslint-plugin-import@2.32.0 want: ^2.12.1
1691 silly placeDep ROOT hasown@2.0.3 OK for: eslint-plugin-import@2.32.0 want: ^2.0.2
1692 silly placeDep ROOT is-core-module@2.16.1 OK for: eslint-plugin-import@2.32.0 want: ^2.16.1
1693 silly placeDep ROOT object.fromentries@2.0.8 OK for: eslint-plugin-import@2.32.0 want: ^2.0.8
1694 silly placeDep ROOT object.groupby@1.0.3 OK for: eslint-plugin-import@2.32.0 want: ^1.0.3
1695 silly placeDep ROOT object.values@1.2.1 OK for: eslint-plugin-import@2.32.0 want: ^1.2.1
1696 silly placeDep ROOT string.prototype.trimend@1.0.9 OK for: eslint-plugin-import@2.32.0 want: ^1.0.9
1697 silly placeDep ROOT tsconfig-paths@3.15.0 OK for: eslint-plugin-import@2.32.0 want: ^3.15.0
1698 silly fetch manifest call-bind@^1.0.8
1699 silly packumentCache full:https://registry.npmjs.org/call-bind cache-miss
1700 silly fetch manifest call-bound@^1.0.4
1701 silly packumentCache full:https://registry.npmjs.org/call-bound cache-miss
1702 silly fetch manifest define-properties@^1.2.1
1703 silly packumentCache full:https://registry.npmjs.org/define-properties cache-miss
1704 silly fetch manifest es-abstract@^1.24.0
1705 silly packumentCache full:https://registry.npmjs.org/es-abstract cache-miss
1706 silly fetch manifest es-object-atoms@^1.1.1
1707 silly packumentCache full:https://registry.npmjs.org/es-object-atoms cache-miss
1708 silly fetch manifest get-intrinsic@^1.3.0
1709 silly packumentCache full:https://registry.npmjs.org/get-intrinsic cache-miss
1710 silly fetch manifest is-string@^1.1.1
1711 silly packumentCache full:https://registry.npmjs.org/is-string cache-miss
1712 http cache https://registry.npmjs.org/es-object-atoms 4ms (cache hit)
1713 silly packumentCache full:https://registry.npmjs.org/es-object-atoms set size:15304 disposed:false
1714 silly fetch manifest math-intrinsics@^1.1.0
1715 silly packumentCache full:https://registry.npmjs.org/math-intrinsics cache-miss
1716 http cache https://registry.npmjs.org/get-intrinsic 4ms (cache hit)
1717 silly packumentCache full:https://registry.npmjs.org/get-intrinsic set size:60985 disposed:false
1718 silly fetch manifest call-bind@^1.0.8
1719 silly packumentCache full:https://registry.npmjs.org/call-bind cache-miss
1720 http cache https://registry.npmjs.org/call-bound 7ms (cache hit)
1721 silly packumentCache full:https://registry.npmjs.org/call-bound set size:15317 disposed:false
1722 silly fetch manifest define-properties@^1.2.1
1723 silly packumentCache full:https://registry.npmjs.org/define-properties cache-miss
1724 http cache https://registry.npmjs.org/math-intrinsics 4ms (cache hit)
1725 silly packumentCache full:https://registry.npmjs.org/math-intrinsics set size:9265 disposed:false
1726 silly fetch manifest es-abstract@^1.23.9
1727 silly packumentCache full:https://registry.npmjs.org/es-abstract cache-miss
1728 http fetch GET 200 https://registry.npmjs.org/is-string 47ms (cache miss)
1729 silly packumentCache full:https://registry.npmjs.org/is-string set size:undefined disposed:false
1730 silly fetch manifest es-errors@^1.3.0
1731 silly packumentCache full:https://registry.npmjs.org/es-errors cache-miss
1732 http fetch GET 200 https://registry.npmjs.org/define-properties 48ms (cache miss)
1733 silly packumentCache full:https://registry.npmjs.org/define-properties set size:undefined disposed:false
1734 silly fetch manifest es-shim-unscopables@^1.1.0
1735 silly packumentCache full:https://registry.npmjs.org/es-shim-unscopables cache-miss
1736 http cache https://registry.npmjs.org/es-errors 3ms (cache hit)
1737 silly packumentCache full:https://registry.npmjs.org/es-errors set size:16918 disposed:false
1738 silly fetch manifest call-bind@^1.0.8
1739 silly packumentCache full:https://registry.npmjs.org/call-bind cache-miss
1740 http fetch GET 200 https://registry.npmjs.org/call-bind 48ms (cache miss)
1741 silly packumentCache full:https://registry.npmjs.org/call-bind set size:undefined disposed:false
1742 silly fetch manifest es-abstract@^1.23.5
1743 silly packumentCache full:https://registry.npmjs.org/es-abstract cache-miss
1744 http fetch GET 200 https://registry.npmjs.org/define-properties 48ms (cache miss)
1745 silly packumentCache full:https://registry.npmjs.org/define-properties set size:undefined disposed:false
1746 silly fetch manifest es-shim-unscopables@^1.0.2
1747 silly packumentCache full:https://registry.npmjs.org/es-shim-unscopables cache-miss
1748 http fetch GET 200 https://registry.npmjs.org/call-bind 72ms (cache miss)
1749 silly packumentCache full:https://registry.npmjs.org/call-bind set size:undefined disposed:false
1750 silly fetch manifest es-abstract@^1.23.5
1751 silly packumentCache full:https://registry.npmjs.org/es-abstract cache-miss
1752 http fetch GET 200 https://registry.npmjs.org/es-abstract 72ms (cache miss)
1753 silly packumentCache full:https://registry.npmjs.org/es-abstract set size:undefined disposed:false
1754 silly fetch manifest es-shim-unscopables@^1.0.2
1755 silly packumentCache full:https://registry.npmjs.org/es-shim-unscopables cache-miss
1756 http fetch GET 200 https://registry.npmjs.org/es-abstract 67ms (cache miss)
1757 silly packumentCache full:https://registry.npmjs.org/es-abstract set size:undefined disposed:false
1758 silly fetch manifest resolve@^2.0.0-next.6
1759 silly packumentCache full:https://registry.npmjs.org/resolve cache-miss
1760 http cache https://registry.npmjs.org/resolve 1ms (cache hit)
1761 silly packumentCache full:https://registry.npmjs.org/resolve set size:252941 disposed:false
1762 silly fetch manifest function-bind@^1.1.2
1763 silly packumentCache full:https://registry.npmjs.org/function-bind cache-miss
1764 http cache https://registry.npmjs.org/function-bind 1ms (cache hit)
1765 silly packumentCache full:https://registry.npmjs.org/function-bind set size:15733 disposed:false
1766 silly fetch manifest call-bind@^1.0.7
1767 silly packumentCache full:https://registry.npmjs.org/call-bind cache-miss
1768 http cache https://registry.npmjs.org/call-bind 1ms (cache hit)
1769 silly packumentCache full:https://registry.npmjs.org/call-bind set size:32985 disposed:false
1770 silly fetch manifest es-abstract@^1.23.2
1771 silly packumentCache full:https://registry.npmjs.org/es-abstract cache-miss
1772 http cache https://registry.npmjs.org/es-abstract 1ms (cache hit)
1773 silly packumentCache full:https://registry.npmjs.org/es-abstract set size:384124 disposed:false
1774 silly fetch manifest es-object-atoms@^1.0.0
1775 silly packumentCache full:https://registry.npmjs.org/es-object-atoms cache-hit
1776 silly fetch manifest call-bound@^1.0.3
1777 silly packumentCache full:https://registry.npmjs.org/call-bound cache-hit
1778 silly fetch manifest call-bound@^1.0.2
1779 silly packumentCache full:https://registry.npmjs.org/call-bound cache-hit
1780 silly fetch manifest json5@^1.0.2
1781 silly packumentCache full:https://registry.npmjs.org/json5 cache-hit
1782 silly fetch manifest minimist@^1.2.6
1783 silly packumentCache full:https://registry.npmjs.org/minimist cache-miss
1784 http fetch GET 200 https://registry.npmjs.org/es-shim-unscopables 46ms (cache miss)
1785 silly packumentCache full:https://registry.npmjs.org/es-shim-unscopables set size:undefined disposed:false
1786 silly fetch manifest strip-bom@^3.0.0
1787 silly packumentCache full:https://registry.npmjs.org/strip-bom cache-miss
1788 http fetch GET 200 https://registry.npmjs.org/es-shim-unscopables 49ms (cache miss)
1789 silly packumentCache full:https://registry.npmjs.org/es-shim-unscopables set size:undefined disposed:false
1790 silly fetch manifest @types/json5@^0.0.29
1791 silly packumentCache full:https://registry.npmjs.org/@types%2fjson5 cache-miss
1792 http fetch GET 200 https://registry.npmjs.org/es-abstract 59ms (cache miss)
1793 silly packumentCache full:https://registry.npmjs.org/es-abstract set size:undefined disposed:false
1794 silly packumentCache full:https://registry.npmjs.org/es-abstract dispose
1795 http fetch GET 200 https://registry.npmjs.org/es-shim-unscopables 62ms (cache miss)
1796 silly packumentCache full:https://registry.npmjs.org/es-shim-unscopables set size:undefined disposed:false
1797 http fetch GET 200 https://registry.npmjs.org/call-bind 85ms (cache miss)
1798 silly packumentCache full:https://registry.npmjs.org/call-bind set size:undefined disposed:false
1799 silly packumentCache full:https://registry.npmjs.org/call-bind dispose
1800 http fetch GET 200 https://registry.npmjs.org/minimist 52ms (cache miss)
1801 silly packumentCache full:https://registry.npmjs.org/minimist set size:undefined disposed:false
1802 http fetch GET 200 https://registry.npmjs.org/strip-bom 51ms (cache miss)
1803 silly packumentCache full:https://registry.npmjs.org/strip-bom set size:undefined disposed:false
1804 http fetch GET 200 https://registry.npmjs.org/es-abstract 93ms (cache miss)
1805 silly packumentCache full:https://registry.npmjs.org/es-abstract set size:undefined disposed:true
1806 http fetch GET 200 https://registry.npmjs.org/@types%2fjson5 61ms (cache miss)
1807 silly packumentCache full:https://registry.npmjs.org/@types%2fjson5 set size:undefined disposed:false
1808 silly placeDep ROOT call-bind@1.0.9 OK for: array-includes@3.1.9 want: ^1.0.8
1809 silly placeDep ROOT call-bound@1.0.4 OK for: array-includes@3.1.9 want: ^1.0.4
1810 silly placeDep ROOT define-properties@1.2.1 OK for: array-includes@3.1.9 want: ^1.2.1
1811 silly placeDep ROOT es-abstract@1.24.2 OK for: array-includes@3.1.9 want: ^1.24.0
1812 silly placeDep ROOT es-object-atoms@1.1.1 OK for: array-includes@3.1.9 want: ^1.1.1
1813 silly placeDep ROOT get-intrinsic@1.3.0 OK for: array-includes@3.1.9 want: ^1.3.0
1814 silly placeDep ROOT is-string@1.1.1 OK for: array-includes@3.1.9 want: ^1.1.1
1815 silly placeDep ROOT math-intrinsics@1.1.0 OK for: array-includes@3.1.9 want: ^1.1.0
1816 silly fetch manifest call-bind-apply-helpers@^1.0.2
1817 silly packumentCache full:https://registry.npmjs.org/call-bind-apply-helpers cache-miss
1818 silly fetch manifest es-define-property@^1.0.1
1819 silly packumentCache full:https://registry.npmjs.org/es-define-property cache-miss
1820 silly fetch manifest set-function-length@^1.2.2
1821 silly packumentCache full:https://registry.npmjs.org/set-function-length cache-miss
1822 silly fetch manifest call-bind-apply-helpers@^1.0.2
1823 silly packumentCache full:https://registry.npmjs.org/call-bind-apply-helpers cache-miss
1824 silly fetch manifest define-data-property@^1.0.1
1825 silly packumentCache full:https://registry.npmjs.org/define-data-property cache-miss
1826 silly fetch manifest has-property-descriptors@^1.0.0
1827 silly packumentCache full:https://registry.npmjs.org/has-property-descriptors cache-miss
1828 silly fetch manifest object-keys@^1.1.1
1829 silly packumentCache full:https://registry.npmjs.org/object-keys cache-miss
1830 http cache https://registry.npmjs.org/call-bind-apply-helpers 3ms (cache hit)
1831 silly packumentCache full:https://registry.npmjs.org/call-bind-apply-helpers set size:12744 disposed:false
1832 silly fetch manifest array-buffer-byte-length@^1.0.2
1833 silly packumentCache full:https://registry.npmjs.org/array-buffer-byte-length cache-miss
1834 http cache https://registry.npmjs.org/es-define-property 4ms (cache hit)
1835 silly packumentCache full:https://registry.npmjs.org/es-define-property set size:8542 disposed:false
1836 silly fetch manifest arraybuffer.prototype.slice@^1.0.4
1837 silly packumentCache full:https://registry.npmjs.org/arraybuffer.prototype.slice cache-miss
1838 http cache https://registry.npmjs.org/call-bind-apply-helpers 3ms (cache hit)
1839 silly packumentCache full:https://registry.npmjs.org/call-bind-apply-helpers set size:12744 disposed:false
1840 silly packumentCache full:https://registry.npmjs.org/call-bind-apply-helpers dispose
1841 silly fetch manifest available-typed-arrays@^1.0.7
1842 silly packumentCache full:https://registry.npmjs.org/available-typed-arrays cache-miss
1843 http fetch GET 200 https://registry.npmjs.org/has-property-descriptors 55ms (cache miss)
1844 silly packumentCache full:https://registry.npmjs.org/has-property-descriptors set size:undefined disposed:false
1845 silly fetch manifest data-view-buffer@^1.0.2
1846 silly packumentCache full:https://registry.npmjs.org/data-view-buffer cache-miss
1847 http fetch GET 200 https://registry.npmjs.org/arraybuffer.prototype.slice 53ms (cache miss)
1848 silly packumentCache full:https://registry.npmjs.org/arraybuffer.prototype.slice set size:undefined disposed:false
1849 silly fetch manifest data-view-byte-length@^1.0.2
1850 silly packumentCache full:https://registry.npmjs.org/data-view-byte-length cache-miss
1851 http fetch GET 200 https://registry.npmjs.org/set-function-length 56ms (cache miss)
1852 silly packumentCache full:https://registry.npmjs.org/set-function-length set size:undefined disposed:false
1853 silly fetch manifest data-view-byte-offset@^1.0.1
1854 silly packumentCache full:https://registry.npmjs.org/data-view-byte-offset cache-miss
1855 http fetch GET 200 https://registry.npmjs.org/object-keys 57ms (cache miss)
1856 silly packumentCache full:https://registry.npmjs.org/object-keys set size:undefined disposed:false
1857 silly fetch manifest es-set-tostringtag@^2.1.0
1858 silly packumentCache full:https://registry.npmjs.org/es-set-tostringtag cache-miss
1859 http fetch GET 200 https://registry.npmjs.org/array-buffer-byte-length 56ms (cache miss)
1860 silly packumentCache full:https://registry.npmjs.org/array-buffer-byte-length set size:undefined disposed:false
1861 silly fetch manifest es-to-primitive@^1.3.0
1862 silly packumentCache full:https://registry.npmjs.org/es-to-primitive cache-miss
1863 http cache https://registry.npmjs.org/es-set-tostringtag 3ms (cache hit)
1864 silly packumentCache full:https://registry.npmjs.org/es-set-tostringtag set size:22094 disposed:false
1865 silly fetch manifest function.prototype.name@^1.1.8
1866 silly packumentCache full:https://registry.npmjs.org/function.prototype.name cache-miss
1867 http fetch GET 200 https://registry.npmjs.org/available-typed-arrays 59ms (cache miss)
1868 silly packumentCache full:https://registry.npmjs.org/available-typed-arrays set size:undefined disposed:false
1869 silly fetch manifest get-proto@^1.0.1
1870 silly packumentCache full:https://registry.npmjs.org/get-proto cache-miss
1871 http cache https://registry.npmjs.org/get-proto 2ms (cache hit)
1872 silly packumentCache full:https://registry.npmjs.org/get-proto set size:8300 disposed:false
1873 silly fetch manifest get-symbol-description@^1.1.0
1874 silly packumentCache full:https://registry.npmjs.org/get-symbol-description cache-miss
1875 http fetch GET 200 https://registry.npmjs.org/data-view-buffer 120ms (cache miss)
1876 silly packumentCache full:https://registry.npmjs.org/data-view-buffer set size:undefined disposed:false
1877 silly fetch manifest globalthis@^1.0.4
1878 silly packumentCache full:https://registry.npmjs.org/globalthis cache-miss
1879 http fetch GET 200 https://registry.npmjs.org/data-view-byte-offset 119ms (cache miss)
1880 silly packumentCache full:https://registry.npmjs.org/data-view-byte-offset set size:undefined disposed:false
1881 silly fetch manifest gopd@^1.2.0
1882 silly packumentCache full:https://registry.npmjs.org/gopd cache-miss
1883 http fetch GET 200 https://registry.npmjs.org/define-data-property 176ms (cache miss)
1884 silly packumentCache full:https://registry.npmjs.org/define-data-property set size:undefined disposed:false
1885 silly fetch manifest has-property-descriptors@^1.0.2
1886 silly packumentCache full:https://registry.npmjs.org/has-property-descriptors cache-miss
1887 http fetch GET 200 https://registry.npmjs.org/data-view-byte-length 121ms (cache miss)
1888 silly packumentCache full:https://registry.npmjs.org/data-view-byte-length set size:undefined disposed:false
1889 silly fetch manifest has-proto@^1.2.0
1890 silly packumentCache full:https://registry.npmjs.org/has-proto cache-miss
1891 http fetch GET 200 https://registry.npmjs.org/es-to-primitive 118ms (cache miss)
1892 silly packumentCache full:https://registry.npmjs.org/es-to-primitive set size:undefined disposed:false
1893 silly fetch manifest has-symbols@^1.1.0
1894 silly packumentCache full:https://registry.npmjs.org/has-symbols cache-miss
1895 http fetch GET 200 https://registry.npmjs.org/get-symbol-description 114ms (cache miss)
1896 silly packumentCache full:https://registry.npmjs.org/get-symbol-description set size:undefined disposed:false
1897 silly fetch manifest internal-slot@^1.1.0
1898 silly packumentCache full:https://registry.npmjs.org/internal-slot cache-miss
1899 http fetch GET 200 https://registry.npmjs.org/function.prototype.name 118ms (cache miss)
1900 silly packumentCache full:https://registry.npmjs.org/function.prototype.name set size:undefined disposed:false
1901 silly fetch manifest is-array-buffer@^3.0.5
1902 silly packumentCache full:https://registry.npmjs.org/is-array-buffer cache-miss
1903 http cache https://registry.npmjs.org/has-property-descriptors 5ms (cache hit)
1904 silly packumentCache full:https://registry.npmjs.org/has-property-descriptors set size:12452 disposed:false
1905 silly fetch manifest is-callable@^1.2.7
1906 silly packumentCache full:https://registry.npmjs.org/is-callable cache-miss
1907 http cache https://registry.npmjs.org/gopd 7ms (cache hit)
1908 silly packumentCache full:https://registry.npmjs.org/gopd set size:11458 disposed:false
1909 silly fetch manifest is-data-view@^1.0.2
1910 silly packumentCache full:https://registry.npmjs.org/is-data-view cache-miss
1911 http cache https://registry.npmjs.org/has-symbols 5ms (cache hit)
1912 silly packumentCache full:https://registry.npmjs.org/has-symbols set size:21550 disposed:false
1913 silly fetch manifest is-negative-zero@^2.0.3
1914 silly packumentCache full:https://registry.npmjs.org/is-negative-zero cache-miss
1915 http fetch GET 200 https://registry.npmjs.org/has-proto 48ms (cache miss)
1916 silly packumentCache full:https://registry.npmjs.org/has-proto set size:undefined disposed:false
1917 silly fetch manifest is-regex@^1.2.1
1918 silly packumentCache full:https://registry.npmjs.org/is-regex cache-miss
1919 http fetch GET 200 https://registry.npmjs.org/internal-slot 46ms (cache miss)
1920 silly packumentCache full:https://registry.npmjs.org/internal-slot set size:undefined disposed:false
1921 silly fetch manifest is-set@^2.0.3
1922 silly packumentCache full:https://registry.npmjs.org/is-set cache-miss
1923 http fetch GET 200 https://registry.npmjs.org/globalthis 55ms (cache miss)
1924 silly packumentCache full:https://registry.npmjs.org/globalthis set size:undefined disposed:false
1925 silly fetch manifest is-shared-array-buffer@^1.0.4
1926 silly packumentCache full:https://registry.npmjs.org/is-shared-array-buffer cache-miss
1927 http fetch GET 200 https://registry.npmjs.org/is-array-buffer 51ms (cache miss)
1928 silly packumentCache full:https://registry.npmjs.org/is-array-buffer set size:undefined disposed:false
1929 silly fetch manifest is-typed-array@^1.1.15
1930 silly packumentCache full:https://registry.npmjs.org/is-typed-array cache-miss
1931 http fetch GET 200 https://registry.npmjs.org/is-data-view 51ms (cache miss)
1932 silly packumentCache full:https://registry.npmjs.org/is-data-view set size:undefined disposed:false
1933 silly fetch manifest is-weakref@^1.1.1
1934 silly packumentCache full:https://registry.npmjs.org/is-weakref cache-miss
1935 http fetch GET 200 https://registry.npmjs.org/is-callable 55ms (cache miss)
1936 silly packumentCache full:https://registry.npmjs.org/is-callable set size:undefined disposed:false
1937 silly fetch manifest object-inspect@^1.13.4
1938 silly packumentCache full:https://registry.npmjs.org/object-inspect cache-miss
1939 http cache https://registry.npmjs.org/object-inspect 2ms (cache hit)
1940 silly packumentCache full:https://registry.npmjs.org/object-inspect set size:101912 disposed:false
1941 silly fetch manifest object.assign@^4.1.7
1942 silly packumentCache full:https://registry.npmjs.org/object.assign cache-miss
1943 http fetch GET 200 https://registry.npmjs.org/is-negative-zero 63ms (cache miss)
1944 silly packumentCache full:https://registry.npmjs.org/is-negative-zero set size:undefined disposed:false
1945 silly fetch manifest own-keys@^1.0.1
1946 silly packumentCache full:https://registry.npmjs.org/own-keys cache-miss
1947 http fetch GET 200 https://registry.npmjs.org/is-set 47ms (cache miss)
1948 silly packumentCache full:https://registry.npmjs.org/is-set set size:undefined disposed:false
1949 silly fetch manifest regexp.prototype.flags@^1.5.4
1950 silly packumentCache full:https://registry.npmjs.org/regexp.prototype.flags cache-miss
1951 http fetch GET 200 https://registry.npmjs.org/is-typed-array 48ms (cache miss)
1952 silly packumentCache full:https://registry.npmjs.org/is-typed-array set size:undefined disposed:false
1953 silly fetch manifest safe-array-concat@^1.1.3
1954 silly packumentCache full:https://registry.npmjs.org/safe-array-concat cache-miss
1955 http fetch GET 200 https://registry.npmjs.org/is-weakref 48ms (cache miss)
1956 silly packumentCache full:https://registry.npmjs.org/is-weakref set size:undefined disposed:false
1957 silly fetch manifest safe-push-apply@^1.0.0
1958 silly packumentCache full:https://registry.npmjs.org/safe-push-apply cache-miss
1959 http fetch GET 200 https://registry.npmjs.org/is-shared-array-buffer 57ms (cache miss)
1960 silly packumentCache full:https://registry.npmjs.org/is-shared-array-buffer set size:undefined disposed:false
1961 silly fetch manifest safe-regex-test@^1.1.0
1962 silly packumentCache full:https://registry.npmjs.org/safe-regex-test cache-miss
1963 http fetch GET 200 https://registry.npmjs.org/own-keys 53ms (cache miss)
1964 silly packumentCache full:https://registry.npmjs.org/own-keys set size:undefined disposed:false
1965 silly fetch manifest set-proto@^1.0.0
1966 silly packumentCache full:https://registry.npmjs.org/set-proto cache-miss
1967 http fetch GET 200 https://registry.npmjs.org/object.assign 59ms (cache miss)
1968 silly packumentCache full:https://registry.npmjs.org/object.assign set size:undefined disposed:false
1969 silly fetch manifest stop-iteration-iterator@^1.1.0
1970 silly packumentCache full:https://registry.npmjs.org/stop-iteration-iterator cache-miss
1971 http fetch GET 200 https://registry.npmjs.org/regexp.prototype.flags 51ms (cache miss)
1972 silly packumentCache full:https://registry.npmjs.org/regexp.prototype.flags set size:undefined disposed:false
1973 silly fetch manifest string.prototype.trim@^1.2.10
1974 silly packumentCache full:https://registry.npmjs.org/string.prototype.trim cache-miss
1975 http fetch GET 200 https://registry.npmjs.org/safe-array-concat 51ms (cache miss)
1976 silly packumentCache full:https://registry.npmjs.org/safe-array-concat set size:undefined disposed:false
1977 silly fetch manifest string.prototype.trimstart@^1.0.8
1978 silly packumentCache full:https://registry.npmjs.org/string.prototype.trimstart cache-miss
1979 http fetch GET 200 https://registry.npmjs.org/safe-push-apply 58ms (cache miss)
1980 silly packumentCache full:https://registry.npmjs.org/safe-push-apply set size:undefined disposed:false
1981 silly fetch manifest typed-array-buffer@^1.0.3
1982 silly packumentCache full:https://registry.npmjs.org/typed-array-buffer cache-miss
1983 http fetch GET 200 https://registry.npmjs.org/set-proto 51ms (cache miss)
1984 silly packumentCache full:https://registry.npmjs.org/set-proto set size:undefined disposed:false
1985 silly fetch manifest typed-array-byte-length@^1.0.3
1986 silly packumentCache full:https://registry.npmjs.org/typed-array-byte-length cache-miss
1987 http fetch GET 200 https://registry.npmjs.org/safe-regex-test 64ms (cache miss)
1988 silly packumentCache full:https://registry.npmjs.org/safe-regex-test set size:undefined disposed:false
1989 silly fetch manifest typed-array-byte-offset@^1.0.4
1990 silly packumentCache full:https://registry.npmjs.org/typed-array-byte-offset cache-miss
1991 http fetch GET 200 https://registry.npmjs.org/stop-iteration-iterator 62ms (cache miss)
1992 silly packumentCache full:https://registry.npmjs.org/stop-iteration-iterator set size:undefined disposed:false
1993 silly fetch manifest typed-array-length@^1.0.7
1994 silly packumentCache full:https://registry.npmjs.org/typed-array-length cache-miss
1995 http fetch GET 200 https://registry.npmjs.org/string.prototype.trim 43ms (cache miss)
1996 silly packumentCache full:https://registry.npmjs.org/string.prototype.trim set size:undefined disposed:false
1997 silly fetch manifest unbox-primitive@^1.1.0
1998 silly packumentCache full:https://registry.npmjs.org/unbox-primitive cache-miss
1999 http fetch GET 200 https://registry.npmjs.org/typed-array-buffer 51ms (cache miss)
2000 silly packumentCache full:https://registry.npmjs.org/typed-array-buffer set size:undefined disposed:false
2001 silly fetch manifest which-typed-array@^1.1.19
2002 silly packumentCache full:https://registry.npmjs.org/which-typed-array cache-miss
2003 http fetch GET 200 https://registry.npmjs.org/string.prototype.trimstart 62ms (cache miss)
2004 silly packumentCache full:https://registry.npmjs.org/string.prototype.trimstart set size:undefined disposed:false
2005 silly fetch manifest has-tostringtag@^1.0.2
2006 silly packumentCache full:https://registry.npmjs.org/has-tostringtag cache-miss
2007 http cache https://registry.npmjs.org/has-tostringtag 2ms (cache hit)
2008 silly packumentCache full:https://registry.npmjs.org/has-tostringtag set size:13945 disposed:false
2009 http fetch GET 200 https://registry.npmjs.org/typed-array-byte-length 52ms (cache miss)
2010 silly packumentCache full:https://registry.npmjs.org/typed-array-byte-length set size:undefined disposed:false
2011 http fetch GET 200 https://registry.npmjs.org/typed-array-byte-offset 57ms (cache miss)
2012 silly packumentCache full:https://registry.npmjs.org/typed-array-byte-offset set size:undefined disposed:false
2013 http fetch GET 200 https://registry.npmjs.org/unbox-primitive 54ms (cache miss)
2014 silly packumentCache full:https://registry.npmjs.org/unbox-primitive set size:undefined disposed:false
2015 http fetch GET 200 https://registry.npmjs.org/typed-array-length 62ms (cache miss)
2016 silly packumentCache full:https://registry.npmjs.org/typed-array-length set size:undefined disposed:false
2017 http fetch GET 200 https://registry.npmjs.org/which-typed-array 48ms (cache miss)
2018 silly packumentCache full:https://registry.npmjs.org/which-typed-array set size:undefined disposed:false
2019 http fetch GET 200 https://registry.npmjs.org/is-regex 372ms (cache miss)
2020 silly packumentCache full:https://registry.npmjs.org/is-regex set size:undefined disposed:false
2021 silly placeDep ROOT es-errors@1.3.0 OK for: array.prototype.findlastindex@1.2.6 want: ^1.3.0
2022 silly placeDep ROOT es-shim-unscopables@1.1.0 OK for: array.prototype.findlastindex@1.2.6 want: ^1.1.0
2023 silly placeDep ROOT call-bind-apply-helpers@1.0.2 OK for: call-bind@1.0.9 want: ^1.0.2
2024 silly placeDep ROOT es-define-property@1.0.1 OK for: call-bind@1.0.9 want: ^1.0.1
2025 silly placeDep ROOT set-function-length@1.2.2 OK for: call-bind@1.0.9 want: ^1.2.2
2026 silly fetch manifest define-data-property@^1.1.4
2027 silly packumentCache full:https://registry.npmjs.org/define-data-property cache-miss
2028 silly fetch manifest gopd@^1.0.1
2029 silly packumentCache full:https://registry.npmjs.org/gopd cache-hit
2030 http cache https://registry.npmjs.org/define-data-property 1ms (cache hit)
2031 silly packumentCache full:https://registry.npmjs.org/define-data-property set size:28048 disposed:false
2032 silly placeDep ROOT function-bind@1.1.2 OK for: call-bind-apply-helpers@1.0.2 want: ^1.1.2
2033 silly placeDep ROOT define-data-property@1.1.4 OK for: define-properties@1.2.1 want: ^1.0.1
2034 silly placeDep ROOT has-property-descriptors@1.0.2 OK for: define-properties@1.2.1 want: ^1.0.0
2035 silly placeDep ROOT object-keys@1.1.1 OK for: define-properties@1.2.1 want: ^1.1.1
2036 silly placeDep ROOT gopd@1.2.0 OK for: define-data-property@1.1.4 want: ^1.0.1
2037 silly placeDep ROOT array-buffer-byte-length@1.0.2 OK for: es-abstract@1.24.2 want: ^1.0.2
2038 silly placeDep ROOT arraybuffer.prototype.slice@1.0.4 OK for: es-abstract@1.24.2 want: ^1.0.4
2039 silly placeDep ROOT available-typed-arrays@1.0.7 OK for: es-abstract@1.24.2 want: ^1.0.7
2040 silly placeDep ROOT data-view-buffer@1.0.2 OK for: es-abstract@1.24.2 want: ^1.0.2
2041 silly placeDep ROOT data-view-byte-length@1.0.2 OK for: es-abstract@1.24.2 want: ^1.0.2
2042 silly placeDep ROOT data-view-byte-offset@1.0.1 OK for: es-abstract@1.24.2 want: ^1.0.1
2043 silly placeDep ROOT es-set-tostringtag@2.1.0 OK for: es-abstract@1.24.2 want: ^2.1.0
2044 silly placeDep ROOT es-to-primitive@1.3.0 OK for: es-abstract@1.24.2 want: ^1.3.0
2045 silly placeDep ROOT function.prototype.name@1.1.8 OK for: es-abstract@1.24.2 want: ^1.1.8
2046 silly placeDep ROOT get-proto@1.0.1 OK for: es-abstract@1.24.2 want: ^1.0.1
2047 silly placeDep ROOT get-symbol-description@1.1.0 OK for: es-abstract@1.24.2 want: ^1.1.0
2048 silly placeDep ROOT globalthis@1.0.4 OK for: es-abstract@1.24.2 want: ^1.0.4
2049 silly placeDep ROOT has-proto@1.2.0 OK for: es-abstract@1.24.2 want: ^1.2.0
2050 silly placeDep ROOT has-symbols@1.1.0 OK for: es-abstract@1.24.2 want: ^1.1.0
2051 silly placeDep ROOT internal-slot@1.1.0 OK for: es-abstract@1.24.2 want: ^1.1.0
2052 silly placeDep ROOT is-array-buffer@3.0.5 OK for: es-abstract@1.24.2 want: ^3.0.5
2053 silly placeDep ROOT is-callable@1.2.7 OK for: es-abstract@1.24.2 want: ^1.2.7
2054 silly placeDep ROOT is-data-view@1.0.2 OK for: es-abstract@1.24.2 want: ^1.0.2
2055 silly placeDep ROOT is-negative-zero@2.0.3 OK for: es-abstract@1.24.2 want: ^2.0.3
2056 silly placeDep ROOT is-regex@1.2.1 OK for: es-abstract@1.24.2 want: ^1.2.1
2057 silly placeDep ROOT is-set@2.0.3 OK for: es-abstract@1.24.2 want: ^2.0.3
2058 silly placeDep ROOT is-shared-array-buffer@1.0.4 OK for: es-abstract@1.24.2 want: ^1.0.4
2059 silly placeDep ROOT is-typed-array@1.1.15 OK for: es-abstract@1.24.2 want: ^1.1.15
2060 silly placeDep ROOT is-weakref@1.1.1 OK for: es-abstract@1.24.2 want: ^1.1.1
2061 silly placeDep ROOT object-inspect@1.13.4 OK for: es-abstract@1.24.2 want: ^1.13.4
2062 silly placeDep ROOT object.assign@4.1.7 OK for: es-abstract@1.24.2 want: ^4.1.7
2063 silly placeDep ROOT own-keys@1.0.1 OK for: es-abstract@1.24.2 want: ^1.0.1
2064 silly placeDep ROOT regexp.prototype.flags@1.5.4 OK for: es-abstract@1.24.2 want: ^1.5.4
2065 silly placeDep ROOT safe-array-concat@1.1.3 OK for: es-abstract@1.24.2 want: ^1.1.3
2066 silly placeDep ROOT safe-push-apply@1.0.0 OK for: es-abstract@1.24.2 want: ^1.0.0
2067 silly placeDep ROOT safe-regex-test@1.1.0 OK for: es-abstract@1.24.2 want: ^1.1.0
2068 silly placeDep ROOT set-proto@1.0.0 OK for: es-abstract@1.24.2 want: ^1.0.0
2069 silly placeDep ROOT stop-iteration-iterator@1.1.0 OK for: es-abstract@1.24.2 want: ^1.1.0
2070 silly placeDep ROOT string.prototype.trim@1.2.10 OK for: es-abstract@1.24.2 want: ^1.2.10
2071 silly placeDep ROOT string.prototype.trimstart@1.0.8 OK for: es-abstract@1.24.2 want: ^1.0.8
2072 silly placeDep ROOT typed-array-buffer@1.0.3 OK for: es-abstract@1.24.2 want: ^1.0.3
2073 silly placeDep ROOT typed-array-byte-length@1.0.3 OK for: es-abstract@1.24.2 want: ^1.0.3
2074 silly placeDep ROOT typed-array-byte-offset@1.0.4 OK for: es-abstract@1.24.2 want: ^1.0.4
2075 silly placeDep ROOT typed-array-length@1.0.7 OK for: es-abstract@1.24.2 want: ^1.0.7
2076 silly placeDep ROOT unbox-primitive@1.1.0 OK for: es-abstract@1.24.2 want: ^1.1.0
2077 silly placeDep ROOT which-typed-array@1.1.20 OK for: es-abstract@1.24.2 want: ^1.1.19
2078 silly fetch manifest is-array-buffer@^3.0.4
2079 silly packumentCache full:https://registry.npmjs.org/is-array-buffer cache-miss
2080 silly fetch manifest possible-typed-array-names@^1.0.0
2081 silly packumentCache full:https://registry.npmjs.org/possible-typed-array-names cache-miss
2082 silly fetch manifest is-data-view@^1.0.1
2083 silly packumentCache full:https://registry.npmjs.org/is-data-view cache-miss
2084 silly fetch manifest is-date-object@^1.0.5
2085 silly packumentCache full:https://registry.npmjs.org/is-date-object cache-miss
2086 silly fetch manifest is-symbol@^1.0.4
2087 silly packumentCache full:https://registry.npmjs.org/is-symbol cache-miss
2088 silly fetch manifest functions-have-names@^1.2.3
2089 silly packumentCache full:https://registry.npmjs.org/functions-have-names cache-miss
2090 silly fetch manifest dunder-proto@^1.0.1
2091 silly packumentCache full:https://registry.npmjs.org/dunder-proto cache-miss
2092 http cache https://registry.npmjs.org/is-data-view 6ms (cache hit)
2093 silly packumentCache full:https://registry.npmjs.org/is-data-view set size:13756 disposed:false
2094 silly fetch manifest dunder-proto@^1.0.0
2095 silly packumentCache full:https://registry.npmjs.org/dunder-proto cache-miss
2096 http cache https://registry.npmjs.org/dunder-proto 6ms (cache hit)
2097 silly packumentCache full:https://registry.npmjs.org/dunder-proto set size:8256 disposed:false
2098 silly fetch manifest side-channel@^1.1.0
2099 silly packumentCache full:https://registry.npmjs.org/side-channel cache-miss
2100 http cache https://registry.npmjs.org/is-array-buffer 7ms (cache hit)
2101 silly packumentCache full:https://registry.npmjs.org/is-array-buffer set size:33562 disposed:false
2102 silly fetch manifest is-typed-array@^1.1.13
2103 silly packumentCache full:https://registry.npmjs.org/is-typed-array cache-miss
2104 http cache https://registry.npmjs.org/dunder-proto 1ms (cache hit)
2105 silly packumentCache full:https://registry.npmjs.org/dunder-proto set size:8256 disposed:false
2106 silly packumentCache full:https://registry.npmjs.org/dunder-proto dispose
2107 silly fetch manifest which-typed-array@^1.1.16
2108 silly packumentCache full:https://registry.npmjs.org/which-typed-array cache-miss
2109 http cache https://registry.npmjs.org/is-typed-array 1ms (cache hit)
2110 silly packumentCache full:https://registry.npmjs.org/is-typed-array set size:79965 disposed:false
2111 silly fetch manifest set-function-name@^2.0.2
2112 silly packumentCache full:https://registry.npmjs.org/set-function-name cache-miss
2113 http cache https://registry.npmjs.org/side-channel 3ms (cache hit)
2114 silly packumentCache full:https://registry.npmjs.org/side-channel set size:24660 disposed:false
2115 silly fetch manifest isarray@^2.0.5
2116 silly packumentCache full:https://registry.npmjs.org/isarray cache-miss
2117 http cache https://registry.npmjs.org/which-typed-array 2ms (cache hit)
2118 silly packumentCache full:https://registry.npmjs.org/which-typed-array set size:93605 disposed:false
2119 silly fetch manifest isarray@^2.0.5
2120 silly packumentCache full:https://registry.npmjs.org/isarray cache-miss
2121 http fetch GET 200 https://registry.npmjs.org/isarray 97ms (cache miss)
2122 silly packumentCache full:https://registry.npmjs.org/isarray set size:undefined disposed:false
2123 silly fetch manifest for-each@^0.3.3
2124 silly packumentCache full:https://registry.npmjs.org/for-each cache-miss
2125 http fetch GET 200 https://registry.npmjs.org/isarray 102ms (cache miss)
2126 silly packumentCache full:https://registry.npmjs.org/isarray set size:undefined disposed:false
2127 silly fetch manifest for-each@^0.3.3
2128 silly packumentCache full:https://registry.npmjs.org/for-each cache-miss
2129 http fetch GET 200 https://registry.npmjs.org/functions-have-names 114ms (cache miss)
2130 silly packumentCache full:https://registry.npmjs.org/functions-have-names set size:undefined disposed:false
2131 silly fetch manifest reflect.getprototypeof@^1.0.9
2132 silly packumentCache full:https://registry.npmjs.org/reflect.getprototypeof cache-miss
2133 http fetch GET 200 https://registry.npmjs.org/is-symbol 115ms (cache miss)
2134 silly packumentCache full:https://registry.npmjs.org/is-symbol set size:undefined disposed:false
2135 silly fetch manifest for-each@^0.3.3
2136 silly packumentCache full:https://registry.npmjs.org/for-each cache-miss
2137 http fetch GET 200 https://registry.npmjs.org/set-function-name 112ms (cache miss)
2138 silly packumentCache full:https://registry.npmjs.org/set-function-name set size:undefined disposed:false
2139 silly fetch manifest possible-typed-array-names@^1.0.0
2140 silly packumentCache full:https://registry.npmjs.org/possible-typed-array-names cache-miss
2141 http fetch GET 200 https://registry.npmjs.org/is-date-object 121ms (cache miss)
2142 silly packumentCache full:https://registry.npmjs.org/is-date-object set size:undefined disposed:false
2143 silly fetch manifest reflect.getprototypeof@^1.0.6
2144 silly packumentCache full:https://registry.npmjs.org/reflect.getprototypeof cache-miss
2145 http fetch GET 200 https://registry.npmjs.org/possible-typed-array-names 129ms (cache miss)
2146 silly packumentCache full:https://registry.npmjs.org/possible-typed-array-names set size:undefined disposed:false
2147 silly fetch manifest has-bigints@^1.0.2
2148 silly packumentCache full:https://registry.npmjs.org/has-bigints cache-miss
2149 http fetch GET 200 https://registry.npmjs.org/for-each 56ms (cache miss)
2150 silly packumentCache full:https://registry.npmjs.org/for-each set size:undefined disposed:false
2151 silly fetch manifest which-boxed-primitive@^1.1.1
2152 silly packumentCache full:https://registry.npmjs.org/which-boxed-primitive cache-miss
2153 http fetch GET 200 https://registry.npmjs.org/for-each 51ms (cache miss)
2154 silly packumentCache full:https://registry.npmjs.org/for-each set size:undefined disposed:false
2155 silly fetch manifest for-each@^0.3.5
2156 silly packumentCache full:https://registry.npmjs.org/for-each cache-miss
2157 http cache https://registry.npmjs.org/for-each 2ms (cache hit)
2158 silly packumentCache full:https://registry.npmjs.org/for-each set size:14327 disposed:false
2159 http fetch GET 200 https://registry.npmjs.org/possible-typed-array-names 52ms (cache miss)
2160 silly packumentCache full:https://registry.npmjs.org/possible-typed-array-names set size:undefined disposed:false
2161 http fetch GET 200 https://registry.npmjs.org/reflect.getprototypeof 51ms (cache miss)
2162 silly packumentCache full:https://registry.npmjs.org/reflect.getprototypeof set size:undefined disposed:false
2163 http fetch GET 200 https://registry.npmjs.org/reflect.getprototypeof 59ms (cache miss)
2164 silly packumentCache full:https://registry.npmjs.org/reflect.getprototypeof set size:undefined disposed:false
2165 http fetch GET 200 https://registry.npmjs.org/for-each 60ms (cache miss)
2166 silly packumentCache full:https://registry.npmjs.org/for-each set size:undefined disposed:false
2167 silly packumentCache full:https://registry.npmjs.org/for-each dispose
2168 http fetch GET 200 https://registry.npmjs.org/has-bigints 48ms (cache miss)
2169 silly packumentCache full:https://registry.npmjs.org/has-bigints set size:undefined disposed:false
2170 http fetch GET 200 https://registry.npmjs.org/which-boxed-primitive 56ms (cache miss)
2171 silly packumentCache full:https://registry.npmjs.org/which-boxed-primitive set size:undefined disposed:false
2172 silly placeDep ROOT possible-typed-array-names@1.1.0 OK for: available-typed-arrays@1.0.7 want: ^1.0.0
2173 silly placeDep ROOT has-tostringtag@1.0.2 OK for: es-set-tostringtag@2.1.0 want: ^1.0.2
2174 silly placeDep ROOT is-date-object@1.1.0 OK for: es-to-primitive@1.3.0 want: ^1.0.5
2175 silly placeDep ROOT is-symbol@1.1.1 OK for: es-to-primitive@1.3.0 want: ^1.0.4
2176 silly placeDep node_modules/eslint-import-resolver-node debug@3.2.7 OK for: eslint-import-resolver-node@0.3.10 want: ^3.2.7
2177 silly placeDep ROOT resolve@2.0.0-next.6 OK for: eslint-import-resolver-node@0.3.10 want: ^2.0.0-next.6
2178 silly fetch manifest path-parse@^1.0.7
2179 silly packumentCache full:https://registry.npmjs.org/path-parse cache-miss
2180 silly fetch manifest node-exports-info@^1.6.0
2181 silly packumentCache full:https://registry.npmjs.org/node-exports-info cache-miss
2182 silly fetch manifest supports-preserve-symlinks-flag@^1.0.0
2183 silly packumentCache full:https://registry.npmjs.org/supports-preserve-symlinks-flag cache-miss
2184 http fetch GET 200 https://registry.npmjs.org/path-parse 47ms (cache miss)
2185 silly packumentCache full:https://registry.npmjs.org/path-parse set size:undefined disposed:false
2186 http fetch GET 200 https://registry.npmjs.org/supports-preserve-symlinks-flag 48ms (cache miss)
2187 silly packumentCache full:https://registry.npmjs.org/supports-preserve-symlinks-flag set size:undefined disposed:false
2188 http fetch GET 200 https://registry.npmjs.org/node-exports-info 53ms (cache miss)
2189 silly packumentCache full:https://registry.npmjs.org/node-exports-info set size:undefined disposed:false
2190 silly placeDep node_modules/eslint-module-utils debug@3.2.7 OK for: eslint-module-utils@2.12.1 want: ^3.2.7
2191 silly placeDep ROOT array.prototype.findlast@1.2.5 OK for: eslint-plugin-react@7.37.5 want: ^1.2.5
2192 silly placeDep ROOT array.prototype.tosorted@1.1.4 OK for: eslint-plugin-react@7.37.5 want: ^1.1.4
2193 silly placeDep ROOT es-iterator-helpers@1.3.2 OK for: eslint-plugin-react@7.37.5 want: ^1.2.1
2194 silly placeDep ROOT estraverse@5.3.0 OK for: eslint-plugin-react@7.37.5 want: ^5.3.0
2195 silly placeDep ROOT jsx-ast-utils@3.3.5 OK for: eslint-plugin-react@7.37.5 want: ^2.4.1 || ^3.0.0
2196 silly placeDep ROOT object.entries@1.1.9 OK for: eslint-plugin-react@7.37.5 want: ^1.1.9
2197 silly placeDep ROOT prop-types@15.8.1 OK for: eslint-plugin-react@7.37.5 want: ^15.8.1
2198 silly placeDep ROOT string.prototype.matchall@4.0.12 OK for: eslint-plugin-react@7.37.5 want: ^4.0.12
2199 silly placeDep ROOT string.prototype.repeat@1.0.0 OK for: eslint-plugin-react@7.37.5 want: ^1.0.0
2200 silly fetch manifest iterator.prototype@^1.1.5
2201 silly packumentCache full:https://registry.npmjs.org/iterator.prototype cache-miss
2202 silly fetch manifest loose-envify@^1.4.0
2203 silly packumentCache full:https://registry.npmjs.org/loose-envify cache-miss
2204 silly fetch manifest object-assign@^4.1.1
2205 silly packumentCache full:https://registry.npmjs.org/object-assign cache-miss
2206 silly fetch manifest react-is@^16.13.1
2207 silly packumentCache full:https://registry.npmjs.org/react-is cache-miss
2208 http cache https://registry.npmjs.org/object-assign 3ms (cache hit)
2209 silly packumentCache full:https://registry.npmjs.org/object-assign set size:28988 disposed:false
2210 http cache https://registry.npmjs.org/react-is 9ms (cache hit)
2211 silly packumentCache full:https://registry.npmjs.org/react-is set size:5352319 disposed:false
2212 http fetch GET 200 https://registry.npmjs.org/loose-envify 48ms (cache miss)
2213 silly packumentCache full:https://registry.npmjs.org/loose-envify set size:undefined disposed:false
2214 http fetch GET 200 https://registry.npmjs.org/iterator.prototype 70ms (cache miss)
2215 silly packumentCache full:https://registry.npmjs.org/iterator.prototype set size:undefined disposed:false
2216 silly placeDep ROOT iterator.prototype@1.1.5 OK for: es-iterator-helpers@1.3.2 want: ^1.1.5
2217 silly placeDep ROOT esrecurse@4.3.0 OK for: eslint-scope@8.4.0 want: ^4.3.0
2218 silly placeDep ROOT acorn@8.16.0 OK for: espree@10.4.0 want: ^8.15.0
2219 silly placeDep ROOT acorn-jsx@5.3.2 OK for: espree@10.4.0 want: ^5.3.2
2220 silly fetch manifest expo@*
2221 silly packumentCache full:https://registry.npmjs.org/expo cache-miss
2222 http cache https://registry.npmjs.org/expo 7ms (cache hit)
2223 silly packumentCache full:https://registry.npmjs.org/expo set size:3631121 disposed:false
2224 silly fetch manifest react@*
2225 silly packumentCache full:https://registry.npmjs.org/react cache-miss
2226 http cache https://registry.npmjs.org/react 7ms (cache hit)
2227 silly packumentCache full:https://registry.npmjs.org/react set size:6613874 disposed:false
2228 silly fetch manifest react-native@*
2229 silly packumentCache full:https://registry.npmjs.org/react-native cache-miss
2230 http cache https://registry.npmjs.org/react-native 24ms (cache hit)
2231 silly packumentCache full:https://registry.npmjs.org/react-native set size:15135231 disposed:false
2232 silly fetch manifest @react-native/jest-preset@0.85.1
2233 silly packumentCache full:https://registry.npmjs.org/@react-native%2fjest-preset cache-miss
2234 http fetch GET 200 https://registry.npmjs.org/@react-native%2fjest-preset 133ms (cache miss)
2235 silly packumentCache full:https://registry.npmjs.org/@react-native%2fjest-preset set size:undefined disposed:false
2236 silly fetch manifest @types/react@^19.1.1
2237 silly packumentCache full:https://registry.npmjs.org/@types%2freact cache-miss
2238 http cache https://registry.npmjs.org/@types%2freact 4ms (cache hit)
2239 silly packumentCache full:https://registry.npmjs.org/@types%2freact set size:2588964 disposed:false
2240 silly fetch manifest react-dom@*
2241 silly packumentCache full:https://registry.npmjs.org/react-dom cache-miss
2242 http cache https://registry.npmjs.org/react-dom 9ms (cache hit)
2243 silly packumentCache full:https://registry.npmjs.org/react-dom set size:8805723 disposed:false
2244 silly fetch manifest expo-router@*
2245 silly packumentCache full:https://registry.npmjs.org/expo-router cache-miss
2246 http cache https://registry.npmjs.org/expo-router 3ms (cache hit)
2247 silly packumentCache full:https://registry.npmjs.org/expo-router set size:1674961 disposed:false
2248 silly fetch manifest @expo/log-box@55.0.10
2249 silly packumentCache full:https://registry.npmjs.org/@expo%2flog-box cache-miss
2250 http fetch GET 200 https://registry.npmjs.org/@expo%2flog-box 75ms (cache miss)
2251 silly packumentCache full:https://registry.npmjs.org/@expo%2flog-box set size:undefined disposed:false
2252 silly fetch manifest @react-navigation/drawer@^7.9.4
2253 silly packumentCache full:https://registry.npmjs.org/@react-navigation%2fdrawer cache-miss
2254 http cache https://registry.npmjs.org/@react-navigation%2fdrawer 3ms (cache hit)
2255 silly packumentCache full:https://registry.npmjs.org/@react-navigation%2fdrawer set size:1218846 disposed:false
2256 silly fetch manifest @react-navigation/native@^7.2.2
2257 silly packumentCache full:https://registry.npmjs.org/@react-navigation%2fnative cache-miss
2258 http cache https://registry.npmjs.org/@react-navigation%2fnative 3ms (cache hit)
2259 silly packumentCache full:https://registry.npmjs.org/@react-navigation%2fnative set size:1074065 disposed:false
2260 silly fetch manifest react-native-gesture-handler@>= 2.0.0
2261 silly packumentCache full:https://registry.npmjs.org/react-native-gesture-handler cache-miss
2262 http cache https://registry.npmjs.org/react-native-gesture-handler 2ms (cache hit)
2263 silly packumentCache full:https://registry.npmjs.org/react-native-gesture-handler set size:916636 disposed:false
2264 silly fetch manifest react-native-reanimated@>= 2.0.0
2265 silly packumentCache full:https://registry.npmjs.org/react-native-reanimated cache-miss
2266 http cache https://registry.npmjs.org/react-native-reanimated 15ms (cache hit)
2267 silly packumentCache full:https://registry.npmjs.org/react-native-reanimated set size:10666794 disposed:false
2268 silly fetch manifest react-native-worklets@0.8.x
2269 silly packumentCache full:https://registry.npmjs.org/react-native-worklets cache-miss
2270 http cache https://registry.npmjs.org/react-native-worklets 8ms (cache hit)
2271 silly packumentCache full:https://registry.npmjs.org/react-native-worklets set size:2503720 disposed:false
2272 silly fetch manifest @babel/core@*
2273 silly packumentCache full:https://registry.npmjs.org/@babel%2fcore cache-hit
2274 silly fetch manifest @react-native/metro-config@*
2275 silly packumentCache full:https://registry.npmjs.org/@react-native%2fmetro-config cache-miss
2276 http fetch GET 200 https://registry.npmjs.org/@react-native%2fmetro-config 87ms (cache miss)
2277 silly packumentCache full:https://registry.npmjs.org/@react-native%2fmetro-config set size:undefined disposed:false
2278 silly fetch manifest react-native-safe-area-context@>= 4.0.0
2279 silly packumentCache full:https://registry.npmjs.org/react-native-safe-area-context cache-miss
2280 http cache https://registry.npmjs.org/react-native-safe-area-context 5ms (cache hit)
2281 silly packumentCache full:https://registry.npmjs.org/react-native-safe-area-context set size:662443 disposed:false
2282 silly fetch manifest react-native-screens@>= 4.0.0
2283 silly packumentCache full:https://registry.npmjs.org/react-native-screens cache-miss
2284 http cache https://registry.npmjs.org/react-native-screens 6ms (cache hit)
2285 silly packumentCache full:https://registry.npmjs.org/react-native-screens set size:3757676 disposed:false
2286 silly fetch manifest @testing-library/react-native@>= 13.2.0
2287 silly packumentCache full:https://registry.npmjs.org/@testing-library%2freact-native cache-miss
2288 http cache https://registry.npmjs.org/@testing-library%2freact-native 2ms (cache hit)
2289 silly packumentCache full:https://registry.npmjs.org/@testing-library%2freact-native set size:580317 disposed:false
2290 silly fetch manifest expo-constants@^55.0.13
2291 silly packumentCache full:https://registry.npmjs.org/expo-constants cache-miss
2292 http cache https://registry.npmjs.org/expo-constants 27ms (cache hit)
2293 silly packumentCache full:https://registry.npmjs.org/expo-constants set size:966169 disposed:false
2294 silly fetch manifest expo-linking@^55.0.12
2295 silly packumentCache full:https://registry.npmjs.org/expo-linking cache-miss
2296 http cache https://registry.npmjs.org/expo-linking 2ms (cache hit)
2297 silly packumentCache full:https://registry.npmjs.org/expo-linking set size:693270 disposed:false
2298 silly fetch manifest react-native-web@*
2299 silly packumentCache full:https://registry.npmjs.org/react-native-web cache-miss
2300 http cache https://registry.npmjs.org/react-native-web 2ms (cache hit)
2301 silly packumentCache full:https://registry.npmjs.org/react-native-web set size:1090363 disposed:false
2302 silly placeDep ROOT @babel/runtime@7.29.2 OK for: expo@54.0.33 want: ^7.20.0
2303 silly placeDep node_modules/expo @expo/cli@54.0.23 CONFLICT for: expo@54.0.33 want: 54.0.23
2304 silly placeDep ROOT @expo/config@12.0.13 OK for: expo@54.0.33 want: ~12.0.13
2305 silly placeDep ROOT @expo/config-plugins@54.0.4 OK for: expo@54.0.33 want: ~54.0.4
2306 silly placeDep ROOT @expo/devtools@0.1.8 OK for: expo@54.0.33 want: 0.1.8
2307 silly placeDep ROOT @expo/fingerprint@0.15.4 OK for: expo@54.0.33 want: 0.15.4
2308 silly placeDep ROOT @expo/metro@54.2.0 OK for: expo@54.0.33 want: ~54.2.0
2309 silly placeDep ROOT @expo/metro-config@54.0.14 OK for: expo@54.0.33 want: 54.0.14
2310 silly placeDep ROOT @ungap/structured-clone@1.3.0 OK for: expo@54.0.33 want: ^1.3.0
2311 silly placeDep ROOT babel-preset-expo@54.0.10 OK for: expo@54.0.33 want: ~54.0.10
2312 silly placeDep ROOT react-refresh@0.14.2 OK for: babel-preset-expo@54.0.10 want: >=0.14.0 <1.0.0
2313 silly placeDep ROOT expo-asset@12.0.12 OK for: expo@54.0.33 want: ~12.0.12
2314 silly placeDep ROOT expo-file-system@19.0.21 OK for: expo@54.0.33 want: ~19.0.21
2315 silly placeDep ROOT expo-keep-awake@15.0.8 OK for: expo@54.0.33 want: ~15.0.8
2316 silly placeDep ROOT expo-modules-autolinking@3.0.24 OK for: expo@54.0.33 want: 3.0.24
2317 silly placeDep ROOT expo-modules-core@3.0.29 OK for: expo@54.0.33 want: 3.0.29
2318 silly placeDep ROOT pretty-format@29.7.0 OK for: expo@54.0.33 want: ^29.7.0
2319 silly placeDep ROOT whatwg-url-without-unicode@8.0.0-3 OK for: expo@54.0.33 want: 8.0.0-3
2320 silly fetch manifest ws@^8.12.1
2321 silly packumentCache full:https://registry.npmjs.org/ws cache-hit
2322 silly fetch manifest arg@^5.0.2
2323 silly packumentCache full:https://registry.npmjs.org/arg cache-miss
2324 silly fetch manifest ora@^3.4.0
2325 silly packumentCache full:https://registry.npmjs.org/ora cache-miss
2326 silly fetch manifest tar@^7.5.2
2327 silly packumentCache full:https://registry.npmjs.org/tar cache-miss
2328 silly fetch manifest glob@^13.0.0
2329 silly packumentCache full:https://registry.npmjs.org/glob cache-miss
2330 silly fetch manifest send@^0.19.0
2331 silly packumentCache full:https://registry.npmjs.org/send cache-miss
2332 silly fetch manifest getenv@^2.0.0
2333 silly packumentCache full:https://registry.npmjs.org/getenv cache-miss
2334 silly fetch manifest semver@^7.6.0
2335 silly packumentCache full:https://registry.npmjs.org/semver cache-hit
2336 silly fetch manifest undici@^6.18.2
2337 silly packumentCache full:https://registry.npmjs.org/undici cache-miss
2338 http cache https://registry.npmjs.org/glob 3ms (cache hit)
2339 silly packumentCache full:https://registry.npmjs.org/glob set size:469465 disposed:false
2340 silly fetch manifest accepts@^1.3.8
2341 silly packumentCache full:https://registry.npmjs.org/accepts cache-miss
2342 http cache https://registry.npmjs.org/send 5ms (cache hit)
2343 silly packumentCache full:https://registry.npmjs.org/send set size:152810 disposed:false
2344 silly fetch manifest ci-info@^3.3.0
2345 silly packumentCache full:https://registry.npmjs.org/ci-info cache-miss
2346 http cache https://registry.npmjs.org/accepts 2ms (cache hit)
2347 silly packumentCache full:https://registry.npmjs.org/accepts set size:77054 disposed:false
2348 silly fetch manifest connect@^3.7.0
2349 silly packumentCache full:https://registry.npmjs.org/connect cache-miss
2350 http fetch GET 200 https://registry.npmjs.org/arg 132ms (cache miss)
2351 silly packumentCache full:https://registry.npmjs.org/arg set size:undefined disposed:false
2352 silly fetch manifest prompts@^2.3.2
2353 silly packumentCache full:https://registry.npmjs.org/prompts cache-miss
2354 http fetch GET 200 https://registry.npmjs.org/getenv 133ms (cache miss)
2355 silly packumentCache full:https://registry.npmjs.org/getenv set size:undefined disposed:false
2356 silly fetch manifest resolve@^1.22.2
2357 silly packumentCache full:https://registry.npmjs.org/resolve cache-hit
2358 silly fetch manifest slugify@^1.3.4
2359 silly packumentCache full:https://registry.npmjs.org/slugify cache-miss
2360 http fetch GET 200 https://registry.npmjs.org/ci-info 128ms (cache miss)
2361 silly packumentCache full:https://registry.npmjs.org/ci-info set size:undefined disposed:false
2362 silly fetch manifest progress@^2.0.3
2363 silly packumentCache full:https://registry.npmjs.org/progress cache-miss
2364 http fetch GET 200 https://registry.npmjs.org/ora 135ms (cache miss)
2365 silly packumentCache full:https://registry.npmjs.org/ora set size:undefined disposed:false
2366 silly fetch manifest requireg@^0.2.2
2367 silly packumentCache full:https://registry.npmjs.org/requireg cache-miss
2368 http fetch GET 200 https://registry.npmjs.org/connect 130ms (cache miss)
2369 silly packumentCache full:https://registry.npmjs.org/connect set size:undefined disposed:false
2370 silly fetch manifest minimatch@^9.0.0
2371 silly packumentCache full:https://registry.npmjs.org/minimatch cache-hit
2372 silly fetch manifest picomatch@^3.0.1
2373 silly packumentCache full:https://registry.npmjs.org/picomatch cache-hit
2374 silly fetch manifest wrap-ansi@^7.0.0
2375 silly packumentCache full:https://registry.npmjs.org/wrap-ansi cache-miss
2376 http fetch GET 200 https://registry.npmjs.org/tar 142ms (cache miss)
2377 silly packumentCache full:https://registry.npmjs.org/tar set size:undefined disposed:false
2378 silly fetch manifest @urql/core@^5.0.6
2379 silly packumentCache full:https://registry.npmjs.org/@urql%2fcore cache-miss
2380 http fetch GET 200 https://registry.npmjs.org/undici 146ms (cache miss)
2381 silly packumentCache full:https://registry.npmjs.org/undici set size:undefined disposed:false
2382 silly fetch manifest better-opn@~3.0.2
2383 silly packumentCache full:https://registry.npmjs.org/better-opn cache-miss
2384 http fetch GET 200 https://registry.npmjs.org/progress 48ms (cache miss)
2385 silly packumentCache full:https://registry.npmjs.org/progress set size:undefined disposed:false
2386 silly fetch manifest env-editor@^0.4.1
2387 silly packumentCache full:https://registry.npmjs.org/env-editor cache-miss
2388 http fetch GET 200 https://registry.npmjs.org/prompts 54ms (cache miss)
2389 silly packumentCache full:https://registry.npmjs.org/prompts set size:undefined disposed:false
2390 silly fetch manifest node-forge@^1.3.3
2391 silly packumentCache full:https://registry.npmjs.org/node-forge cache-miss
2392 http fetch GET 200 https://registry.npmjs.org/requireg 51ms (cache miss)
2393 silly packumentCache full:https://registry.npmjs.org/requireg set size:undefined disposed:false
2394 silly fetch manifest @expo/plist@^0.4.8
2395 silly packumentCache full:https://registry.npmjs.org/@expo%2fplist cache-miss
2396 http fetch GET 200 https://registry.npmjs.org/wrap-ansi 51ms (cache miss)
2397 silly packumentCache full:https://registry.npmjs.org/wrap-ansi set size:undefined disposed:false
2398 silly fetch manifest compression@^1.7.4
2399 silly packumentCache full:https://registry.npmjs.org/compression cache-miss
2400 http fetch GET 200 https://registry.npmjs.org/slugify 66ms (cache miss)
2401 silly packumentCache full:https://registry.npmjs.org/slugify set size:undefined disposed:false
2402 silly fetch manifest lan-network@^0.1.6
2403 silly packumentCache full:https://registry.npmjs.org/lan-network cache-miss
2404 http fetch GET 200 https://registry.npmjs.org/better-opn 58ms (cache miss)
2405 silly packumentCache full:https://registry.npmjs.org/better-opn set size:undefined disposed:false
2406 silly fetch manifest pretty-bytes@^5.6.0
2407 silly packumentCache full:https://registry.npmjs.org/pretty-bytes cache-miss
2408 http fetch GET 200 https://registry.npmjs.org/env-editor 52ms (cache miss)
2409 silly packumentCache full:https://registry.npmjs.org/env-editor set size:undefined disposed:false
2410 silly fetch manifest resolve-from@^5.0.0
2411 silly packumentCache full:https://registry.npmjs.org/resolve-from cache-hit
2412 silly fetch manifest @expo/devcert@^1.2.1
2413 silly packumentCache full:https://registry.npmjs.org/@expo%2fdevcert cache-miss
2414 http fetch GET 200 https://registry.npmjs.org/node-forge 51ms (cache miss)
2415 silly packumentCache full:https://registry.npmjs.org/node-forge set size:undefined disposed:false
2416 silly fetch manifest bplist-parser@^0.3.1
2417 silly packumentCache full:https://registry.npmjs.org/bplist-parser cache-miss
2418 http fetch GET 200 https://registry.npmjs.org/lan-network 55ms (cache miss)
2419 silly packumentCache full:https://registry.npmjs.org/lan-network set size:undefined disposed:false
2420 silly fetch manifest terminal-link@^2.1.1
2421 silly packumentCache full:https://registry.npmjs.org/terminal-link cache-miss
2422 http fetch GET 200 https://registry.npmjs.org/compression 63ms (cache miss)
2423 silly packumentCache full:https://registry.npmjs.org/compression set size:undefined disposed:false
2424 silly fetch manifest @expo/xcpretty@^4.3.0
2425 silly packumentCache full:https://registry.npmjs.org/@expo%2fxcpretty cache-miss
2426 http fetch GET 200 https://registry.npmjs.org/@expo%2fplist 71ms (cache miss)
2427 silly packumentCache full:https://registry.npmjs.org/@expo%2fplist set size:undefined disposed:false
2428 silly fetch manifest bplist-creator@0.1.0
2429 silly packumentCache full:https://registry.npmjs.org/bplist-creator cache-miss
2430 http fetch GET 200 https://registry.npmjs.org/pretty-bytes 61ms (cache miss)
2431 silly packumentCache full:https://registry.npmjs.org/pretty-bytes set size:undefined disposed:false
2432 silly fetch manifest freeport-async@^2.0.0
2433 silly packumentCache full:https://registry.npmjs.org/freeport-async cache-miss
2434 http fetch GET 200 https://registry.npmjs.org/@urql%2fcore 143ms (cache miss)
2435 silly packumentCache full:https://registry.npmjs.org/@urql%2fcore set size:undefined disposed:false
2436 silly fetch manifest @expo/json-file@^10.0.8
2437 silly packumentCache full:https://registry.npmjs.org/@expo%2fjson-file cache-miss
2438 http fetch GET 200 https://registry.npmjs.org/bplist-parser 56ms (cache miss)
2439 silly packumentCache full:https://registry.npmjs.org/bplist-parser set size:undefined disposed:false
2440 silly fetch manifest @expo/osascript@^2.3.8
2441 silly packumentCache full:https://registry.npmjs.org/@expo%2fosascript cache-miss
2442 http fetch GET 200 https://registry.npmjs.org/terminal-link 42ms (cache miss)
2443 silly packumentCache full:https://registry.npmjs.org/terminal-link set size:undefined disposed:false
2444 silly fetch manifest @expo/ws-tunnel@^1.0.1
2445 silly packumentCache full:https://registry.npmjs.org/@expo%2fws-tunnel cache-miss
2446 http fetch GET 200 https://registry.npmjs.org/@expo%2fdevcert 71ms (cache miss)
2447 silly packumentCache full:https://registry.npmjs.org/@expo%2fdevcert set size:undefined disposed:false
2448 silly fetch manifest npm-package-arg@^11.0.0
2449 silly packumentCache full:https://registry.npmjs.org/npm-package-arg cache-miss
2450 http fetch GET 200 https://registry.npmjs.org/bplist-creator 49ms (cache miss)
2451 silly packumentCache full:https://registry.npmjs.org/bplist-creator set size:undefined disposed:false
2452 silly fetch manifest qrcode-terminal@0.11.0
2453 silly packumentCache full:https://registry.npmjs.org/qrcode-terminal cache-miss
2454 http fetch GET 200 https://registry.npmjs.org/@expo%2fxcpretty 69ms (cache miss)
2455 silly packumentCache full:https://registry.npmjs.org/@expo%2fxcpretty set size:undefined disposed:false
2456 silly fetch manifest resolve.exports@^2.0.3
2457 silly packumentCache full:https://registry.npmjs.org/resolve.exports cache-miss
2458 http fetch GET 200 https://registry.npmjs.org/freeport-async 69ms (cache miss)
2459 silly packumentCache full:https://registry.npmjs.org/freeport-async set size:undefined disposed:false
2460 silly fetch manifest @expo/image-utils@^0.8.8
2461 silly packumentCache full:https://registry.npmjs.org/@expo%2fimage-utils cache-miss
2462 http fetch GET 200 https://registry.npmjs.org/npm-package-arg 49ms (cache miss)
2463 silly packumentCache full:https://registry.npmjs.org/npm-package-arg set size:undefined disposed:false
2464 silly fetch manifest @expo/spawn-async@^1.7.2
2465 silly packumentCache full:https://registry.npmjs.org/@expo%2fspawn-async cache-miss
2466 http fetch GET 200 https://registry.npmjs.org/@expo%2fjson-file 68ms (cache miss)
2467 silly packumentCache full:https://registry.npmjs.org/@expo%2fjson-file set size:undefined disposed:false
2468 silly fetch manifest @expo/metro-config@~54.0.14
2469 silly packumentCache full:https://registry.npmjs.org/@expo%2fmetro-config cache-miss
2470 http fetch GET 200 https://registry.npmjs.org/@expo%2fws-tunnel 64ms (cache miss)
2471 silly packumentCache full:https://registry.npmjs.org/@expo%2fws-tunnel set size:undefined disposed:false
2472 silly fetch manifest source-map-support@~0.5.21
2473 silly packumentCache full:https://registry.npmjs.org/source-map-support cache-miss
2474 http fetch GET 200 https://registry.npmjs.org/@expo%2fosascript 69ms (cache miss)
2475 silly packumentCache full:https://registry.npmjs.org/@expo%2fosascript set size:undefined disposed:false
2476 silly fetch manifest structured-headers@^0.4.1
2477 silly packumentCache full:https://registry.npmjs.org/structured-headers cache-miss
2478 http cache https://registry.npmjs.org/@expo%2fmetro-config 7ms (cache hit)
2479 silly packumentCache full:https://registry.npmjs.org/@expo%2fmetro-config set size:1411109 disposed:false
2480 silly fetch manifest @0no-co/graphql.web@^1.0.8
2481 silly packumentCache full:https://registry.npmjs.org/@0no-co%2fgraphql.web cache-miss
2482 http fetch GET 200 https://registry.npmjs.org/qrcode-terminal 65ms (cache miss)
2483 silly packumentCache full:https://registry.npmjs.org/qrcode-terminal set size:undefined disposed:false
2484 silly fetch manifest require-from-string@^2.0.2
2485 silly packumentCache full:https://registry.npmjs.org/require-from-string cache-miss
2486 http fetch GET 200 https://registry.npmjs.org/resolve.exports 53ms (cache miss)
2487 silly packumentCache full:https://registry.npmjs.org/resolve.exports set size:undefined disposed:false
2488 silly fetch manifest @urql/exchange-retry@^1.3.0
2489 silly packumentCache full:https://registry.npmjs.org/@urql%2fexchange-retry cache-miss
2490 http fetch GET 200 https://registry.npmjs.org/source-map-support 50ms (cache miss)
2491 silly packumentCache full:https://registry.npmjs.org/source-map-support set size:undefined disposed:false
2492 silly fetch manifest @expo/package-manager@^1.9.10
2493 silly packumentCache full:https://registry.npmjs.org/@expo%2fpackage-manager cache-miss
2494 http fetch GET 200 https://registry.npmjs.org/structured-headers 57ms (cache miss)
2495 silly packumentCache full:https://registry.npmjs.org/structured-headers set size:undefined disposed:false
2496 silly fetch manifest @react-native/dev-middleware@0.81.5
2497 silly packumentCache full:https://registry.npmjs.org/@react-native%2fdev-middleware cache-miss
2498 http fetch GET 200 https://registry.npmjs.org/require-from-string 50ms (cache miss)
2499 silly packumentCache full:https://registry.npmjs.org/require-from-string set size:undefined disposed:false
2500 silly fetch manifest @expo/code-signing-certificates@^0.0.6
2501 silly packumentCache full:https://registry.npmjs.org/@expo%2fcode-signing-certificates cache-miss
2502 http fetch GET 200 https://registry.npmjs.org/@expo%2fspawn-async 72ms (cache miss)
2503 silly packumentCache full:https://registry.npmjs.org/@expo%2fspawn-async set size:undefined disposed:false
2504 silly fetch manifest sucrase@~3.35.1
2505 silly packumentCache full:https://registry.npmjs.org/sucrase cache-miss
2506 http fetch GET 200 https://registry.npmjs.org/@0no-co%2fgraphql.web 69ms (cache miss)
2507 silly packumentCache full:https://registry.npmjs.org/@0no-co%2fgraphql.web set size:undefined disposed:false
2508 silly fetch manifest deepmerge@^4.3.1
2509 silly packumentCache full:https://registry.npmjs.org/deepmerge cache-miss
2510 http fetch GET 200 https://registry.npmjs.org/@expo%2fimage-utils 117ms (cache miss)
2511 silly packumentCache full:https://registry.npmjs.org/@expo%2fimage-utils set size:undefined disposed:false
2512 silly fetch manifest @babel/code-frame@~7.10.4
2513 silly packumentCache full:https://registry.npmjs.org/@babel%2fcode-frame cache-hit
2514 silly fetch manifest @expo/config-types@^54.0.10
2515 silly packumentCache full:https://registry.npmjs.org/@expo%2fconfig-types cache-miss
2516 http fetch GET 200 https://registry.npmjs.org/@expo%2fpackage-manager 75ms (cache miss)
2517 silly packumentCache full:https://registry.npmjs.org/@expo%2fpackage-manager set size:undefined disposed:false
2518 silly fetch manifest resolve-workspace-root@^2.0.0
2519 silly packumentCache full:https://registry.npmjs.org/resolve-workspace-root cache-miss
2520 http fetch GET 200 https://registry.npmjs.org/@urql%2fexchange-retry 113ms (cache miss)
2521 silly packumentCache full:https://registry.npmjs.org/@urql%2fexchange-retry set size:undefined disposed:false
2522 silly fetch manifest slash@^3.0.0
2523 silly packumentCache full:https://registry.npmjs.org/slash cache-miss
2524 http fetch GET 200 https://registry.npmjs.org/@expo%2fcode-signing-certificates 73ms (cache miss)
2525 silly packumentCache full:https://registry.npmjs.org/@expo%2fcode-signing-certificates set size:undefined disposed:false
2526 silly fetch manifest xcode@^3.0.1
2527 silly packumentCache full:https://registry.npmjs.org/xcode cache-miss
2528 http fetch GET 200 https://registry.npmjs.org/sucrase 70ms (cache miss)
2529 silly packumentCache full:https://registry.npmjs.org/sucrase set size:undefined disposed:false
2530 silly fetch manifest semver@^7.5.4
2531 silly packumentCache full:https://registry.npmjs.org/semver cache-hit
2532 silly fetch manifest xml2js@0.6.0
2533 silly packumentCache full:https://registry.npmjs.org/xml2js cache-miss
2534 http fetch GET 200 https://registry.npmjs.org/deepmerge 59ms (cache miss)
2535 silly packumentCache full:https://registry.npmjs.org/deepmerge set size:undefined disposed:false
2536 silly fetch manifest slugify@^1.6.6
2537 silly packumentCache full:https://registry.npmjs.org/slugify cache-miss
2538 http cache https://registry.npmjs.org/slugify 2ms (cache hit)
2539 silly packumentCache full:https://registry.npmjs.org/slugify set size:103522 disposed:false
2540 silly fetch manifest @expo/json-file@~10.0.8
2541 silly packumentCache full:https://registry.npmjs.org/@expo%2fjson-file cache-miss
2542 http cache https://registry.npmjs.org/@expo%2fjson-file 2ms (cache hit)
2543 silly packumentCache full:https://registry.npmjs.org/@expo%2fjson-file set size:704586 disposed:false
2544 silly fetch manifest @expo/config-types@^54.0.10
2545 silly packumentCache full:https://registry.npmjs.org/@expo%2fconfig-types cache-miss
2546 http fetch GET 200 https://registry.npmjs.org/@react-native%2fdev-middleware 86ms (cache miss)
2547 silly packumentCache full:https://registry.npmjs.org/@react-native%2fdev-middleware set size:undefined disposed:false
2548 silly fetch manifest @expo/sdk-runtime-versions@^1.0.0
2549 silly packumentCache full:https://registry.npmjs.org/@expo%2fsdk-runtime-versions cache-miss
2550 http fetch GET 200 https://registry.npmjs.org/resolve-workspace-root 53ms (cache miss)
2551 silly packumentCache full:https://registry.npmjs.org/resolve-workspace-root set size:undefined disposed:false
2552 silly fetch manifest p-limit@^3.1.0
2553 silly packumentCache full:https://registry.npmjs.org/p-limit cache-miss
2554 http cache https://registry.npmjs.org/p-limit 2ms (cache hit)
2555 silly packumentCache full:https://registry.npmjs.org/p-limit set size:61867 disposed:false
2556 silly fetch manifest metro@0.83.3
2557 silly packumentCache full:https://registry.npmjs.org/metro cache-miss
2558 http fetch GET 200 https://registry.npmjs.org/xml2js 54ms (cache miss)
2559 silly packumentCache full:https://registry.npmjs.org/xml2js set size:undefined disposed:false
2560 silly fetch manifest metro-core@0.83.3
2561 silly packumentCache full:https://registry.npmjs.org/metro-core cache-miss
2562 http fetch GET 200 https://registry.npmjs.org/slash 65ms (cache miss)
2563 silly packumentCache full:https://registry.npmjs.org/slash set size:undefined disposed:false
2564 silly fetch manifest metro-cache@0.83.3
2565 silly packumentCache full:https://registry.npmjs.org/metro-cache cache-miss
2566 http fetch GET 200 https://registry.npmjs.org/@expo%2fconfig-types 194ms (cache miss)
2567 silly packumentCache full:https://registry.npmjs.org/@expo%2fconfig-types set size:undefined disposed:false
2568 silly fetch manifest metro-config@0.83.3
2569 silly packumentCache full:https://registry.npmjs.org/metro-config cache-miss
2570 http fetch GET 200 https://registry.npmjs.org/@expo%2fsdk-runtime-versions 148ms (cache miss)
2571 silly packumentCache full:https://registry.npmjs.org/@expo%2fsdk-runtime-versions set size:undefined disposed:false
2572 silly fetch manifest metro-runtime@0.83.3
2573 silly packumentCache full:https://registry.npmjs.org/metro-runtime cache-miss
2574 http cache https://registry.npmjs.org/metro-runtime 3ms (cache hit)
2575 silly packumentCache full:https://registry.npmjs.org/metro-runtime set size:212197 disposed:false
2576 silly fetch manifest metro-file-map@0.83.3
2577 silly packumentCache full:https://registry.npmjs.org/metro-file-map cache-miss
2578 http fetch GET 200 https://registry.npmjs.org/@expo%2fconfig-types 162ms (cache miss)
2579 silly packumentCache full:https://registry.npmjs.org/@expo%2fconfig-types set size:undefined disposed:false
2580 silly fetch manifest metro-resolver@0.83.3
2581 silly packumentCache full:https://registry.npmjs.org/metro-resolver cache-miss
2582 http fetch GET 200 https://registry.npmjs.org/metro 128ms (cache miss)
2583 silly packumentCache full:https://registry.npmjs.org/metro set size:undefined disposed:false
2584 silly fetch manifest metro-cache-key@0.83.3
2585 silly packumentCache full:https://registry.npmjs.org/metro-cache-key cache-miss
2586 http fetch GET 200 https://registry.npmjs.org/xcode 193ms (cache miss)
2587 silly packumentCache full:https://registry.npmjs.org/xcode set size:undefined disposed:false
2588 silly fetch manifest metro-source-map@0.83.3
2589 silly packumentCache full:https://registry.npmjs.org/metro-source-map cache-miss
2590 http cache https://registry.npmjs.org/metro-source-map 3ms (cache hit)
2591 silly packumentCache full:https://registry.npmjs.org/metro-source-map set size:419987 disposed:false
2592 silly fetch manifest metro-symbolicate@0.83.3
2593 silly packumentCache full:https://registry.npmjs.org/metro-symbolicate cache-miss
2594 http fetch GET 200 https://registry.npmjs.org/metro-core 153ms (cache miss)
2595 silly packumentCache full:https://registry.npmjs.org/metro-core set size:undefined disposed:false
2596 silly fetch manifest metro-minify-terser@0.83.3
2597 silly packumentCache full:https://registry.npmjs.org/metro-minify-terser cache-miss
2598 http fetch GET 200 https://registry.npmjs.org/metro-cache 155ms (cache miss)
2599 silly packumentCache full:https://registry.npmjs.org/metro-cache set size:undefined disposed:false
2600 silly fetch manifest metro-transform-worker@0.83.3
2601 silly packumentCache full:https://registry.npmjs.org/metro-transform-worker cache-miss
2602 http fetch GET 200 https://registry.npmjs.org/metro-file-map 56ms (cache miss)
2603 silly packumentCache full:https://registry.npmjs.org/metro-file-map set size:undefined disposed:false
2604 silly fetch manifest metro-babel-transformer@0.83.3
2605 silly packumentCache full:https://registry.npmjs.org/metro-babel-transformer cache-miss
2606 http fetch GET 200 https://registry.npmjs.org/metro-resolver 53ms (cache miss)
2607 silly packumentCache full:https://registry.npmjs.org/metro-resolver set size:undefined disposed:false
2608 silly fetch manifest metro-transform-plugins@0.83.3
2609 silly packumentCache full:https://registry.npmjs.org/metro-transform-plugins cache-miss
2610 http fetch GET 200 https://registry.npmjs.org/metro-config 73ms (cache miss)
2611 silly packumentCache full:https://registry.npmjs.org/metro-config set size:undefined disposed:false
2612 silly fetch manifest dotenv@~16.4.5
2613 silly packumentCache full:https://registry.npmjs.org/dotenv cache-miss
2614 http fetch GET 200 https://registry.npmjs.org/metro-cache-key 55ms (cache miss)
2615 silly packumentCache full:https://registry.npmjs.org/metro-cache-key set size:undefined disposed:false
2616 silly fetch manifest postcss@~8.4.32
2617 silly packumentCache full:https://registry.npmjs.org/postcss cache-miss
2618 http cache https://registry.npmjs.org/dotenv 3ms (cache hit)
2619 silly packumentCache full:https://registry.npmjs.org/dotenv set size:277856 disposed:false
2620 silly fetch manifest jsc-safe-url@^0.2.4
2621 silly packumentCache full:https://registry.npmjs.org/jsc-safe-url cache-miss
2622 http cache https://registry.npmjs.org/postcss 4ms (cache hit)
2623 silly packumentCache full:https://registry.npmjs.org/postcss set size:708244 disposed:false
2624 silly fetch manifest lightningcss@^1.30.1
2625 silly packumentCache full:https://registry.npmjs.org/lightningcss cache-miss
2626 http cache https://registry.npmjs.org/lightningcss 2ms (cache hit)
2627 silly packumentCache full:https://registry.npmjs.org/lightningcss set size:186753 disposed:false
2628 silly fetch manifest dotenv-expand@~11.0.6
2629 silly packumentCache full:https://registry.npmjs.org/dotenv-expand cache-miss
2630 http fetch GET 200 https://registry.npmjs.org/metro-transform-worker 52ms (cache miss)
2631 silly packumentCache full:https://registry.npmjs.org/metro-transform-worker set size:undefined disposed:false
2632 silly fetch manifest hermes-parser@^0.29.1
2633 silly packumentCache full:https://registry.npmjs.org/hermes-parser cache-miss
2634 http fetch GET 200 https://registry.npmjs.org/metro-minify-terser 57ms (cache miss)
2635 silly packumentCache full:https://registry.npmjs.org/metro-minify-terser set size:undefined disposed:false
2636 silly fetch manifest @babel/preset-react@^7.22.15
2637 silly packumentCache full:https://registry.npmjs.org/@babel%2fpreset-react cache-miss
2638 http cache https://registry.npmjs.org/hermes-parser 3ms (cache hit)
2639 silly packumentCache full:https://registry.npmjs.org/hermes-parser set size:165055 disposed:false
2640 silly fetch manifest @babel/preset-typescript@^7.23.0
2641 silly packumentCache full:https://registry.npmjs.org/@babel%2fpreset-typescript cache-miss
2642 http cache https://registry.npmjs.org/@babel%2fpreset-typescript 1ms (cache hit)
2643 silly packumentCache full:https://registry.npmjs.org/@babel%2fpreset-typescript set size:257348 disposed:false
2644 silly fetch manifest @react-native/babel-preset@0.81.5
2645 silly packumentCache full:https://registry.npmjs.org/@react-native%2fbabel-preset cache-miss
2646 http fetch GET 200 https://registry.npmjs.org/metro-symbolicate 68ms (cache miss)
2647 silly packumentCache full:https://registry.npmjs.org/metro-symbolicate set size:undefined disposed:false
2648 silly fetch manifest babel-plugin-react-compiler@^1.0.0
2649 silly packumentCache full:https://registry.npmjs.org/babel-plugin-react-compiler cache-miss
2650 http cache https://registry.npmjs.org/babel-plugin-react-compiler 2ms (cache hit)
2651 silly packumentCache full:https://registry.npmjs.org/babel-plugin-react-compiler set size:1327155 disposed:false
2652 silly fetch manifest babel-plugin-react-native-web@~0.21.0
2653 silly packumentCache full:https://registry.npmjs.org/babel-plugin-react-native-web cache-miss
2654 http fetch GET 200 https://registry.npmjs.org/metro-babel-transformer 58ms (cache miss)
2655 silly packumentCache full:https://registry.npmjs.org/metro-babel-transformer set size:undefined disposed:false
2656 silly fetch manifest @babel/plugin-transform-runtime@^7.24.7
2657 silly packumentCache full:https://registry.npmjs.org/@babel%2fplugin-transform-runtime cache-miss
2658 http cache https://registry.npmjs.org/@babel%2fplugin-transform-runtime 2ms (cache hit)
2659 silly packumentCache full:https://registry.npmjs.org/@babel%2fplugin-transform-runtime set size:451968 disposed:false
2660 silly fetch manifest @babel/plugin-proposal-decorators@^7.12.9
2661 silly packumentCache full:https://registry.npmjs.org/@babel%2fplugin-proposal-decorators cache-miss
2662 http fetch GET 200 https://registry.npmjs.org/jsc-safe-url 54ms (cache miss)
2663 silly packumentCache full:https://registry.npmjs.org/jsc-safe-url set size:undefined disposed:false
2664 silly fetch manifest babel-plugin-syntax-hermes-parser@^0.29.1
2665 silly packumentCache full:https://registry.npmjs.org/babel-plugin-syntax-hermes-parser cache-miss
2666 http fetch GET 200 https://registry.npmjs.org/metro-transform-plugins 63ms (cache miss)
2667 silly packumentCache full:https://registry.npmjs.org/metro-transform-plugins set size:undefined disposed:false
2668 silly fetch manifest babel-plugin-transform-flow-enums@^0.0.2
2669 silly packumentCache full:https://registry.npmjs.org/babel-plugin-transform-flow-enums cache-miss
2670 http cache https://registry.npmjs.org/babel-plugin-syntax-hermes-parser 2ms (cache hit)
2671 silly packumentCache full:https://registry.npmjs.org/babel-plugin-syntax-hermes-parser set size:100651 disposed:false
2672 silly fetch manifest @babel/plugin-transform-parameters@^7.24.7
2673 silly packumentCache full:https://registry.npmjs.org/@babel%2fplugin-transform-parameters cache-miss
2674 http fetch GET 200 https://registry.npmjs.org/dotenv-expand 52ms (cache miss)
2675 silly packumentCache full:https://registry.npmjs.org/dotenv-expand set size:undefined disposed:false
2676 silly fetch manifest @babel/plugin-transform-private-methods@^7.24.7
2677 silly packumentCache full:https://registry.npmjs.org/@babel%2fplugin-transform-private-methods cache-miss
2678 http fetch GET 200 https://registry.npmjs.org/@babel%2fpreset-react 65ms (cache miss)
2679 silly packumentCache full:https://registry.npmjs.org/@babel%2fpreset-react set size:undefined disposed:false
2680 silly fetch manifest @babel/plugin-syntax-export-default-from@^7.24.7
2681 silly packumentCache full:https://registry.npmjs.org/@babel%2fplugin-syntax-export-default-from cache-miss
2682 http fetch GET 200 https://registry.npmjs.org/babel-plugin-transform-flow-enums 46ms (cache miss)
2683 silly packumentCache full:https://registry.npmjs.org/babel-plugin-transform-flow-enums set size:undefined disposed:false
2684 silly fetch manifest @babel/plugin-transform-flow-strip-types@^7.25.2
2685 silly packumentCache full:https://registry.npmjs.org/@babel%2fplugin-transform-flow-strip-types cache-miss
2686 http fetch GET 200 https://registry.npmjs.org/@babel%2fplugin-proposal-decorators 64ms (cache miss)
2687 silly packumentCache full:https://registry.npmjs.org/@babel%2fplugin-proposal-decorators set size:undefined disposed:false
2688 silly fetch manifest @babel/plugin-transform-modules-commonjs@^7.24.8
2689 silly packumentCache full:https://registry.npmjs.org/@babel%2fplugin-transform-modules-commonjs cache-miss
2690 http fetch GET 200 https://registry.npmjs.org/@react-native%2fbabel-preset 92ms (cache miss)
2691 silly packumentCache full:https://registry.npmjs.org/@react-native%2fbabel-preset set size:undefined disposed:false
2692 silly fetch manifest @babel/plugin-proposal-export-default-from@^7.24.7
2693 silly packumentCache full:https://registry.npmjs.org/@babel%2fplugin-proposal-export-default-from cache-miss
2694 http fetch GET 200 https://registry.npmjs.org/babel-plugin-react-native-web 92ms (cache miss)
2695 silly packumentCache full:https://registry.npmjs.org/babel-plugin-react-native-web set size:undefined disposed:false
2696 silly fetch manifest @babel/plugin-transform-class-static-block@^7.27.1
2697 silly packumentCache full:https://registry.npmjs.org/@babel%2fplugin-transform-class-static-block cache-miss
2698 http fetch GET 200 https://registry.npmjs.org/@babel%2fplugin-transform-private-methods 83ms (cache miss)
2699 silly packumentCache full:https://registry.npmjs.org/@babel%2fplugin-transform-private-methods set size:undefined disposed:false
2700 silly fetch manifest @babel/plugin-transform-object-rest-spread@^7.24.7
2701 silly packumentCache full:https://registry.npmjs.org/@babel%2fplugin-transform-object-rest-spread cache-miss
2702 http fetch GET 200 https://registry.npmjs.org/@babel%2fplugin-transform-parameters 95ms (cache miss)
2703 silly packumentCache full:https://registry.npmjs.org/@babel%2fplugin-transform-parameters set size:undefined disposed:false
2704 silly fetch manifest @babel/plugin-transform-export-namespace-from@^7.25.9
2705 silly packumentCache full:https://registry.npmjs.org/@babel%2fplugin-transform-export-namespace-from cache-miss
2706 http fetch GET 200 https://registry.npmjs.org/@babel%2fplugin-syntax-export-default-from 70ms (cache miss)
2707 silly packumentCache full:https://registry.npmjs.org/@babel%2fplugin-syntax-export-default-from set size:undefined disposed:false
2708 silly fetch manifest @babel/plugin-transform-private-property-in-object@^7.24.7
2709 silly packumentCache full:https://registry.npmjs.org/@babel%2fplugin-transform-private-property-in-object cache-miss
2710 http fetch GET 200 https://registry.npmjs.org/@babel%2fplugin-transform-flow-strip-types 68ms (cache miss)
2711 silly packumentCache full:https://registry.npmjs.org/@babel%2fplugin-transform-flow-strip-types set size:undefined disposed:false
2712 silly fetch manifest commander@^7.2.0
2713 silly packumentCache full:https://registry.npmjs.org/commander cache-miss
2714 http cache https://registry.npmjs.org/commander 1ms (cache hit)
2715 silly packumentCache full:https://registry.npmjs.org/commander set size:306325 disposed:false
2716 silly fetch manifest react-is@^18.0.0
2717 silly packumentCache full:https://registry.npmjs.org/react-is cache-miss
2718 http cache https://registry.npmjs.org/react-is 5ms (cache hit)
2719 silly packumentCache full:https://registry.npmjs.org/react-is set size:5352319 disposed:false
2720 silly fetch manifest ansi-styles@^5.0.0
2721 silly packumentCache full:https://registry.npmjs.org/ansi-styles cache-hit
2722 silly fetch manifest @jest/schemas@^29.6.3
2723 silly packumentCache full:https://registry.npmjs.org/@jest%2fschemas cache-miss
2724 http fetch GET 200 https://registry.npmjs.org/@babel%2fplugin-transform-modules-commonjs 80ms (cache miss)
2725 silly packumentCache full:https://registry.npmjs.org/@babel%2fplugin-transform-modules-commonjs set size:undefined disposed:false
2726 silly fetch manifest buffer@^5.4.3
2727 silly packumentCache full:https://registry.npmjs.org/buffer cache-miss
2728 http fetch GET 200 https://registry.npmjs.org/@babel%2fplugin-proposal-export-default-from 66ms (cache miss)
2729 silly packumentCache full:https://registry.npmjs.org/@babel%2fplugin-proposal-export-default-from set size:undefined disposed:false
2730 silly fetch manifest punycode@^2.1.1
2731 silly packumentCache full:https://registry.npmjs.org/punycode cache-hit
2732 silly fetch manifest webidl-conversions@^5.0.0
2733 silly packumentCache full:https://registry.npmjs.org/webidl-conversions cache-miss
2734 http fetch GET 200 https://registry.npmjs.org/@babel%2fplugin-transform-export-namespace-from 60ms (cache miss)
2735 silly packumentCache full:https://registry.npmjs.org/@babel%2fplugin-transform-export-namespace-from set size:undefined disposed:false
2736 http fetch GET 200 https://registry.npmjs.org/@babel%2fplugin-transform-private-property-in-object 65ms (cache miss)
2737 silly packumentCache full:https://registry.npmjs.org/@babel%2fplugin-transform-private-property-in-object set size:undefined disposed:false
2738 http fetch GET 200 https://registry.npmjs.org/@babel%2fplugin-transform-object-rest-spread 89ms (cache miss)
2739 silly packumentCache full:https://registry.npmjs.org/@babel%2fplugin-transform-object-rest-spread set size:undefined disposed:false
2740 http fetch GET 200 https://registry.npmjs.org/@babel%2fplugin-transform-class-static-block 107ms (cache miss)
2741 silly packumentCache full:https://registry.npmjs.org/@babel%2fplugin-transform-class-static-block set size:undefined disposed:false
2742 http fetch GET 200 https://registry.npmjs.org/buffer 60ms (cache miss)
2743 silly packumentCache full:https://registry.npmjs.org/buffer set size:undefined disposed:false
2744 http fetch GET 200 https://registry.npmjs.org/webidl-conversions 54ms (cache miss)
2745 silly packumentCache full:https://registry.npmjs.org/webidl-conversions set size:undefined disposed:false
2746 http fetch GET 200 https://registry.npmjs.org/@jest%2fschemas 70ms (cache miss)
2747 silly packumentCache full:https://registry.npmjs.org/@jest%2fschemas set size:undefined disposed:false
2748 silly placeDep node_modules/@expo/config @babel/code-frame@7.10.4 OK for: @expo/config@12.0.13 want: ~7.10.4
2749 silly placeDep ROOT @expo/config-types@54.0.10 OK for: @expo/config@12.0.13 want: ^54.0.10
2750 silly placeDep ROOT @expo/json-file@10.0.13 OK for: @expo/config@12.0.13 want: ^10.0.8
2751 silly placeDep ROOT deepmerge@4.3.1 OK for: @expo/config@12.0.13 want: ^4.3.1
2752 silly placeDep ROOT getenv@2.0.0 OK for: @expo/config@12.0.13 want: ^2.0.0
2753 silly placeDep ROOT glob@13.0.6 OK for: @expo/config@12.0.13 want: ^13.0.0
2754 silly placeDep ROOT require-from-string@2.0.2 OK for: @expo/config@12.0.13 want: ^2.0.2
2755 silly placeDep ROOT resolve-from@5.0.0 OK for: @expo/config@12.0.13 want: ^5.0.0
2756 silly placeDep ROOT resolve-workspace-root@2.0.1 OK for: @expo/config@12.0.13 want: ^2.0.0
2757 silly placeDep node_modules/@expo/config semver@7.7.4 OK for: @expo/config@12.0.13 want: ^7.6.0
2758 silly placeDep ROOT slugify@1.6.9 OK for: @expo/config@12.0.13 want: ^1.3.4
2759 silly placeDep ROOT sucrase@3.35.1 OK for: @expo/config@12.0.13 want: ~3.35.1
2760 silly fetch manifest @babel/highlight@^7.10.4
2761 silly packumentCache full:https://registry.npmjs.org/@babel%2fhighlight cache-miss
2762 silly fetch manifest minipass@^7.1.3
2763 silly packumentCache full:https://registry.npmjs.org/minipass cache-miss
2764 silly fetch manifest path-scurry@^2.0.2
2765 silly packumentCache full:https://registry.npmjs.org/path-scurry cache-miss
2766 silly fetch manifest commander@^4.0.0
2767 silly packumentCache full:https://registry.npmjs.org/commander cache-hit
2768 silly fetch manifest lines-and-columns@^1.1.6
2769 silly packumentCache full:https://registry.npmjs.org/lines-and-columns cache-miss
2770 silly fetch manifest mz@^2.7.0
2771 silly packumentCache full:https://registry.npmjs.org/mz cache-miss
2772 silly fetch manifest pirates@^4.0.1
2773 silly packumentCache full:https://registry.npmjs.org/pirates cache-miss
2774 silly fetch manifest ts-interface-checker@^0.1.9
2775 silly packumentCache full:https://registry.npmjs.org/ts-interface-checker cache-miss
2776 http fetch GET 200 https://registry.npmjs.org/lines-and-columns 50ms (cache miss)
2777 silly packumentCache full:https://registry.npmjs.org/lines-and-columns set size:undefined disposed:false
2778 http fetch GET 200 https://registry.npmjs.org/mz 52ms (cache miss)
2779 silly packumentCache full:https://registry.npmjs.org/mz set size:undefined disposed:false
2780 http fetch GET 200 https://registry.npmjs.org/ts-interface-checker 52ms (cache miss)
2781 silly packumentCache full:https://registry.npmjs.org/ts-interface-checker set size:undefined disposed:false
2782 http fetch GET 200 https://registry.npmjs.org/path-scurry 54ms (cache miss)
2783 silly packumentCache full:https://registry.npmjs.org/path-scurry set size:undefined disposed:false
2784 http fetch GET 200 https://registry.npmjs.org/minipass 61ms (cache miss)
2785 silly packumentCache full:https://registry.npmjs.org/minipass set size:undefined disposed:false
2786 http fetch GET 200 https://registry.npmjs.org/pirates 61ms (cache miss)
2787 silly packumentCache full:https://registry.npmjs.org/pirates set size:undefined disposed:false
2788 http fetch GET 200 https://registry.npmjs.org/@babel%2fhighlight 63ms (cache miss)
2789 silly packumentCache full:https://registry.npmjs.org/@babel%2fhighlight set size:undefined disposed:false
2790 silly placeDep ROOT @expo/plist@0.4.8 OK for: @expo/config-plugins@54.0.4 want: ^0.4.8
2791 silly placeDep ROOT @expo/sdk-runtime-versions@1.0.0 OK for: @expo/config-plugins@54.0.4 want: ^1.0.0
2792 silly placeDep node_modules/@expo/config-plugins semver@7.7.4 OK for: @expo/config-plugins@54.0.4 want: ^7.5.4
2793 silly placeDep ROOT slash@3.0.0 OK for: @expo/config-plugins@54.0.4 want: ^3.0.0
2794 silly placeDep ROOT xcode@3.0.1 OK for: @expo/config-plugins@54.0.4 want: ^3.0.1
2795 silly placeDep ROOT xml2js@0.6.0 OK for: @expo/config-plugins@54.0.4 want: 0.6.0
2796 silly fetch manifest base64-js@^1.2.3
2797 silly packumentCache full:https://registry.npmjs.org/base64-js cache-miss
2798 silly fetch manifest xmlbuilder@^15.1.1
2799 silly packumentCache full:https://registry.npmjs.org/xmlbuilder cache-miss
2800 silly fetch manifest @xmldom/xmldom@^0.8.8
2801 silly packumentCache full:https://registry.npmjs.org/@xmldom%2fxmldom cache-miss
2802 silly fetch manifest uuid@^7.0.3
2803 silly packumentCache full:https://registry.npmjs.org/uuid cache-miss
2804 silly fetch manifest simple-plist@^1.1.0
2805 silly packumentCache full:https://registry.npmjs.org/simple-plist cache-miss
2806 silly fetch manifest sax@>=0.6.0
2807 silly packumentCache full:https://registry.npmjs.org/sax cache-miss
2808 silly fetch manifest xmlbuilder@~11.0.0
2809 silly packumentCache full:https://registry.npmjs.org/xmlbuilder cache-miss
2810 http cache https://registry.npmjs.org/base64-js 3ms (cache hit)
2811 silly packumentCache full:https://registry.npmjs.org/base64-js set size:41270 disposed:false
2812 http fetch GET 200 https://registry.npmjs.org/simple-plist 105ms (cache miss)
2813 silly packumentCache full:https://registry.npmjs.org/simple-plist set size:undefined disposed:false
2814 http fetch GET 200 https://registry.npmjs.org/sax 106ms (cache miss)
2815 silly packumentCache full:https://registry.npmjs.org/sax set size:undefined disposed:false
2816 http fetch GET 200 https://registry.npmjs.org/@xmldom%2fxmldom 108ms (cache miss)
2817 silly packumentCache full:https://registry.npmjs.org/@xmldom%2fxmldom set size:undefined disposed:false
2818 http fetch GET 200 https://registry.npmjs.org/xmlbuilder 108ms (cache miss)
2819 silly packumentCache full:https://registry.npmjs.org/xmlbuilder set size:undefined disposed:false
2820 http fetch GET 200 https://registry.npmjs.org/xmlbuilder 110ms (cache miss)
2821 silly packumentCache full:https://registry.npmjs.org/xmlbuilder set size:undefined disposed:false
2822 http fetch GET 200 https://registry.npmjs.org/uuid 111ms (cache miss)
2823 silly packumentCache full:https://registry.npmjs.org/uuid set size:undefined disposed:false
2824 silly placeDep ROOT @expo/spawn-async@1.7.2 OK for: @expo/fingerprint@0.15.4 want: ^1.7.2
2825 silly placeDep ROOT arg@5.0.2 OK for: @expo/fingerprint@0.15.4 want: ^5.0.2
2826 silly placeDep node_modules/@expo/fingerprint minimatch@9.0.9 OK for: @expo/fingerprint@0.15.4 want: ^9.0.0
2827 silly placeDep ROOT p-limit@3.1.0 OK for: @expo/fingerprint@0.15.4 want: ^3.1.0
2828 silly placeDep node_modules/@expo/fingerprint semver@7.7.4 OK for: @expo/fingerprint@0.15.4 want: ^7.6.0
2829 silly fetch manifest brace-expansion@^2.0.2
2830 silly packumentCache full:https://registry.npmjs.org/brace-expansion cache-hit
2831 silly fetch manifest yocto-queue@^0.1.0
2832 silly packumentCache full:https://registry.npmjs.org/yocto-queue cache-miss
2833 http cache https://registry.npmjs.org/yocto-queue 2ms (cache hit)
2834 silly packumentCache full:https://registry.npmjs.org/yocto-queue set size:20256 disposed:false
2835 silly placeDep ROOT metro@0.83.3 OK for: @expo/metro@54.2.0 want: 0.83.3
2836 silly placeDep ROOT metro-babel-transformer@0.83.3 OK for: @expo/metro@54.2.0 want: 0.83.3
2837 silly placeDep ROOT metro-cache@0.83.3 OK for: @expo/metro@54.2.0 want: 0.83.3
2838 silly placeDep ROOT metro-cache-key@0.83.3 OK for: @expo/metro@54.2.0 want: 0.83.3
2839 silly placeDep ROOT metro-config@0.83.3 OK for: @expo/metro@54.2.0 want: 0.83.3
2840 silly placeDep ROOT metro-core@0.83.3 OK for: @expo/metro@54.2.0 want: 0.83.3
2841 silly placeDep ROOT metro-file-map@0.83.3 OK for: @expo/metro@54.2.0 want: 0.83.3
2842 silly placeDep ROOT metro-minify-terser@0.83.3 OK for: @expo/metro@54.2.0 want: 0.83.3
2843 silly placeDep ROOT metro-resolver@0.83.3 OK for: @expo/metro@54.2.0 want: 0.83.3
2844 silly placeDep ROOT metro-runtime@0.83.3 OK for: @expo/metro@54.2.0 want: 0.83.3
2845 silly placeDep ROOT metro-source-map@0.83.3 OK for: @expo/metro@54.2.0 want: 0.83.3
2846 silly placeDep ROOT metro-symbolicate@0.83.3 OK for: @expo/metro@54.2.0 want: 0.83.3
2847 silly placeDep ROOT metro-transform-plugins@0.83.3 OK for: @expo/metro@54.2.0 want: 0.83.3
2848 silly placeDep ROOT metro-transform-worker@0.83.3 OK for: @expo/metro@54.2.0 want: 0.83.3
2849 silly fetch manifest ws@^7.5.10
2850 silly packumentCache full:https://registry.npmjs.org/ws cache-hit
2851 silly fetch manifest throat@^5.0.0
2852 silly packumentCache full:https://registry.npmjs.org/throat cache-miss
2853 silly fetch manifest accepts@^1.3.7
2854 silly packumentCache full:https://registry.npmjs.org/accepts cache-hit
2855 silly fetch manifest ci-info@^2.0.0
2856 silly packumentCache full:https://registry.npmjs.org/ci-info cache-miss
2857 silly fetch manifest connect@^3.6.5
2858 silly packumentCache full:https://registry.npmjs.org/connect cache-miss
2859 silly fetch manifest image-size@^1.0.2
2860 silly packumentCache full:https://registry.npmjs.org/image-size cache-miss
2861 silly fetch manifest mime-types@^2.1.27
2862 silly packumentCache full:https://registry.npmjs.org/mime-types cache-miss
2863 silly fetch manifest source-map@^0.5.6
2864 silly packumentCache full:https://registry.npmjs.org/source-map cache-miss
2865 silly fetch manifest graceful-fs@^4.2.4
2866 silly packumentCache full:https://registry.npmjs.org/graceful-fs cache-miss
2867 http cache https://registry.npmjs.org/ci-info 2ms (cache hit)
2868 silly packumentCache full:https://registry.npmjs.org/ci-info set size:91363 disposed:false
2869 silly fetch manifest jest-worker@^29.7.0
2870 silly packumentCache full:https://registry.npmjs.org/jest-worker cache-miss
2871 http cache https://registry.npmjs.org/connect 4ms (cache hit)
2872 silly packumentCache full:https://registry.npmjs.org/connect set size:438385 disposed:false
2873 silly fetch manifest jsc-safe-url@^0.2.2
2874 silly packumentCache full:https://registry.npmjs.org/jsc-safe-url cache-miss
2875 http cache https://registry.npmjs.org/mime-types 6ms (cache hit)
2876 silly packumentCache full:https://registry.npmjs.org/mime-types set size:139110 disposed:false
2877 silly fetch manifest hermes-parser@0.32.0
2878 silly packumentCache full:https://registry.npmjs.org/hermes-parser cache-hit
2879 silly fetch manifest lodash.throttle@^4.1.1
2880 silly packumentCache full:https://registry.npmjs.org/lodash.throttle cache-miss
2881 http cache https://registry.npmjs.org/jsc-safe-url 2ms (cache hit)
2882 silly packumentCache full:https://registry.npmjs.org/jsc-safe-url set size:13143 disposed:false
2883 silly fetch manifest serialize-error@^2.1.0
2884 silly packumentCache full:https://registry.npmjs.org/serialize-error cache-miss
2885 http fetch GET 200 https://registry.npmjs.org/throat 55ms (cache miss)
2886 silly packumentCache full:https://registry.npmjs.org/throat set size:undefined disposed:false
2887 silly fetch manifest error-stack-parser@^2.0.6
2888 silly packumentCache full:https://registry.npmjs.org/error-stack-parser cache-miss
2889 http fetch GET 200 https://registry.npmjs.org/graceful-fs 53ms (cache miss)
2890 silly packumentCache full:https://registry.npmjs.org/graceful-fs set size:undefined disposed:false
2891 silly fetch manifest https-proxy-agent@^7.0.5
2892 silly packumentCache full:https://registry.npmjs.org/https-proxy-agent cache-miss
2893 http fetch GET 200 https://registry.npmjs.org/lodash.throttle 53ms (cache miss)
2894 silly packumentCache full:https://registry.npmjs.org/lodash.throttle set size:undefined disposed:false
2895 silly fetch manifest exponential-backoff@^3.1.1
2896 silly packumentCache full:https://registry.npmjs.org/exponential-backoff cache-miss
2897 http fetch GET 200 https://registry.npmjs.org/jest-worker 59ms (cache miss)
2898 silly packumentCache full:https://registry.npmjs.org/jest-worker set size:undefined disposed:false
2899 silly fetch manifest yaml@^2.6.1
2900 silly packumentCache full:https://registry.npmjs.org/yaml cache-miss
2901 http fetch GET 200 https://registry.npmjs.org/image-size 64ms (cache miss)
2902 silly packumentCache full:https://registry.npmjs.org/image-size set size:undefined disposed:false
2903 silly fetch manifest jest-validate@^29.7.0
2904 silly packumentCache full:https://registry.npmjs.org/jest-validate cache-miss
2905 http fetch GET 200 https://registry.npmjs.org/source-map 67ms (cache miss)
2906 silly packumentCache full:https://registry.npmjs.org/source-map set size:undefined disposed:false
2907 silly fetch manifest walker@^1.0.7
2908 silly packumentCache full:https://registry.npmjs.org/walker cache-miss
2909 http cache https://registry.npmjs.org/yaml 5ms (cache hit)
2910 silly packumentCache full:https://registry.npmjs.org/yaml set size:375230 disposed:false
2911 silly fetch manifest micromatch@^4.0.4
2912 silly packumentCache full:https://registry.npmjs.org/micromatch cache-miss
2913 http fetch GET 200 https://registry.npmjs.org/serialize-error 74ms (cache miss)
2914 silly packumentCache full:https://registry.npmjs.org/serialize-error set size:undefined disposed:false
2915 silly fetch manifest fb-watchman@^2.0.0
2916 silly packumentCache full:https://registry.npmjs.org/fb-watchman cache-miss
2917 http fetch GET 200 https://registry.npmjs.org/exponential-backoff 45ms (cache miss)
2918 silly packumentCache full:https://registry.npmjs.org/exponential-backoff set size:undefined disposed:false
2919 silly fetch manifest terser@^5.15.0
2920 silly packumentCache full:https://registry.npmjs.org/terser cache-miss
2921 http fetch GET 200 https://registry.npmjs.org/error-stack-parser 52ms (cache miss)
2922 silly packumentCache full:https://registry.npmjs.org/error-stack-parser set size:undefined disposed:false
2923 silly fetch manifest ob1@0.83.3
2924 silly packumentCache full:https://registry.npmjs.org/ob1 cache-miss
2925 http fetch GET 200 https://registry.npmjs.org/https-proxy-agent 54ms (cache miss)
2926 silly packumentCache full:https://registry.npmjs.org/https-proxy-agent set size:undefined disposed:false
2927 silly fetch manifest vlq@^1.0.0
2928 silly packumentCache full:https://registry.npmjs.org/vlq cache-miss
2929 http cache https://registry.npmjs.org/terser 4ms (cache hit)
2930 silly packumentCache full:https://registry.npmjs.org/terser set size:789927 disposed:false
2931 silly fetch manifest @babel/traverse--for-generate-function-map@npm:@babel/traverse@^7.25.3
2932 silly packumentCache full:https://registry.npmjs.org/@babel%2ftraverse cache-hit
2933 silly fetch manifest vlq@^1.0.0
2934 silly packumentCache full:https://registry.npmjs.org/vlq cache-miss
2935 http fetch GET 200 https://registry.npmjs.org/walker 53ms (cache miss)
2936 silly packumentCache full:https://registry.npmjs.org/walker set size:undefined disposed:false
2937 http fetch GET 200 https://registry.npmjs.org/jest-validate 56ms (cache miss)
2938 silly packumentCache full:https://registry.npmjs.org/jest-validate set size:undefined disposed:false
2939 http fetch GET 200 https://registry.npmjs.org/fb-watchman 56ms (cache miss)
2940 silly packumentCache full:https://registry.npmjs.org/fb-watchman set size:undefined disposed:false
2941 http fetch GET 200 https://registry.npmjs.org/micromatch 75ms (cache miss)
2942 silly packumentCache full:https://registry.npmjs.org/micromatch set size:undefined disposed:false
2943 http fetch GET 200 https://registry.npmjs.org/ob1 50ms (cache miss)
2944 silly packumentCache full:https://registry.npmjs.org/ob1 set size:undefined disposed:false
2945 http fetch GET 200 https://registry.npmjs.org/vlq 54ms (cache miss)
2946 silly packumentCache full:https://registry.npmjs.org/vlq set size:undefined disposed:false
2947 http fetch GET 200 https://registry.npmjs.org/vlq 94ms (cache miss)
2948 silly packumentCache full:https://registry.npmjs.org/vlq set size:undefined disposed:false
2949 silly placeDep ROOT @expo/env@2.0.11 OK for: @expo/metro-config@54.0.14 want: ~2.0.8
2950 silly placeDep ROOT dotenv@16.4.7 OK for: @expo/metro-config@54.0.14 want: ~16.4.5
2951 silly placeDep ROOT dotenv-expand@11.0.7 OK for: @expo/metro-config@54.0.14 want: ~11.0.6
2952 silly placeDep ROOT hermes-parser@0.29.1 OK for: @expo/metro-config@54.0.14 want: ^0.29.1
2953 silly placeDep ROOT jsc-safe-url@0.2.4 OK for: @expo/metro-config@54.0.14 want: ^0.2.4
2954 silly placeDep ROOT lightningcss@1.32.0 OK for: @expo/metro-config@54.0.14 want: ^1.30.1
2955 silly placeDep node_modules/@expo/metro-config minimatch@9.0.9 OK for: @expo/metro-config@54.0.14 want: ^9.0.0
2956 silly placeDep ROOT postcss@8.4.49 OK for: @expo/metro-config@54.0.14 want: ~8.4.32
2957 silly fetch manifest hermes-estree@0.29.1
2958 silly packumentCache full:https://registry.npmjs.org/hermes-estree cache-miss
2959 silly fetch manifest detect-libc@^2.0.3
2960 silly packumentCache full:https://registry.npmjs.org/detect-libc cache-miss
2961 silly fetch manifest lightningcss-darwin-x64@1.32.0
2962 silly packumentCache full:https://registry.npmjs.org/lightningcss-darwin-x64 cache-miss
2963 silly fetch manifest lightningcss-linux-x64-gnu@1.32.0
2964 silly packumentCache full:https://registry.npmjs.org/lightningcss-linux-x64-gnu cache-miss
2965 silly fetch manifest lightningcss-win32-x64-msvc@1.32.0
2966 silly packumentCache full:https://registry.npmjs.org/lightningcss-win32-x64-msvc cache-miss
2967 silly fetch manifest lightningcss-win32-arm64-msvc@1.32.0
2968 silly packumentCache full:https://registry.npmjs.org/lightningcss-win32-arm64-msvc cache-miss
2969 silly fetch manifest lightningcss-darwin-arm64@1.32.0
2970 silly packumentCache full:https://registry.npmjs.org/lightningcss-darwin-arm64 cache-miss
2971 http cache https://registry.npmjs.org/hermes-estree 4ms (cache hit)
2972 silly packumentCache full:https://registry.npmjs.org/hermes-estree set size:125711 disposed:false
2973 silly fetch manifest lightningcss-linux-arm64-gnu@1.32.0
2974 silly packumentCache full:https://registry.npmjs.org/lightningcss-linux-arm64-gnu cache-miss
2975 http cache https://registry.npmjs.org/detect-libc 5ms (cache hit)
2976 silly packumentCache full:https://registry.npmjs.org/detect-libc set size:47861 disposed:false
2977 silly fetch manifest lightningcss-linux-arm-gnueabihf@1.32.0
2978 silly packumentCache full:https://registry.npmjs.org/lightningcss-linux-arm-gnueabihf cache-miss
2979 http cache https://registry.npmjs.org/lightningcss-linux-x64-gnu 6ms (cache hit)
2980 silly packumentCache full:https://registry.npmjs.org/lightningcss-linux-x64-gnu set size:80105 disposed:false
2981 silly fetch manifest lightningcss-linux-arm64-musl@1.32.0
2982 silly packumentCache full:https://registry.npmjs.org/lightningcss-linux-arm64-musl cache-miss
2983 http cache https://registry.npmjs.org/lightningcss-darwin-x64 6ms (cache hit)
2984 silly packumentCache full:https://registry.npmjs.org/lightningcss-darwin-x64 set size:78694 disposed:false
2985 silly fetch manifest lightningcss-linux-x64-musl@1.32.0
2986 silly packumentCache full:https://registry.npmjs.org/lightningcss-linux-x64-musl cache-miss
2987 http cache https://registry.npmjs.org/lightningcss-darwin-arm64 6ms (cache hit)
2988 silly packumentCache full:https://registry.npmjs.org/lightningcss-darwin-arm64 set size:79276 disposed:false
2989 silly fetch manifest lightningcss-freebsd-x64@1.32.0
2990 silly packumentCache full:https://registry.npmjs.org/lightningcss-freebsd-x64 cache-miss
2991 http cache https://registry.npmjs.org/lightningcss-win32-x64-msvc 8ms (cache hit)
2992 silly packumentCache full:https://registry.npmjs.org/lightningcss-win32-x64-msvc set size:79645 disposed:false
2993 silly fetch manifest lightningcss-android-arm64@1.32.0
2994 silly packumentCache full:https://registry.npmjs.org/lightningcss-android-arm64 cache-miss
2995 http cache https://registry.npmjs.org/lightningcss-win32-arm64-msvc 7ms (cache hit)
2996 silly packumentCache full:https://registry.npmjs.org/lightningcss-win32-arm64-msvc set size:26629 disposed:false
2997 silly fetch manifest source-map-js@^1.2.1
2998 silly packumentCache full:https://registry.npmjs.org/source-map-js cache-miss
2999 http cache https://registry.npmjs.org/lightningcss-linux-arm64-gnu 5ms (cache hit)
3000 silly packumentCache full:https://registry.npmjs.org/lightningcss-linux-arm64-gnu set size:80669 disposed:false
3001 http cache https://registry.npmjs.org/lightningcss-linux-arm-gnueabihf 6ms (cache hit)
3002 silly packumentCache full:https://registry.npmjs.org/lightningcss-linux-arm-gnueabihf set size:80903 disposed:false
3003 http cache https://registry.npmjs.org/lightningcss-linux-arm64-musl 5ms (cache hit)
3004 silly packumentCache full:https://registry.npmjs.org/lightningcss-linux-arm64-musl set size:80887 disposed:false
3005 http cache https://registry.npmjs.org/lightningcss-linux-x64-musl 5ms (cache hit)
3006 silly packumentCache full:https://registry.npmjs.org/lightningcss-linux-x64-musl set size:80313 disposed:false
3007 http cache https://registry.npmjs.org/source-map-js 4ms (cache hit)
3008 silly packumentCache full:https://registry.npmjs.org/source-map-js set size:62640 disposed:false
3009 http cache https://registry.npmjs.org/lightningcss-freebsd-x64 6ms (cache hit)
3010 silly packumentCache full:https://registry.npmjs.org/lightningcss-freebsd-x64 set size:42877 disposed:false
3011 http cache https://registry.npmjs.org/lightningcss-android-arm64 6ms (cache hit)
3012 silly packumentCache full:https://registry.npmjs.org/lightningcss-android-arm64 set size:7671 disposed:false
3013 silly placeDep ROOT @xmldom/xmldom@0.8.13 OK for: @expo/plist@0.4.8 want: ^0.8.8
3014 silly placeDep ROOT base64-js@1.5.1 OK for: @expo/plist@0.4.8 want: ^1.2.3
3015 silly placeDep ROOT xmlbuilder@15.1.1 OK for: @expo/plist@0.4.8 want: ^15.1.1
3016 silly fetch manifest @babel/core@^7.12.0
3017 silly packumentCache full:https://registry.npmjs.org/@babel%2fcore cache-hit
3018 silly placeDep ROOT @babel/plugin-proposal-decorators@7.29.0 OK for: babel-preset-expo@54.0.10 want: ^7.12.9
3019 silly placeDep ROOT @babel/plugin-proposal-export-default-from@7.27.1 OK for: babel-preset-expo@54.0.10 want: ^7.24.7
3020 silly placeDep ROOT @babel/plugin-syntax-export-default-from@7.28.6 OK for: babel-preset-expo@54.0.10 want: ^7.24.7
3021 silly placeDep ROOT @babel/plugin-transform-class-static-block@7.28.6 OK for: babel-preset-expo@54.0.10 want: ^7.27.1
3022 silly placeDep ROOT @babel/plugin-transform-export-namespace-from@7.27.1 OK for: babel-preset-expo@54.0.10 want: ^7.25.9
3023 silly placeDep ROOT @babel/plugin-transform-flow-strip-types@7.27.1 OK for: babel-preset-expo@54.0.10 want: ^7.25.2
3024 silly placeDep ROOT @babel/plugin-transform-modules-commonjs@7.28.6 OK for: babel-preset-expo@54.0.10 want: ^7.24.8
3025 silly placeDep ROOT @babel/plugin-transform-object-rest-spread@7.28.6 OK for: babel-preset-expo@54.0.10 want: ^7.24.7
3026 silly placeDep ROOT @babel/plugin-transform-parameters@7.27.7 OK for: babel-preset-expo@54.0.10 want: ^7.24.7
3027 silly placeDep ROOT @babel/plugin-transform-private-methods@7.28.6 OK for: babel-preset-expo@54.0.10 want: ^7.24.7
3028 silly placeDep ROOT @babel/plugin-transform-private-property-in-object@7.28.6 OK for: babel-preset-expo@54.0.10 want: ^7.24.7
3029 silly placeDep ROOT @babel/plugin-transform-runtime@7.29.0 OK for: babel-preset-expo@54.0.10 want: ^7.24.7
3030 silly placeDep ROOT @babel/preset-react@7.28.5 OK for: babel-preset-expo@54.0.10 want: ^7.22.15
3031 silly placeDep ROOT @babel/preset-typescript@7.28.5 OK for: babel-preset-expo@54.0.10 want: ^7.23.0
3032 silly placeDep ROOT @react-native/babel-preset@0.81.5 OK for: babel-preset-expo@54.0.10 want: 0.81.5
3033 silly placeDep ROOT babel-plugin-react-compiler@1.0.0 OK for: babel-preset-expo@54.0.10 want: ^1.0.0
3034 silly placeDep ROOT babel-plugin-react-native-web@0.21.2 OK for: babel-preset-expo@54.0.10 want: ~0.21.0
3035 silly placeDep ROOT babel-plugin-syntax-hermes-parser@0.29.1 OK for: babel-preset-expo@54.0.10 want: ^0.29.1
3036 silly placeDep ROOT babel-plugin-transform-flow-enums@0.0.2 OK for: babel-preset-expo@54.0.10 want: ^0.0.2
3037 silly fetch manifest @babel/helper-plugin-utils@^7.28.6
3038 silly packumentCache full:https://registry.npmjs.org/@babel%2fhelper-plugin-utils cache-miss
3039 silly fetch manifest @babel/plugin-syntax-decorators@^7.28.6
3040 silly packumentCache full:https://registry.npmjs.org/@babel%2fplugin-syntax-decorators cache-miss
3041 silly fetch manifest @babel/helper-create-class-features-plugin@^7.28.6
3042 silly packumentCache full:https://registry.npmjs.org/@babel%2fhelper-create-class-features-plugin cache-miss
3043 silly fetch manifest @babel/helper-plugin-utils@^7.27.1
3044 silly packumentCache full:https://registry.npmjs.org/@babel%2fhelper-plugin-utils cache-miss
3045 silly fetch manifest @babel/helper-plugin-utils@^7.28.6
3046 silly packumentCache full:https://registry.npmjs.org/@babel%2fhelper-plugin-utils cache-miss
3047 silly fetch manifest @babel/helper-plugin-utils@^7.28.6
3048 silly packumentCache full:https://registry.npmjs.org/@babel%2fhelper-plugin-utils cache-miss
3049 silly fetch manifest @babel/helper-create-class-features-plugin@^7.28.6
3050 silly packumentCache full:https://registry.npmjs.org/@babel%2fhelper-create-class-features-plugin cache-miss
3051 http fetch GET 200 https://registry.npmjs.org/@babel%2fhelper-plugin-utils 57ms (cache miss)
3052 silly packumentCache full:https://registry.npmjs.org/@babel%2fhelper-plugin-utils set size:undefined disposed:false
3053 silly fetch manifest @babel/helper-plugin-utils@^7.27.1
3054 silly packumentCache full:https://registry.npmjs.org/@babel%2fhelper-plugin-utils cache-miss
3055 http fetch GET 200 https://registry.npmjs.org/@babel%2fhelper-plugin-utils 59ms (cache miss)
3056 silly packumentCache full:https://registry.npmjs.org/@babel%2fhelper-plugin-utils set size:undefined disposed:false
3057 silly fetch manifest @babel/plugin-syntax-flow@^7.27.1
3058 silly packumentCache full:https://registry.npmjs.org/@babel%2fplugin-syntax-flow cache-miss
3059 http cache https://registry.npmjs.org/@babel%2fhelper-plugin-utils 4ms (cache hit)
3060 silly packumentCache full:https://registry.npmjs.org/@babel%2fhelper-plugin-utils set size:163951 disposed:false
3061 silly fetch manifest @babel/plugin-transform-parameters@^7.27.7
3062 silly packumentCache full:https://registry.npmjs.org/@babel%2fplugin-transform-parameters cache-miss
3063 http fetch GET 200 https://registry.npmjs.org/@babel%2fhelper-plugin-utils 62ms (cache miss)
3064 silly packumentCache full:https://registry.npmjs.org/@babel%2fhelper-plugin-utils set size:undefined disposed:false
3065 silly packumentCache full:https://registry.npmjs.org/@babel%2fhelper-plugin-utils dispose
3066 silly fetch manifest @babel/plugin-transform-destructuring@^7.28.5
3067 silly packumentCache full:https://registry.npmjs.org/@babel%2fplugin-transform-destructuring cache-miss
3068 http cache https://registry.npmjs.org/@babel%2fplugin-transform-parameters 2ms (cache hit)
3069 silly packumentCache full:https://registry.npmjs.org/@babel%2fplugin-transform-parameters set size:269382 disposed:false
3070 silly fetch manifest @babel/helper-create-class-features-plugin@^7.28.6
3071 silly packumentCache full:https://registry.npmjs.org/@babel%2fhelper-create-class-features-plugin cache-miss
3072 http fetch GET 200 https://registry.npmjs.org/@babel%2fhelper-plugin-utils 74ms (cache miss)
3073 silly packumentCache full:https://registry.npmjs.org/@babel%2fhelper-plugin-utils set size:undefined disposed:true
3074 silly fetch manifest @babel/helper-annotate-as-pure@^7.27.3
3075 silly packumentCache full:https://registry.npmjs.org/@babel%2fhelper-annotate-as-pure cache-miss
3076 http fetch GET 200 https://registry.npmjs.org/@babel%2fhelper-create-class-features-plugin 75ms (cache miss)
3077 silly packumentCache full:https://registry.npmjs.org/@babel%2fhelper-create-class-features-plugin set size:undefined disposed:false
3078 silly fetch manifest babel-plugin-polyfill-corejs2@^0.4.14
3079 silly packumentCache full:https://registry.npmjs.org/babel-plugin-polyfill-corejs2 cache-miss
3080 http fetch GET 200 https://registry.npmjs.org/@babel%2fhelper-create-class-features-plugin 77ms (cache miss)
3081 silly packumentCache full:https://registry.npmjs.org/@babel%2fhelper-create-class-features-plugin set size:undefined disposed:false
3082 silly fetch manifest babel-plugin-polyfill-corejs3@^0.13.0
3083 silly packumentCache full:https://registry.npmjs.org/babel-plugin-polyfill-corejs3 cache-miss
3084 http fetch GET 200 https://registry.npmjs.org/@babel%2fplugin-transform-destructuring 64ms (cache miss)
3085 silly packumentCache full:https://registry.npmjs.org/@babel%2fplugin-transform-destructuring set size:undefined disposed:false
3086 silly fetch manifest babel-plugin-polyfill-regenerator@^0.6.5
3087 silly packumentCache full:https://registry.npmjs.org/babel-plugin-polyfill-regenerator cache-miss
3088 http fetch GET 200 https://registry.npmjs.org/babel-plugin-polyfill-corejs3 53ms (cache miss)
3089 silly packumentCache full:https://registry.npmjs.org/babel-plugin-polyfill-corejs3 set size:undefined disposed:false
3090 silly fetch manifest @babel/plugin-transform-react-jsx@^7.27.1
3091 silly packumentCache full:https://registry.npmjs.org/@babel%2fplugin-transform-react-jsx cache-miss
3092 http fetch GET 200 https://registry.npmjs.org/@babel%2fhelper-create-class-features-plugin 69ms (cache miss)
3093 silly packumentCache full:https://registry.npmjs.org/@babel%2fhelper-create-class-features-plugin set size:undefined disposed:false
3094 silly fetch manifest @babel/plugin-transform-react-display-name@^7.28.0
3095 silly packumentCache full:https://registry.npmjs.org/@babel%2fplugin-transform-react-display-name cache-miss
3096 http fetch GET 200 https://registry.npmjs.org/@babel%2fplugin-syntax-flow 77ms (cache miss)
3097 silly packumentCache full:https://registry.npmjs.org/@babel%2fplugin-syntax-flow set size:undefined disposed:false
3098 silly fetch manifest @babel/plugin-transform-react-jsx-development@^7.27.1
3099 silly packumentCache full:https://registry.npmjs.org/@babel%2fplugin-transform-react-jsx-development cache-miss
3100 http fetch GET 200 https://registry.npmjs.org/babel-plugin-polyfill-corejs2 64ms (cache miss)
3101 silly packumentCache full:https://registry.npmjs.org/babel-plugin-polyfill-corejs2 set size:undefined disposed:false
3102 silly fetch manifest @babel/plugin-transform-react-pure-annotations@^7.27.1
3103 silly packumentCache full:https://registry.npmjs.org/@babel%2fplugin-transform-react-pure-annotations cache-miss
3104 http fetch GET 200 https://registry.npmjs.org/@babel%2fhelper-annotate-as-pure 76ms (cache miss)
3105 silly packumentCache full:https://registry.npmjs.org/@babel%2fhelper-annotate-as-pure set size:undefined disposed:false
3106 silly fetch manifest @babel/plugin-syntax-jsx@^7.27.1
3107 silly packumentCache full:https://registry.npmjs.org/@babel%2fplugin-syntax-jsx cache-miss
3108 http fetch GET 200 https://registry.npmjs.org/@babel%2fplugin-transform-react-pure-annotations 124ms (cache miss)
3109 silly packumentCache full:https://registry.npmjs.org/@babel%2fplugin-transform-react-pure-annotations set size:undefined disposed:false
3110 silly fetch manifest @babel/plugin-transform-typescript@^7.28.5
3111 silly packumentCache full:https://registry.npmjs.org/@babel%2fplugin-transform-typescript cache-miss
3112 http fetch GET 200 https://registry.npmjs.org/@babel%2fplugin-transform-react-jsx-development 131ms (cache miss)
3113 silly packumentCache full:https://registry.npmjs.org/@babel%2fplugin-transform-react-jsx-development set size:undefined disposed:false
3114 silly fetch manifest @babel/plugin-transform-for-of@^7.24.7
3115 silly packumentCache full:https://registry.npmjs.org/@babel%2fplugin-transform-for-of cache-miss
3116 http fetch GET 200 https://registry.npmjs.org/babel-plugin-polyfill-regenerator 141ms (cache miss)
3117 silly packumentCache full:https://registry.npmjs.org/babel-plugin-polyfill-regenerator set size:undefined disposed:false
3118 silly fetch manifest @babel/plugin-transform-spread@^7.24.7
3119 silly packumentCache full:https://registry.npmjs.org/@babel%2fplugin-transform-spread cache-miss
3120 http fetch GET 200 https://registry.npmjs.org/@babel%2fplugin-transform-react-display-name 134ms (cache miss)
3121 silly packumentCache full:https://registry.npmjs.org/@babel%2fplugin-transform-react-display-name set size:undefined disposed:false
3122 silly fetch manifest @babel/plugin-transform-classes@^7.25.4
3123 silly packumentCache full:https://registry.npmjs.org/@babel%2fplugin-transform-classes cache-miss
3124 http fetch GET 200 https://registry.npmjs.org/@babel%2fplugin-syntax-jsx 120ms (cache miss)
3125 silly packumentCache full:https://registry.npmjs.org/@babel%2fplugin-syntax-jsx set size:undefined disposed:false
3126 silly fetch manifest @babel/plugin-transform-literals@^7.25.2
3127 silly packumentCache full:https://registry.npmjs.org/@babel%2fplugin-transform-literals cache-miss
3128 http fetch GET 200 https://registry.npmjs.org/@babel%2fplugin-transform-react-jsx 141ms (cache miss)
3129 silly packumentCache full:https://registry.npmjs.org/@babel%2fplugin-transform-react-jsx set size:undefined disposed:false
3130 silly fetch manifest @babel/plugin-transform-react-jsx@^7.25.2
3131 silly packumentCache full:https://registry.npmjs.org/@babel%2fplugin-transform-react-jsx cache-miss
3132 http cache https://registry.npmjs.org/@babel%2fplugin-transform-classes 4ms (cache hit)
3133 silly packumentCache full:https://registry.npmjs.org/@babel%2fplugin-transform-classes set size:326173 disposed:false
3134 silly fetch manifest @babel/plugin-transform-typescript@^7.25.2
3135 silly packumentCache full:https://registry.npmjs.org/@babel%2fplugin-transform-typescript cache-miss
3136 http cache https://registry.npmjs.org/@babel%2fplugin-transform-react-jsx 4ms (cache hit)
3137 silly packumentCache full:https://registry.npmjs.org/@babel%2fplugin-transform-react-jsx set size:284411 disposed:false
3138 silly fetch manifest @react-native/babel-plugin-codegen@0.81.5
3139 silly packumentCache full:https://registry.npmjs.org/@react-native%2fbabel-plugin-codegen cache-miss
3140 http fetch GET 200 https://registry.npmjs.org/@babel%2fplugin-transform-spread 72ms (cache miss)
3141 silly packumentCache full:https://registry.npmjs.org/@babel%2fplugin-transform-spread set size:undefined disposed:false
3142 silly fetch manifest @babel/plugin-syntax-dynamic-import@^7.8.3
3143 silly packumentCache full:https://registry.npmjs.org/@babel%2fplugin-syntax-dynamic-import cache-miss
3144 http fetch GET 200 https://registry.npmjs.org/@babel%2fplugin-transform-for-of 74ms (cache miss)
3145 silly packumentCache full:https://registry.npmjs.org/@babel%2fplugin-transform-for-of set size:undefined disposed:false
3146 silly fetch manifest @babel/plugin-transform-regenerator@^7.24.7
3147 silly packumentCache full:https://registry.npmjs.org/@babel%2fplugin-transform-regenerator cache-miss
3148 http fetch GET 200 https://registry.npmjs.org/@babel%2fplugin-transform-literals 72ms (cache miss)
3149 silly packumentCache full:https://registry.npmjs.org/@babel%2fplugin-transform-literals set size:undefined disposed:false
3150 silly fetch manifest @babel/plugin-transform-sticky-regex@^7.24.7
3151 silly packumentCache full:https://registry.npmjs.org/@babel%2fplugin-transform-sticky-regex cache-miss
3152 http fetch GET 200 https://registry.npmjs.org/@babel%2fplugin-transform-typescript 81ms (cache miss)
3153 silly packumentCache full:https://registry.npmjs.org/@babel%2fplugin-transform-typescript set size:undefined disposed:false
3154 silly fetch manifest @babel/plugin-transform-block-scoping@^7.25.0
3155 silly packumentCache full:https://registry.npmjs.org/@babel%2fplugin-transform-block-scoping cache-miss
3156 http fetch GET 200 https://registry.npmjs.org/@babel%2fplugin-transform-typescript 79ms (cache miss)
3157 silly packumentCache full:https://registry.npmjs.org/@babel%2fplugin-transform-typescript set size:undefined disposed:false
3158 silly fetch manifest @babel/plugin-transform-destructuring@^7.24.8
3159 silly packumentCache full:https://registry.npmjs.org/@babel%2fplugin-transform-destructuring cache-miss
3160 http cache https://registry.npmjs.org/@babel%2fplugin-transform-destructuring 2ms (cache hit)
3161 silly packumentCache full:https://registry.npmjs.org/@babel%2fplugin-transform-destructuring set size:288677 disposed:false
3162 silly fetch manifest @babel/plugin-transform-function-name@^7.25.1
3163 silly packumentCache full:https://registry.npmjs.org/@babel%2fplugin-transform-function-name cache-miss
3164 http fetch GET 200 https://registry.npmjs.org/@react-native%2fbabel-plugin-codegen 83ms (cache miss)
3165 silly packumentCache full:https://registry.npmjs.org/@react-native%2fbabel-plugin-codegen set size:undefined disposed:false
3166 silly fetch manifest @babel/plugin-transform-unicode-regex@^7.24.7
3167 silly packumentCache full:https://registry.npmjs.org/@babel%2fplugin-transform-unicode-regex cache-miss
3168 http cache https://registry.npmjs.org/@babel%2fplugin-transform-unicode-regex 1ms (cache hit)
3169 silly packumentCache full:https://registry.npmjs.org/@babel%2fplugin-transform-unicode-regex set size:207625 disposed:false
3170 silly fetch manifest @babel/plugin-syntax-optional-chaining@^7.8.3
3171 silly packumentCache full:https://registry.npmjs.org/@babel%2fplugin-syntax-optional-chaining cache-miss
3172 http fetch GET 200 https://registry.npmjs.org/@babel%2fplugin-syntax-decorators 379ms (cache miss)
3173 silly packumentCache full:https://registry.npmjs.org/@babel%2fplugin-syntax-decorators set size:undefined disposed:false
3174 silly fetch manifest @babel/plugin-transform-react-jsx-self@^7.24.7
3175 silly packumentCache full:https://registry.npmjs.org/@babel%2fplugin-transform-react-jsx-self cache-miss
3176 http fetch GET 200 https://registry.npmjs.org/@babel%2fplugin-syntax-dynamic-import 60ms (cache miss)
3177 silly packumentCache full:https://registry.npmjs.org/@babel%2fplugin-syntax-dynamic-import set size:undefined disposed:false
3178 silly fetch manifest @babel/plugin-transform-arrow-functions@^7.24.7
3179 silly packumentCache full:https://registry.npmjs.org/@babel%2fplugin-transform-arrow-functions cache-miss
3180 http cache https://registry.npmjs.org/@babel%2fplugin-transform-arrow-functions 2ms (cache hit)
3181 silly packumentCache full:https://registry.npmjs.org/@babel%2fplugin-transform-arrow-functions set size:205700 disposed:false
3182 silly fetch manifest @babel/plugin-transform-class-properties@^7.25.4
3183 silly packumentCache full:https://registry.npmjs.org/@babel%2fplugin-transform-class-properties cache-miss
3184 http cache https://registry.npmjs.org/@babel%2fplugin-transform-class-properties 2ms (cache hit)
3185 silly packumentCache full:https://registry.npmjs.org/@babel%2fplugin-transform-class-properties set size:81346 disposed:false
3186 silly fetch manifest @babel/plugin-transform-react-jsx-source@^7.24.7
3187 silly packumentCache full:https://registry.npmjs.org/@babel%2fplugin-transform-react-jsx-source cache-miss
3188 http fetch GET 200 https://registry.npmjs.org/@babel%2fplugin-transform-regenerator 63ms (cache miss)
3189 silly packumentCache full:https://registry.npmjs.org/@babel%2fplugin-transform-regenerator set size:undefined disposed:false
3190 silly fetch manifest @babel/plugin-transform-numeric-separator@^7.24.7
3191 silly packumentCache full:https://registry.npmjs.org/@babel%2fplugin-transform-numeric-separator cache-miss
3192 http fetch GET 200 https://registry.npmjs.org/@babel%2fplugin-transform-sticky-regex 70ms (cache miss)
3193 silly packumentCache full:https://registry.npmjs.org/@babel%2fplugin-transform-sticky-regex set size:undefined disposed:false
3194 silly fetch manifest @babel/plugin-transform-optional-chaining@^7.24.8
3195 silly packumentCache full:https://registry.npmjs.org/@babel%2fplugin-transform-optional-chaining cache-miss
3196 http cache https://registry.npmjs.org/@babel%2fplugin-transform-optional-chaining 1ms (cache hit)
3197 silly packumentCache full:https://registry.npmjs.org/@babel%2fplugin-transform-optional-chaining set size:104559 disposed:false
3198 silly fetch manifest @babel/plugin-transform-async-to-generator@^7.24.7
3199 silly packumentCache full:https://registry.npmjs.org/@babel%2fplugin-transform-async-to-generator cache-miss
3200 http fetch GET 200 https://registry.npmjs.org/@babel%2fplugin-transform-function-name 80ms (cache miss)
3201 silly packumentCache full:https://registry.npmjs.org/@babel%2fplugin-transform-function-name set size:undefined disposed:false
3202 silly fetch manifest @babel/plugin-transform-react-display-name@^7.24.7
3203 silly packumentCache full:https://registry.npmjs.org/@babel%2fplugin-transform-react-display-name cache-miss
3204 http fetch GET 200 https://registry.npmjs.org/@babel%2fplugin-transform-block-scoping 92ms (cache miss)
3205 silly packumentCache full:https://registry.npmjs.org/@babel%2fplugin-transform-block-scoping set size:undefined disposed:false
3206 silly fetch manifest @babel/plugin-transform-computed-properties@^7.24.7
3207 silly packumentCache full:https://registry.npmjs.org/@babel%2fplugin-transform-computed-properties cache-miss
3208 http cache https://registry.npmjs.org/@babel%2fplugin-transform-react-display-name 3ms (cache hit)
3209 silly packumentCache full:https://registry.npmjs.org/@babel%2fplugin-transform-react-display-name set size:205760 disposed:false
3210 silly fetch manifest @babel/plugin-transform-shorthand-properties@^7.24.7
3211 silly packumentCache full:https://registry.npmjs.org/@babel%2fplugin-transform-shorthand-properties cache-miss
3212 http cache https://registry.npmjs.org/@babel%2fplugin-transform-shorthand-properties 3ms (cache hit)
3213 silly packumentCache full:https://registry.npmjs.org/@babel%2fplugin-transform-shorthand-properties set size:193713 disposed:false
3214 silly fetch manifest @babel/plugin-transform-optional-catch-binding@^7.24.7
3215 silly packumentCache full:https://registry.npmjs.org/@babel%2fplugin-transform-optional-catch-binding cache-miss
3216 http fetch GET 200 https://registry.npmjs.org/@babel%2fplugin-transform-react-jsx-self 73ms (cache miss)
3217 silly packumentCache full:https://registry.npmjs.org/@babel%2fplugin-transform-react-jsx-self set size:undefined disposed:false
3218 silly fetch manifest @babel/plugin-syntax-nullish-coalescing-operator@^7.8.3
3219 silly packumentCache full:https://registry.npmjs.org/@babel%2fplugin-syntax-nullish-coalescing-operator cache-miss
3220 http fetch GET 200 https://registry.npmjs.org/@babel%2fplugin-syntax-optional-chaining 89ms (cache miss)
3221 silly packumentCache full:https://registry.npmjs.org/@babel%2fplugin-syntax-optional-chaining set size:undefined disposed:false
3222 silly fetch manifest @babel/plugin-transform-async-generator-functions@^7.25.4
3223 silly packumentCache full:https://registry.npmjs.org/@babel%2fplugin-transform-async-generator-functions cache-miss
3224 http fetch GET 200 https://registry.npmjs.org/@babel%2fplugin-transform-react-jsx-source 63ms (cache miss)
3225 silly packumentCache full:https://registry.npmjs.org/@babel%2fplugin-transform-react-jsx-source set size:undefined disposed:false
3226 silly fetch manifest @babel/plugin-transform-nullish-coalescing-operator@^7.24.7
3227 silly packumentCache full:https://registry.npmjs.org/@babel%2fplugin-transform-nullish-coalescing-operator cache-miss
3228 http cache https://registry.npmjs.org/@babel%2fplugin-transform-nullish-coalescing-operator 1ms (cache hit)
3229 silly packumentCache full:https://registry.npmjs.org/@babel%2fplugin-transform-nullish-coalescing-operator set size:87324 disposed:false
3230 silly fetch manifest @babel/plugin-transform-logical-assignment-operators@^7.24.7
3231 silly packumentCache full:https://registry.npmjs.org/@babel%2fplugin-transform-logical-assignment-operators cache-miss
3232 http fetch GET 200 https://registry.npmjs.org/@babel%2fplugin-transform-numeric-separator 68ms (cache miss)
3233 silly packumentCache full:https://registry.npmjs.org/@babel%2fplugin-transform-numeric-separator set size:undefined disposed:false
3234 silly fetch manifest @babel/plugin-transform-named-capturing-groups-regex@^7.24.7
3235 silly packumentCache full:https://registry.npmjs.org/@babel%2fplugin-transform-named-capturing-groups-regex cache-miss
3236 http fetch GET 200 https://registry.npmjs.org/@babel%2fplugin-transform-computed-properties 62ms (cache miss)
3237 silly packumentCache full:https://registry.npmjs.org/@babel%2fplugin-transform-computed-properties set size:undefined disposed:false
3238 silly fetch manifest @babel/plugin-syntax-flow@^7.12.1
3239 silly packumentCache full:https://registry.npmjs.org/@babel%2fplugin-syntax-flow cache-miss
3240 http fetch GET 200 https://registry.npmjs.org/@babel%2fplugin-transform-async-to-generator 88ms (cache miss)
3241 silly packumentCache full:https://registry.npmjs.org/@babel%2fplugin-transform-async-to-generator set size:undefined disposed:false
3242 http cache https://registry.npmjs.org/@babel%2fplugin-syntax-flow 2ms (cache hit)
3243 silly packumentCache full:https://registry.npmjs.org/@babel%2fplugin-syntax-flow set size:188912 disposed:false
3244 http fetch GET 200 https://registry.npmjs.org/@babel%2fplugin-syntax-nullish-coalescing-operator 65ms (cache miss)
3245 silly packumentCache full:https://registry.npmjs.org/@babel%2fplugin-syntax-nullish-coalescing-operator set size:undefined disposed:false
3246 http fetch GET 200 https://registry.npmjs.org/@babel%2fplugin-transform-optional-catch-binding 72ms (cache miss)
3247 silly packumentCache full:https://registry.npmjs.org/@babel%2fplugin-transform-optional-catch-binding set size:undefined disposed:false
3248 http fetch GET 200 https://registry.npmjs.org/@babel%2fplugin-transform-async-generator-functions 62ms (cache miss)
3249 silly packumentCache full:https://registry.npmjs.org/@babel%2fplugin-transform-async-generator-functions set size:undefined disposed:false
3250 http fetch GET 200 https://registry.npmjs.org/@babel%2fplugin-transform-logical-assignment-operators 58ms (cache miss)
3251 silly packumentCache full:https://registry.npmjs.org/@babel%2fplugin-transform-logical-assignment-operators set size:undefined disposed:false
3252 http fetch GET 200 https://registry.npmjs.org/@babel%2fplugin-transform-named-capturing-groups-regex 60ms (cache miss)
3253 silly packumentCache full:https://registry.npmjs.org/@babel%2fplugin-transform-named-capturing-groups-regex set size:undefined disposed:false
3254 silly placeDep ROOT @babel/helper-create-class-features-plugin@7.28.6 OK for: @babel/plugin-proposal-decorators@7.29.0 want: ^7.28.6
3255 silly placeDep ROOT @babel/helper-plugin-utils@7.28.6 OK for: @babel/plugin-proposal-decorators@7.29.0 want: ^7.28.6
3256 silly placeDep ROOT @babel/plugin-syntax-decorators@7.28.6 OK for: @babel/plugin-proposal-decorators@7.29.0 want: ^7.28.6
3257 silly fetch manifest @babel/helper-replace-supers@^7.28.6
3258 silly packumentCache full:https://registry.npmjs.org/@babel%2fhelper-replace-supers cache-miss
3259 silly fetch manifest @babel/helper-optimise-call-expression@^7.27.1
3260 silly packumentCache full:https://registry.npmjs.org/@babel%2fhelper-optimise-call-expression cache-miss
3261 silly fetch manifest @babel/helper-member-expression-to-functions@^7.28.5
3262 silly packumentCache full:https://registry.npmjs.org/@babel%2fhelper-member-expression-to-functions cache-miss
3263 silly fetch manifest @babel/helper-skip-transparent-expression-wrappers@^7.27.1
3264 silly packumentCache full:https://registry.npmjs.org/@babel%2fhelper-skip-transparent-expression-wrappers cache-miss
3265 http fetch GET 200 https://registry.npmjs.org/@babel%2fhelper-replace-supers 71ms (cache miss)
3266 silly packumentCache full:https://registry.npmjs.org/@babel%2fhelper-replace-supers set size:undefined disposed:false
3267 http fetch GET 200 https://registry.npmjs.org/@babel%2fhelper-member-expression-to-functions 72ms (cache miss)
3268 silly packumentCache full:https://registry.npmjs.org/@babel%2fhelper-member-expression-to-functions set size:undefined disposed:false
3269 http fetch GET 200 https://registry.npmjs.org/@babel%2fhelper-optimise-call-expression 74ms (cache miss)
3270 silly packumentCache full:https://registry.npmjs.org/@babel%2fhelper-optimise-call-expression set size:undefined disposed:false
3271 http fetch GET 200 https://registry.npmjs.org/@babel%2fhelper-skip-transparent-expression-wrappers 85ms (cache miss)
3272 silly packumentCache full:https://registry.npmjs.org/@babel%2fhelper-skip-transparent-expression-wrappers set size:undefined disposed:false
3273 silly placeDep ROOT @babel/helper-annotate-as-pure@7.27.3 OK for: @babel/helper-create-class-features-plugin@7.28.6 want: ^7.27.3
3274 silly placeDep ROOT @babel/helper-member-expression-to-functions@7.28.5 OK for: @babel/helper-create-class-features-plugin@7.28.6 want: ^7.28.5
3275 silly placeDep ROOT @babel/helper-optimise-call-expression@7.27.1 OK for: @babel/helper-create-class-features-plugin@7.28.6 want: ^7.27.1
3276 silly placeDep ROOT @babel/helper-replace-supers@7.28.6 OK for: @babel/helper-create-class-features-plugin@7.28.6 want: ^7.28.6
3277 silly placeDep ROOT @babel/helper-skip-transparent-expression-wrappers@7.27.1 OK for: @babel/helper-create-class-features-plugin@7.28.6 want: ^7.27.1
3278 silly placeDep ROOT @babel/plugin-syntax-flow@7.28.6 OK for: @babel/plugin-transform-flow-strip-types@7.27.1 want: ^7.27.1
3279 silly placeDep ROOT @babel/plugin-transform-destructuring@7.28.5 OK for: @babel/plugin-transform-object-rest-spread@7.28.6 want: ^7.28.5
3280 silly placeDep ROOT babel-plugin-polyfill-corejs2@0.4.17 OK for: @babel/plugin-transform-runtime@7.29.0 want: ^0.4.14
3281 silly placeDep ROOT babel-plugin-polyfill-corejs3@0.13.0 OK for: @babel/plugin-transform-runtime@7.29.0 want: ^0.13.0
3282 silly placeDep ROOT babel-plugin-polyfill-regenerator@0.6.8 OK for: @babel/plugin-transform-runtime@7.29.0 want: ^0.6.5
3283 silly fetch manifest @babel/helper-define-polyfill-provider@^0.6.8
3284 silly packumentCache full:https://registry.npmjs.org/@babel%2fhelper-define-polyfill-provider cache-miss
3285 silly fetch manifest core-js-compat@^3.43.0
3286 silly packumentCache full:https://registry.npmjs.org/core-js-compat cache-miss
3287 silly fetch manifest @babel/helper-define-polyfill-provider@^0.6.5
3288 silly packumentCache full:https://registry.npmjs.org/@babel%2fhelper-define-polyfill-provider cache-miss
3289 silly fetch manifest @babel/helper-define-polyfill-provider@^0.6.8
3290 silly packumentCache full:https://registry.npmjs.org/@babel%2fhelper-define-polyfill-provider cache-miss
3291 http fetch GET 200 https://registry.npmjs.org/core-js-compat 51ms (cache miss)
3292 silly packumentCache full:https://registry.npmjs.org/core-js-compat set size:undefined disposed:false
3293 http fetch GET 200 https://registry.npmjs.org/@babel%2fhelper-define-polyfill-provider 56ms (cache miss)
3294 silly packumentCache full:https://registry.npmjs.org/@babel%2fhelper-define-polyfill-provider set size:undefined disposed:false
3295 http fetch GET 200 https://registry.npmjs.org/@babel%2fhelper-define-polyfill-provider 56ms (cache miss)
3296 silly packumentCache full:https://registry.npmjs.org/@babel%2fhelper-define-polyfill-provider set size:undefined disposed:false
3297 http fetch GET 200 https://registry.npmjs.org/@babel%2fhelper-define-polyfill-provider 151ms (cache miss)
3298 silly packumentCache full:https://registry.npmjs.org/@babel%2fhelper-define-polyfill-provider set size:undefined disposed:false
3299 silly placeDep ROOT @babel/plugin-transform-react-display-name@7.28.0 OK for: @babel/preset-react@7.28.5 want: ^7.28.0
3300 silly placeDep ROOT @babel/plugin-transform-react-jsx@7.28.6 OK for: @babel/preset-react@7.28.5 want: ^7.27.1
3301 silly placeDep ROOT @babel/plugin-transform-react-jsx-development@7.27.1 OK for: @babel/preset-react@7.28.5 want: ^7.27.1
3302 silly placeDep ROOT @babel/plugin-transform-react-pure-annotations@7.27.1 OK for: @babel/preset-react@7.28.5 want: ^7.27.1
3303 silly fetch manifest @babel/plugin-syntax-jsx@^7.28.6
3304 silly packumentCache full:https://registry.npmjs.org/@babel%2fplugin-syntax-jsx cache-miss
3305 http cache https://registry.npmjs.org/@babel%2fplugin-syntax-jsx 2ms (cache hit)
3306 silly packumentCache full:https://registry.npmjs.org/@babel%2fplugin-syntax-jsx set size:182973 disposed:false
3307 silly placeDep ROOT @babel/plugin-syntax-jsx@7.28.6 OK for: @babel/plugin-transform-react-jsx@7.28.6 want: ^7.28.6
3308 silly placeDep ROOT @babel/plugin-transform-typescript@7.28.6 OK for: @babel/preset-typescript@7.28.5 want: ^7.28.5
3309 silly fetch manifest @babel/plugin-syntax-typescript@^7.28.6
3310 silly packumentCache full:https://registry.npmjs.org/@babel%2fplugin-syntax-typescript cache-miss
3311 http fetch GET 200 https://registry.npmjs.org/@babel%2fplugin-syntax-typescript 81ms (cache miss)
3312 silly packumentCache full:https://registry.npmjs.org/@babel%2fplugin-syntax-typescript set size:undefined disposed:false
3313 silly placeDep ROOT @babel/plugin-syntax-typescript@7.28.6 OK for: @babel/plugin-transform-typescript@7.28.6 want: ^7.28.6
3314 silly fetch manifest @babel/core@^7.25.2
3315 silly packumentCache full:https://registry.npmjs.org/@babel%2fcore cache-hit
3316 silly placeDep ROOT @babel/plugin-syntax-dynamic-import@7.8.3 OK for: @react-native/babel-preset@0.81.5 want: ^7.8.3
3317 silly placeDep ROOT @babel/plugin-syntax-nullish-coalescing-operator@7.8.3 OK for: @react-native/babel-preset@0.81.5 want: ^7.8.3
3318 silly placeDep ROOT @babel/plugin-syntax-optional-chaining@7.8.3 OK for: @react-native/babel-preset@0.81.5 want: ^7.8.3
3319 silly placeDep ROOT @babel/plugin-transform-arrow-functions@7.27.1 OK for: @react-native/babel-preset@0.81.5 want: ^7.24.7
3320 silly placeDep ROOT @babel/plugin-transform-async-generator-functions@7.29.0 OK for: @react-native/babel-preset@0.81.5 want: ^7.25.4
3321 silly placeDep ROOT @babel/plugin-transform-async-to-generator@7.28.6 OK for: @react-native/babel-preset@0.81.5 want: ^7.24.7
3322 silly placeDep ROOT @babel/plugin-transform-block-scoping@7.28.6 OK for: @react-native/babel-preset@0.81.5 want: ^7.25.0
3323 silly placeDep ROOT @babel/plugin-transform-class-properties@7.28.6 OK for: @react-native/babel-preset@0.81.5 want: ^7.25.4
3324 silly placeDep ROOT @babel/plugin-transform-classes@7.28.6 OK for: @react-native/babel-preset@0.81.5 want: ^7.25.4
3325 silly placeDep ROOT @babel/plugin-transform-computed-properties@7.28.6 OK for: @react-native/babel-preset@0.81.5 want: ^7.24.7
3326 silly placeDep ROOT @babel/plugin-transform-for-of@7.27.1 OK for: @react-native/babel-preset@0.81.5 want: ^7.24.7
3327 silly placeDep ROOT @babel/plugin-transform-function-name@7.27.1 OK for: @react-native/babel-preset@0.81.5 want: ^7.25.1
3328 silly placeDep ROOT @babel/plugin-transform-literals@7.27.1 OK for: @react-native/babel-preset@0.81.5 want: ^7.25.2
3329 silly placeDep ROOT @babel/plugin-transform-logical-assignment-operators@7.28.6 OK for: @react-native/babel-preset@0.81.5 want: ^7.24.7
3330 silly placeDep ROOT @babel/plugin-transform-named-capturing-groups-regex@7.29.0 OK for: @react-native/babel-preset@0.81.5 want: ^7.24.7
3331 silly placeDep ROOT @babel/plugin-transform-nullish-coalescing-operator@7.28.6 OK for: @react-native/babel-preset@0.81.5 want: ^7.24.7
3332 silly placeDep ROOT @babel/plugin-transform-numeric-separator@7.28.6 OK for: @react-native/babel-preset@0.81.5 want: ^7.24.7
3333 silly placeDep ROOT @babel/plugin-transform-optional-catch-binding@7.28.6 OK for: @react-native/babel-preset@0.81.5 want: ^7.24.7
3334 silly placeDep ROOT @babel/plugin-transform-optional-chaining@7.28.6 OK for: @react-native/babel-preset@0.81.5 want: ^7.24.8
3335 silly placeDep ROOT @babel/plugin-transform-react-jsx-self@7.27.1 OK for: @react-native/babel-preset@0.81.5 want: ^7.24.7
3336 silly placeDep ROOT @babel/plugin-transform-react-jsx-source@7.27.1 OK for: @react-native/babel-preset@0.81.5 want: ^7.24.7
3337 silly placeDep ROOT @babel/plugin-transform-regenerator@7.29.0 OK for: @react-native/babel-preset@0.81.5 want: ^7.24.7
3338 silly placeDep ROOT @babel/plugin-transform-shorthand-properties@7.27.1 OK for: @react-native/babel-preset@0.81.5 want: ^7.24.7
3339 silly placeDep ROOT @babel/plugin-transform-spread@7.28.6 OK for: @react-native/babel-preset@0.81.5 want: ^7.24.7
3340 silly placeDep ROOT @babel/plugin-transform-sticky-regex@7.27.1 OK for: @react-native/babel-preset@0.81.5 want: ^7.24.7
3341 silly placeDep ROOT @babel/plugin-transform-unicode-regex@7.27.1 OK for: @react-native/babel-preset@0.81.5 want: ^7.24.7
3342 silly placeDep ROOT @react-native/babel-plugin-codegen@0.81.5 OK for: @react-native/babel-preset@0.81.5 want: 0.81.5
3343 silly fetch manifest @babel/helper-remap-async-to-generator@^7.27.1
3344 silly packumentCache full:https://registry.npmjs.org/@babel%2fhelper-remap-async-to-generator cache-miss
3345 silly fetch manifest @babel/helper-remap-async-to-generator@^7.27.1
3346 silly packumentCache full:https://registry.npmjs.org/@babel%2fhelper-remap-async-to-generator cache-miss
3347 silly fetch manifest @babel/helper-create-regexp-features-plugin@^7.28.5
3348 silly packumentCache full:https://registry.npmjs.org/@babel%2fhelper-create-regexp-features-plugin cache-miss
3349 silly fetch manifest @babel/helper-create-regexp-features-plugin@^7.27.1
3350 silly packumentCache full:https://registry.npmjs.org/@babel%2fhelper-create-regexp-features-plugin cache-miss
3351 http fetch GET 200 https://registry.npmjs.org/@babel%2fhelper-create-regexp-features-plugin 60ms (cache miss)
3352 silly packumentCache full:https://registry.npmjs.org/@babel%2fhelper-create-regexp-features-plugin set size:undefined disposed:false
3353 http fetch GET 200 https://registry.npmjs.org/@babel%2fhelper-remap-async-to-generator 63ms (cache miss)
3354 silly packumentCache full:https://registry.npmjs.org/@babel%2fhelper-remap-async-to-generator set size:undefined disposed:false
3355 http fetch GET 200 https://registry.npmjs.org/@babel%2fhelper-create-regexp-features-plugin 70ms (cache miss)
3356 silly packumentCache full:https://registry.npmjs.org/@babel%2fhelper-create-regexp-features-plugin set size:undefined disposed:false
3357 http fetch GET 200 https://registry.npmjs.org/@babel%2fhelper-remap-async-to-generator 82ms (cache miss)
3358 silly packumentCache full:https://registry.npmjs.org/@babel%2fhelper-remap-async-to-generator set size:undefined disposed:false
3359 silly placeDep ROOT @babel/helper-remap-async-to-generator@7.27.1 OK for: @babel/plugin-transform-async-generator-functions@7.29.0 want: ^7.27.1
3360 silly fetch manifest @babel/helper-wrap-function@^7.27.1
3361 silly packumentCache full:https://registry.npmjs.org/@babel%2fhelper-wrap-function cache-miss
3362 http fetch GET 200 https://registry.npmjs.org/@babel%2fhelper-wrap-function 61ms (cache miss)
3363 silly packumentCache full:https://registry.npmjs.org/@babel%2fhelper-wrap-function set size:undefined disposed:false
3364 silly placeDep ROOT @babel/helper-wrap-function@7.28.6 OK for: @babel/helper-remap-async-to-generator@7.27.1 want: ^7.27.1
3365 silly placeDep ROOT @babel/helper-create-regexp-features-plugin@7.28.5 OK for: @babel/plugin-transform-named-capturing-groups-regex@7.29.0 want: ^7.28.5
3366 silly fetch manifest regexpu-core@^6.3.1
3367 silly packumentCache full:https://registry.npmjs.org/regexpu-core cache-miss
3368 http fetch GET 200 https://registry.npmjs.org/regexpu-core 52ms (cache miss)
3369 silly packumentCache full:https://registry.npmjs.org/regexpu-core set size:undefined disposed:false
3370 silly placeDep ROOT regexpu-core@6.4.0 OK for: @babel/helper-create-regexp-features-plugin@7.28.5 want: ^6.3.1
3371 silly fetch manifest regenerate@^1.4.2
3372 silly packumentCache full:https://registry.npmjs.org/regenerate cache-miss
3373 silly fetch manifest regenerate-unicode-properties@^10.2.2
3374 silly packumentCache full:https://registry.npmjs.org/regenerate-unicode-properties cache-miss
3375 silly fetch manifest regjsgen@^0.8.0
3376 silly packumentCache full:https://registry.npmjs.org/regjsgen cache-miss
3377 silly fetch manifest regjsparser@^0.13.0
3378 silly packumentCache full:https://registry.npmjs.org/regjsparser cache-miss
3379 silly fetch manifest unicode-match-property-ecmascript@^2.0.0
3380 silly packumentCache full:https://registry.npmjs.org/unicode-match-property-ecmascript cache-miss
3381 silly fetch manifest unicode-match-property-value-ecmascript@^2.2.1
3382 silly packumentCache full:https://registry.npmjs.org/unicode-match-property-value-ecmascript cache-miss
3383 http fetch GET 200 https://registry.npmjs.org/regjsgen 53ms (cache miss)
3384 silly packumentCache full:https://registry.npmjs.org/regjsgen set size:undefined disposed:false
3385 http fetch GET 200 https://registry.npmjs.org/regenerate 54ms (cache miss)
3386 silly packumentCache full:https://registry.npmjs.org/regenerate set size:undefined disposed:false
3387 http fetch GET 200 https://registry.npmjs.org/regenerate-unicode-properties 55ms (cache miss)
3388 silly packumentCache full:https://registry.npmjs.org/regenerate-unicode-properties set size:undefined disposed:false
3389 http fetch GET 200 https://registry.npmjs.org/unicode-match-property-value-ecmascript 58ms (cache miss)
3390 silly packumentCache full:https://registry.npmjs.org/unicode-match-property-value-ecmascript set size:undefined disposed:false
3391 http fetch GET 200 https://registry.npmjs.org/unicode-match-property-ecmascript 60ms (cache miss)
3392 silly packumentCache full:https://registry.npmjs.org/unicode-match-property-ecmascript set size:undefined disposed:false
3393 http fetch GET 200 https://registry.npmjs.org/regjsparser 61ms (cache miss)
3394 silly packumentCache full:https://registry.npmjs.org/regjsparser set size:undefined disposed:false
3395 silly placeDep ROOT @react-native/codegen@0.81.5 OK for: @react-native/babel-plugin-codegen@0.81.5 want: 0.81.5
3396 silly placeDep node_modules/@react-native/codegen glob@7.2.3 OK for: @react-native/codegen@0.81.5 want: ^7.1.1
3397 silly placeDep ROOT invariant@2.2.4 OK for: @react-native/codegen@0.81.5 want: ^2.2.4
3398 silly placeDep ROOT nullthrows@1.1.1 OK for: @react-native/codegen@0.81.5 want: ^1.1.1
3399 silly placeDep ROOT yargs@17.7.2 OK for: @react-native/codegen@0.81.5 want: ^17.6.2
3400 silly fetch manifest once@^1.3.0
3401 silly packumentCache full:https://registry.npmjs.org/once cache-miss
3402 silly fetch manifest inflight@^1.0.4
3403 silly packumentCache full:https://registry.npmjs.org/inflight cache-miss
3404 silly fetch manifest inherits@2
3405 silly packumentCache full:https://registry.npmjs.org/inherits cache-miss
3406 silly fetch manifest fs.realpath@^1.0.0
3407 silly packumentCache full:https://registry.npmjs.org/fs.realpath cache-miss
3408 silly fetch manifest path-is-absolute@^1.0.0
3409 silly packumentCache full:https://registry.npmjs.org/path-is-absolute cache-miss
3410 silly fetch manifest loose-envify@^1.0.0
3411 silly packumentCache full:https://registry.npmjs.org/loose-envify cache-miss
3412 silly fetch manifest y18n@^5.0.5
3413 silly packumentCache full:https://registry.npmjs.org/y18n cache-miss
3414 http cache https://registry.npmjs.org/loose-envify 3ms (cache hit)
3415 silly packumentCache full:https://registry.npmjs.org/loose-envify set size:12559 disposed:false
3416 silly fetch manifest cliui@^8.0.1
3417 silly packumentCache full:https://registry.npmjs.org/cliui cache-miss
3418 http cache https://registry.npmjs.org/inherits 5ms (cache hit)
3419 silly packumentCache full:https://registry.npmjs.org/inherits set size:12925 disposed:false
3420 silly fetch manifest escalade@^3.1.1
3421 silly packumentCache full:https://registry.npmjs.org/escalade cache-hit
3422 silly fetch manifest string-width@^4.2.3
3423 silly packumentCache full:https://registry.npmjs.org/string-width cache-miss
3424 http cache https://registry.npmjs.org/once 6ms (cache hit)
3425 silly packumentCache full:https://registry.npmjs.org/once set size:11752 disposed:false
3426 silly fetch manifest yargs-parser@^21.1.1
3427 silly packumentCache full:https://registry.npmjs.org/yargs-parser cache-miss
3428 http fetch GET 200 https://registry.npmjs.org/fs.realpath 136ms (cache miss)
3429 silly packumentCache full:https://registry.npmjs.org/fs.realpath set size:undefined disposed:false
3430 silly fetch manifest get-caller-file@^2.0.5
3431 silly packumentCache full:https://registry.npmjs.org/get-caller-file cache-miss
3432 http fetch GET 200 https://registry.npmjs.org/inflight 137ms (cache miss)
3433 silly packumentCache full:https://registry.npmjs.org/inflight set size:undefined disposed:false
3434 silly fetch manifest require-directory@^2.1.1
3435 silly packumentCache full:https://registry.npmjs.org/require-directory cache-miss
3436 http fetch GET 200 https://registry.npmjs.org/path-is-absolute 138ms (cache miss)
3437 silly packumentCache full:https://registry.npmjs.org/path-is-absolute set size:undefined disposed:false
3438 http fetch GET 200 https://registry.npmjs.org/y18n 138ms (cache miss)
3439 silly packumentCache full:https://registry.npmjs.org/y18n set size:undefined disposed:false
3440 http fetch GET 200 https://registry.npmjs.org/cliui 136ms (cache miss)
3441 silly packumentCache full:https://registry.npmjs.org/cliui set size:undefined disposed:false
3442 http fetch GET 200 https://registry.npmjs.org/string-width 136ms (cache miss)
3443 silly packumentCache full:https://registry.npmjs.org/string-width set size:undefined disposed:false
3444 http fetch GET 200 https://registry.npmjs.org/yargs-parser 137ms (cache miss)
3445 silly packumentCache full:https://registry.npmjs.org/yargs-parser set size:undefined disposed:false
3446 http fetch GET 200 https://registry.npmjs.org/get-caller-file 47ms (cache miss)
3447 silly packumentCache full:https://registry.npmjs.org/get-caller-file set size:undefined disposed:false
3448 http fetch GET 200 https://registry.npmjs.org/require-directory 53ms (cache miss)
3449 silly packumentCache full:https://registry.npmjs.org/require-directory set size:undefined disposed:false
3450 silly fetch manifest @babel/core@^7.4.0 || ^8.0.0-0 <8.0.0
3451 silly packumentCache full:https://registry.npmjs.org/@babel%2fcore cache-hit
3452 silly placeDep ROOT @babel/helper-define-polyfill-provider@0.6.8 OK for: babel-plugin-polyfill-corejs2@0.4.17 want: ^0.6.8
3453 silly fetch manifest resolve@^1.22.11
3454 silly packumentCache full:https://registry.npmjs.org/resolve cache-hit
3455 silly fetch manifest lodash.debounce@^4.0.8
3456 silly packumentCache full:https://registry.npmjs.org/lodash.debounce cache-miss
3457 http fetch GET 200 https://registry.npmjs.org/lodash.debounce 67ms (cache miss)
3458 silly packumentCache full:https://registry.npmjs.org/lodash.debounce set size:undefined disposed:false
3459 silly placeDep ROOT lodash.debounce@4.0.8 OK for: @babel/helper-define-polyfill-provider@0.6.8 want: ^4.0.8
3460 silly placeDep node_modules/@babel/helper-define-polyfill-provider resolve@1.22.12 OK for: @babel/helper-define-polyfill-provider@0.6.8 want: ^1.22.11
3461 silly placeDep ROOT core-js-compat@3.49.0 OK for: babel-plugin-polyfill-corejs3@0.13.0 want: ^3.43.0
3462 silly placeDep ROOT @expo/image-utils@0.8.13 OK for: expo-asset@12.0.12 want: ^0.8.8
3463 silly fetch manifest parse-png@^2.1.0
3464 silly packumentCache full:https://registry.npmjs.org/parse-png cache-miss
3465 silly fetch manifest jimp-compact@0.16.1
3466 silly packumentCache full:https://registry.npmjs.org/jimp-compact cache-miss
3467 silly fetch manifest @expo/require-utils@^55.0.4
3468 silly packumentCache full:https://registry.npmjs.org/@expo%2frequire-utils cache-miss
3469 http fetch GET 200 https://registry.npmjs.org/jimp-compact 54ms (cache miss)
3470 silly packumentCache full:https://registry.npmjs.org/jimp-compact set size:undefined disposed:false
3471 http fetch GET 200 https://registry.npmjs.org/@expo%2frequire-utils 91ms (cache miss)
3472 silly packumentCache full:https://registry.npmjs.org/@expo%2frequire-utils set size:undefined disposed:false
3473 http fetch GET 200 https://registry.npmjs.org/parse-png 204ms (cache miss)
3474 silly packumentCache full:https://registry.npmjs.org/parse-png set size:undefined disposed:false
3475 silly fetch manifest typescript@^5.0.0 || ^5.0.0-0
3476 silly packumentCache full:https://registry.npmjs.org/typescript cache-miss
3477 http cache https://registry.npmjs.org/typescript 21ms (cache hit)
3478 silly packumentCache full:https://registry.npmjs.org/typescript set size:15409943 disposed:false
3479 silly placeDep ROOT @expo/require-utils@55.0.4 OK for: @expo/image-utils@0.8.13 want: ^55.0.4
3480 silly placeDep ROOT jimp-compact@0.16.1 OK for: @expo/image-utils@0.8.13 want: 0.16.1
3481 silly placeDep ROOT parse-png@2.1.0 OK for: @expo/image-utils@0.8.13 want: ^2.1.0
3482 silly placeDep node_modules/@expo/image-utils semver@7.7.4 OK for: @expo/image-utils@0.8.13 want: ^7.6.0
3483 silly fetch manifest pngjs@^3.3.0
3484 silly packumentCache full:https://registry.npmjs.org/pngjs cache-miss
3485 http fetch GET 200 https://registry.npmjs.org/pngjs 108ms (cache miss)
3486 silly packumentCache full:https://registry.npmjs.org/pngjs set size:undefined disposed:false
3487 silly placeDep ROOT fontfaceobserver@2.3.0 OK for: expo-font@14.0.11 want: ^2.1.0
3488 silly placeDep ROOT commander@7.2.0 OK for: expo-modules-autolinking@3.0.24 want: ^7.2.0
3489 silly fetch manifest @types/react@*
3490 silly packumentCache full:https://registry.npmjs.org/@types%2freact cache-miss
3491 http cache https://registry.npmjs.org/@types%2freact 4ms (cache hit)
3492 silly packumentCache full:https://registry.npmjs.org/@types%2freact set size:2588964 disposed:false
3493 silly fetch manifest @types/react-dom@*
3494 silly packumentCache full:https://registry.npmjs.org/@types%2freact-dom cache-miss
3495 http cache https://registry.npmjs.org/@types%2freact-dom 1ms (cache hit)
3496 silly packumentCache full:https://registry.npmjs.org/@types%2freact-dom set size:429026 disposed:false
3497 silly fetch manifest react-native-safe-area-context@>= 5.4.0
3498 silly packumentCache full:https://registry.npmjs.org/react-native-safe-area-context cache-hit
3499 silly fetch manifest react-native-screens@*
3500 silly packumentCache full:https://registry.npmjs.org/react-native-screens cache-miss
3501 http cache https://registry.npmjs.org/react-native-screens 4ms (cache hit)
3502 silly packumentCache full:https://registry.npmjs.org/react-native-screens set size:3757676 disposed:false
3503 silly placeDep ROOT @expo/metro-runtime@6.1.2 OK for: expo-router@6.0.23 want: ^6.1.2
3504 silly placeDep ROOT @expo/schema-utils@0.1.8 OK for: expo-router@6.0.23 want: ^0.1.8
3505 silly placeDep ROOT @radix-ui/react-slot@1.2.0 OK for: expo-router@6.0.23 want: 1.2.0
3506 silly placeDep node_modules/expo-router @radix-ui/react-tabs@1.1.13 OK for: expo-router@6.0.23 want: ^1.1.12
3507 silly placeDep ROOT @react-navigation/native-stack@7.14.11 OK for: expo-router@6.0.23 want: ^7.3.16
3508 silly placeDep ROOT client-only@0.0.1 OK for: expo-router@6.0.23 want: ^0.0.1
3509 silly placeDep ROOT expo-server@1.0.5 OK for: expo-router@6.0.23 want: ^1.0.5
3510 silly placeDep ROOT react-fast-compare@3.2.2 OK for: expo-router@6.0.23 want: ^3.2.2
3511 silly placeDep ROOT react-native-is-edge-to-edge@1.3.1 OK for: expo-router@6.0.23 want: ^1.1.6
3512 silly placeDep node_modules/expo-router semver@7.6.3 OK for: expo-router@6.0.23 want: ~7.6.3
3513 silly placeDep ROOT server-only@0.0.1 OK for: expo-router@6.0.23 want: ^0.0.1
3514 silly placeDep ROOT shallowequal@1.1.0 OK for: expo-router@6.0.23 want: ^1.1.0
3515 silly placeDep ROOT vaul@1.1.2 OK for: expo-router@6.0.23 want: ^1.1.2
3516 silly fetch manifest @radix-ui/react-compose-refs@1.1.2
3517 silly packumentCache full:https://registry.npmjs.org/@radix-ui%2freact-compose-refs cache-miss
3518 silly fetch manifest @radix-ui/react-id@1.1.1
3519 silly packumentCache full:https://registry.npmjs.org/@radix-ui%2freact-id cache-miss
3520 silly fetch manifest @radix-ui/primitive@1.1.3
3521 silly packumentCache full:https://registry.npmjs.org/@radix-ui%2fprimitive cache-miss
3522 silly fetch manifest @radix-ui/react-context@1.1.2
3523 silly packumentCache full:https://registry.npmjs.org/@radix-ui%2freact-context cache-miss
3524 silly fetch manifest @radix-ui/react-presence@1.1.5
3525 silly packumentCache full:https://registry.npmjs.org/@radix-ui%2freact-presence cache-miss
3526 silly fetch manifest @radix-ui/react-direction@1.1.1
3527 silly packumentCache full:https://registry.npmjs.org/@radix-ui%2freact-direction cache-miss
3528 silly fetch manifest @radix-ui/react-primitive@2.1.3
3529 silly packumentCache full:https://registry.npmjs.org/@radix-ui%2freact-primitive cache-miss
3530 http fetch GET 200 https://registry.npmjs.org/@radix-ui%2freact-direction 66ms (cache miss)
3531 silly packumentCache full:https://registry.npmjs.org/@radix-ui%2freact-direction set size:undefined disposed:false
3532 silly fetch manifest @radix-ui/react-roving-focus@1.1.11
3533 silly packumentCache full:https://registry.npmjs.org/@radix-ui%2freact-roving-focus cache-miss
3534 http fetch GET 200 https://registry.npmjs.org/@radix-ui%2fprimitive 72ms (cache miss)
3535 silly packumentCache full:https://registry.npmjs.org/@radix-ui%2fprimitive set size:undefined disposed:false
3536 silly fetch manifest @radix-ui/react-use-controllable-state@1.2.2
3537 silly packumentCache full:https://registry.npmjs.org/@radix-ui%2freact-use-controllable-state cache-miss
3538 http fetch GET 200 https://registry.npmjs.org/@radix-ui%2freact-id 75ms (cache miss)
3539 silly packumentCache full:https://registry.npmjs.org/@radix-ui%2freact-id set size:undefined disposed:false
3540 silly fetch manifest warn-once@^0.1.1
3541 silly packumentCache full:https://registry.npmjs.org/warn-once cache-hit
3542 silly fetch manifest @radix-ui/react-dialog@^1.1.1
3543 silly packumentCache full:https://registry.npmjs.org/@radix-ui%2freact-dialog cache-miss
3544 http fetch GET 200 https://registry.npmjs.org/@radix-ui%2freact-presence 78ms (cache miss)
3545 silly packumentCache full:https://registry.npmjs.org/@radix-ui%2freact-presence set size:undefined disposed:false
3546 http fetch GET 200 https://registry.npmjs.org/@radix-ui%2freact-context 81ms (cache miss)
3547 silly packumentCache full:https://registry.npmjs.org/@radix-ui%2freact-context set size:undefined disposed:false
3548 http fetch GET 200 https://registry.npmjs.org/@radix-ui%2freact-primitive 94ms (cache miss)
3549 silly packumentCache full:https://registry.npmjs.org/@radix-ui%2freact-primitive set size:undefined disposed:false
3550 http fetch GET 200 https://registry.npmjs.org/@radix-ui%2freact-compose-refs 109ms (cache miss)
3551 silly packumentCache full:https://registry.npmjs.org/@radix-ui%2freact-compose-refs set size:undefined disposed:false
3552 http fetch GET 200 https://registry.npmjs.org/@radix-ui%2freact-use-controllable-state 67ms (cache miss)
3553 silly packumentCache full:https://registry.npmjs.org/@radix-ui%2freact-use-controllable-state set size:undefined disposed:false
3554 http fetch GET 200 https://registry.npmjs.org/@radix-ui%2freact-roving-focus 86ms (cache miss)
3555 silly packumentCache full:https://registry.npmjs.org/@radix-ui%2freact-roving-focus set size:undefined disposed:false
3556 http fetch GET 200 https://registry.npmjs.org/@radix-ui%2freact-dialog 105ms (cache miss)
3557 silly packumentCache full:https://registry.npmjs.org/@radix-ui%2freact-dialog set size:undefined disposed:false
3558 silly placeDep ROOT anser@1.4.10 OK for: @expo/metro-runtime@6.1.2 want: ^1.4.9
3559 silly placeDep ROOT stacktrace-parser@0.1.11 OK for: @expo/metro-runtime@6.1.2 want: ^0.1.10
3560 silly placeDep ROOT whatwg-fetch@3.6.20 OK for: @expo/metro-runtime@6.1.2 want: ^3.0.0
3561 silly fetch manifest type-fest@^0.7.1
3562 silly packumentCache full:https://registry.npmjs.org/type-fest cache-miss
3563 http fetch GET 200 https://registry.npmjs.org/type-fest 58ms (cache miss)
3564 silly packumentCache full:https://registry.npmjs.org/type-fest set size:undefined disposed:false
3565 silly fetch manifest react@^16.8 || ^17.0 || ^18.0 || ^19.0 || ^19.0.0-rc
3566 silly packumentCache full:https://registry.npmjs.org/react cache-miss
3567 http cache https://registry.npmjs.org/react 9ms (cache hit)
3568 silly packumentCache full:https://registry.npmjs.org/react set size:6613874 disposed:false
3569 silly placeDep ROOT @radix-ui/react-compose-refs@1.1.2 OK for: @radix-ui/react-slot@1.2.0 want: 1.1.2
3570 silly placeDep ROOT warn-once@0.1.1 OK for: @react-navigation/native-stack@7.14.11 want: ^0.1.1
3571 silly placeDep ROOT @expo/prebuild-config@54.0.8 OK for: expo-splash-screen@31.0.13 want: ^54.0.8
3572 silly placeDep ROOT @react-native/normalize-colors@0.81.5 OK for: @expo/prebuild-config@54.0.8 want: 0.81.5
3573 silly placeDep node_modules/@expo/prebuild-config semver@7.7.4 OK for: @expo/prebuild-config@54.0.8 want: ^7.6.0
3574 silly placeDep ROOT flat-cache@4.0.1 OK for: file-entry-cache@8.0.0 want: ^4.0.0
3575 silly fetch manifest keyv@^4.5.4
3576 silly packumentCache full:https://registry.npmjs.org/keyv cache-miss
3577 silly fetch manifest flatted@^3.2.9
3578 silly packumentCache full:https://registry.npmjs.org/flatted cache-miss
3579 http cache https://registry.npmjs.org/flatted 2ms (cache hit)
3580 silly packumentCache full:https://registry.npmjs.org/flatted set size:137347 disposed:false
3581 http cache https://registry.npmjs.org/keyv 3ms (cache hit)
3582 silly packumentCache full:https://registry.npmjs.org/keyv set size:215840 disposed:false
3583 silly placeDep ROOT locate-path@6.0.0 OK for: find-up@5.0.0 want: ^6.0.0
3584 silly placeDep ROOT path-exists@4.0.0 OK for: find-up@5.0.0 want: ^4.0.0
3585 silly fetch manifest p-locate@^5.0.0
3586 silly packumentCache full:https://registry.npmjs.org/p-locate cache-miss
3587 http cache https://registry.npmjs.org/p-locate 1ms (cache hit)
3588 silly packumentCache full:https://registry.npmjs.org/p-locate set size:22488 disposed:false
3589 silly placeDep ROOT flatted@3.4.2 OK for: flat-cache@4.0.1 want: ^3.2.9
3590 silly placeDep ROOT keyv@4.5.4 OK for: flat-cache@4.0.1 want: ^4.5.4
3591 silly fetch manifest json-buffer@3.0.1
3592 silly packumentCache full:https://registry.npmjs.org/json-buffer cache-miss
3593 http cache https://registry.npmjs.org/json-buffer 1ms (cache hit)
3594 silly packumentCache full:https://registry.npmjs.org/json-buffer set size:23474 disposed:false
3595 silly placeDep ROOT functions-have-names@1.2.3 OK for: function.prototype.name@1.1.8 want: ^1.2.3
3596 silly placeDep ROOT dunder-proto@1.0.1 OK for: get-proto@1.0.1 want: ^1.0.1
3597 silly placeDep ROOT resolve-pkg-maps@1.0.0 OK for: get-tsconfig@4.14.0 want: ^1.0.0
3598 silly placeDep node_modules/glob minimatch@10.2.5 OK for: glob@13.0.6 want: ^10.2.2
3599 silly placeDep ROOT minipass@7.1.3 OK for: glob@13.0.6 want: ^7.1.3
3600 silly placeDep ROOT path-scurry@2.0.2 OK for: glob@13.0.6 want: ^2.0.2
3601 silly fetch manifest lru-cache@^11.0.0
3602 silly packumentCache full:https://registry.npmjs.org/lru-cache cache-hit
3603 silly placeDep ROOT hermes-estree@0.29.1 OK for: hermes-parser@0.29.1 want: 0.29.1
3604 silly placeDep ROOT parent-module@1.0.1 OK for: import-fresh@3.3.1 want: ^1.0.0
3605 silly placeDep node_modules/import-fresh resolve-from@4.0.0 OK for: import-fresh@3.3.1 want: ^4.0.0
3606 silly fetch manifest callsites@^3.0.0
3607 silly packumentCache full:https://registry.npmjs.org/callsites cache-miss
3608 http cache https://registry.npmjs.org/callsites 2ms (cache hit)
3609 silly packumentCache full:https://registry.npmjs.org/callsites set size:21349 disposed:false
3610 silly placeDep ROOT side-channel@1.1.0 OK for: internal-slot@1.1.0 want: ^1.1.0
3611 silly fetch manifest side-channel-list@^1.0.0
3612 silly packumentCache full:https://registry.npmjs.org/side-channel-list cache-miss
3613 silly fetch manifest side-channel-map@^1.0.1
3614 silly packumentCache full:https://registry.npmjs.org/side-channel-map cache-miss
3615 silly fetch manifest side-channel-weakmap@^1.0.2
3616 silly packumentCache full:https://registry.npmjs.org/side-channel-weakmap cache-miss
3617 http cache https://registry.npmjs.org/side-channel-list 1ms (cache hit)
3618 silly packumentCache full:https://registry.npmjs.org/side-channel-list set size:9021 disposed:false
3619 http cache https://registry.npmjs.org/side-channel-map 1ms (cache hit)
3620 silly packumentCache full:https://registry.npmjs.org/side-channel-map set size:9126 disposed:false
3621 http cache https://registry.npmjs.org/side-channel-weakmap 2ms (cache hit)
3622 silly packumentCache full:https://registry.npmjs.org/side-channel-weakmap set size:12620 disposed:false
3623 silly placeDep ROOT loose-envify@1.4.0 OK for: invariant@2.2.4 want: ^1.0.0
3624 silly placeDep node_modules/is-bun-module semver@7.7.4 OK for: is-bun-module@2.0.0 want: ^7.7.1
3625 silly placeDep ROOT is-extglob@2.1.1 OK for: is-glob@4.0.3 want: ^2.1.1
3626 silly placeDep ROOT set-function-name@2.0.2 OK for: iterator.prototype@1.1.5 want: ^2.0.2
3627 silly placeDep ROOT argparse@2.0.1 OK for: js-yaml@4.1.1 want: ^2.0.1
3628 silly placeDep ROOT json-buffer@3.0.1 OK for: keyv@4.5.4 want: 3.0.1
3629 silly placeDep ROOT prelude-ls@1.2.1 OK for: levn@0.4.1 want: ^1.2.1
3630 silly placeDep ROOT type-check@0.4.0 OK for: levn@0.4.1 want: ~0.4.0
3631 silly placeDep ROOT detect-libc@2.1.2 OK for: lightningcss@1.32.0 want: ^2.0.3
3632 silly placeDep ROOT lightningcss-android-arm64@1.32.0 OK for: lightningcss@1.32.0 want: 1.32.0
3633 silly placeDep ROOT lightningcss-darwin-arm64@1.32.0 OK for: lightningcss@1.32.0 want: 1.32.0
3634 silly placeDep ROOT lightningcss-darwin-x64@1.32.0 OK for: lightningcss@1.32.0 want: 1.32.0
3635 silly placeDep ROOT lightningcss-freebsd-x64@1.32.0 OK for: lightningcss@1.32.0 want: 1.32.0
3636 silly placeDep ROOT lightningcss-linux-arm-gnueabihf@1.32.0 OK for: lightningcss@1.32.0 want: 1.32.0
3637 silly placeDep ROOT lightningcss-linux-arm64-gnu@1.32.0 OK for: lightningcss@1.32.0 want: 1.32.0
3638 silly placeDep ROOT lightningcss-linux-arm64-musl@1.32.0 OK for: lightningcss@1.32.0 want: 1.32.0
3639 silly placeDep ROOT lightningcss-linux-x64-gnu@1.32.0 OK for: lightningcss@1.32.0 want: 1.32.0
3640 silly placeDep ROOT lightningcss-linux-x64-musl@1.32.0 OK for: lightningcss@1.32.0 want: 1.32.0
3641 silly placeDep ROOT lightningcss-win32-arm64-msvc@1.32.0 OK for: lightningcss@1.32.0 want: 1.32.0
3642 silly placeDep ROOT lightningcss-win32-x64-msvc@1.32.0 OK for: lightningcss@1.32.0 want: 1.32.0
3643 silly placeDep ROOT p-locate@5.0.0 OK for: locate-path@6.0.0 want: ^5.0.0
3644 silly placeDep ROOT yallist@3.1.1 OK for: lru-cache@5.1.1 want: ^3.0.2
3645 silly fetch manifest bufferutil@^4.0.1
3646 silly packumentCache full:https://registry.npmjs.org/bufferutil cache-miss
3647 http cache https://registry.npmjs.org/bufferutil 1ms (cache hit)
3648 silly packumentCache full:https://registry.npmjs.org/bufferutil set size:52763 disposed:false
3649 silly fetch manifest utf-8-validate@^5.0.2
3650 silly packumentCache full:https://registry.npmjs.org/utf-8-validate cache-miss
3651 http cache https://registry.npmjs.org/utf-8-validate 1ms (cache hit)
3652 silly packumentCache full:https://registry.npmjs.org/utf-8-validate set size:77148 disposed:false
3653 silly placeDep ROOT accepts@1.3.8 OK for: metro@0.83.3 want: ^1.3.7
3654 silly placeDep ROOT ci-info@2.0.0 OK for: metro@0.83.3 want: ^2.0.0
3655 silly placeDep ROOT connect@3.7.0 OK for: metro@0.83.3 want: ^3.6.5
3656 silly placeDep ROOT error-stack-parser@2.1.4 OK for: metro@0.83.3 want: ^2.0.6
3657 silly placeDep ROOT flow-enums-runtime@0.0.6 OK for: metro@0.83.3 want: ^0.0.6
3658 silly placeDep ROOT graceful-fs@4.2.11 OK for: metro@0.83.3 want: ^4.2.4
3659 silly placeDep node_modules/metro hermes-parser@0.32.0 OK for: metro@0.83.3 want: 0.32.0
3660 silly placeDep ROOT image-size@1.2.1 OK for: metro@0.83.3 want: ^1.0.2
3661 silly placeDep ROOT jest-worker@29.7.0 OK for: metro@0.83.3 want: ^29.7.0
3662 silly placeDep ROOT lodash.throttle@4.1.1 OK for: metro@0.83.3 want: ^4.1.1
3663 silly placeDep ROOT mime-types@2.1.35 OK for: metro@0.83.3 want: ^2.1.27
3664 silly placeDep ROOT serialize-error@2.1.0 OK for: metro@0.83.3 want: ^2.1.0
3665 silly placeDep ROOT source-map@0.5.7 OK for: metro@0.83.3 want: ^0.5.6
3666 silly placeDep ROOT throat@5.0.0 OK for: metro@0.83.3 want: ^5.0.0
3667 silly placeDep ROOT ws@7.5.10 OK for: metro@0.83.3 want: ^7.5.10
3668 silly fetch manifest mime-types@~2.1.34
3669 silly packumentCache full:https://registry.npmjs.org/mime-types cache-hit
3670 silly fetch manifest negotiator@0.6.3
3671 silly packumentCache full:https://registry.npmjs.org/negotiator cache-miss
3672 silly fetch manifest debug@2.6.9
3673 silly packumentCache full:https://registry.npmjs.org/debug cache-hit
3674 silly fetch manifest finalhandler@1.1.2
3675 silly packumentCache full:https://registry.npmjs.org/finalhandler cache-miss
3676 silly fetch manifest parseurl@~1.3.3
3677 silly packumentCache full:https://registry.npmjs.org/parseurl cache-miss
3678 silly fetch manifest utils-merge@1.0.1
3679 silly packumentCache full:https://registry.npmjs.org/utils-merge cache-miss
3680 silly fetch manifest stackframe@^1.3.4
3681 silly packumentCache full:https://registry.npmjs.org/stackframe cache-miss
3682 silly fetch manifest hermes-estree@0.32.0
3683 silly packumentCache full:https://registry.npmjs.org/hermes-estree cache-hit
3684 silly fetch manifest queue@6.0.2
3685 silly packumentCache full:https://registry.npmjs.org/queue cache-miss
3686 silly fetch manifest jest-util@^29.7.0
3687 silly packumentCache full:https://registry.npmjs.org/jest-util cache-miss
3688 http cache https://registry.npmjs.org/parseurl 3ms (cache hit)
3689 silly packumentCache full:https://registry.npmjs.org/parseurl set size:24148 disposed:false
3690 silly fetch manifest @types/node@*
3691 silly packumentCache full:https://registry.npmjs.org/@types%2fnode cache-miss
3692 http cache https://registry.npmjs.org/finalhandler 3ms (cache hit)
3693 silly packumentCache full:https://registry.npmjs.org/finalhandler set size:79291 disposed:false
3694 silly fetch manifest merge-stream@^2.0.0
3695 silly packumentCache full:https://registry.npmjs.org/merge-stream cache-miss
3696 http cache https://registry.npmjs.org/negotiator 4ms (cache hit)
3697 silly packumentCache full:https://registry.npmjs.org/negotiator set size:48046 disposed:false
3698 silly fetch manifest supports-color@^8.0.0
3699 silly packumentCache full:https://registry.npmjs.org/supports-color cache-hit
3700 silly fetch manifest mime-db@1.52.0
3701 silly packumentCache full:https://registry.npmjs.org/mime-db cache-miss
3702 http cache https://registry.npmjs.org/mime-db 3ms (cache hit)
3703 silly packumentCache full:https://registry.npmjs.org/mime-db set size:164953 disposed:false
3704 http cache https://registry.npmjs.org/@types%2fnode 19ms (cache hit)
3705 silly packumentCache full:https://registry.npmjs.org/@types%2fnode set size:10972342 disposed:false
3706 http fetch GET 200 https://registry.npmjs.org/utils-merge 66ms (cache miss)
3707 silly packumentCache full:https://registry.npmjs.org/utils-merge set size:undefined disposed:false
3708 http fetch GET 200 https://registry.npmjs.org/stackframe 67ms (cache miss)
3709 silly packumentCache full:https://registry.npmjs.org/stackframe set size:undefined disposed:false
3710 http fetch GET 200 https://registry.npmjs.org/queue 66ms (cache miss)
3711 silly packumentCache full:https://registry.npmjs.org/queue set size:undefined disposed:false
3712 http fetch GET 200 https://registry.npmjs.org/jest-util 68ms (cache miss)
3713 silly packumentCache full:https://registry.npmjs.org/jest-util set size:undefined disposed:false
3714 http fetch GET 200 https://registry.npmjs.org/merge-stream 162ms (cache miss)
3715 silly packumentCache full:https://registry.npmjs.org/merge-stream set size:undefined disposed:false
3716 silly placeDep ROOT negotiator@0.6.3 OK for: accepts@1.3.8 want: 0.6.3
3717 silly placeDep node_modules/connect debug@2.6.9 OK for: connect@3.7.0 want: 2.6.9
3718 silly placeDep ROOT finalhandler@1.1.2 OK for: connect@3.7.0 want: 1.1.2
3719 silly placeDep ROOT parseurl@1.3.3 OK for: connect@3.7.0 want: ~1.3.3
3720 silly placeDep ROOT utils-merge@1.0.1 OK for: connect@3.7.0 want: 1.0.1
3721 silly fetch manifest ms@2.0.0
3722 silly packumentCache full:https://registry.npmjs.org/ms cache-hit
3723 silly fetch manifest unpipe@~1.0.0
3724 silly packumentCache full:https://registry.npmjs.org/unpipe cache-miss
3725 silly fetch manifest statuses@~1.5.0
3726 silly packumentCache full:https://registry.npmjs.org/statuses cache-miss
3727 silly fetch manifest encodeurl@~1.0.2
3728 silly packumentCache full:https://registry.npmjs.org/encodeurl cache-miss
3729 silly fetch manifest escape-html@~1.0.3
3730 silly packumentCache full:https://registry.npmjs.org/escape-html cache-miss
3731 silly fetch manifest on-finished@~2.3.0
3732 silly packumentCache full:https://registry.npmjs.org/on-finished cache-miss
3733 http cache https://registry.npmjs.org/encodeurl 2ms (cache hit)
3734 silly packumentCache full:https://registry.npmjs.org/encodeurl set size:12296 disposed:false
3735 http cache https://registry.npmjs.org/unpipe 2ms (cache hit)
3736 silly packumentCache full:https://registry.npmjs.org/unpipe set size:3609 disposed:false
3737 http cache https://registry.npmjs.org/statuses 3ms (cache hit)
3738 silly packumentCache full:https://registry.npmjs.org/statuses set size:37117 disposed:false
3739 http cache https://registry.npmjs.org/escape-html 3ms (cache hit)
3740 silly packumentCache full:https://registry.npmjs.org/escape-html set size:7345 disposed:false
3741 http cache https://registry.npmjs.org/on-finished 2ms (cache hit)
3742 silly packumentCache full:https://registry.npmjs.org/on-finished set size:23212 disposed:false
3743 silly placeDep ROOT stackframe@1.3.4 OK for: error-stack-parser@2.1.4 want: ^1.3.4
3744 silly placeDep node_modules/finalhandler debug@2.6.9 OK for: finalhandler@1.1.2 want: 2.6.9
3745 silly placeDep ROOT encodeurl@1.0.2 OK for: finalhandler@1.1.2 want: ~1.0.2
3746 silly placeDep ROOT escape-html@1.0.3 OK for: finalhandler@1.1.2 want: ~1.0.3
3747 silly placeDep ROOT on-finished@2.3.0 OK for: finalhandler@1.1.2 want: ~2.3.0
3748 silly placeDep ROOT statuses@1.5.0 OK for: finalhandler@1.1.2 want: ~1.5.0
3749 silly placeDep ROOT unpipe@1.0.0 OK for: finalhandler@1.1.2 want: ~1.0.0
3750 silly fetch manifest ee-first@1.1.1
3751 silly packumentCache full:https://registry.npmjs.org/ee-first cache-miss
3752 http cache https://registry.npmjs.org/ee-first 1ms (cache hit)
3753 silly packumentCache full:https://registry.npmjs.org/ee-first set size:15327 disposed:false
3754 silly placeDep ROOT queue@6.0.2 OK for: image-size@1.2.1 want: 6.0.2
3755 silly fetch manifest inherits@~2.0.3
3756 silly packumentCache full:https://registry.npmjs.org/inherits cache-hit
3757 silly placeDep ROOT @types/node@25.6.0 OK for: jest-worker@29.7.0 want: *
3758 silly placeDep ROOT jest-util@29.7.0 OK for: jest-worker@29.7.0 want: ^29.7.0
3759 silly placeDep ROOT merge-stream@2.0.0 OK for: jest-worker@29.7.0 want: ^2.0.0
3760 silly placeDep node_modules/jest-worker supports-color@8.1.1 OK for: jest-worker@29.7.0 want: ^8.0.0
3761 silly fetch manifest undici-types@~7.19.0
3762 silly packumentCache full:https://registry.npmjs.org/undici-types cache-miss
3763 silly fetch manifest ci-info@^3.2.0
3764 silly packumentCache full:https://registry.npmjs.org/ci-info cache-hit
3765 silly fetch manifest picomatch@^2.2.3
3766 silly packumentCache full:https://registry.npmjs.org/picomatch cache-hit
3767 silly fetch manifest @jest/types@^29.6.3
3768 silly packumentCache full:https://registry.npmjs.org/@jest%2ftypes cache-miss
3769 http cache https://registry.npmjs.org/undici-types 2ms (cache hit)
3770 silly packumentCache full:https://registry.npmjs.org/undici-types set size:210150 disposed:false
3771 http fetch GET 200 https://registry.npmjs.org/@jest%2ftypes 77ms (cache miss)
3772 silly packumentCache full:https://registry.npmjs.org/@jest%2ftypes set size:undefined disposed:false
3773 silly placeDep ROOT undici-types@7.19.2 OK for: @types/node@25.6.0 want: ~7.19.0
3774 silly placeDep ROOT @jest/types@29.6.3 OK for: jest-util@29.7.0 want: ^29.6.3
3775 silly placeDep node_modules/jest-util ci-info@3.9.0 OK for: jest-util@29.7.0 want: ^3.2.0
3776 silly placeDep ROOT picomatch@2.3.2 OK for: jest-util@29.7.0 want: ^2.2.3
3777 silly fetch manifest @types/yargs@^17.0.8
3778 silly packumentCache full:https://registry.npmjs.org/@types%2fyargs cache-miss
3779 silly fetch manifest @types/istanbul-reports@^3.0.0
3780 silly packumentCache full:https://registry.npmjs.org/@types%2fistanbul-reports cache-miss
3781 silly fetch manifest @types/istanbul-lib-coverage@^2.0.0
3782 silly packumentCache full:https://registry.npmjs.org/@types%2fistanbul-lib-coverage cache-miss
3783 http fetch GET 200 https://registry.npmjs.org/@types%2fistanbul-lib-coverage 60ms (cache miss)
3784 silly packumentCache full:https://registry.npmjs.org/@types%2fistanbul-lib-coverage set size:undefined disposed:false
3785 http fetch GET 200 https://registry.npmjs.org/@types%2fistanbul-reports 60ms (cache miss)
3786 silly packumentCache full:https://registry.npmjs.org/@types%2fistanbul-reports set size:undefined disposed:false
3787 http fetch GET 200 https://registry.npmjs.org/@types%2fyargs 76ms (cache miss)
3788 silly packumentCache full:https://registry.npmjs.org/@types%2fyargs set size:undefined disposed:false
3789 silly placeDep ROOT @jest/schemas@29.6.3 OK for: @jest/types@29.6.3 want: ^29.6.3
3790 silly placeDep ROOT @types/istanbul-lib-coverage@2.0.6 OK for: @jest/types@29.6.3 want: ^2.0.0
3791 silly placeDep ROOT @types/istanbul-reports@3.0.4 OK for: @jest/types@29.6.3 want: ^3.0.0
3792 silly placeDep ROOT @types/yargs@17.0.35 OK for: @jest/types@29.6.3 want: ^17.0.8
3793 silly fetch manifest @sinclair/typebox@^0.27.8
3794 silly packumentCache full:https://registry.npmjs.org/@sinclair%2ftypebox cache-miss
3795 silly fetch manifest @types/istanbul-lib-report@*
3796 silly packumentCache full:https://registry.npmjs.org/@types%2fistanbul-lib-report cache-miss
3797 silly fetch manifest @types/yargs-parser@*
3798 silly packumentCache full:https://registry.npmjs.org/@types%2fyargs-parser cache-miss
3799 http fetch GET 200 https://registry.npmjs.org/@types%2fyargs-parser 69ms (cache miss)
3800 silly packumentCache full:https://registry.npmjs.org/@types%2fyargs-parser set size:undefined disposed:false
3801 http fetch GET 200 https://registry.npmjs.org/@types%2fistanbul-lib-report 121ms (cache miss)
3802 silly packumentCache full:https://registry.npmjs.org/@types%2fistanbul-lib-report set size:undefined disposed:false
3803 http fetch GET 200 https://registry.npmjs.org/@sinclair%2ftypebox 160ms (cache miss)
3804 silly packumentCache full:https://registry.npmjs.org/@sinclair%2ftypebox set size:undefined disposed:false
3805 silly placeDep ROOT @sinclair/typebox@0.27.10 OK for: @jest/schemas@29.6.3 want: ^0.27.8
3806 silly placeDep ROOT @types/istanbul-lib-report@3.0.3 OK for: @types/istanbul-reports@3.0.4 want: *
3807 silly placeDep ROOT @types/yargs-parser@21.0.3 OK for: @types/yargs@17.0.35 want: *
3808 silly placeDep node_modules/metro-babel-transformer hermes-parser@0.32.0 OK for: metro-babel-transformer@0.83.3 want: 0.32.0
3809 silly placeDep ROOT exponential-backoff@3.1.3 OK for: metro-cache@0.83.3 want: ^3.1.1
3810 silly placeDep ROOT https-proxy-agent@7.0.6 OK for: metro-cache@0.83.3 want: ^7.0.5
3811 silly fetch manifest agent-base@^7.1.2
3812 silly packumentCache full:https://registry.npmjs.org/agent-base cache-miss
3813 http fetch GET 200 https://registry.npmjs.org/agent-base 46ms (cache miss)
3814 silly packumentCache full:https://registry.npmjs.org/agent-base set size:undefined disposed:false
3815 silly placeDep ROOT agent-base@7.1.4 OK for: https-proxy-agent@7.0.6 want: ^7.1.2
3816 silly placeDep ROOT jest-validate@29.7.0 OK for: metro-config@0.83.3 want: ^29.7.0
3817 silly placeDep ROOT yaml@2.8.3 OK for: metro-config@0.83.3 want: ^2.6.1
3818 silly fetch manifest leven@^3.1.0
3819 silly packumentCache full:https://registry.npmjs.org/leven cache-miss
3820 silly fetch manifest camelcase@^6.2.0
3821 silly packumentCache full:https://registry.npmjs.org/camelcase cache-miss
3822 silly fetch manifest jest-get-type@^29.6.3
3823 silly packumentCache full:https://registry.npmjs.org/jest-get-type cache-miss
3824 http fetch GET 200 https://registry.npmjs.org/leven 131ms (cache miss)
3825 silly packumentCache full:https://registry.npmjs.org/leven set size:undefined disposed:false
3826 http fetch GET 200 https://registry.npmjs.org/camelcase 132ms (cache miss)
3827 silly packumentCache full:https://registry.npmjs.org/camelcase set size:undefined disposed:false
3828 http fetch GET 200 https://registry.npmjs.org/jest-get-type 133ms (cache miss)
3829 silly packumentCache full:https://registry.npmjs.org/jest-get-type set size:undefined disposed:false
3830 silly placeDep ROOT camelcase@6.3.0 OK for: jest-validate@29.7.0 want: ^6.2.0
3831 silly placeDep ROOT jest-get-type@29.6.3 OK for: jest-validate@29.7.0 want: ^29.6.3
3832 silly placeDep ROOT leven@3.1.0 OK for: jest-validate@29.7.0 want: ^3.1.0
3833 silly placeDep ROOT fb-watchman@2.0.2 OK for: metro-file-map@0.83.3 want: ^2.0.0
3834 silly placeDep ROOT micromatch@4.0.8 OK for: metro-file-map@0.83.3 want: ^4.0.4
3835 silly placeDep ROOT walker@1.0.8 OK for: metro-file-map@0.83.3 want: ^1.0.7
3836 silly fetch manifest bser@2.1.1
3837 silly packumentCache full:https://registry.npmjs.org/bser cache-miss
3838 silly fetch manifest braces@^3.0.3
3839 silly packumentCache full:https://registry.npmjs.org/braces cache-miss
3840 silly fetch manifest makeerror@1.0.12
3841 silly packumentCache full:https://registry.npmjs.org/makeerror cache-miss
3842 http cache https://registry.npmjs.org/braces 3ms (cache hit)
3843 silly packumentCache full:https://registry.npmjs.org/braces set size:114529 disposed:false
3844 http fetch GET 200 https://registry.npmjs.org/makeerror 50ms (cache miss)
3845 silly packumentCache full:https://registry.npmjs.org/makeerror set size:undefined disposed:false
3846 http fetch GET 200 https://registry.npmjs.org/bser 228ms (cache miss)
3847 silly packumentCache full:https://registry.npmjs.org/bser set size:undefined disposed:false
3848 silly placeDep ROOT bser@2.1.1 OK for: fb-watchman@2.0.2 want: 2.1.1
3849 silly fetch manifest node-int64@^0.4.0
3850 silly packumentCache full:https://registry.npmjs.org/node-int64 cache-miss
3851 http fetch GET 200 https://registry.npmjs.org/node-int64 60ms (cache miss)
3852 silly packumentCache full:https://registry.npmjs.org/node-int64 set size:undefined disposed:false
3853 silly placeDep ROOT node-int64@0.4.0 OK for: bser@2.1.1 want: ^0.4.0
3854 silly placeDep ROOT terser@5.46.1 OK for: metro-minify-terser@0.83.3 want: ^5.15.0
3855 silly fetch manifest @jridgewell/source-map@^0.3.3
3856 silly packumentCache full:https://registry.npmjs.org/@jridgewell%2fsource-map cache-miss
3857 silly fetch manifest commander@^2.20.0
3858 silly packumentCache full:https://registry.npmjs.org/commander cache-hit
3859 silly fetch manifest source-map-support@~0.5.20
3860 silly packumentCache full:https://registry.npmjs.org/source-map-support cache-miss
3861 http cache https://registry.npmjs.org/source-map-support 4ms (cache hit)
3862 silly packumentCache full:https://registry.npmjs.org/source-map-support set size:125488 disposed:false
3863 http fetch GET 200 https://registry.npmjs.org/@jridgewell%2fsource-map 75ms (cache miss)
3864 silly packumentCache full:https://registry.npmjs.org/@jridgewell%2fsource-map set size:undefined disposed:false
3865 silly placeDep ROOT @babel/traverse--for-generate-function-map@7.29.0 OK for: metro-source-map@0.83.3 want: npm:@babel/traverse@^7.25.3
3866 silly placeDep ROOT ob1@0.83.3 OK for: metro-source-map@0.83.3 want: 0.83.3
3867 silly placeDep ROOT vlq@1.0.1 OK for: metro-source-map@0.83.3 want: ^1.0.0
3868 silly placeDep ROOT braces@3.0.3 OK for: micromatch@4.0.8 want: ^3.0.3
3869 silly fetch manifest fill-range@^7.1.1
3870 silly packumentCache full:https://registry.npmjs.org/fill-range cache-miss
3871 http cache https://registry.npmjs.org/fill-range 5ms (cache hit)
3872 silly packumentCache full:https://registry.npmjs.org/fill-range set size:90212 disposed:false
3873 silly placeDep ROOT fill-range@7.1.1 OK for: braces@3.0.3 want: ^7.1.1
3874 silly fetch manifest to-regex-range@^5.0.1
3875 silly packumentCache full:https://registry.npmjs.org/to-regex-range cache-miss
3876 http cache https://registry.npmjs.org/to-regex-range 6ms (cache hit)
3877 silly packumentCache full:https://registry.npmjs.org/to-regex-range set size:61569 disposed:false
3878 silly placeDep ROOT to-regex-range@5.0.1 OK for: fill-range@7.1.1 want: ^5.0.1
3879 silly fetch manifest is-number@^7.0.0
3880 silly packumentCache full:https://registry.npmjs.org/is-number cache-miss
3881 http cache https://registry.npmjs.org/is-number 5ms (cache hit)
3882 silly packumentCache full:https://registry.npmjs.org/is-number set size:36183 disposed:false
3883 silly placeDep ROOT mime-db@1.52.0 OK for: mime-types@2.1.35 want: 1.52.0
3884 silly placeDep ROOT brace-expansion@1.1.14 OK for: minimatch@3.1.5 want: ^1.1.7
3885 silly fetch manifest concat-map@0.0.1
3886 silly packumentCache full:https://registry.npmjs.org/concat-map cache-miss
3887 silly fetch manifest balanced-match@^1.0.0
3888 silly packumentCache full:https://registry.npmjs.org/balanced-match cache-miss
3889 http cache https://registry.npmjs.org/concat-map 3ms (cache hit)
3890 silly packumentCache full:https://registry.npmjs.org/concat-map set size:9290 disposed:false
3891 http cache https://registry.npmjs.org/balanced-match 3ms (cache hit)
3892 silly packumentCache full:https://registry.npmjs.org/balanced-match set size:39082 disposed:false
3893 silly placeDep ROOT balanced-match@1.0.2 OK for: brace-expansion@1.1.14 want: ^1.0.0
3894 silly placeDep ROOT concat-map@0.0.1 OK for: brace-expansion@1.1.14 want: 0.0.1
3895 silly placeDep ROOT ee-first@1.1.1 OK for: on-finished@2.3.0 want: 1.1.1
3896 silly placeDep ROOT deep-is@0.1.4 OK for: optionator@0.9.4 want: ^0.1.3
3897 silly placeDep ROOT fast-levenshtein@2.0.6 OK for: optionator@0.9.4 want: ^2.0.6
3898 silly placeDep ROOT word-wrap@1.2.5 OK for: optionator@0.9.4 want: ^1.2.5
3899 silly placeDep ROOT yocto-queue@0.1.0 OK for: p-limit@3.1.0 want: ^0.1.0
3900 silly placeDep ROOT callsites@3.1.0 OK for: parent-module@1.0.1 want: ^3.0.0
3901 silly placeDep ROOT pngjs@3.4.0 OK for: parse-png@2.1.0 want: ^3.3.0
3902 silly placeDep node_modules/path-scurry lru-cache@11.3.5 OK for: path-scurry@2.0.2 want: ^11.0.0
3903 silly placeDep ROOT source-map-js@1.2.1 OK for: postcss@8.4.49 want: ^1.2.1
3904 silly placeDep node_modules/pretty-format ansi-styles@5.2.0 OK for: pretty-format@29.7.0 want: ^5.0.0
3905 silly placeDep node_modules/pretty-format react-is@18.3.1 OK for: pretty-format@29.7.0 want: ^18.0.0
3906 silly placeDep ROOT object-assign@4.1.1 OK for: prop-types@15.8.1 want: ^4.1.1
3907 silly placeDep node_modules/prop-types react-is@16.13.1 OK for: prop-types@15.8.1 want: ^16.13.1
3908 silly placeDep ROOT decode-uri-component@0.2.2 OK for: query-string@7.1.3 want: ^0.2.2
3909 silly placeDep ROOT filter-obj@1.1.0 OK for: query-string@7.1.3 want: ^1.1.0
3910 silly placeDep ROOT split-on-first@1.1.0 OK for: query-string@7.1.3 want: ^1.0.0
3911 silly placeDep ROOT strict-uri-encode@2.0.0 OK for: query-string@7.1.3 want: ^2.0.0
3912 silly placeDep ROOT inherits@2.0.4 OK for: queue@6.0.2 want: ~2.0.3
3913 silly placeDep ROOT scheduler@0.26.0 OK for: react-dom@19.1.0 want: ^0.26.0
3914 silly fetch manifest @babel/core@^7.8.0
3915 silly packumentCache full:https://registry.npmjs.org/@babel%2fcore cache-hit
3916 silly fetch manifest @types/react@^19.1.0
3917 silly packumentCache full:https://registry.npmjs.org/@types%2freact cache-miss
3918 http cache https://registry.npmjs.org/@types%2freact 3ms (cache hit)
3919 silly packumentCache full:https://registry.npmjs.org/@types%2freact set size:2588964 disposed:false
3920 silly fetch manifest react@^19.1.0
3921 silly packumentCache full:https://registry.npmjs.org/react cache-miss
3922 http cache https://registry.npmjs.org/react 7ms (cache hit)
3923 silly packumentCache full:https://registry.npmjs.org/react set size:6613874 disposed:false
3924 silly fetch manifest @react-native-community/cli@*
3925 silly packumentCache full:https://registry.npmjs.org/@react-native-community%2fcli cache-miss
3926 http fetch GET 200 https://registry.npmjs.org/@react-native-community%2fcli 125ms (cache miss)
3927 silly packumentCache full:https://registry.npmjs.org/@react-native-community%2fcli set size:undefined disposed:false
3928 silly placeDep ROOT @jest/create-cache-key-function@29.7.0 OK for: react-native@0.81.5 want: ^29.7.0
3929 silly placeDep ROOT @react-native/assets-registry@0.81.5 OK for: react-native@0.81.5 want: 0.81.5
3930 silly placeDep ROOT @react-native/community-cli-plugin@0.81.5 OK for: react-native@0.81.5 want: 0.81.5
3931 silly placeDep ROOT @react-native/gradle-plugin@0.81.5 OK for: react-native@0.81.5 want: 0.81.5
3932 silly placeDep ROOT @react-native/js-polyfills@0.81.5 OK for: react-native@0.81.5 want: 0.81.5
3933 silly placeDep node_modules/react-native @react-native/virtualized-lists@0.81.5 CONFLICT for: react-native@0.81.5 want: 0.81.5
3934 silly placeDep ROOT abort-controller@3.0.0 OK for: react-native@0.81.5 want: ^3.0.0
3935 silly placeDep ROOT ansi-regex@5.0.1 OK for: react-native@0.81.5 want: ^5.0.0
3936 silly placeDep ROOT babel-jest@29.7.0 OK for: react-native@0.81.5 want: ^29.7.0
3937 silly placeDep node_modules/react-native commander@12.1.0 OK for: react-native@0.81.5 want: ^12.0.0
3938 silly placeDep node_modules/react-native glob@7.2.3 OK for: react-native@0.81.5 want: ^7.1.1
3939 silly placeDep ROOT jest-environment-node@29.7.0 OK for: react-native@0.81.5 want: ^29.7.0
3940 silly placeDep ROOT memoize-one@5.2.1 OK for: react-native@0.81.5 want: ^5.0.0
3941 silly placeDep ROOT promise@8.3.0 OK for: react-native@0.81.5 want: ^8.3.0
3942 silly placeDep ROOT react-devtools-core@6.1.5 OK for: react-native@0.81.5 want: ^6.1.5
3943 silly placeDep ROOT regenerator-runtime@0.13.11 OK for: react-native@0.81.5 want: ^0.13.2
3944 silly placeDep node_modules/react-native semver@7.7.4 OK for: react-native@0.81.5 want: ^7.1.3
3945 silly placeDep node_modules/react-native ws@6.2.3 OK for: react-native@0.81.5 want: ^6.2.3
3946 silly fetch manifest event-target-shim@^5.0.0
3947 silly packumentCache full:https://registry.npmjs.org/event-target-shim cache-miss
3948 silly fetch manifest @jest/transform@^29.7.0
3949 silly packumentCache full:https://registry.npmjs.org/@jest%2ftransform cache-miss
3950 silly fetch manifest babel-preset-jest@^29.6.3
3951 silly packumentCache full:https://registry.npmjs.org/babel-preset-jest cache-miss
3952 silly fetch manifest @types/babel__core@^7.1.14
3953 silly packumentCache full:https://registry.npmjs.org/@types%2fbabel__core cache-miss
3954 silly fetch manifest babel-plugin-istanbul@^6.1.1
3955 silly packumentCache full:https://registry.npmjs.org/babel-plugin-istanbul cache-miss
3956 silly fetch manifest jest-mock@^29.7.0
3957 silly packumentCache full:https://registry.npmjs.org/jest-mock cache-miss
3958 silly fetch manifest @jest/environment@^29.7.0
3959 silly packumentCache full:https://registry.npmjs.org/@jest%2fenvironment cache-miss
3960 http fetch GET 200 https://registry.npmjs.org/event-target-shim 56ms (cache miss)
3961 silly packumentCache full:https://registry.npmjs.org/event-target-shim set size:undefined disposed:false
3962 silly fetch manifest @jest/fake-timers@^29.7.0
3963 silly packumentCache full:https://registry.npmjs.org/@jest%2ffake-timers cache-miss
3964 http fetch GET 200 https://registry.npmjs.org/babel-preset-jest 57ms (cache miss)
3965 silly packumentCache full:https://registry.npmjs.org/babel-preset-jest set size:undefined disposed:false
3966 silly fetch manifest asap@~2.0.6
3967 silly packumentCache full:https://registry.npmjs.org/asap cache-miss
3968 http fetch GET 200 https://registry.npmjs.org/babel-plugin-istanbul 61ms (cache miss)
3969 silly packumentCache full:https://registry.npmjs.org/babel-plugin-istanbul set size:undefined disposed:false
3970 silly fetch manifest shell-quote@^1.6.1
3971 silly packumentCache full:https://registry.npmjs.org/shell-quote cache-miss
3972 http fetch GET 200 https://registry.npmjs.org/jest-mock 70ms (cache miss)
3973 silly packumentCache full:https://registry.npmjs.org/jest-mock set size:undefined disposed:false
3974 silly fetch manifest async-limiter@~1.0.0
3975 silly packumentCache full:https://registry.npmjs.org/async-limiter cache-miss
3976 http fetch GET 200 https://registry.npmjs.org/@jest%2fenvironment 76ms (cache miss)
3977 silly packumentCache full:https://registry.npmjs.org/@jest%2fenvironment set size:undefined disposed:false
3978 http fetch GET 200 https://registry.npmjs.org/@types%2fbabel__core 79ms (cache miss)
3979 silly packumentCache full:https://registry.npmjs.org/@types%2fbabel__core set size:undefined disposed:false
3980 http fetch GET 200 https://registry.npmjs.org/@jest%2ftransform 103ms (cache miss)
3981 silly packumentCache full:https://registry.npmjs.org/@jest%2ftransform set size:undefined disposed:false
3982 http fetch GET 200 https://registry.npmjs.org/asap 46ms (cache miss)
3983 silly packumentCache full:https://registry.npmjs.org/asap set size:undefined disposed:false
3984 http fetch GET 200 https://registry.npmjs.org/shell-quote 59ms (cache miss)
3985 silly packumentCache full:https://registry.npmjs.org/shell-quote set size:undefined disposed:false
3986 http fetch GET 200 https://registry.npmjs.org/async-limiter 59ms (cache miss)
3987 silly packumentCache full:https://registry.npmjs.org/async-limiter set size:undefined disposed:false
3988 http fetch GET 200 https://registry.npmjs.org/@jest%2ffake-timers 74ms (cache miss)
3989 silly packumentCache full:https://registry.npmjs.org/@jest%2ffake-timers set size:undefined disposed:false
3990 silly placeDep ROOT @react-native/dev-middleware@0.81.5 OK for: @react-native/community-cli-plugin@0.81.5 want: 0.81.5
3991 silly placeDep node_modules/@react-native/community-cli-plugin semver@7.7.4 OK for: @react-native/community-cli-plugin@0.81.5 want: ^7.1.3
3992 silly fetch manifest open@^7.0.3
3993 silly packumentCache full:https://registry.npmjs.org/open cache-miss
3994 silly fetch manifest serve-static@^1.16.2
3995 silly packumentCache full:https://registry.npmjs.org/serve-static cache-miss
3996 silly fetch manifest chrome-launcher@^0.15.2
3997 silly packumentCache full:https://registry.npmjs.org/chrome-launcher cache-miss
3998 silly fetch manifest @isaacs/ttlcache@^1.4.1
3999 silly packumentCache full:https://registry.npmjs.org/@isaacs%2fttlcache cache-miss
4000 silly fetch manifest chromium-edge-launcher@^0.2.0
4001 silly packumentCache full:https://registry.npmjs.org/chromium-edge-launcher cache-miss
4002 silly fetch manifest @react-native/debugger-frontend@0.81.5
4003 silly packumentCache full:https://registry.npmjs.org/@react-native%2fdebugger-frontend cache-miss
4004 http cache https://registry.npmjs.org/serve-static 4ms (cache hit)
4005 silly packumentCache full:https://registry.npmjs.org/serve-static set size:150391 disposed:false
4006 http fetch GET 200 https://registry.npmjs.org/chromium-edge-launcher 50ms (cache miss)
4007 silly packumentCache full:https://registry.npmjs.org/chromium-edge-launcher set size:undefined disposed:false
4008 http fetch GET 200 https://registry.npmjs.org/chrome-launcher 58ms (cache miss)
4009 silly packumentCache full:https://registry.npmjs.org/chrome-launcher set size:undefined disposed:false
4010 http fetch GET 200 https://registry.npmjs.org/open 58ms (cache miss)
4011 silly packumentCache full:https://registry.npmjs.org/open set size:undefined disposed:false
4012 http fetch GET 200 https://registry.npmjs.org/@isaacs%2fttlcache 76ms (cache miss)
4013 silly packumentCache full:https://registry.npmjs.org/@isaacs%2fttlcache set size:undefined disposed:false
4014 http fetch GET 200 https://registry.npmjs.org/@react-native%2fdebugger-frontend 107ms (cache miss)
4015 silly packumentCache full:https://registry.npmjs.org/@react-native%2fdebugger-frontend set size:undefined disposed:false
4016 silly placeDep ROOT @isaacs/ttlcache@1.4.1 OK for: @react-native/dev-middleware@0.81.5 want: ^1.4.1
4017 silly placeDep ROOT @react-native/debugger-frontend@0.81.5 OK for: @react-native/dev-middleware@0.81.5 want: 0.81.5
4018 silly placeDep ROOT chrome-launcher@0.15.2 OK for: @react-native/dev-middleware@0.81.5 want: ^0.15.2
4019 silly placeDep ROOT chromium-edge-launcher@0.2.0 OK for: @react-native/dev-middleware@0.81.5 want: ^0.2.0
4020 silly placeDep ROOT open@7.4.2 OK for: @react-native/dev-middleware@0.81.5 want: ^7.0.3
4021 silly placeDep ROOT serve-static@1.16.3 OK for: @react-native/dev-middleware@0.81.5 want: ^1.16.2
4022 silly placeDep node_modules/@react-native/dev-middleware ws@6.2.3 OK for: @react-native/dev-middleware@0.81.5 want: ^6.2.3
4023 silly fetch manifest is-wsl@^2.2.0
4024 silly packumentCache full:https://registry.npmjs.org/is-wsl cache-miss
4025 silly fetch manifest lighthouse-logger@^1.0.0
4026 silly packumentCache full:https://registry.npmjs.org/lighthouse-logger cache-miss
4027 silly fetch manifest is-wsl@^2.2.0
4028 silly packumentCache full:https://registry.npmjs.org/is-wsl cache-miss
4029 silly fetch manifest mkdirp@^1.0.4
4030 silly packumentCache full:https://registry.npmjs.org/mkdirp cache-miss
4031 silly fetch manifest rimraf@^3.0.2
4032 silly packumentCache full:https://registry.npmjs.org/rimraf cache-miss
4033 silly fetch manifest lighthouse-logger@^1.0.0
4034 silly packumentCache full:https://registry.npmjs.org/lighthouse-logger cache-miss
4035 silly fetch manifest is-wsl@^2.1.1
4036 silly packumentCache full:https://registry.npmjs.org/is-wsl cache-miss
4037 http fetch GET 200 https://registry.npmjs.org/lighthouse-logger 50ms (cache miss)
4038 silly packumentCache full:https://registry.npmjs.org/lighthouse-logger set size:undefined disposed:false
4039 silly fetch manifest is-docker@^2.0.0
4040 silly packumentCache full:https://registry.npmjs.org/is-docker cache-miss
4041 http fetch GET 200 https://registry.npmjs.org/lighthouse-logger 51ms (cache miss)
4042 silly packumentCache full:https://registry.npmjs.org/lighthouse-logger set size:undefined disposed:false
4043 silly fetch manifest send@~0.19.1
4044 silly packumentCache full:https://registry.npmjs.org/send cache-hit
4045 silly fetch manifest encodeurl@~2.0.0
4046 silly packumentCache full:https://registry.npmjs.org/encodeurl cache-hit
4047 http fetch GET 200 https://registry.npmjs.org/is-wsl 55ms (cache miss)
4048 silly packumentCache full:https://registry.npmjs.org/is-wsl set size:undefined disposed:false
4049 http fetch GET 200 https://registry.npmjs.org/is-wsl 57ms (cache miss)
4050 silly packumentCache full:https://registry.npmjs.org/is-wsl set size:undefined disposed:false
4051 http fetch GET 200 https://registry.npmjs.org/rimraf 58ms (cache miss)
4052 silly packumentCache full:https://registry.npmjs.org/rimraf set size:undefined disposed:false
4053 http fetch GET 200 https://registry.npmjs.org/is-wsl 65ms (cache miss)
4054 silly packumentCache full:https://registry.npmjs.org/is-wsl set size:undefined disposed:false
4055 http fetch GET 200 https://registry.npmjs.org/mkdirp 66ms (cache miss)
4056 silly packumentCache full:https://registry.npmjs.org/mkdirp set size:undefined disposed:false
4057 http fetch GET 200 https://registry.npmjs.org/is-docker 116ms (cache miss)
4058 silly packumentCache full:https://registry.npmjs.org/is-docker set size:undefined disposed:false
4059 silly placeDep ROOT event-target-shim@5.0.1 OK for: abort-controller@3.0.0 want: ^5.0.0
4060 silly placeDep ROOT @jest/transform@29.7.0 OK for: babel-jest@29.7.0 want: ^29.7.0
4061 silly placeDep ROOT @types/babel__core@7.20.5 OK for: babel-jest@29.7.0 want: ^7.1.14
4062 silly placeDep ROOT babel-plugin-istanbul@6.1.1 OK for: babel-jest@29.7.0 want: ^6.1.1
4063 silly placeDep ROOT babel-preset-jest@29.6.3 OK for: babel-jest@29.7.0 want: ^29.6.3
4064 silly fetch manifest pirates@^4.0.4
4065 silly packumentCache full:https://registry.npmjs.org/pirates cache-miss
4066 silly fetch manifest jest-haste-map@^29.7.0
4067 silly packumentCache full:https://registry.npmjs.org/jest-haste-map cache-miss
4068 silly fetch manifest jest-regex-util@^29.6.3
4069 silly packumentCache full:https://registry.npmjs.org/jest-regex-util cache-miss
4070 silly fetch manifest write-file-atomic@^4.0.2
4071 silly packumentCache full:https://registry.npmjs.org/write-file-atomic cache-miss
4072 silly fetch manifest @types/babel__template@*
4073 silly packumentCache full:https://registry.npmjs.org/@types%2fbabel__template cache-miss
4074 silly fetch manifest @types/babel__traverse@*
4075 silly packumentCache full:https://registry.npmjs.org/@types%2fbabel__traverse cache-miss
4076 silly fetch manifest @types/babel__generator@*
4077 silly packumentCache full:https://registry.npmjs.org/@types%2fbabel__generator cache-miss
4078 http cache https://registry.npmjs.org/pirates 3ms (cache hit)
4079 silly packumentCache full:https://registry.npmjs.org/pirates set size:51327 disposed:false
4080 silly fetch manifest test-exclude@^6.0.0
4081 silly packumentCache full:https://registry.npmjs.org/test-exclude cache-miss
4082 http fetch GET 200 https://registry.npmjs.org/test-exclude 49ms (cache miss)
4083 silly packumentCache full:https://registry.npmjs.org/test-exclude set size:undefined disposed:false
4084 silly fetch manifest @istanbuljs/schema@^0.1.2
4085 silly packumentCache full:https://registry.npmjs.org/@istanbuljs%2fschema cache-miss
4086 http fetch GET 200 https://registry.npmjs.org/jest-haste-map 58ms (cache miss)
4087 silly packumentCache full:https://registry.npmjs.org/jest-haste-map set size:undefined disposed:false
4088 silly fetch manifest istanbul-lib-instrument@^5.0.4
4089 silly packumentCache full:https://registry.npmjs.org/istanbul-lib-instrument cache-miss
4090 http fetch GET 200 https://registry.npmjs.org/write-file-atomic 63ms (cache miss)
4091 silly packumentCache full:https://registry.npmjs.org/write-file-atomic set size:undefined disposed:false
4092 silly fetch manifest @istanbuljs/load-nyc-config@^1.0.0
4093 silly packumentCache full:https://registry.npmjs.org/@istanbuljs%2fload-nyc-config cache-miss
4094 http fetch GET 200 https://registry.npmjs.org/jest-regex-util 65ms (cache miss)
4095 silly packumentCache full:https://registry.npmjs.org/jest-regex-util set size:undefined disposed:false
4096 silly fetch manifest babel-plugin-jest-hoist@^29.6.3
4097 silly packumentCache full:https://registry.npmjs.org/babel-plugin-jest-hoist cache-miss
4098 http fetch GET 200 https://registry.npmjs.org/@types%2fbabel__template 69ms (cache miss)
4099 silly packumentCache full:https://registry.npmjs.org/@types%2fbabel__template set size:undefined disposed:false
4100 silly fetch manifest babel-preset-current-node-syntax@^1.0.0
4101 silly packumentCache full:https://registry.npmjs.org/babel-preset-current-node-syntax cache-miss
4102 http fetch GET 200 https://registry.npmjs.org/@types%2fbabel__generator 79ms (cache miss)
4103 silly packumentCache full:https://registry.npmjs.org/@types%2fbabel__generator set size:undefined disposed:false
4104 http fetch GET 200 https://registry.npmjs.org/@types%2fbabel__traverse 82ms (cache miss)
4105 silly packumentCache full:https://registry.npmjs.org/@types%2fbabel__traverse set size:undefined disposed:false
4106 http fetch GET 200 https://registry.npmjs.org/istanbul-lib-instrument 55ms (cache miss)
4107 silly packumentCache full:https://registry.npmjs.org/istanbul-lib-instrument set size:undefined disposed:false
4108 http fetch GET 200 https://registry.npmjs.org/@istanbuljs%2fschema 72ms (cache miss)
4109 silly packumentCache full:https://registry.npmjs.org/@istanbuljs%2fschema set size:undefined disposed:false
4110 http fetch GET 200 https://registry.npmjs.org/@istanbuljs%2fload-nyc-config 63ms (cache miss)
4111 silly packumentCache full:https://registry.npmjs.org/@istanbuljs%2fload-nyc-config set size:undefined disposed:false
4112 http fetch GET 200 https://registry.npmjs.org/babel-preset-current-node-syntax 58ms (cache miss)
4113 silly packumentCache full:https://registry.npmjs.org/babel-preset-current-node-syntax set size:undefined disposed:false
4114 http fetch GET 200 https://registry.npmjs.org/babel-plugin-jest-hoist 68ms (cache miss)
4115 silly packumentCache full:https://registry.npmjs.org/babel-plugin-jest-hoist set size:undefined disposed:false
4116 silly placeDep ROOT jest-haste-map@29.7.0 OK for: @jest/transform@29.7.0 want: ^29.7.0
4117 silly placeDep ROOT jest-regex-util@29.6.3 OK for: @jest/transform@29.7.0 want: ^29.6.3
4118 silly placeDep ROOT pirates@4.0.7 OK for: @jest/transform@29.7.0 want: ^4.0.4
4119 silly placeDep ROOT write-file-atomic@4.0.2 OK for: @jest/transform@29.7.0 want: ^4.0.2
4120 silly fetch manifest anymatch@^3.0.3
4121 silly packumentCache full:https://registry.npmjs.org/anymatch cache-miss
4122 silly fetch manifest @types/graceful-fs@^4.1.3
4123 silly packumentCache full:https://registry.npmjs.org/@types%2fgraceful-fs cache-miss
4124 silly fetch manifest fsevents@^2.3.2
4125 silly packumentCache full:https://registry.npmjs.org/fsevents cache-miss
4126 silly fetch manifest signal-exit@^3.0.7
4127 silly packumentCache full:https://registry.npmjs.org/signal-exit cache-miss
4128 http cache https://registry.npmjs.org/anymatch 3ms (cache hit)
4129 silly packumentCache full:https://registry.npmjs.org/anymatch set size:42974 disposed:false
4130 http cache https://registry.npmjs.org/fsevents 3ms (cache hit)
4131 silly packumentCache full:https://registry.npmjs.org/fsevents set size:182472 disposed:false
4132 http fetch GET 200 https://registry.npmjs.org/@types%2fgraceful-fs 62ms (cache miss)
4133 silly packumentCache full:https://registry.npmjs.org/@types%2fgraceful-fs set size:undefined disposed:false
4134 http fetch GET 200 https://registry.npmjs.org/signal-exit 80ms (cache miss)
4135 silly packumentCache full:https://registry.npmjs.org/signal-exit set size:undefined disposed:false
4136 silly placeDep ROOT @types/babel__generator@7.27.0 OK for: @types/babel__core@7.20.5 want: *
4137 silly placeDep ROOT @types/babel__template@7.4.4 OK for: @types/babel__core@7.20.5 want: *
4138 silly placeDep ROOT @types/babel__traverse@7.28.0 OK for: @types/babel__core@7.20.5 want: *
4139 silly placeDep ROOT @istanbuljs/load-nyc-config@1.1.0 OK for: babel-plugin-istanbul@6.1.1 want: ^1.0.0
4140 silly placeDep ROOT @istanbuljs/schema@0.1.6 OK for: babel-plugin-istanbul@6.1.1 want: ^0.1.2
4141 silly placeDep ROOT istanbul-lib-instrument@5.2.1 OK for: babel-plugin-istanbul@6.1.1 want: ^5.0.4
4142 silly placeDep ROOT test-exclude@6.0.0 OK for: babel-plugin-istanbul@6.1.1 want: ^6.0.0
4143 silly fetch manifest camelcase@^5.3.1
4144 silly packumentCache full:https://registry.npmjs.org/camelcase cache-miss
4145 silly fetch manifest find-up@^4.1.0
4146 silly packumentCache full:https://registry.npmjs.org/find-up cache-hit
4147 silly fetch manifest get-package-type@^0.1.0
4148 silly packumentCache full:https://registry.npmjs.org/get-package-type cache-miss
4149 silly fetch manifest js-yaml@^3.13.1
4150 silly packumentCache full:https://registry.npmjs.org/js-yaml cache-hit
4151 silly fetch manifest istanbul-lib-coverage@^3.2.0
4152 silly packumentCache full:https://registry.npmjs.org/istanbul-lib-coverage cache-miss
4153 silly fetch manifest glob@^7.1.4
4154 silly packumentCache full:https://registry.npmjs.org/glob cache-hit
4155 http cache https://registry.npmjs.org/camelcase 3ms (cache hit)
4156 silly packumentCache full:https://registry.npmjs.org/camelcase set size:60255 disposed:false
4157 http fetch GET 200 https://registry.npmjs.org/get-package-type 47ms (cache miss)
4158 silly packumentCache full:https://registry.npmjs.org/get-package-type set size:undefined disposed:false
4159 http fetch GET 200 https://registry.npmjs.org/istanbul-lib-coverage 52ms (cache miss)
4160 silly packumentCache full:https://registry.npmjs.org/istanbul-lib-coverage set size:undefined disposed:false
4161 silly placeDep node_modules/@istanbuljs/load-nyc-config camelcase@5.3.1 OK for: @istanbuljs/load-nyc-config@1.1.0 want: ^5.3.1
4162 silly placeDep node_modules/@istanbuljs/load-nyc-config find-up@4.1.0 OK for: @istanbuljs/load-nyc-config@1.1.0 want: ^4.1.0
4163 silly placeDep ROOT get-package-type@0.1.0 OK for: @istanbuljs/load-nyc-config@1.1.0 want: ^0.1.0
4164 silly placeDep node_modules/@istanbuljs/load-nyc-config js-yaml@3.14.2 OK for: @istanbuljs/load-nyc-config@1.1.0 want: ^3.13.1
4165 silly fetch manifest locate-path@^5.0.0
4166 silly packumentCache full:https://registry.npmjs.org/locate-path cache-hit
4167 silly fetch manifest esprima@^4.0.0
4168 silly packumentCache full:https://registry.npmjs.org/esprima cache-miss
4169 silly fetch manifest argparse@^1.0.7
4170 silly packumentCache full:https://registry.npmjs.org/argparse cache-hit
4171 http fetch GET 200 https://registry.npmjs.org/esprima 49ms (cache miss)
4172 silly packumentCache full:https://registry.npmjs.org/esprima set size:undefined disposed:false
4173 silly placeDep ROOT babel-plugin-jest-hoist@29.6.3 OK for: babel-preset-jest@29.6.3 want: ^29.6.3
4174 silly placeDep ROOT babel-preset-current-node-syntax@1.2.0 OK for: babel-preset-jest@29.6.3 want: ^1.0.0
4175 silly fetch manifest @babel/plugin-syntax-async-generators@^7.8.4
4176 silly packumentCache full:https://registry.npmjs.org/@babel%2fplugin-syntax-async-generators cache-miss
4177 silly fetch manifest @babel/plugin-syntax-bigint@^7.8.3
4178 silly packumentCache full:https://registry.npmjs.org/@babel%2fplugin-syntax-bigint cache-miss
4179 silly fetch manifest @babel/plugin-syntax-class-properties@^7.12.13
4180 silly packumentCache full:https://registry.npmjs.org/@babel%2fplugin-syntax-class-properties cache-miss
4181 silly fetch manifest @babel/plugin-syntax-class-static-block@^7.14.5
4182 silly packumentCache full:https://registry.npmjs.org/@babel%2fplugin-syntax-class-static-block cache-miss
4183 silly fetch manifest @babel/plugin-syntax-import-attributes@^7.24.7
4184 silly packumentCache full:https://registry.npmjs.org/@babel%2fplugin-syntax-import-attributes cache-miss
4185 silly fetch manifest @babel/plugin-syntax-import-meta@^7.10.4
4186 silly packumentCache full:https://registry.npmjs.org/@babel%2fplugin-syntax-import-meta cache-miss
4187 silly fetch manifest @babel/plugin-syntax-json-strings@^7.8.3
4188 silly packumentCache full:https://registry.npmjs.org/@babel%2fplugin-syntax-json-strings cache-miss
4189 http fetch GET 200 https://registry.npmjs.org/@babel%2fplugin-syntax-json-strings 69ms (cache miss)
4190 silly packumentCache full:https://registry.npmjs.org/@babel%2fplugin-syntax-json-strings set size:undefined disposed:false
4191 silly fetch manifest @babel/plugin-syntax-logical-assignment-operators@^7.10.4
4192 silly packumentCache full:https://registry.npmjs.org/@babel%2fplugin-syntax-logical-assignment-operators cache-miss
4193 http fetch GET 200 https://registry.npmjs.org/@babel%2fplugin-syntax-import-attributes 71ms (cache miss)
4194 silly packumentCache full:https://registry.npmjs.org/@babel%2fplugin-syntax-import-attributes set size:undefined disposed:false
4195 silly fetch manifest @babel/plugin-syntax-numeric-separator@^7.10.4
4196 silly packumentCache full:https://registry.npmjs.org/@babel%2fplugin-syntax-numeric-separator cache-miss
4197 http fetch GET 200 https://registry.npmjs.org/@babel%2fplugin-syntax-bigint 74ms (cache miss)
4198 silly packumentCache full:https://registry.npmjs.org/@babel%2fplugin-syntax-bigint set size:undefined disposed:false
4199 silly fetch manifest @babel/plugin-syntax-object-rest-spread@^7.8.3
4200 silly packumentCache full:https://registry.npmjs.org/@babel%2fplugin-syntax-object-rest-spread cache-miss
4201 http fetch GET 200 https://registry.npmjs.org/@babel%2fplugin-syntax-class-properties 75ms (cache miss)
4202 silly packumentCache full:https://registry.npmjs.org/@babel%2fplugin-syntax-class-properties set size:undefined disposed:false
4203 silly fetch manifest @babel/plugin-syntax-optional-catch-binding@^7.8.3
4204 silly packumentCache full:https://registry.npmjs.org/@babel%2fplugin-syntax-optional-catch-binding cache-miss
4205 http fetch GET 200 https://registry.npmjs.org/@babel%2fplugin-syntax-async-generators 79ms (cache miss)
4206 silly packumentCache full:https://registry.npmjs.org/@babel%2fplugin-syntax-async-generators set size:undefined disposed:false
4207 silly fetch manifest @babel/plugin-syntax-private-property-in-object@^7.14.5
4208 silly packumentCache full:https://registry.npmjs.org/@babel%2fplugin-syntax-private-property-in-object cache-miss
4209 http fetch GET 200 https://registry.npmjs.org/@babel%2fplugin-syntax-class-static-block 191ms (cache miss)
4210 silly packumentCache full:https://registry.npmjs.org/@babel%2fplugin-syntax-class-static-block set size:undefined disposed:false
4211 silly fetch manifest @babel/plugin-syntax-top-level-await@^7.14.5
4212 silly packumentCache full:https://registry.npmjs.org/@babel%2fplugin-syntax-top-level-await cache-miss
4213 http fetch GET 200 https://registry.npmjs.org/@babel%2fplugin-syntax-private-property-in-object 114ms (cache miss)
4214 silly packumentCache full:https://registry.npmjs.org/@babel%2fplugin-syntax-private-property-in-object set size:undefined disposed:false
4215 http fetch GET 200 https://registry.npmjs.org/@babel%2fplugin-syntax-import-meta 193ms (cache miss)
4216 silly packumentCache full:https://registry.npmjs.org/@babel%2fplugin-syntax-import-meta set size:undefined disposed:false
4217 http fetch GET 200 https://registry.npmjs.org/@babel%2fplugin-syntax-logical-assignment-operators 124ms (cache miss)
4218 silly packumentCache full:https://registry.npmjs.org/@babel%2fplugin-syntax-logical-assignment-operators set size:undefined disposed:false
4219 http fetch GET 200 https://registry.npmjs.org/@babel%2fplugin-syntax-numeric-separator 123ms (cache miss)
4220 silly packumentCache full:https://registry.npmjs.org/@babel%2fplugin-syntax-numeric-separator set size:undefined disposed:false
4221 http fetch GET 200 https://registry.npmjs.org/@babel%2fplugin-syntax-object-rest-spread 122ms (cache miss)
4222 silly packumentCache full:https://registry.npmjs.org/@babel%2fplugin-syntax-object-rest-spread set size:undefined disposed:false
4223 http fetch GET 200 https://registry.npmjs.org/@babel%2fplugin-syntax-optional-catch-binding 122ms (cache miss)
4224 silly packumentCache full:https://registry.npmjs.org/@babel%2fplugin-syntax-optional-catch-binding set size:undefined disposed:false
4225 http fetch GET 200 https://registry.npmjs.org/@babel%2fplugin-syntax-top-level-await 104ms (cache miss)
4226 silly packumentCache full:https://registry.npmjs.org/@babel%2fplugin-syntax-top-level-await set size:undefined disposed:false
4227 silly fetch manifest @babel/core@^7.0.0 || ^8.0.0-0
4228 silly packumentCache full:https://registry.npmjs.org/@babel%2fcore cache-hit
4229 silly placeDep ROOT @babel/plugin-syntax-async-generators@7.8.4 OK for: babel-preset-current-node-syntax@1.2.0 want: ^7.8.4
4230 silly placeDep ROOT @babel/plugin-syntax-bigint@7.8.3 OK for: babel-preset-current-node-syntax@1.2.0 want: ^7.8.3
4231 silly placeDep ROOT @babel/plugin-syntax-class-properties@7.12.13 OK for: babel-preset-current-node-syntax@1.2.0 want: ^7.12.13
4232 silly placeDep ROOT @babel/plugin-syntax-class-static-block@7.14.5 OK for: babel-preset-current-node-syntax@1.2.0 want: ^7.14.5
4233 silly placeDep ROOT @babel/plugin-syntax-import-attributes@7.28.6 OK for: babel-preset-current-node-syntax@1.2.0 want: ^7.24.7
4234 silly placeDep ROOT @babel/plugin-syntax-import-meta@7.10.4 OK for: babel-preset-current-node-syntax@1.2.0 want: ^7.10.4
4235 silly placeDep ROOT @babel/plugin-syntax-json-strings@7.8.3 OK for: babel-preset-current-node-syntax@1.2.0 want: ^7.8.3
4236 silly placeDep ROOT @babel/plugin-syntax-logical-assignment-operators@7.10.4 OK for: babel-preset-current-node-syntax@1.2.0 want: ^7.10.4
4237 silly placeDep ROOT @babel/plugin-syntax-numeric-separator@7.10.4 OK for: babel-preset-current-node-syntax@1.2.0 want: ^7.10.4
4238 silly placeDep ROOT @babel/plugin-syntax-object-rest-spread@7.8.3 OK for: babel-preset-current-node-syntax@1.2.0 want: ^7.8.3
4239 silly placeDep ROOT @babel/plugin-syntax-optional-catch-binding@7.8.3 OK for: babel-preset-current-node-syntax@1.2.0 want: ^7.8.3
4240 silly placeDep ROOT @babel/plugin-syntax-private-property-in-object@7.14.5 OK for: babel-preset-current-node-syntax@1.2.0 want: ^7.14.5
4241 silly placeDep ROOT @babel/plugin-syntax-top-level-await@7.14.5 OK for: babel-preset-current-node-syntax@1.2.0 want: ^7.14.5
4242 silly placeDep ROOT is-wsl@2.2.0 OK for: chrome-launcher@0.15.2 want: ^2.2.0
4243 silly placeDep ROOT lighthouse-logger@1.4.2 OK for: chrome-launcher@0.15.2 want: ^1.0.0
4244 silly fetch manifest debug@^2.6.9
4245 silly packumentCache full:https://registry.npmjs.org/debug cache-hit
4246 silly fetch manifest marky@^1.2.2
4247 silly packumentCache full:https://registry.npmjs.org/marky cache-miss
4248 http fetch GET 200 https://registry.npmjs.org/marky 42ms (cache miss)
4249 silly packumentCache full:https://registry.npmjs.org/marky set size:undefined disposed:false
4250 silly placeDep ROOT mkdirp@1.0.4 OK for: chromium-edge-launcher@0.2.0 want: ^1.0.4
4251 silly placeDep ROOT rimraf@3.0.2 OK for: chromium-edge-launcher@0.2.0 want: ^3.0.2
4252 silly fetch manifest glob@^7.1.3
4253 silly packumentCache full:https://registry.npmjs.org/glob cache-hit
4254 silly placeDep ROOT is-docker@2.2.1 OK for: is-wsl@2.2.0 want: ^2.0.0
4255 silly placeDep ROOT istanbul-lib-coverage@3.2.2 OK for: istanbul-lib-instrument@5.2.1 want: ^3.2.0
4256 silly placeDep ROOT @jest/environment@29.7.0 OK for: jest-environment-node@29.7.0 want: ^29.7.0
4257 silly placeDep ROOT @jest/fake-timers@29.7.0 OK for: jest-environment-node@29.7.0 want: ^29.7.0
4258 silly placeDep ROOT jest-mock@29.7.0 OK for: jest-environment-node@29.7.0 want: ^29.7.0
4259 silly fetch manifest jest-message-util@^29.7.0
4260 silly packumentCache full:https://registry.npmjs.org/jest-message-util cache-miss
4261 silly fetch manifest @sinonjs/fake-timers@^10.0.2
4262 silly packumentCache full:https://registry.npmjs.org/@sinonjs%2ffake-timers cache-miss
4263 http fetch GET 200 https://registry.npmjs.org/jest-message-util 55ms (cache miss)
4264 silly packumentCache full:https://registry.npmjs.org/jest-message-util set size:undefined disposed:false
4265 http fetch GET 200 https://registry.npmjs.org/@sinonjs%2ffake-timers 87ms (cache miss)
4266 silly packumentCache full:https://registry.npmjs.org/@sinonjs%2ffake-timers set size:undefined disposed:false
4267 silly placeDep ROOT @sinonjs/fake-timers@10.3.0 OK for: @jest/fake-timers@29.7.0 want: ^10.0.2
4268 silly placeDep ROOT jest-message-util@29.7.0 OK for: @jest/fake-timers@29.7.0 want: ^29.7.0
4269 silly fetch manifest @sinonjs/commons@^3.0.0
4270 silly packumentCache full:https://registry.npmjs.org/@sinonjs%2fcommons cache-miss
4271 silly fetch manifest stack-utils@^2.0.3
4272 silly packumentCache full:https://registry.npmjs.org/stack-utils cache-miss
4273 silly fetch manifest @types/stack-utils@^2.0.0
4274 silly packumentCache full:https://registry.npmjs.org/@types%2fstack-utils cache-miss
4275 http fetch GET 200 https://registry.npmjs.org/stack-utils 49ms (cache miss)
4276 silly packumentCache full:https://registry.npmjs.org/stack-utils set size:undefined disposed:false
4277 http fetch GET 200 https://registry.npmjs.org/@sinonjs%2fcommons 61ms (cache miss)
4278 silly packumentCache full:https://registry.npmjs.org/@sinonjs%2fcommons set size:undefined disposed:false
4279 http fetch GET 200 https://registry.npmjs.org/@types%2fstack-utils 71ms (cache miss)
4280 silly packumentCache full:https://registry.npmjs.org/@types%2fstack-utils set size:undefined disposed:false
4281 silly placeDep ROOT @sinonjs/commons@3.0.1 OK for: @sinonjs/fake-timers@10.3.0 want: ^3.0.0
4282 silly fetch manifest type-detect@4.0.8
4283 silly packumentCache full:https://registry.npmjs.org/type-detect cache-miss
4284 http fetch GET 200 https://registry.npmjs.org/type-detect 53ms (cache miss)
4285 silly packumentCache full:https://registry.npmjs.org/type-detect set size:undefined disposed:false
4286 silly placeDep ROOT type-detect@4.0.8 OK for: @sinonjs/commons@3.0.1 want: 4.0.8
4287 silly placeDep ROOT @types/graceful-fs@4.1.9 OK for: jest-haste-map@29.7.0 want: ^4.1.3
4288 silly placeDep ROOT anymatch@3.1.3 OK for: jest-haste-map@29.7.0 want: ^3.0.3
4289 silly placeDep ROOT fsevents@2.3.3 OK for: jest-haste-map@29.7.0 want: ^2.3.2
4290 silly fetch manifest normalize-path@^3.0.0
4291 silly packumentCache full:https://registry.npmjs.org/normalize-path cache-miss
4292 http cache https://registry.npmjs.org/normalize-path 2ms (cache hit)
4293 silly packumentCache full:https://registry.npmjs.org/normalize-path set size:28713 disposed:false
4294 silly placeDep ROOT normalize-path@3.0.0 OK for: anymatch@3.1.3 want: ^3.0.0
4295 silly placeDep ROOT @types/stack-utils@2.0.3 OK for: jest-message-util@29.7.0 want: ^2.0.0
4296 silly placeDep ROOT stack-utils@2.0.6 OK for: jest-message-util@29.7.0 want: ^2.0.3
4297 silly fetch manifest escape-string-regexp@^2.0.0
4298 silly packumentCache full:https://registry.npmjs.org/escape-string-regexp cache-hit
4299 silly placeDep node_modules/lighthouse-logger debug@2.6.9 OK for: lighthouse-logger@1.4.2 want: ^2.6.9
4300 silly placeDep ROOT marky@1.3.0 OK for: lighthouse-logger@1.4.2 want: ^1.2.2
4301 silly placeDep ROOT asap@2.0.6 OK for: promise@8.3.0 want: ~2.0.6
4302 silly placeDep ROOT shell-quote@1.8.3 OK for: react-devtools-core@6.1.5 want: ^1.6.1
4303 silly placeDep ROOT @egjs/hammerjs@2.0.17 OK for: react-native-gesture-handler@2.28.0 want: ^2.0.17
4304 silly placeDep ROOT hoist-non-react-statics@3.3.2 OK for: react-native-gesture-handler@2.28.0 want: ^3.3.0
4305 silly fetch manifest @types/hammerjs@^2.0.36
4306 silly packumentCache full:https://registry.npmjs.org/@types%2fhammerjs cache-miss
4307 silly fetch manifest react-is@^16.7.0
4308 silly packumentCache full:https://registry.npmjs.org/react-is cache-miss
4309 http cache https://registry.npmjs.org/react-is 8ms (cache hit)
4310 silly packumentCache full:https://registry.npmjs.org/react-is set size:5352319 disposed:false
4311 http fetch GET 200 https://registry.npmjs.org/@types%2fhammerjs 147ms (cache miss)
4312 silly packumentCache full:https://registry.npmjs.org/@types%2fhammerjs set size:undefined disposed:false
4313 silly placeDep ROOT @types/hammerjs@2.0.46 OK for: @egjs/hammerjs@2.0.17 want: ^2.0.36
4314 silly placeDep node_modules/hoist-non-react-statics react-is@16.13.1 OK for: hoist-non-react-statics@3.3.2 want: ^16.7.0
4315 silly placeDep node_modules/react-native-reanimated semver@7.7.4 OK for: react-native-reanimated@4.1.7 want: ^7.7.2
4316 silly placeDep ROOT react-freeze@1.0.4 OK for: react-native-screens@4.16.0 want: ^1.0.0
4317 silly placeDep ROOT css-select@5.2.2 OK for: react-native-svg@15.15.4 want: ^5.1.0
4318 silly placeDep ROOT css-tree@1.1.3 OK for: react-native-svg@15.15.4 want: ^1.1.3
4319 silly fetch manifest boolbase@^1.0.0
4320 silly packumentCache full:https://registry.npmjs.org/boolbase cache-miss
4321 silly fetch manifest css-what@^6.1.0
4322 silly packumentCache full:https://registry.npmjs.org/css-what cache-miss
4323 silly fetch manifest domutils@^3.0.1
4324 silly packumentCache full:https://registry.npmjs.org/domutils cache-miss
4325 silly fetch manifest nth-check@^2.0.1
4326 silly packumentCache full:https://registry.npmjs.org/nth-check cache-miss
4327 silly fetch manifest domhandler@^5.0.2
4328 silly packumentCache full:https://registry.npmjs.org/domhandler cache-miss
4329 silly fetch manifest mdn-data@2.0.14
4330 silly packumentCache full:https://registry.npmjs.org/mdn-data cache-miss
4331 silly fetch manifest source-map@^0.6.1
4332 silly packumentCache full:https://registry.npmjs.org/source-map cache-miss
4333 http cache https://registry.npmjs.org/source-map 4ms (cache hit)
4334 silly packumentCache full:https://registry.npmjs.org/source-map set size:226141 disposed:false
4335 http fetch GET 200 https://registry.npmjs.org/boolbase 54ms (cache miss)
4336 silly packumentCache full:https://registry.npmjs.org/boolbase set size:undefined disposed:false
4337 http fetch GET 200 https://registry.npmjs.org/css-what 55ms (cache miss)
4338 silly packumentCache full:https://registry.npmjs.org/css-what set size:undefined disposed:false
4339 http fetch GET 200 https://registry.npmjs.org/nth-check 58ms (cache miss)
4340 silly packumentCache full:https://registry.npmjs.org/nth-check set size:undefined disposed:false
4341 http fetch GET 200 https://registry.npmjs.org/domhandler 61ms (cache miss)
4342 silly packumentCache full:https://registry.npmjs.org/domhandler set size:undefined disposed:false
4343 http fetch GET 200 https://registry.npmjs.org/domutils 62ms (cache miss)
4344 silly packumentCache full:https://registry.npmjs.org/domutils set size:undefined disposed:false
4345 http fetch GET 200 https://registry.npmjs.org/mdn-data 65ms (cache miss)
4346 silly packumentCache full:https://registry.npmjs.org/mdn-data set size:undefined disposed:false
4347 silly placeDep ROOT boolbase@1.0.0 OK for: css-select@5.2.2 want: ^1.0.0
4348 silly placeDep ROOT css-what@6.2.2 OK for: css-select@5.2.2 want: ^6.1.0
4349 silly placeDep ROOT domhandler@5.0.3 OK for: css-select@5.2.2 want: ^5.0.2
4350 silly placeDep ROOT domutils@3.2.2 OK for: css-select@5.2.2 want: ^3.0.1
4351 silly placeDep ROOT nth-check@2.1.1 OK for: css-select@5.2.2 want: ^2.0.1
4352 silly fetch manifest domelementtype@^2.3.0
4353 silly packumentCache full:https://registry.npmjs.org/domelementtype cache-miss
4354 silly fetch manifest dom-serializer@^2.0.0
4355 silly packumentCache full:https://registry.npmjs.org/dom-serializer cache-miss
4356 silly fetch manifest domelementtype@^2.3.0
4357 silly packumentCache full:https://registry.npmjs.org/domelementtype cache-miss
4358 http fetch GET 200 https://registry.npmjs.org/domelementtype 48ms (cache miss)
4359 silly packumentCache full:https://registry.npmjs.org/domelementtype set size:undefined disposed:false
4360 http fetch GET 200 https://registry.npmjs.org/domelementtype 48ms (cache miss)
4361 silly packumentCache full:https://registry.npmjs.org/domelementtype set size:undefined disposed:false
4362 http fetch GET 200 https://registry.npmjs.org/dom-serializer 55ms (cache miss)
4363 silly packumentCache full:https://registry.npmjs.org/dom-serializer set size:undefined disposed:false
4364 silly placeDep ROOT mdn-data@2.0.14 OK for: css-tree@1.1.3 want: 2.0.14
4365 silly placeDep node_modules/css-tree source-map@0.6.1 OK for: css-tree@1.1.3 want: ^0.6.1
4366 silly placeDep ROOT domelementtype@2.3.0 OK for: domhandler@5.0.3 want: ^2.3.0
4367 silly placeDep ROOT dom-serializer@2.0.0 OK for: domutils@3.2.2 want: ^2.0.0
4368 silly fetch manifest entities@^4.2.0
4369 silly packumentCache full:https://registry.npmjs.org/entities cache-miss
4370 http fetch GET 200 https://registry.npmjs.org/entities 51ms (cache miss)
4371 silly packumentCache full:https://registry.npmjs.org/entities set size:undefined disposed:false
4372 silly placeDep ROOT entities@4.5.0 OK for: dom-serializer@2.0.0 want: ^4.2.0
4373 silly placeDep node_modules/react-native-web @react-native/normalize-colors@0.74.89 OK for: react-native-web@0.21.2 want: ^0.74.1
4374 silly placeDep ROOT fbjs@3.0.5 OK for: react-native-web@0.21.2 want: ^3.0.4
4375 silly placeDep ROOT inline-style-prefixer@7.0.1 OK for: react-native-web@0.21.2 want: ^7.0.1
4376 silly placeDep node_modules/react-native-web memoize-one@6.0.0 OK for: react-native-web@0.21.2 want: ^6.0.0
4377 silly placeDep ROOT postcss-value-parser@4.2.0 OK for: react-native-web@0.21.2 want: ^4.2.0
4378 silly placeDep ROOT styleq@0.1.3 OK for: react-native-web@0.21.2 want: ^0.1.3
4379 silly fetch manifest cross-fetch@^3.1.5
4380 silly packumentCache full:https://registry.npmjs.org/cross-fetch cache-miss
4381 silly fetch manifest fbjs-css-vars@^1.0.0
4382 silly packumentCache full:https://registry.npmjs.org/fbjs-css-vars cache-miss
4383 silly fetch manifest promise@^7.1.1
4384 silly packumentCache full:https://registry.npmjs.org/promise cache-miss
4385 silly fetch manifest setimmediate@^1.0.5
4386 silly packumentCache full:https://registry.npmjs.org/setimmediate cache-miss
4387 silly fetch manifest ua-parser-js@^1.0.35
4388 silly packumentCache full:https://registry.npmjs.org/ua-parser-js cache-miss
4389 silly fetch manifest css-in-js-utils@^3.1.0
4390 silly packumentCache full:https://registry.npmjs.org/css-in-js-utils cache-miss
4391 http cache https://registry.npmjs.org/promise 4ms (cache hit)
4392 silly packumentCache full:https://registry.npmjs.org/promise set size:112704 disposed:false
4393 http fetch GET 200 https://registry.npmjs.org/css-in-js-utils 48ms (cache miss)
4394 silly packumentCache full:https://registry.npmjs.org/css-in-js-utils set size:undefined disposed:false
4395 http fetch GET 200 https://registry.npmjs.org/fbjs-css-vars 53ms (cache miss)
4396 silly packumentCache full:https://registry.npmjs.org/fbjs-css-vars set size:undefined disposed:false
4397 http fetch GET 200 https://registry.npmjs.org/cross-fetch 59ms (cache miss)
4398 silly packumentCache full:https://registry.npmjs.org/cross-fetch set size:undefined disposed:false
4399 http fetch GET 200 https://registry.npmjs.org/ua-parser-js 62ms (cache miss)
4400 silly packumentCache full:https://registry.npmjs.org/ua-parser-js set size:undefined disposed:false
4401 http fetch GET 200 https://registry.npmjs.org/setimmediate 68ms (cache miss)
4402 silly packumentCache full:https://registry.npmjs.org/setimmediate set size:undefined disposed:false
4403 silly placeDep ROOT cross-fetch@3.2.0 OK for: fbjs@3.0.5 want: ^3.1.5
4404 silly placeDep ROOT fbjs-css-vars@1.0.2 OK for: fbjs@3.0.5 want: ^1.0.0
4405 silly placeDep node_modules/fbjs promise@7.3.1 OK for: fbjs@3.0.5 want: ^7.1.1
4406 silly placeDep ROOT setimmediate@1.0.5 OK for: fbjs@3.0.5 want: ^1.0.5
4407 silly placeDep ROOT ua-parser-js@1.0.41 OK for: fbjs@3.0.5 want: ^1.0.35
4408 silly fetch manifest node-fetch@^2.7.0
4409 silly packumentCache full:https://registry.npmjs.org/node-fetch cache-miss
4410 http fetch GET 200 https://registry.npmjs.org/node-fetch 70ms (cache miss)
4411 silly packumentCache full:https://registry.npmjs.org/node-fetch set size:undefined disposed:false
4412 silly fetch manifest encoding@^0.1.0
4413 silly packumentCache full:https://registry.npmjs.org/encoding cache-miss
4414 http fetch GET 200 https://registry.npmjs.org/encoding 133ms (cache miss)
4415 silly packumentCache full:https://registry.npmjs.org/encoding set size:undefined disposed:false
4416 silly placeDep ROOT node-fetch@2.7.0 OK for: cross-fetch@3.2.0 want: ^2.7.0
4417 silly fetch manifest whatwg-url@^5.0.0
4418 silly packumentCache full:https://registry.npmjs.org/whatwg-url cache-miss
4419 http fetch GET 200 https://registry.npmjs.org/whatwg-url 50ms (cache miss)
4420 silly packumentCache full:https://registry.npmjs.org/whatwg-url set size:undefined disposed:false
4421 silly placeDep ROOT css-in-js-utils@3.1.0 OK for: inline-style-prefixer@7.0.1 want: ^3.1.0
4422 silly fetch manifest hyphenate-style-name@^1.0.3
4423 silly packumentCache full:https://registry.npmjs.org/hyphenate-style-name cache-miss
4424 http fetch GET 200 https://registry.npmjs.org/hyphenate-style-name 46ms (cache miss)
4425 silly packumentCache full:https://registry.npmjs.org/hyphenate-style-name set size:undefined disposed:false
4426 silly placeDep ROOT hyphenate-style-name@1.1.0 OK for: css-in-js-utils@3.1.0 want: ^1.0.3
4427 silly placeDep ROOT whatwg-url@5.0.0 OK for: node-fetch@2.7.0 want: ^5.0.0
4428 silly fetch manifest tr46@~0.0.3
4429 silly packumentCache full:https://registry.npmjs.org/tr46 cache-miss
4430 silly fetch manifest webidl-conversions@^3.0.0
4431 silly packumentCache full:https://registry.npmjs.org/webidl-conversions cache-miss
4432 http cache https://registry.npmjs.org/webidl-conversions 2ms (cache hit)
4433 silly packumentCache full:https://registry.npmjs.org/webidl-conversions set size:46073 disposed:false
4434 http fetch GET 200 https://registry.npmjs.org/tr46 49ms (cache miss)
4435 silly packumentCache full:https://registry.npmjs.org/tr46 set size:undefined disposed:false
4436 silly placeDep ROOT @babel/plugin-transform-template-literals@7.27.1 OK for: react-native-worklets@0.5.1 want: ^7.0.0-0
4437 silly placeDep node_modules/react-native-worklets semver@7.7.2 OK for: react-native-worklets@0.5.1 want: 7.7.2
4438 silly placeDep ROOT regenerate@1.4.2 OK for: regexpu-core@6.4.0 want: ^1.4.2
4439 silly placeDep ROOT regenerate-unicode-properties@10.2.2 OK for: regexpu-core@6.4.0 want: ^10.2.2
4440 silly placeDep ROOT regjsgen@0.8.0 OK for: regexpu-core@6.4.0 want: ^0.8.0
4441 silly placeDep ROOT regjsparser@0.13.1 OK for: regexpu-core@6.4.0 want: ^0.13.0
4442 silly placeDep ROOT unicode-match-property-ecmascript@2.0.0 OK for: regexpu-core@6.4.0 want: ^2.0.0
4443 silly placeDep ROOT unicode-match-property-value-ecmascript@2.2.1 OK for: regexpu-core@6.4.0 want: ^2.2.1
4444 silly fetch manifest unicode-canonical-property-names-ecmascript@^2.0.0
4445 silly packumentCache full:https://registry.npmjs.org/unicode-canonical-property-names-ecmascript cache-miss
4446 silly fetch manifest unicode-property-aliases-ecmascript@^2.0.0
4447 silly packumentCache full:https://registry.npmjs.org/unicode-property-aliases-ecmascript cache-miss
4448 http fetch GET 200 https://registry.npmjs.org/unicode-canonical-property-names-ecmascript 52ms (cache miss)
4449 silly packumentCache full:https://registry.npmjs.org/unicode-canonical-property-names-ecmascript set size:undefined disposed:false
4450 http fetch GET 200 https://registry.npmjs.org/unicode-property-aliases-ecmascript 59ms (cache miss)
4451 silly packumentCache full:https://registry.npmjs.org/unicode-property-aliases-ecmascript set size:undefined disposed:false
4452 silly placeDep ROOT node-exports-info@1.6.0 OK for: resolve@2.0.0-next.6 want: ^1.6.0
4453 silly placeDep ROOT path-parse@1.0.7 OK for: resolve@2.0.0-next.6 want: ^1.0.7
4454 silly placeDep ROOT supports-preserve-symlinks-flag@1.0.0 OK for: resolve@2.0.0-next.6 want: ^1.0.0
4455 silly placeDep node_modules/rimraf glob@7.2.3 OK for: rimraf@3.0.2 want: ^7.1.3
4456 silly placeDep ROOT isarray@2.0.5 OK for: safe-array-concat@1.1.3 want: ^2.0.5
4457 silly placeDep node_modules/serve-static encodeurl@2.0.0 OK for: serve-static@1.16.3 want: ~2.0.0
4458 silly placeDep ROOT send@0.19.2 OK for: serve-static@1.16.3 want: ~0.19.1
4459 silly fetch manifest depd@2.0.0
4460 silly packumentCache full:https://registry.npmjs.org/depd cache-miss
4461 silly fetch manifest etag@~1.8.1
4462 silly packumentCache full:https://registry.npmjs.org/etag cache-miss
4463 silly fetch manifest mime@1.6.0
4464 silly packumentCache full:https://registry.npmjs.org/mime cache-miss
4465 silly fetch manifest fresh@~0.5.2
4466 silly packumentCache full:https://registry.npmjs.org/fresh cache-miss
4467 silly fetch manifest destroy@1.2.0
4468 silly packumentCache full:https://registry.npmjs.org/destroy cache-miss
4469 silly fetch manifest statuses@~2.0.2
4470 silly packumentCache full:https://registry.npmjs.org/statuses cache-hit
4471 silly fetch manifest http-errors@~2.0.1
4472 silly packumentCache full:https://registry.npmjs.org/http-errors cache-miss
4473 silly fetch manifest on-finished@~2.4.1
4474 silly packumentCache full:https://registry.npmjs.org/on-finished cache-hit
4475 silly fetch manifest range-parser@~1.2.1
4476 silly packumentCache full:https://registry.npmjs.org/range-parser cache-miss
4477 http cache https://registry.npmjs.org/fresh 4ms (cache hit)
4478 silly packumentCache full:https://registry.npmjs.org/fresh set size:25427 disposed:false
4479 http cache https://registry.npmjs.org/depd 5ms (cache hit)
4480 silly packumentCache full:https://registry.npmjs.org/depd set size:40182 disposed:false
4481 http cache https://registry.npmjs.org/range-parser 4ms (cache hit)
4482 silly packumentCache full:https://registry.npmjs.org/range-parser set size:22228 disposed:false
4483 http cache https://registry.npmjs.org/etag 5ms (cache hit)
4484 silly packumentCache full:https://registry.npmjs.org/etag set size:30032 disposed:false
4485 http cache https://registry.npmjs.org/http-errors 5ms (cache hit)
4486 silly packumentCache full:https://registry.npmjs.org/http-errors set size:71987 disposed:false
4487 http fetch GET 200 https://registry.npmjs.org/destroy 52ms (cache miss)
4488 silly packumentCache full:https://registry.npmjs.org/destroy set size:undefined disposed:false
4489 http fetch GET 200 https://registry.npmjs.org/mime 58ms (cache miss)
4490 silly packumentCache full:https://registry.npmjs.org/mime set size:undefined disposed:false
4491 silly placeDep node_modules/send debug@2.6.9 OK for: send@0.19.2 want: 2.6.9
4492 silly placeDep ROOT depd@2.0.0 OK for: send@0.19.2 want: 2.0.0
4493 silly placeDep ROOT destroy@1.2.0 OK for: send@0.19.2 want: 1.2.0
4494 silly placeDep node_modules/send encodeurl@2.0.0 OK for: send@0.19.2 want: ~2.0.0
4495 silly placeDep ROOT etag@1.8.1 OK for: send@0.19.2 want: ~1.8.1
4496 silly placeDep ROOT fresh@0.5.2 OK for: send@0.19.2 want: ~0.5.2
4497 silly placeDep ROOT http-errors@2.0.1 OK for: send@0.19.2 want: ~2.0.1
4498 silly placeDep ROOT mime@1.6.0 OK for: send@0.19.2 want: 1.6.0
4499 silly placeDep node_modules/send on-finished@2.4.1 OK for: send@0.19.2 want: ~2.4.1
4500 silly placeDep ROOT range-parser@1.2.1 OK for: send@0.19.2 want: ~1.2.1
4501 silly placeDep node_modules/send statuses@2.0.2 OK for: send@0.19.2 want: ~2.0.2
4502 silly fetch manifest setprototypeof@~1.2.0
4503 silly packumentCache full:https://registry.npmjs.org/setprototypeof cache-miss
4504 silly fetch manifest toidentifier@~1.0.1
4505 silly packumentCache full:https://registry.npmjs.org/toidentifier cache-miss
4506 http cache https://registry.npmjs.org/toidentifier 2ms (cache hit)
4507 silly packumentCache full:https://registry.npmjs.org/toidentifier set size:12006 disposed:false
4508 http cache https://registry.npmjs.org/setprototypeof 2ms (cache hit)
4509 silly packumentCache full:https://registry.npmjs.org/setprototypeof set size:14532 disposed:false
4510 silly placeDep ROOT setprototypeof@1.2.0 OK for: http-errors@2.0.1 want: ~1.2.0
4511 silly placeDep node_modules/http-errors statuses@2.0.2 OK for: http-errors@2.0.1 want: ~2.0.2
4512 silly placeDep ROOT toidentifier@1.0.1 OK for: http-errors@2.0.1 want: ~1.0.1
4513 silly placeDep ROOT shebang-regex@3.0.0 OK for: shebang-command@2.0.0 want: ^3.0.0
4514 silly placeDep ROOT side-channel-list@1.0.1 OK for: side-channel@1.1.0 want: ^1.0.0
4515 silly placeDep ROOT side-channel-map@1.0.1 OK for: side-channel@1.1.0 want: ^1.0.1
4516 silly placeDep ROOT side-channel-weakmap@1.0.2 OK for: side-channel@1.1.0 want: ^1.0.2
4517 silly placeDep ROOT is-arrayish@0.3.4 OK for: simple-swizzle@0.2.4 want: ^0.3.1
4518 silly placeDep ROOT @socket.io/component-emitter@3.1.2 OK for: socket.io-client@4.8.3 want: ~3.1.0
4519 silly placeDep ROOT engine.io-client@6.6.4 OK for: socket.io-client@4.8.3 want: ~6.6.1
4520 silly placeDep ROOT socket.io-parser@4.2.6 OK for: socket.io-client@4.8.3 want: ~4.2.4
4521 silly fetch manifest engine.io-parser@~5.2.1
4522 silly packumentCache full:https://registry.npmjs.org/engine.io-parser cache-miss
4523 silly fetch manifest ws@~8.18.3
4524 silly packumentCache full:https://registry.npmjs.org/ws cache-hit
4525 silly fetch manifest xmlhttprequest-ssl@~2.1.1
4526 silly packumentCache full:https://registry.npmjs.org/xmlhttprequest-ssl cache-miss
4527 http cache https://registry.npmjs.org/engine.io-parser 2ms (cache hit)
4528 silly packumentCache full:https://registry.npmjs.org/engine.io-parser set size:116455 disposed:false
4529 http cache https://registry.npmjs.org/xmlhttprequest-ssl 2ms (cache hit)
4530 silly packumentCache full:https://registry.npmjs.org/xmlhttprequest-ssl set size:41046 disposed:false
4531 silly fetch manifest utf-8-validate@>=5.0.2
4532 silly packumentCache full:https://registry.npmjs.org/utf-8-validate cache-hit
4533 silly placeDep ROOT engine.io-parser@5.2.3 OK for: engine.io-client@6.6.4 want: ~5.2.1
4534 silly placeDep node_modules/engine.io-client ws@8.18.3 OK for: engine.io-client@6.6.4 want: ~8.18.3
4535 silly placeDep ROOT xmlhttprequest-ssl@2.1.2 OK for: engine.io-client@6.6.4 want: ~2.1.1
4536 silly placeDep node_modules/stack-utils escape-string-regexp@2.0.0 OK for: stack-utils@2.0.6 want: ^2.0.0
4537 silly placeDep ROOT type-fest@0.7.1 OK for: stacktrace-parser@0.1.11 want: ^0.7.1
4538 silly placeDep node_modules/sucrase commander@4.1.1 OK for: sucrase@3.35.1 want: ^4.0.0
4539 silly placeDep ROOT lines-and-columns@1.2.4 OK for: sucrase@3.35.1 want: ^1.1.6
4540 silly placeDep ROOT mz@2.7.0 OK for: sucrase@3.35.1 want: ^2.7.0
4541 silly placeDep ROOT ts-interface-checker@0.1.13 OK for: sucrase@3.35.1 want: ^0.1.9
4542 silly fetch manifest any-promise@^1.0.0
4543 silly packumentCache full:https://registry.npmjs.org/any-promise cache-miss
4544 silly fetch manifest thenify-all@^1.0.0
4545 silly packumentCache full:https://registry.npmjs.org/thenify-all cache-miss
4546 http fetch GET 200 https://registry.npmjs.org/any-promise 43ms (cache miss)
4547 silly packumentCache full:https://registry.npmjs.org/any-promise set size:undefined disposed:false
4548 http fetch GET 200 https://registry.npmjs.org/thenify-all 54ms (cache miss)
4549 silly packumentCache full:https://registry.npmjs.org/thenify-all set size:undefined disposed:false
4550 silly placeDep ROOT any-promise@1.3.0 OK for: mz@2.7.0 want: ^1.0.0
4551 silly placeDep ROOT thenify-all@1.6.0 OK for: mz@2.7.0 want: ^1.0.0
4552 silly fetch manifest thenify@>= 3.1.0 < 4
4553 silly packumentCache full:https://registry.npmjs.org/thenify cache-miss
4554 http fetch GET 200 https://registry.npmjs.org/thenify 51ms (cache miss)
4555 silly packumentCache full:https://registry.npmjs.org/thenify set size:undefined disposed:false
4556 silly placeDep ROOT has-flag@4.0.0 OK for: supports-color@7.2.0 want: ^4.0.0
4557 silly placeDep ROOT @jridgewell/source-map@0.3.11 OK for: terser@5.46.1 want: ^0.3.3
4558 silly placeDep node_modules/terser commander@2.20.3 OK for: terser@5.46.1 want: ^2.20.0
4559 silly placeDep ROOT source-map-support@0.5.21 OK for: terser@5.46.1 want: ~0.5.20
4560 silly fetch manifest buffer-from@^1.0.0
4561 silly packumentCache full:https://registry.npmjs.org/buffer-from cache-miss
4562 silly fetch manifest source-map@^0.6.0
4563 silly packumentCache full:https://registry.npmjs.org/source-map cache-hit
4564 http fetch GET 200 https://registry.npmjs.org/buffer-from 105ms (cache miss)
4565 silly packumentCache full:https://registry.npmjs.org/buffer-from set size:undefined disposed:false
4566 silly placeDep ROOT buffer-from@1.1.2 OK for: source-map-support@0.5.21 want: ^1.0.0
4567 silly placeDep node_modules/source-map-support source-map@0.6.1 OK for: source-map-support@0.5.21 want: ^0.6.0
4568 silly placeDep node_modules/test-exclude glob@7.2.3 OK for: test-exclude@6.0.0 want: ^7.1.4
4569 silly placeDep ROOT thenify@3.3.1 OK for: thenify-all@1.6.0 want: >= 3.1.0 < 4
4570 silly placeDep node_modules/tinyglobby fdir@6.5.0 OK for: tinyglobby@0.2.16 want: ^6.5.0
4571 silly placeDep node_modules/tinyglobby picomatch@4.0.4 OK for: fdir@6.5.0 want: ^3 || ^4
4572 silly placeDep ROOT is-number@7.0.0 OK for: to-regex-range@5.0.1 want: ^7.0.0
4573 silly placeDep ROOT @types/json5@0.0.29 OK for: tsconfig-paths@3.15.0 want: ^0.0.29
4574 silly placeDep node_modules/tsconfig-paths json5@1.0.2 OK for: tsconfig-paths@3.15.0 want: ^1.0.2
4575 silly placeDep ROOT minimist@1.2.8 OK for: tsconfig-paths@3.15.0 want: ^1.2.6
4576 silly placeDep ROOT strip-bom@3.0.0 OK for: tsconfig-paths@3.15.0 want: ^3.0.0
4577 silly fetch manifest minimist@^1.2.0
4578 silly packumentCache full:https://registry.npmjs.org/minimist cache-miss
4579 http cache https://registry.npmjs.org/minimist 2ms (cache hit)
4580 silly packumentCache full:https://registry.npmjs.org/minimist set size:77063 disposed:false
4581 silly placeDep ROOT for-each@0.3.5 OK for: typed-array-byte-length@1.0.3 want: ^0.3.3
4582 silly placeDep ROOT reflect.getprototypeof@1.0.10 OK for: typed-array-byte-offset@1.0.4 want: ^1.0.9
4583 silly fetch manifest which-builtin-type@^1.2.1
4584 silly packumentCache full:https://registry.npmjs.org/which-builtin-type cache-miss
4585 http fetch GET 200 https://registry.npmjs.org/which-builtin-type 111ms (cache miss)
4586 silly packumentCache full:https://registry.npmjs.org/which-builtin-type set size:undefined disposed:false
4587 silly placeDep ROOT which-builtin-type@1.2.1 OK for: reflect.getprototypeof@1.0.10 want: ^1.2.1
4588 silly fetch manifest is-async-function@^2.0.0
4589 silly packumentCache full:https://registry.npmjs.org/is-async-function cache-miss
4590 silly fetch manifest is-finalizationregistry@^1.1.0
4591 silly packumentCache full:https://registry.npmjs.org/is-finalizationregistry cache-miss
4592 silly fetch manifest is-generator-function@^1.0.10
4593 silly packumentCache full:https://registry.npmjs.org/is-generator-function cache-miss
4594 silly fetch manifest which-boxed-primitive@^1.1.0
4595 silly packumentCache full:https://registry.npmjs.org/which-boxed-primitive cache-miss
4596 silly fetch manifest which-collection@^1.0.2
4597 silly packumentCache full:https://registry.npmjs.org/which-collection cache-miss
4598 http cache https://registry.npmjs.org/which-boxed-primitive 5ms (cache hit)
4599 silly packumentCache full:https://registry.npmjs.org/which-boxed-primitive set size:19407 disposed:false
4600 http fetch GET 200 https://registry.npmjs.org/is-finalizationregistry 50ms (cache miss)
4601 silly packumentCache full:https://registry.npmjs.org/is-finalizationregistry set size:undefined disposed:false
4602 http fetch GET 200 https://registry.npmjs.org/is-async-function 55ms (cache miss)
4603 silly packumentCache full:https://registry.npmjs.org/is-async-function set size:undefined disposed:false
4604 http fetch GET 200 https://registry.npmjs.org/is-generator-function 62ms (cache miss)
4605 silly packumentCache full:https://registry.npmjs.org/is-generator-function set size:undefined disposed:false
4606 http fetch GET 200 https://registry.npmjs.org/which-collection 63ms (cache miss)
4607 silly packumentCache full:https://registry.npmjs.org/which-collection set size:undefined disposed:false
4608 silly placeDep ROOT has-bigints@1.1.0 OK for: unbox-primitive@1.1.0 want: ^1.0.2
4609 silly placeDep ROOT which-boxed-primitive@1.1.1 OK for: unbox-primitive@1.1.0 want: ^1.1.1
4610 silly fetch manifest is-bigint@^1.1.0
4611 silly packumentCache full:https://registry.npmjs.org/is-bigint cache-miss
4612 silly fetch manifest is-boolean-object@^1.2.1
4613 silly packumentCache full:https://registry.npmjs.org/is-boolean-object cache-miss
4614 silly fetch manifest is-number-object@^1.1.1
4615 silly packumentCache full:https://registry.npmjs.org/is-number-object cache-miss
4616 http fetch GET 200 https://registry.npmjs.org/is-bigint 54ms (cache miss)
4617 silly packumentCache full:https://registry.npmjs.org/is-bigint set size:undefined disposed:false
4618 http fetch GET 200 https://registry.npmjs.org/is-boolean-object 60ms (cache miss)
4619 silly packumentCache full:https://registry.npmjs.org/is-boolean-object set size:undefined disposed:false
4620 http fetch GET 200 https://registry.npmjs.org/is-number-object 69ms (cache miss)
4621 silly packumentCache full:https://registry.npmjs.org/is-number-object set size:undefined disposed:false
4622 silly placeDep ROOT unicode-canonical-property-names-ecmascript@2.0.1 OK for: unicode-match-property-ecmascript@2.0.0 want: ^2.0.0
4623 silly placeDep ROOT unicode-property-aliases-ecmascript@2.2.0 OK for: unicode-match-property-ecmascript@2.0.0 want: ^2.0.0
4624 silly placeDep ROOT @unrs/resolver-binding-android-arm-eabi@1.11.1 OK for: unrs-resolver@1.11.1 want: 1.11.1
4625 silly placeDep ROOT @unrs/resolver-binding-android-arm64@1.11.1 OK for: unrs-resolver@1.11.1 want: 1.11.1
4626 silly placeDep ROOT @unrs/resolver-binding-darwin-arm64@1.11.1 OK for: unrs-resolver@1.11.1 want: 1.11.1
4627 silly placeDep ROOT @unrs/resolver-binding-darwin-x64@1.11.1 OK for: unrs-resolver@1.11.1 want: 1.11.1
4628 silly placeDep ROOT @unrs/resolver-binding-freebsd-x64@1.11.1 OK for: unrs-resolver@1.11.1 want: 1.11.1
4629 silly placeDep ROOT @unrs/resolver-binding-linux-arm-gnueabihf@1.11.1 OK for: unrs-resolver@1.11.1 want: 1.11.1
4630 silly placeDep ROOT @unrs/resolver-binding-linux-arm-musleabihf@1.11.1 OK for: unrs-resolver@1.11.1 want: 1.11.1
4631 silly placeDep ROOT @unrs/resolver-binding-linux-arm64-gnu@1.11.1 OK for: unrs-resolver@1.11.1 want: 1.11.1
4632 silly placeDep ROOT @unrs/resolver-binding-linux-arm64-musl@1.11.1 OK for: unrs-resolver@1.11.1 want: 1.11.1
4633 silly placeDep ROOT @unrs/resolver-binding-linux-ppc64-gnu@1.11.1 OK for: unrs-resolver@1.11.1 want: 1.11.1
4634 silly placeDep ROOT @unrs/resolver-binding-linux-riscv64-gnu@1.11.1 OK for: unrs-resolver@1.11.1 want: 1.11.1
4635 silly placeDep ROOT @unrs/resolver-binding-linux-riscv64-musl@1.11.1 OK for: unrs-resolver@1.11.1 want: 1.11.1
4636 silly placeDep ROOT @unrs/resolver-binding-linux-s390x-gnu@1.11.1 OK for: unrs-resolver@1.11.1 want: 1.11.1
4637 silly placeDep ROOT @unrs/resolver-binding-linux-x64-gnu@1.11.1 OK for: unrs-resolver@1.11.1 want: 1.11.1
4638 silly placeDep ROOT @unrs/resolver-binding-linux-x64-musl@1.11.1 OK for: unrs-resolver@1.11.1 want: 1.11.1
4639 silly placeDep ROOT @unrs/resolver-binding-wasm32-wasi@1.11.1 OK for: unrs-resolver@1.11.1 want: 1.11.1
4640 silly placeDep ROOT @unrs/resolver-binding-win32-arm64-msvc@1.11.1 OK for: unrs-resolver@1.11.1 want: 1.11.1
4641 silly placeDep ROOT @unrs/resolver-binding-win32-ia32-msvc@1.11.1 OK for: unrs-resolver@1.11.1 want: 1.11.1
4642 silly placeDep ROOT @unrs/resolver-binding-win32-x64-msvc@1.11.1 OK for: unrs-resolver@1.11.1 want: 1.11.1
4643 silly placeDep ROOT napi-postinstall@0.3.4 OK for: unrs-resolver@1.11.1 want: ^0.3.0
4644 silly fetch manifest @napi-rs/wasm-runtime@^0.2.11
4645 silly packumentCache full:https://registry.npmjs.org/@napi-rs%2fwasm-runtime cache-miss
4646 http cache https://registry.npmjs.org/@napi-rs%2fwasm-runtime 1ms (cache hit)
4647 silly packumentCache full:https://registry.npmjs.org/@napi-rs%2fwasm-runtime set size:71273 disposed:false
4648 silly placeDep ROOT @napi-rs/wasm-runtime@0.2.12 OK for: @unrs/resolver-binding-wasm32-wasi@1.11.1 want: ^0.2.11
4649 silly fetch manifest @emnapi/core@^1.4.3
4650 silly packumentCache full:https://registry.npmjs.org/@emnapi%2fcore cache-miss
4651 silly fetch manifest @emnapi/runtime@^1.4.3
4652 silly packumentCache full:https://registry.npmjs.org/@emnapi%2fruntime cache-miss
4653 silly fetch manifest @tybys/wasm-util@^0.10.0
4654 silly packumentCache full:https://registry.npmjs.org/@tybys%2fwasm-util cache-miss
4655 http cache https://registry.npmjs.org/@emnapi%2fcore 2ms (cache hit)
4656 silly packumentCache full:https://registry.npmjs.org/@emnapi%2fcore set size:105841 disposed:false
4657 http cache https://registry.npmjs.org/@emnapi%2fruntime 3ms (cache hit)
4658 silly packumentCache full:https://registry.npmjs.org/@emnapi%2fruntime set size:108129 disposed:false
4659 http cache https://registry.npmjs.org/@tybys%2fwasm-util 3ms (cache hit)
4660 silly packumentCache full:https://registry.npmjs.org/@tybys%2fwasm-util set size:55410 disposed:false
4661 silly placeDep ROOT @emnapi/core@1.10.0 OK for: @napi-rs/wasm-runtime@0.2.12 want: ^1.4.3
4662 silly placeDep ROOT @emnapi/runtime@1.10.0 OK for: @napi-rs/wasm-runtime@0.2.12 want: ^1.4.3
4663 silly placeDep ROOT @tybys/wasm-util@0.10.1 OK for: @napi-rs/wasm-runtime@0.2.12 want: ^0.10.0
4664 silly fetch manifest @emnapi/wasi-threads@1.2.1
4665 silly packumentCache full:https://registry.npmjs.org/@emnapi%2fwasi-threads cache-miss
4666 silly fetch manifest tslib@^2.4.0
4667 silly packumentCache full:https://registry.npmjs.org/tslib cache-miss
4668 silly fetch manifest tslib@^2.4.0
4669 silly packumentCache full:https://registry.npmjs.org/tslib cache-miss
4670 silly fetch manifest tslib@^2.4.0
4671 silly packumentCache full:https://registry.npmjs.org/tslib cache-miss
4672 http cache https://registry.npmjs.org/@emnapi%2fwasi-threads 1ms (cache hit)
4673 silly packumentCache full:https://registry.npmjs.org/@emnapi%2fwasi-threads set size:24206 disposed:false
4674 http cache https://registry.npmjs.org/tslib 2ms (cache hit)
4675 silly packumentCache full:https://registry.npmjs.org/tslib set size:108760 disposed:false
4676 http cache https://registry.npmjs.org/tslib 3ms (cache hit)
4677 silly packumentCache full:https://registry.npmjs.org/tslib set size:108760 disposed:false
4678 silly packumentCache full:https://registry.npmjs.org/tslib dispose
4679 http cache https://registry.npmjs.org/tslib 3ms (cache hit)
4680 silly packumentCache full:https://registry.npmjs.org/tslib set size:108760 disposed:true
4681 silly packumentCache full:https://registry.npmjs.org/tslib dispose
4682 silly placeDep ROOT @emnapi/wasi-threads@1.2.1 OK for: @emnapi/core@1.10.0 want: 1.2.1
4683 silly placeDep ROOT tslib@2.8.1 OK for: @emnapi/core@1.10.0 want: ^2.4.0
4684 silly placeDep ROOT escalade@3.2.0 OK for: update-browserslist-db@1.2.3 want: ^3.2.0
4685 silly placeDep ROOT punycode@2.3.1 OK for: uri-js@4.4.1 want: ^2.1.0
4686 silly fetch manifest react@^16.8 || ^17.0 || ^18.0 || ^19.0.0 || ^19.0.0-rc
4687 silly packumentCache full:https://registry.npmjs.org/react cache-miss
4688 http cache https://registry.npmjs.org/react 7ms (cache hit)
4689 silly packumentCache full:https://registry.npmjs.org/react set size:6613874 disposed:false
4690 silly fetch manifest react-dom@^16.8 || ^17.0 || ^18.0 || ^19.0.0 || ^19.0.0-rc
4691 silly packumentCache full:https://registry.npmjs.org/react-dom cache-miss
4692 http cache https://registry.npmjs.org/react-dom 14ms (cache hit)
4693 silly packumentCache full:https://registry.npmjs.org/react-dom set size:8805723 disposed:false
4694 silly placeDep node_modules/vaul @radix-ui/react-dialog@1.1.15 OK for: vaul@1.1.2 want: ^1.1.1
4695 silly fetch manifest aria-hidden@^1.2.4
4696 silly packumentCache full:https://registry.npmjs.org/aria-hidden cache-miss
4697 silly fetch manifest react-remove-scroll@^2.6.3
4698 silly packumentCache full:https://registry.npmjs.org/react-remove-scroll cache-miss
4699 silly fetch manifest @radix-ui/react-slot@1.2.3
4700 silly packumentCache full:https://registry.npmjs.org/@radix-ui%2freact-slot cache-miss
4701 silly fetch manifest @radix-ui/react-portal@1.1.9
4702 silly packumentCache full:https://registry.npmjs.org/@radix-ui%2freact-portal cache-miss
4703 silly fetch manifest @radix-ui/react-focus-scope@1.1.7
4704 silly packumentCache full:https://registry.npmjs.org/@radix-ui%2freact-focus-scope cache-miss
4705 silly fetch manifest @radix-ui/react-focus-guards@1.1.3
4706 silly packumentCache full:https://registry.npmjs.org/@radix-ui%2freact-focus-guards cache-miss
4707 silly fetch manifest @radix-ui/react-dismissable-layer@1.1.11
4708 silly packumentCache full:https://registry.npmjs.org/@radix-ui%2freact-dismissable-layer cache-miss
4709 http cache https://registry.npmjs.org/@radix-ui%2freact-slot 5ms (cache hit)
4710 silly packumentCache full:https://registry.npmjs.org/@radix-ui%2freact-slot set size:387271 disposed:false
4711 http fetch GET 200 https://registry.npmjs.org/aria-hidden 153ms (cache miss)
4712 silly packumentCache full:https://registry.npmjs.org/aria-hidden set size:undefined disposed:false
4713 http fetch GET 200 https://registry.npmjs.org/react-remove-scroll 155ms (cache miss)
4714 silly packumentCache full:https://registry.npmjs.org/react-remove-scroll set size:undefined disposed:false
4715 http fetch GET 200 https://registry.npmjs.org/@radix-ui%2freact-focus-guards 159ms (cache miss)
4716 silly packumentCache full:https://registry.npmjs.org/@radix-ui%2freact-focus-guards set size:undefined disposed:false
4717 http fetch GET 200 https://registry.npmjs.org/@radix-ui%2freact-focus-scope 161ms (cache miss)
4718 silly packumentCache full:https://registry.npmjs.org/@radix-ui%2freact-focus-scope set size:undefined disposed:false
4719 http fetch GET 200 https://registry.npmjs.org/@radix-ui%2freact-portal 164ms (cache miss)
4720 silly packumentCache full:https://registry.npmjs.org/@radix-ui%2freact-portal set size:undefined disposed:false
4721 http fetch GET 200 https://registry.npmjs.org/@radix-ui%2freact-dismissable-layer 166ms (cache miss)
4722 silly packumentCache full:https://registry.npmjs.org/@radix-ui%2freact-dismissable-layer set size:undefined disposed:false
4723 silly placeDep ROOT makeerror@1.0.12 OK for: walker@1.0.8 want: 1.0.12
4724 silly fetch manifest tmpl@1.0.5
4725 silly packumentCache full:https://registry.npmjs.org/tmpl cache-miss
4726 http fetch GET 200 https://registry.npmjs.org/tmpl 53ms (cache miss)
4727 silly packumentCache full:https://registry.npmjs.org/tmpl set size:undefined disposed:false
4728 silly placeDep ROOT tmpl@1.0.5 OK for: makeerror@1.0.12 want: 1.0.5
4729 silly placeDep ROOT tr46@0.0.3 OK for: whatwg-url@5.0.0 want: ~0.0.3
4730 silly placeDep ROOT webidl-conversions@3.0.1 OK for: whatwg-url@5.0.0 want: ^3.0.0
4731 silly placeDep ROOT buffer@5.7.1 OK for: whatwg-url-without-unicode@8.0.0-3 want: ^5.4.3
4732 silly placeDep node_modules/whatwg-url-without-unicode webidl-conversions@5.0.0 OK for: whatwg-url-without-unicode@8.0.0-3 want: ^5.0.0
4733 silly fetch manifest ieee754@^1.1.13
4734 silly packumentCache full:https://registry.npmjs.org/ieee754 cache-miss
4735 http fetch GET 200 https://registry.npmjs.org/ieee754 49ms (cache miss)
4736 silly packumentCache full:https://registry.npmjs.org/ieee754 set size:undefined disposed:false
4737 silly placeDep ROOT ieee754@1.2.1 OK for: buffer@5.7.1 want: ^1.1.13
4738 silly placeDep ROOT isexe@2.0.0 OK for: which@2.0.2 want: ^2.0.0
4739 silly placeDep ROOT is-bigint@1.1.0 OK for: which-boxed-primitive@1.1.1 want: ^1.1.0
4740 silly placeDep ROOT is-boolean-object@1.2.2 OK for: which-boxed-primitive@1.1.1 want: ^1.2.1
4741 silly placeDep ROOT is-number-object@1.1.1 OK for: which-boxed-primitive@1.1.1 want: ^1.1.1
4742 silly placeDep ROOT is-async-function@2.1.1 OK for: which-builtin-type@1.2.1 want: ^2.0.0
4743 silly placeDep ROOT is-finalizationregistry@1.1.1 OK for: which-builtin-type@1.2.1 want: ^1.1.0
4744 silly placeDep ROOT is-generator-function@1.1.2 OK for: which-builtin-type@1.2.1 want: ^1.0.10
4745 silly placeDep ROOT which-collection@1.0.2 OK for: which-builtin-type@1.2.1 want: ^1.0.2
4746 silly fetch manifest async-function@^1.0.0
4747 silly packumentCache full:https://registry.npmjs.org/async-function cache-miss
4748 silly fetch manifest generator-function@^2.0.0
4749 silly packumentCache full:https://registry.npmjs.org/generator-function cache-miss
4750 silly fetch manifest is-map@^2.0.3
4751 silly packumentCache full:https://registry.npmjs.org/is-map cache-miss
4752 silly fetch manifest is-weakmap@^2.0.2
4753 silly packumentCache full:https://registry.npmjs.org/is-weakmap cache-miss
4754 silly fetch manifest is-weakset@^2.0.3
4755 silly packumentCache full:https://registry.npmjs.org/is-weakset cache-miss
4756 http fetch GET 200 https://registry.npmjs.org/is-map 46ms (cache miss)
4757 silly packumentCache full:https://registry.npmjs.org/is-map set size:undefined disposed:false
4758 http fetch GET 200 https://registry.npmjs.org/async-function 49ms (cache miss)
4759 silly packumentCache full:https://registry.npmjs.org/async-function set size:undefined disposed:false
4760 http fetch GET 200 https://registry.npmjs.org/is-weakset 53ms (cache miss)
4761 silly packumentCache full:https://registry.npmjs.org/is-weakset set size:undefined disposed:false
4762 http fetch GET 200 https://registry.npmjs.org/generator-function 57ms (cache miss)
4763 silly packumentCache full:https://registry.npmjs.org/generator-function set size:undefined disposed:false
4764 http fetch GET 200 https://registry.npmjs.org/is-weakmap 243ms (cache miss)
4765 silly packumentCache full:https://registry.npmjs.org/is-weakmap set size:undefined disposed:false
4766 silly placeDep ROOT async-function@1.0.0 OK for: is-async-function@2.1.1 want: ^1.0.0
4767 silly placeDep ROOT generator-function@2.0.1 OK for: is-generator-function@1.1.2 want: ^2.0.0
4768 silly placeDep ROOT is-map@2.0.3 OK for: which-collection@1.0.2 want: ^2.0.3
4769 silly placeDep ROOT is-weakmap@2.0.2 OK for: which-collection@1.0.2 want: ^2.0.2
4770 silly placeDep ROOT is-weakset@2.0.4 OK for: which-collection@1.0.2 want: ^2.0.3
4771 silly placeDep ROOT signal-exit@3.0.7 OK for: write-file-atomic@4.0.2 want: ^3.0.7
4772 silly placeDep ROOT simple-plist@1.3.1 OK for: xcode@3.0.1 want: ^1.1.0
4773 silly placeDep ROOT uuid@7.0.3 OK for: xcode@3.0.1 want: ^7.0.3
4774 silly fetch manifest bplist-parser@0.3.1
4775 silly packumentCache full:https://registry.npmjs.org/bplist-parser cache-miss
4776 silly fetch manifest plist@^3.0.5
4777 silly packumentCache full:https://registry.npmjs.org/plist cache-miss
4778 http cache https://registry.npmjs.org/bplist-parser 3ms (cache hit)
4779 silly packumentCache full:https://registry.npmjs.org/bplist-parser set size:21877 disposed:false
4780 http fetch GET 200 https://registry.npmjs.org/plist 133ms (cache miss)
4781 silly packumentCache full:https://registry.npmjs.org/plist set size:undefined disposed:false
4782 silly placeDep ROOT bplist-creator@0.1.0 OK for: simple-plist@1.3.1 want: 0.1.0
4783 silly placeDep ROOT bplist-parser@0.3.1 OK for: simple-plist@1.3.1 want: 0.3.1
4784 silly placeDep ROOT plist@3.1.0 OK for: simple-plist@1.3.1 want: ^3.0.5
4785 silly fetch manifest stream-buffers@2.2.x
4786 silly packumentCache full:https://registry.npmjs.org/stream-buffers cache-miss
4787 silly fetch manifest big-integer@1.6.x
4788 silly packumentCache full:https://registry.npmjs.org/big-integer cache-miss
4789 http fetch GET 200 https://registry.npmjs.org/stream-buffers 52ms (cache miss)
4790 silly packumentCache full:https://registry.npmjs.org/stream-buffers set size:undefined disposed:false
4791 http fetch GET 200 https://registry.npmjs.org/big-integer 54ms (cache miss)
4792 silly packumentCache full:https://registry.npmjs.org/big-integer set size:undefined disposed:false
4793 silly placeDep ROOT stream-buffers@2.2.0 OK for: bplist-creator@0.1.0 want: 2.2.x
4794 silly placeDep ROOT big-integer@1.6.52 OK for: bplist-parser@0.3.1 want: 1.6.x
4795 silly placeDep ROOT sax@1.6.0 OK for: xml2js@0.6.0 want: >=0.6.0
4796 silly placeDep node_modules/xml2js xmlbuilder@11.0.1 OK for: xml2js@0.6.0 want: ~11.0.0
4797 silly placeDep ROOT cliui@8.0.1 OK for: yargs@17.7.2 want: ^8.0.1
4798 silly placeDep ROOT get-caller-file@2.0.5 OK for: yargs@17.7.2 want: ^2.0.5
4799 silly placeDep ROOT require-directory@2.1.1 OK for: yargs@17.7.2 want: ^2.1.1
4800 silly placeDep ROOT string-width@4.2.3 OK for: yargs@17.7.2 want: ^4.2.3
4801 silly placeDep ROOT y18n@5.0.8 OK for: yargs@17.7.2 want: ^5.0.5
4802 silly placeDep ROOT yargs-parser@21.1.1 OK for: yargs@17.7.2 want: ^21.1.1
4803 silly fetch manifest strip-ansi@^6.0.1
4804 silly packumentCache full:https://registry.npmjs.org/strip-ansi cache-miss
4805 silly fetch manifest string-width@^4.2.0
4806 silly packumentCache full:https://registry.npmjs.org/string-width cache-miss
4807 silly fetch manifest strip-ansi@^6.0.1
4808 silly packumentCache full:https://registry.npmjs.org/strip-ansi cache-miss
4809 silly fetch manifest emoji-regex@^8.0.0
4810 silly packumentCache full:https://registry.npmjs.org/emoji-regex cache-miss
4811 silly fetch manifest is-fullwidth-code-point@^3.0.0
4812 silly packumentCache full:https://registry.npmjs.org/is-fullwidth-code-point cache-miss
4813 http cache https://registry.npmjs.org/string-width 3ms (cache hit)
4814 silly packumentCache full:https://registry.npmjs.org/string-width set size:68305 disposed:false
4815 http fetch GET 200 https://registry.npmjs.org/strip-ansi 48ms (cache miss)
4816 silly packumentCache full:https://registry.npmjs.org/strip-ansi set size:undefined disposed:false
4817 http fetch GET 200 https://registry.npmjs.org/emoji-regex 48ms (cache miss)
4818 silly packumentCache full:https://registry.npmjs.org/emoji-regex set size:undefined disposed:false
4819 http fetch GET 200 https://registry.npmjs.org/strip-ansi 65ms (cache miss)
4820 silly packumentCache full:https://registry.npmjs.org/strip-ansi set size:undefined disposed:false
4821 http fetch GET 200 https://registry.npmjs.org/is-fullwidth-code-point 65ms (cache miss)
4822 silly packumentCache full:https://registry.npmjs.org/is-fullwidth-code-point set size:undefined disposed:false
4823 silly placeDep ROOT strip-ansi@6.0.1 OK for: cliui@8.0.1 want: ^6.0.1
4824 silly placeDep ROOT wrap-ansi@7.0.0 OK for: cliui@8.0.1 want: ^7.0.0
4825 silly placeDep ROOT emoji-regex@8.0.0 OK for: string-width@4.2.3 want: ^8.0.0
4826 silly placeDep ROOT is-fullwidth-code-point@3.0.0 OK for: string-width@4.2.3 want: ^3.0.0
4827 silly placeDep ROOT @babel/highlight@7.25.9 OK for: @babel/code-frame@7.10.4 want: ^7.10.4
4828 silly fetch manifest chalk@^2.4.2
4829 silly packumentCache full:https://registry.npmjs.org/chalk cache-hit
4830 silly placeDep node_modules/@babel/highlight chalk@2.4.2 OK for: @babel/highlight@7.25.9 want: ^2.4.2
4831 silly fetch manifest ansi-styles@^3.2.1
4832 silly packumentCache full:https://registry.npmjs.org/ansi-styles cache-hit
4833 silly fetch manifest supports-color@^5.3.0
4834 silly packumentCache full:https://registry.npmjs.org/supports-color cache-hit
4835 silly fetch manifest escape-string-regexp@^1.0.5
4836 silly packumentCache full:https://registry.npmjs.org/escape-string-regexp cache-hit
4837 silly placeDep node_modules/@babel/highlight ansi-styles@3.2.1 OK for: chalk@2.4.2 want: ^3.2.1
4838 silly placeDep node_modules/@babel/highlight escape-string-regexp@1.0.5 OK for: chalk@2.4.2 want: ^1.0.5
4839 silly placeDep node_modules/@babel/highlight supports-color@5.5.0 OK for: chalk@2.4.2 want: ^5.3.0
4840 silly fetch manifest color-convert@^1.9.0
4841 silly packumentCache full:https://registry.npmjs.org/color-convert cache-hit
4842 silly fetch manifest has-flag@^3.0.0
4843 silly packumentCache full:https://registry.npmjs.org/has-flag cache-hit
4844 silly placeDep node_modules/@babel/highlight color-convert@1.9.3 OK for: ansi-styles@3.2.1 want: ^1.9.0
4845 silly fetch manifest color-name@1.1.3
4846 silly packumentCache full:https://registry.npmjs.org/color-name cache-hit
4847 silly placeDep node_modules/@babel/highlight color-name@1.1.3 OK for: color-convert@1.9.3 want: 1.1.3
4848 silly placeDep node_modules/@babel/highlight has-flag@3.0.0 OK for: supports-color@5.5.0 want: ^3.0.0
4849 silly placeDep node_modules/@expo/fingerprint brace-expansion@2.1.0 OK for: minimatch@9.0.9 want: ^2.0.2
4850 silly placeDep node_modules/@expo/metro-config brace-expansion@2.1.0 OK for: minimatch@9.0.9 want: ^2.0.2
4851 silly placeDep node_modules/@istanbuljs/load-nyc-config locate-path@5.0.0 OK for: find-up@4.1.0 want: ^5.0.0
4852 silly fetch manifest p-locate@^4.1.0
4853 silly packumentCache full:https://registry.npmjs.org/p-locate cache-hit
4854 silly placeDep node_modules/@istanbuljs/load-nyc-config argparse@1.0.10 OK for: js-yaml@3.14.2 want: ^1.0.7
4855 silly placeDep ROOT esprima@4.0.1 OK for: js-yaml@3.14.2 want: ^4.0.0
4856 silly fetch manifest sprintf-js@~1.0.2
4857 silly packumentCache full:https://registry.npmjs.org/sprintf-js cache-miss
4858 http fetch GET 200 https://registry.npmjs.org/sprintf-js 89ms (cache miss)
4859 silly packumentCache full:https://registry.npmjs.org/sprintf-js set size:undefined disposed:false
4860 silly placeDep ROOT sprintf-js@1.0.3 OK for: argparse@1.0.10 want: ~1.0.2
4861 silly placeDep node_modules/@istanbuljs/load-nyc-config p-locate@4.1.0 OK for: locate-path@5.0.0 want: ^4.1.0
4862 silly fetch manifest p-limit@^2.2.0
4863 silly packumentCache full:https://registry.npmjs.org/p-limit cache-hit
4864 silly placeDep node_modules/@istanbuljs/load-nyc-config p-limit@2.3.0 OK for: p-locate@4.1.0 want: ^2.2.0
4865 silly fetch manifest p-try@^2.0.0
4866 silly packumentCache full:https://registry.npmjs.org/p-try cache-miss
4867 http fetch GET 200 https://registry.npmjs.org/p-try 60ms (cache miss)
4868 silly packumentCache full:https://registry.npmjs.org/p-try set size:undefined disposed:false
4869 silly placeDep ROOT p-try@2.2.0 OK for: p-limit@2.3.0 want: ^2.0.0
4870 silly placeDep ROOT fs.realpath@1.0.0 OK for: glob@7.2.3 want: ^1.0.0
4871 silly placeDep ROOT inflight@1.0.6 OK for: glob@7.2.3 want: ^1.0.4
4872 silly placeDep ROOT once@1.4.0 OK for: glob@7.2.3 want: ^1.3.0
4873 silly placeDep ROOT path-is-absolute@1.0.1 OK for: glob@7.2.3 want: ^1.0.0
4874 silly fetch manifest wrappy@1
4875 silly packumentCache full:https://registry.npmjs.org/wrappy cache-miss
4876 silly fetch manifest wrappy@1
4877 silly packumentCache full:https://registry.npmjs.org/wrappy cache-miss
4878 http cache https://registry.npmjs.org/wrappy 3ms (cache hit)
4879 silly packumentCache full:https://registry.npmjs.org/wrappy set size:7682 disposed:false
4880 http cache https://registry.npmjs.org/wrappy 3ms (cache hit)
4881 silly packumentCache full:https://registry.npmjs.org/wrappy set size:7682 disposed:false
4882 silly packumentCache full:https://registry.npmjs.org/wrappy dispose
4883 silly placeDep ROOT wrappy@1.0.2 OK for: inflight@1.0.6 want: 1
4884 silly placeDep ROOT async-limiter@1.0.1 OK for: ws@6.2.3 want: ~1.0.0
4885 silly placeDep node_modules/@typescript-eslint/typescript-estree brace-expansion@5.0.5 OK for: minimatch@10.2.5 want: ^5.0.5
4886 silly fetch manifest balanced-match@^4.0.2
4887 silly packumentCache full:https://registry.npmjs.org/balanced-match cache-hit
4888 silly placeDep node_modules/@typescript-eslint/typescript-estree balanced-match@4.0.4 OK for: brace-expansion@5.0.5 want: ^4.0.2
4889 silly placeDep node_modules/connect ms@2.0.0 OK for: debug@2.6.9 want: 2.0.0
4890 silly fetch manifest react-dom@^16.8 || ^17.0 || ^18.0 || ^19.0 || ^19.0.0-rc
4891 silly packumentCache full:https://registry.npmjs.org/react-dom cache-miss
4892 http cache https://registry.npmjs.org/react-dom 11ms (cache hit)
4893 silly packumentCache full:https://registry.npmjs.org/react-dom set size:8805723 disposed:false
4894 silly placeDep ROOT @radix-ui/primitive@1.1.3 OK for: @radix-ui/react-tabs@1.1.13 want: 1.1.3
4895 silly placeDep ROOT @radix-ui/react-context@1.1.2 OK for: @radix-ui/react-tabs@1.1.13 want: 1.1.2
4896 silly placeDep ROOT @radix-ui/react-direction@1.1.1 OK for: @radix-ui/react-tabs@1.1.13 want: 1.1.1
4897 silly placeDep ROOT @radix-ui/react-id@1.1.1 OK for: @radix-ui/react-tabs@1.1.13 want: 1.1.1
4898 silly placeDep node_modules/expo-router @radix-ui/react-presence@1.1.5 OK for: @radix-ui/react-tabs@1.1.13 want: 1.1.5
4899 silly placeDep node_modules/expo-router @radix-ui/react-primitive@2.1.3 OK for: @radix-ui/react-tabs@1.1.13 want: 2.1.3
4900 silly placeDep node_modules/expo-router @radix-ui/react-roving-focus@1.1.11 OK for: @radix-ui/react-tabs@1.1.13 want: 1.1.11
4901 silly placeDep ROOT @radix-ui/react-use-controllable-state@1.2.2 OK for: @radix-ui/react-tabs@1.1.13 want: 1.2.2
4902 silly fetch manifest @radix-ui/react-use-layout-effect@1.1.1
4903 silly packumentCache full:https://registry.npmjs.org/@radix-ui%2freact-use-layout-effect cache-miss
4904 silly fetch manifest @radix-ui/react-use-layout-effect@1.1.1
4905 silly packumentCache full:https://registry.npmjs.org/@radix-ui%2freact-use-layout-effect cache-miss
4906 silly fetch manifest @radix-ui/react-collection@1.1.7
4907 silly packumentCache full:https://registry.npmjs.org/@radix-ui%2freact-collection cache-miss
4908 silly fetch manifest @radix-ui/react-use-callback-ref@1.1.1
4909 silly packumentCache full:https://registry.npmjs.org/@radix-ui%2freact-use-callback-ref cache-miss
4910 silly fetch manifest @radix-ui/react-use-effect-event@0.0.2
4911 silly packumentCache full:https://registry.npmjs.org/@radix-ui%2freact-use-effect-event cache-miss
4912 silly fetch manifest @radix-ui/react-use-layout-effect@1.1.1
4913 silly packumentCache full:https://registry.npmjs.org/@radix-ui%2freact-use-layout-effect cache-miss
4914 http fetch GET 200 https://registry.npmjs.org/@radix-ui%2freact-use-effect-event 147ms (cache miss)
4915 silly packumentCache full:https://registry.npmjs.org/@radix-ui%2freact-use-effect-event set size:undefined disposed:false
4916 http fetch GET 200 https://registry.npmjs.org/@radix-ui%2freact-use-layout-effect 151ms (cache miss)
4917 silly packumentCache full:https://registry.npmjs.org/@radix-ui%2freact-use-layout-effect set size:undefined disposed:false
4918 http fetch GET 200 https://registry.npmjs.org/@radix-ui%2freact-use-layout-effect 152ms (cache miss)
4919 silly packumentCache full:https://registry.npmjs.org/@radix-ui%2freact-use-layout-effect set size:undefined disposed:false
4920 http fetch GET 200 https://registry.npmjs.org/@radix-ui%2freact-use-layout-effect 152ms (cache miss)
4921 silly packumentCache full:https://registry.npmjs.org/@radix-ui%2freact-use-layout-effect set size:undefined disposed:false
4922 http fetch GET 200 https://registry.npmjs.org/@radix-ui%2freact-use-callback-ref 153ms (cache miss)
4923 silly packumentCache full:https://registry.npmjs.org/@radix-ui%2freact-use-callback-ref set size:undefined disposed:false
4924 http fetch GET 200 https://registry.npmjs.org/@radix-ui%2freact-collection 156ms (cache miss)
4925 silly packumentCache full:https://registry.npmjs.org/@radix-ui%2freact-collection set size:undefined disposed:false
4926 silly placeDep ROOT @radix-ui/react-use-layout-effect@1.1.1 OK for: @radix-ui/react-id@1.1.1 want: 1.1.1
4927 silly placeDep ROOT @radix-ui/react-use-effect-event@0.0.2 OK for: @radix-ui/react-use-controllable-state@1.2.2 want: 0.0.2
4928 silly placeDep node_modules/expo-router/node_modules/@radix-ui/react-primitive @radix-ui/react-slot@1.2.3 OK for: @radix-ui/react-primitive@2.1.3 want: 1.2.3
4929 silly placeDep node_modules/expo-router @radix-ui/react-collection@1.1.7 OK for: @radix-ui/react-roving-focus@1.1.11 want: 1.1.7
4930 silly placeDep ROOT @radix-ui/react-use-callback-ref@1.1.1 OK for: @radix-ui/react-roving-focus@1.1.11 want: 1.1.1
4931 silly placeDep node_modules/expo-router/node_modules/@radix-ui/react-collection @radix-ui/react-slot@1.2.3 OK for: @radix-ui/react-collection@1.1.7 want: 1.2.3
4932 silly fetch manifest graphql@^14.0.0 || ^15.0.0 || ^16.0.0
4933 silly packumentCache full:https://registry.npmjs.org/graphql cache-miss
4934 http fetch GET 200 https://registry.npmjs.org/graphql 65ms (cache miss)
4935 silly packumentCache full:https://registry.npmjs.org/graphql set size:undefined disposed:false
4936 silly placeDep ROOT @0no-co/graphql.web@1.2.0 OK for: @expo/cli@54.0.23 want: ^1.0.8
4937 silly placeDep ROOT @expo/code-signing-certificates@0.0.6 OK for: @expo/cli@54.0.23 want: ^0.0.6
4938 silly placeDep ROOT @expo/devcert@1.2.1 OK for: @expo/cli@54.0.23 want: ^1.2.1
4939 silly placeDep ROOT @expo/osascript@2.4.2 OK for: @expo/cli@54.0.23 want: ^2.3.8
4940 silly placeDep ROOT @expo/package-manager@1.10.4 OK for: @expo/cli@54.0.23 want: ^1.9.10
4941 silly placeDep ROOT @expo/ws-tunnel@1.0.6 OK for: @expo/cli@54.0.23 want: ^1.0.1
4942 silly placeDep ROOT @expo/xcpretty@4.4.3 OK for: @expo/cli@54.0.23 want: ^4.3.0
4943 silly placeDep ROOT @urql/core@5.2.0 OK for: @expo/cli@54.0.23 want: ^5.0.6
4944 silly placeDep ROOT @urql/exchange-retry@1.3.2 OK for: @expo/cli@54.0.23 want: ^1.3.0
4945 silly placeDep ROOT better-opn@3.0.2 OK for: @expo/cli@54.0.23 want: ~3.0.2
4946 silly placeDep node_modules/expo ci-info@3.9.0 OK for: @expo/cli@54.0.23 want: ^3.3.0
4947 silly placeDep ROOT compression@1.8.1 OK for: @expo/cli@54.0.23 want: ^1.7.4
4948 silly placeDep ROOT env-editor@0.4.2 OK for: @expo/cli@54.0.23 want: ^0.4.1
4949 silly placeDep ROOT freeport-async@2.0.0 OK for: @expo/cli@54.0.23 want: ^2.0.0
4950 silly placeDep ROOT lan-network@0.1.7 OK for: @expo/cli@54.0.23 want: ^0.1.6
4951 silly placeDep node_modules/expo minimatch@9.0.9 OK for: @expo/cli@54.0.23 want: ^9.0.0
4952 silly placeDep ROOT node-forge@1.4.0 OK for: @expo/cli@54.0.23 want: ^1.3.3
4953 silly placeDep ROOT npm-package-arg@11.0.3 OK for: @expo/cli@54.0.23 want: ^11.0.0
4954 silly placeDep ROOT ora@3.4.0 OK for: @expo/cli@54.0.23 want: ^3.4.0
4955 silly placeDep node_modules/expo picomatch@3.0.2 OK for: @expo/cli@54.0.23 want: ^3.0.1
4956 silly placeDep ROOT pretty-bytes@5.6.0 OK for: @expo/cli@54.0.23 want: ^5.6.0
4957 silly placeDep ROOT progress@2.0.3 OK for: @expo/cli@54.0.23 want: ^2.0.3
4958 silly placeDep ROOT prompts@2.4.2 OK for: @expo/cli@54.0.23 want: ^2.3.2
4959 silly placeDep ROOT qrcode-terminal@0.11.0 OK for: @expo/cli@54.0.23 want: 0.11.0
4960 silly placeDep ROOT requireg@0.2.2 OK for: @expo/cli@54.0.23 want: ^0.2.2
4961 silly placeDep node_modules/expo resolve@1.22.12 OK for: @expo/cli@54.0.23 want: ^1.22.2
4962 silly placeDep ROOT resolve.exports@2.0.3 OK for: @expo/cli@54.0.23 want: ^2.0.3
4963 silly placeDep node_modules/expo semver@7.7.4 OK for: @expo/cli@54.0.23 want: ^7.6.0
4964 silly placeDep ROOT structured-headers@0.4.1 OK for: @expo/cli@54.0.23 want: ^0.4.1
4965 silly placeDep ROOT tar@7.5.13 OK for: @expo/cli@54.0.23 want: ^7.5.2
4966 silly placeDep ROOT terminal-link@2.1.1 OK for: @expo/cli@54.0.23 want: ^2.1.1
4967 silly placeDep ROOT undici@6.25.0 OK for: @expo/cli@54.0.23 want: ^6.18.2
4968 silly placeDep node_modules/expo ws@8.20.0 OK for: @expo/cli@54.0.23 want: ^8.12.1
4969 silly fetch manifest debug@^3.1.0
4970 silly packumentCache full:https://registry.npmjs.org/debug cache-hit
4971 silly fetch manifest @expo/sudo-prompt@^9.3.1
4972 silly packumentCache full:https://registry.npmjs.org/@expo%2fsudo-prompt cache-miss
4973 silly fetch manifest wonka@^6.3.2
4974 silly packumentCache full:https://registry.npmjs.org/wonka cache-miss
4975 silly fetch manifest wonka@^6.3.2
4976 silly packumentCache full:https://registry.npmjs.org/wonka cache-miss
4977 silly fetch manifest open@^8.0.4
4978 silly packumentCache full:https://registry.npmjs.org/open cache-miss
4979 silly fetch manifest vary@~1.1.2
4980 silly packumentCache full:https://registry.npmjs.org/vary cache-miss
4981 silly fetch manifest bytes@3.1.2
4982 silly packumentCache full:https://registry.npmjs.org/bytes cache-miss
4983 silly fetch manifest negotiator@~0.6.4
4984 silly packumentCache full:https://registry.npmjs.org/negotiator cache-hit
4985 silly fetch manifest on-headers@~1.1.0
4986 silly packumentCache full:https://registry.npmjs.org/on-headers cache-miss
4987 http cache https://registry.npmjs.org/bytes 2ms (cache hit)
4988 silly packumentCache full:https://registry.npmjs.org/bytes set size:37018 disposed:false
4989 silly fetch manifest safe-buffer@5.2.1
4990 silly packumentCache full:https://registry.npmjs.org/safe-buffer cache-miss
4991 http cache https://registry.npmjs.org/open 3ms (cache hit)
4992 silly packumentCache full:https://registry.npmjs.org/open set size:136392 disposed:false
4993 silly fetch manifest compressible@~2.0.18
4994 silly packumentCache full:https://registry.npmjs.org/compressible cache-miss
4995 http cache https://registry.npmjs.org/vary 4ms (cache hit)
4996 silly packumentCache full:https://registry.npmjs.org/vary set size:16018 disposed:false
4997 silly fetch manifest semver@^7.3.5
4998 silly packumentCache full:https://registry.npmjs.org/semver cache-hit
4999 silly fetch manifest proc-log@^4.0.0
5000 silly packumentCache full:https://registry.npmjs.org/proc-log cache-miss
5001 http fetch GET 200 https://registry.npmjs.org/wonka 50ms (cache miss)
5002 silly packumentCache full:https://registry.npmjs.org/wonka set size:undefined disposed:false
5003 silly fetch manifest hosted-git-info@^7.0.0
5004 silly packumentCache full:https://registry.npmjs.org/hosted-git-info cache-miss
5005 http fetch GET 200 https://registry.npmjs.org/proc-log 50ms (cache miss)
5006 silly packumentCache full:https://registry.npmjs.org/proc-log set size:undefined disposed:false
5007 silly fetch manifest validate-npm-package-name@^5.0.0
5008 silly packumentCache full:https://registry.npmjs.org/validate-npm-package-name cache-miss
5009 http fetch GET 200 https://registry.npmjs.org/wonka 57ms (cache miss)
5010 silly packumentCache full:https://registry.npmjs.org/wonka set size:undefined disposed:false
5011 silly fetch manifest wcwidth@^1.0.1
5012 silly packumentCache full:https://registry.npmjs.org/wcwidth cache-miss
5013 http fetch GET 200 https://registry.npmjs.org/on-headers 57ms (cache miss)
5014 silly packumentCache full:https://registry.npmjs.org/on-headers set size:undefined disposed:false
5015 silly fetch manifest cli-cursor@^2.1.0
5016 silly packumentCache full:https://registry.npmjs.org/cli-cursor cache-miss
5017 http fetch GET 200 https://registry.npmjs.org/compressible 61ms (cache miss)
5018 silly packumentCache full:https://registry.npmjs.org/compressible set size:undefined disposed:false
5019 silly fetch manifest strip-ansi@^5.2.0
5020 silly packumentCache full:https://registry.npmjs.org/strip-ansi cache-miss
5021 http cache https://registry.npmjs.org/strip-ansi 1ms (cache hit)
5022 silly packumentCache full:https://registry.npmjs.org/strip-ansi set size:44998 disposed:false
5023 silly fetch manifest log-symbols@^2.2.0
5024 silly packumentCache full:https://registry.npmjs.org/log-symbols cache-miss
5025 http fetch GET 200 https://registry.npmjs.org/safe-buffer 65ms (cache miss)
5026 silly packumentCache full:https://registry.npmjs.org/safe-buffer set size:undefined disposed:false
5027 silly fetch manifest cli-spinners@^2.0.0
5028 silly packumentCache full:https://registry.npmjs.org/cli-spinners cache-miss
5029 http fetch GET 200 https://registry.npmjs.org/@expo%2fsudo-prompt 69ms (cache miss)
5030 silly packumentCache full:https://registry.npmjs.org/@expo%2fsudo-prompt set size:undefined disposed:false
5031 silly fetch manifest kleur@^3.0.3
5032 silly packumentCache full:https://registry.npmjs.org/kleur cache-miss
5033 http fetch GET 200 https://registry.npmjs.org/cli-cursor 49ms (cache miss)
5034 silly packumentCache full:https://registry.npmjs.org/cli-cursor set size:undefined disposed:false
5035 silly fetch manifest sisteransi@^1.0.5
5036 silly packumentCache full:https://registry.npmjs.org/sisteransi cache-miss
5037 http fetch GET 200 https://registry.npmjs.org/wcwidth 50ms (cache miss)
5038 silly packumentCache full:https://registry.npmjs.org/wcwidth set size:undefined disposed:false
5039 silly fetch manifest nested-error-stacks@~2.0.1
5040 silly packumentCache full:https://registry.npmjs.org/nested-error-stacks cache-miss
5041 http fetch GET 200 https://registry.npmjs.org/hosted-git-info 57ms (cache miss)
5042 silly packumentCache full:https://registry.npmjs.org/hosted-git-info set size:undefined disposed:false
5043 silly fetch manifest rc@~1.2.7
5044 silly packumentCache full:https://registry.npmjs.org/rc cache-miss
5045 http fetch GET 200 https://registry.npmjs.org/validate-npm-package-name 57ms (cache miss)
5046 silly packumentCache full:https://registry.npmjs.org/validate-npm-package-name set size:undefined disposed:false
5047 silly fetch manifest resolve@~1.7.1
5048 silly packumentCache full:https://registry.npmjs.org/resolve cache-hit
5049 silly fetch manifest @isaacs/fs-minipass@^4.0.0
5050 silly packumentCache full:https://registry.npmjs.org/@isaacs%2ffs-minipass cache-miss
5051 http fetch GET 200 https://registry.npmjs.org/kleur 52ms (cache miss)
5052 silly packumentCache full:https://registry.npmjs.org/kleur set size:undefined disposed:false
5053 silly fetch manifest chownr@^3.0.0
5054 silly packumentCache full:https://registry.npmjs.org/chownr cache-miss
5055 http fetch GET 200 https://registry.npmjs.org/log-symbols 55ms (cache miss)
5056 silly packumentCache full:https://registry.npmjs.org/log-symbols set size:undefined disposed:false
5057 silly fetch manifest minizlib@^3.1.0
5058 silly packumentCache full:https://registry.npmjs.org/minizlib cache-miss
5059 http fetch GET 200 https://registry.npmjs.org/cli-spinners 71ms (cache miss)
5060 silly packumentCache full:https://registry.npmjs.org/cli-spinners set size:undefined disposed:false
5061 silly fetch manifest yallist@^5.0.0
5062 silly packumentCache full:https://registry.npmjs.org/yallist cache-hit
5063 silly fetch manifest ansi-escapes@^4.2.1
5064 silly packumentCache full:https://registry.npmjs.org/ansi-escapes cache-miss
5065 http fetch GET 200 https://registry.npmjs.org/sisteransi 47ms (cache miss)
5066 silly packumentCache full:https://registry.npmjs.org/sisteransi set size:undefined disposed:false
5067 silly fetch manifest supports-hyperlinks@^2.0.0
5068 silly packumentCache full:https://registry.npmjs.org/supports-hyperlinks cache-miss
5069 http fetch GET 200 https://registry.npmjs.org/nested-error-stacks 49ms (cache miss)
5070 silly packumentCache full:https://registry.npmjs.org/nested-error-stacks set size:undefined disposed:false
5071 http fetch GET 200 https://registry.npmjs.org/rc 52ms (cache miss)
5072 silly packumentCache full:https://registry.npmjs.org/rc set size:undefined disposed:false
5073 http fetch GET 200 https://registry.npmjs.org/chownr 54ms (cache miss)
5074 silly packumentCache full:https://registry.npmjs.org/chownr set size:undefined disposed:false
5075 http fetch GET 200 https://registry.npmjs.org/@isaacs%2ffs-minipass 65ms (cache miss)
5076 silly packumentCache full:https://registry.npmjs.org/@isaacs%2ffs-minipass set size:undefined disposed:false
5077 http fetch GET 200 https://registry.npmjs.org/minizlib 68ms (cache miss)
5078 silly packumentCache full:https://registry.npmjs.org/minizlib set size:undefined disposed:false
5079 http fetch GET 200 https://registry.npmjs.org/supports-hyperlinks 46ms (cache miss)
5080 silly packumentCache full:https://registry.npmjs.org/supports-hyperlinks set size:undefined disposed:false
5081 http fetch GET 200 https://registry.npmjs.org/ansi-escapes 70ms (cache miss)
5082 silly packumentCache full:https://registry.npmjs.org/ansi-escapes set size:undefined disposed:false
5083 silly placeDep ROOT @expo/sudo-prompt@9.3.2 OK for: @expo/devcert@1.2.1 want: ^9.3.1
5084 silly placeDep node_modules/@expo/devcert debug@3.2.7 OK for: @expo/devcert@1.2.1 want: ^3.1.0
5085 silly placeDep ROOT wonka@6.3.6 OK for: @urql/core@5.2.0 want: ^6.3.2
5086 silly placeDep node_modules/better-opn open@8.4.2 OK for: better-opn@3.0.2 want: ^8.0.4
5087 silly fetch manifest define-lazy-prop@^2.0.0
5088 silly packumentCache full:https://registry.npmjs.org/define-lazy-prop cache-miss
5089 http fetch GET 200 https://registry.npmjs.org/define-lazy-prop 78ms (cache miss)
5090 silly packumentCache full:https://registry.npmjs.org/define-lazy-prop set size:undefined disposed:false
5091 silly placeDep ROOT bytes@3.1.2 OK for: compression@1.8.1 want: 3.1.2
5092 silly placeDep ROOT compressible@2.0.18 OK for: compression@1.8.1 want: ~2.0.18
5093 silly placeDep node_modules/compression debug@2.6.9 OK for: compression@1.8.1 want: 2.6.9
5094 silly placeDep node_modules/compression negotiator@0.6.4 OK for: compression@1.8.1 want: ~0.6.4
5095 silly placeDep ROOT on-headers@1.1.0 OK for: compression@1.8.1 want: ~1.1.0
5096 silly placeDep ROOT safe-buffer@5.2.1 OK for: compression@1.8.1 want: 5.2.1
5097 silly placeDep ROOT vary@1.1.2 OK for: compression@1.8.1 want: ~1.1.2
5098 silly placeDep ROOT hosted-git-info@7.0.2 OK for: npm-package-arg@11.0.3 want: ^7.0.0
5099 silly placeDep ROOT proc-log@4.2.0 OK for: npm-package-arg@11.0.3 want: ^4.0.0
5100 silly placeDep node_modules/npm-package-arg semver@7.7.4 OK for: npm-package-arg@11.0.3 want: ^7.3.5
5101 silly placeDep ROOT validate-npm-package-name@5.0.1 OK for: npm-package-arg@11.0.3 want: ^5.0.0
5102 silly fetch manifest lru-cache@^10.0.1
5103 silly packumentCache full:https://registry.npmjs.org/lru-cache cache-hit
5104 silly placeDep node_modules/hosted-git-info lru-cache@10.4.3 OK for: hosted-git-info@7.0.2 want: ^10.0.1
5105 silly placeDep node_modules/ora chalk@2.4.2 OK for: ora@3.4.0 want: ^2.4.2
5106 silly placeDep ROOT cli-cursor@2.1.0 OK for: ora@3.4.0 want: ^2.1.0
5107 silly placeDep ROOT cli-spinners@2.9.2 OK for: ora@3.4.0 want: ^2.0.0
5108 silly placeDep ROOT log-symbols@2.2.0 OK for: ora@3.4.0 want: ^2.2.0
5109 silly placeDep node_modules/ora strip-ansi@5.2.0 OK for: ora@3.4.0 want: ^5.2.0
5110 silly placeDep ROOT wcwidth@1.0.1 OK for: ora@3.4.0 want: ^1.0.1
5111 silly fetch manifest restore-cursor@^2.0.0
5112 silly packumentCache full:https://registry.npmjs.org/restore-cursor cache-miss
5113 silly fetch manifest chalk@^2.0.1
5114 silly packumentCache full:https://registry.npmjs.org/chalk cache-hit
5115 silly fetch manifest ansi-regex@^4.1.0
5116 silly packumentCache full:https://registry.npmjs.org/ansi-regex cache-miss
5117 silly fetch manifest defaults@^1.0.3
5118 silly packumentCache full:https://registry.npmjs.org/defaults cache-miss
5119 http cache https://registry.npmjs.org/ansi-regex 2ms (cache hit)
5120 silly packumentCache full:https://registry.npmjs.org/ansi-regex set size:43572 disposed:false
5121 http fetch GET 200 https://registry.npmjs.org/restore-cursor 118ms (cache miss)
5122 silly packumentCache full:https://registry.npmjs.org/restore-cursor set size:undefined disposed:false
5123 http fetch GET 200 https://registry.npmjs.org/defaults 119ms (cache miss)
5124 silly packumentCache full:https://registry.npmjs.org/defaults set size:undefined disposed:false
5125 silly placeDep ROOT restore-cursor@2.0.0 OK for: cli-cursor@2.1.0 want: ^2.0.0
5126 silly fetch manifest onetime@^2.0.0
5127 silly packumentCache full:https://registry.npmjs.org/onetime cache-miss
5128 http fetch GET 200 https://registry.npmjs.org/onetime 74ms (cache miss)
5129 silly packumentCache full:https://registry.npmjs.org/onetime set size:undefined disposed:false
5130 silly placeDep node_modules/log-symbols chalk@2.4.2 OK for: log-symbols@2.2.0 want: ^2.0.1
5131 silly placeDep ROOT kleur@3.0.3 OK for: prompts@2.4.2 want: ^3.0.3
5132 silly placeDep ROOT sisteransi@1.0.5 OK for: prompts@2.4.2 want: ^1.0.5
5133 silly placeDep ROOT nested-error-stacks@2.0.1 OK for: requireg@0.2.2 want: ~2.0.1
5134 silly placeDep ROOT rc@1.2.8 OK for: requireg@0.2.2 want: ~1.2.7
5135 silly placeDep node_modules/requireg resolve@1.7.1 OK for: requireg@0.2.2 want: ~1.7.1
5136 silly fetch manifest ini@~1.3.0
5137 silly packumentCache full:https://registry.npmjs.org/ini cache-miss
5138 silly fetch manifest deep-extend@^0.6.0
5139 silly packumentCache full:https://registry.npmjs.org/deep-extend cache-miss
5140 silly fetch manifest strip-json-comments@~2.0.1
5141 silly packumentCache full:https://registry.npmjs.org/strip-json-comments cache-hit
5142 http fetch GET 200 https://registry.npmjs.org/deep-extend 58ms (cache miss)
5143 silly packumentCache full:https://registry.npmjs.org/deep-extend set size:undefined disposed:false
5144 http fetch GET 200 https://registry.npmjs.org/ini 66ms (cache miss)
5145 silly packumentCache full:https://registry.npmjs.org/ini set size:undefined disposed:false
5146 silly placeDep ROOT deep-extend@0.6.0 OK for: rc@1.2.8 want: ^0.6.0
5147 silly placeDep ROOT ini@1.3.8 OK for: rc@1.2.8 want: ~1.3.0
5148 silly placeDep node_modules/rc strip-json-comments@2.0.1 OK for: rc@1.2.8 want: ~2.0.1
5149 silly placeDep ROOT onetime@2.0.1 OK for: restore-cursor@2.0.0 want: ^2.0.0
5150 silly fetch manifest mimic-fn@^1.0.0
5151 silly packumentCache full:https://registry.npmjs.org/mimic-fn cache-miss
5152 http fetch GET 200 https://registry.npmjs.org/mimic-fn 76ms (cache miss)
5153 silly packumentCache full:https://registry.npmjs.org/mimic-fn set size:undefined disposed:false
5154 silly placeDep ROOT mimic-fn@1.2.0 OK for: onetime@2.0.1 want: ^1.0.0
5155 silly placeDep ROOT @isaacs/fs-minipass@4.0.1 OK for: tar@7.5.13 want: ^4.0.0
5156 silly placeDep ROOT chownr@3.0.0 OK for: tar@7.5.13 want: ^3.0.0
5157 silly placeDep ROOT minizlib@3.1.0 OK for: tar@7.5.13 want: ^3.1.0
5158 silly placeDep node_modules/tar yallist@5.0.0 OK for: tar@7.5.13 want: ^5.0.0
5159 silly placeDep ROOT ansi-escapes@4.3.2 OK for: terminal-link@2.1.1 want: ^4.2.1
5160 silly placeDep ROOT supports-hyperlinks@2.3.0 OK for: terminal-link@2.1.1 want: ^2.0.0
5161 silly fetch manifest type-fest@^0.21.3
5162 silly packumentCache full:https://registry.npmjs.org/type-fest cache-miss
5163 http cache https://registry.npmjs.org/type-fest 2ms (cache hit)
5164 silly packumentCache full:https://registry.npmjs.org/type-fest set size:560517 disposed:false
5165 silly placeDep node_modules/ansi-escapes type-fest@0.21.3 OK for: ansi-escapes@4.3.2 want: ^0.21.3
5166 silly placeDep ROOT defaults@1.0.4 OK for: wcwidth@1.0.1 want: ^1.0.3
5167 silly fetch manifest clone@^1.0.2
5168 silly packumentCache full:https://registry.npmjs.org/clone cache-miss
5169 http fetch GET 200 https://registry.npmjs.org/clone 69ms (cache miss)
5170 silly packumentCache full:https://registry.npmjs.org/clone set size:undefined disposed:false
5171 silly placeDep ROOT clone@1.0.4 OK for: defaults@1.0.4 want: ^1.0.2
5172 silly placeDep ROOT define-lazy-prop@2.0.0 OK for: open@8.4.2 want: ^2.0.0
5173 silly placeDep node_modules/compression ms@2.0.0 OK for: debug@2.6.9 want: 2.0.0
5174 silly placeDep node_modules/expo brace-expansion@2.1.0 OK for: minimatch@9.0.9 want: ^2.0.2
5175 silly placeDep node_modules/finalhandler ms@2.0.0 OK for: debug@2.6.9 want: 2.0.0
5176 silly placeDep node_modules/glob brace-expansion@5.0.5 OK for: minimatch@10.2.5 want: ^5.0.5
5177 silly placeDep node_modules/glob balanced-match@4.0.4 OK for: brace-expansion@5.0.5 want: ^4.0.2
5178 silly placeDep node_modules/lighthouse-logger ms@2.0.0 OK for: debug@2.6.9 want: 2.0.0
5179 silly placeDep node_modules/log-symbols ansi-styles@3.2.1 OK for: chalk@2.4.2 want: ^3.2.1
5180 silly placeDep node_modules/log-symbols escape-string-regexp@1.0.5 OK for: chalk@2.4.2 want: ^1.0.5
5181 silly placeDep node_modules/log-symbols supports-color@5.5.0 OK for: chalk@2.4.2 want: ^5.3.0
5182 silly placeDep node_modules/log-symbols color-convert@1.9.3 OK for: ansi-styles@3.2.1 want: ^1.9.0
5183 silly placeDep node_modules/log-symbols color-name@1.1.3 OK for: color-convert@1.9.3 want: 1.1.3
5184 silly placeDep node_modules/log-symbols has-flag@3.0.0 OK for: supports-color@5.5.0 want: ^3.0.0
5185 silly placeDep node_modules/metro-babel-transformer hermes-estree@0.32.0 OK for: hermes-parser@0.32.0 want: 0.32.0
5186 silly placeDep node_modules/metro hermes-estree@0.32.0 OK for: hermes-parser@0.32.0 want: 0.32.0
5187 silly placeDep node_modules/ora ansi-styles@3.2.1 OK for: chalk@2.4.2 want: ^3.2.1
5188 silly placeDep node_modules/ora escape-string-regexp@1.0.5 OK for: chalk@2.4.2 want: ^1.0.5
5189 silly placeDep node_modules/ora supports-color@5.5.0 OK for: chalk@2.4.2 want: ^5.3.0
5190 silly placeDep node_modules/ora color-convert@1.9.3 OK for: ansi-styles@3.2.1 want: ^1.9.0
5191 silly placeDep node_modules/ora color-name@1.1.3 OK for: color-convert@1.9.3 want: 1.1.3
5192 silly placeDep node_modules/ora ansi-regex@4.1.1 OK for: strip-ansi@5.2.0 want: ^4.1.0
5193 silly placeDep node_modules/ora has-flag@3.0.0 OK for: supports-color@5.5.0 want: ^3.0.0
5194 silly placeDep node_modules/send/node_modules/debug ms@2.0.0 OK for: debug@2.6.9 want: 2.0.0
5195 silly placeDep node_modules/vaul @radix-ui/react-dismissable-layer@1.1.11 OK for: @radix-ui/react-dialog@1.1.15 want: 1.1.11
5196 silly placeDep ROOT @radix-ui/react-focus-guards@1.1.3 OK for: @radix-ui/react-dialog@1.1.15 want: 1.1.3
5197 silly placeDep node_modules/vaul @radix-ui/react-focus-scope@1.1.7 OK for: @radix-ui/react-dialog@1.1.15 want: 1.1.7
5198 silly placeDep node_modules/vaul @radix-ui/react-portal@1.1.9 OK for: @radix-ui/react-dialog@1.1.15 want: 1.1.9
5199 silly placeDep node_modules/vaul @radix-ui/react-presence@1.1.5 OK for: @radix-ui/react-dialog@1.1.15 want: 1.1.5
5200 silly placeDep node_modules/vaul @radix-ui/react-primitive@2.1.3 OK for: @radix-ui/react-dialog@1.1.15 want: 2.1.3
5201 silly placeDep node_modules/vaul @radix-ui/react-slot@1.2.3 OK for: @radix-ui/react-dialog@1.1.15 want: 1.2.3
5202 silly placeDep ROOT aria-hidden@1.2.6 OK for: @radix-ui/react-dialog@1.1.15 want: ^1.2.4
5203 silly placeDep ROOT react-remove-scroll@2.7.2 OK for: @radix-ui/react-dialog@1.1.15 want: ^2.6.3
5204 silly fetch manifest @radix-ui/react-use-escape-keydown@1.1.1
5205 silly packumentCache full:https://registry.npmjs.org/@radix-ui%2freact-use-escape-keydown cache-miss
5206 silly fetch manifest react-remove-scroll-bar@^2.3.7
5207 silly packumentCache full:https://registry.npmjs.org/react-remove-scroll-bar cache-miss
5208 silly fetch manifest react-style-singleton@^2.2.3
5209 silly packumentCache full:https://registry.npmjs.org/react-style-singleton cache-miss
5210 silly fetch manifest use-callback-ref@^1.3.3
5211 silly packumentCache full:https://registry.npmjs.org/use-callback-ref cache-miss
5212 silly fetch manifest use-sidecar@^1.1.3
5213 silly packumentCache full:https://registry.npmjs.org/use-sidecar cache-miss
5214 http fetch GET 200 https://registry.npmjs.org/react-style-singleton 52ms (cache miss)
5215 silly packumentCache full:https://registry.npmjs.org/react-style-singleton set size:undefined disposed:false
5216 http fetch GET 200 https://registry.npmjs.org/use-callback-ref 58ms (cache miss)
5217 silly packumentCache full:https://registry.npmjs.org/use-callback-ref set size:undefined disposed:false
5218 http fetch GET 200 https://registry.npmjs.org/use-sidecar 70ms (cache miss)
5219 silly packumentCache full:https://registry.npmjs.org/use-sidecar set size:undefined disposed:false
5220 http fetch GET 200 https://registry.npmjs.org/react-remove-scroll-bar 71ms (cache miss)
5221 silly packumentCache full:https://registry.npmjs.org/react-remove-scroll-bar set size:undefined disposed:false
5222 http fetch GET 200 https://registry.npmjs.org/@radix-ui%2freact-use-escape-keydown 74ms (cache miss)
5223 silly packumentCache full:https://registry.npmjs.org/@radix-ui%2freact-use-escape-keydown set size:undefined disposed:false
5224 silly fetch manifest react@^16.8.0 || ^17.0.0 || ^18.0.0 || ^19.0.0 || ^19.0.0-rc
5225 silly packumentCache full:https://registry.npmjs.org/react cache-miss
5226 http cache https://registry.npmjs.org/react 7ms (cache hit)
5227 silly packumentCache full:https://registry.npmjs.org/react set size:6613874 disposed:false
5228 silly placeDep ROOT react-remove-scroll-bar@2.3.8 OK for: react-remove-scroll@2.7.2 want: ^2.3.7
5229 silly placeDep ROOT react-style-singleton@2.2.3 OK for: react-remove-scroll@2.7.2 want: ^2.2.3
5230 silly placeDep ROOT use-callback-ref@1.3.3 OK for: react-remove-scroll@2.7.2 want: ^1.3.3
5231 silly placeDep ROOT use-sidecar@1.1.3 OK for: react-remove-scroll@2.7.2 want: ^1.1.3
5232 silly fetch manifest react-style-singleton@^2.2.2
5233 silly packumentCache full:https://registry.npmjs.org/react-style-singleton cache-miss
5234 silly fetch manifest get-nonce@^1.0.0
5235 silly packumentCache full:https://registry.npmjs.org/get-nonce cache-miss
5236 silly fetch manifest detect-node-es@^1.1.0
5237 silly packumentCache full:https://registry.npmjs.org/detect-node-es cache-miss
5238 http cache https://registry.npmjs.org/react-style-singleton 2ms (cache hit)
5239 silly packumentCache full:https://registry.npmjs.org/react-style-singleton set size:33682 disposed:false
5240 http fetch GET 200 https://registry.npmjs.org/detect-node-es 134ms (cache miss)
5241 silly packumentCache full:https://registry.npmjs.org/detect-node-es set size:undefined disposed:false
5242 http fetch GET 200 https://registry.npmjs.org/get-nonce 152ms (cache miss)
5243 silly packumentCache full:https://registry.npmjs.org/get-nonce set size:undefined disposed:false
5244 silly placeDep ROOT get-nonce@1.0.1 OK for: react-style-singleton@2.2.3 want: ^1.0.0
5245 silly placeDep ROOT detect-node-es@1.1.0 OK for: use-sidecar@1.1.3 want: ^1.1.0
5246 silly placeDep ROOT @radix-ui/react-use-escape-keydown@1.1.1 OK for: @radix-ui/react-dismissable-layer@1.1.11 want: 1.1.1
5247 silly reify moves {}
5248 silly audit bulk request {
5248 silly audit   '@expo/vector-icons': [ '15.1.1' ],
5248 silly audit   react: [ '19.1.0' ],
5248 silly audit   'expo-font': [ '14.0.11' ],
5248 silly audit   expo: [ '54.0.33' ],
5248 silly audit   'react-native': [ '0.81.5' ],
5248 silly audit   '@react-navigation/bottom-tabs': [ '7.15.9' ],
5248 silly audit   'react-native-screens': [ '4.16.0' ],
5248 silly audit   '@react-navigation/native': [ '7.2.2' ],
5248 silly audit   'react-native-safe-area-context': [ '5.6.2' ],
5248 silly audit   '@react-navigation/elements': [ '2.9.14' ],
5248 silly audit   '@types/react': [ '19.1.17' ],
5248 silly audit   eslint: [ '9.39.4' ],
5248 silly audit   'eslint-config-expo': [ '10.0.0' ],
5248 silly audit   'expo-constants': [ '18.0.13' ],
5248 silly audit   'expo-haptics': [ '15.0.8' ],
5248 silly audit   'expo-image': [ '3.0.11' ],
5248 silly audit   'expo-linking': [ '8.0.11' ],
5248 silly audit   'expo-router': [ '6.0.23' ],
5248 silly audit   'expo-splash-screen': [ '31.0.13' ],
5248 silly audit   'expo-status-bar': [ '3.0.9' ],
5248 silly audit   'expo-symbols': [ '1.0.8' ],
5248 silly audit   'expo-system-ui': [ '6.0.9' ],
5248 silly audit   'expo-web-browser': [ '15.0.10' ],
5248 silly audit   'lucide-react-native': [ '1.8.0' ],
5248 silly audit   'react-native-svg': [ '15.15.4' ],
5248 silly audit   'react-dom': [ '19.1.0' ],
5248 silly audit   'react-native-gesture-handler': [ '2.28.0' ],
5248 silly audit   'react-native-reanimated': [ '4.1.7' ],
5248 silly audit   'react-native-worklets': [ '0.5.1' ],
5248 silly audit   '@babel/core': [ '7.29.0' ],
5248 silly audit   'react-native-web': [ '0.21.2' ],
5248 silly audit   'socket.io-client': [ '4.8.3' ],
5248 silly audit   typescript: [ '5.9.3' ],
5248 silly audit   '@babel/code-frame': [ '7.29.0', '7.10.4' ],
5248 silly audit   '@babel/generator': [ '7.29.1' ],
5248 silly audit   '@babel/helper-compilation-targets': [ '7.28.6' ],
5248 silly audit   '@babel/helper-module-transforms': [ '7.28.6' ],
5248 silly audit   '@babel/helpers': [ '7.29.2' ],
5248 silly audit   '@babel/parser': [ '7.29.2' ],
5248 silly audit   '@babel/template': [ '7.28.6' ],
5248 silly audit   '@babel/traverse': [ '7.29.0' ],
5248 silly audit   '@babel/types': [ '7.29.0' ],
5248 silly audit   '@jridgewell/remapping': [ '2.3.5' ],
5248 silly audit   'convert-source-map': [ '2.0.0' ],
5248 silly audit   debug: [ '4.4.3', '3.2.7', '2.6.9' ],
5248 silly audit   gensync: [ '1.0.0-beta.2' ],
5248 silly audit   json5: [ '2.2.3', '1.0.2' ],
5248 silly audit   semver: [ '6.3.1', '7.7.4', '7.6.3', '7.7.2' ],
5248 silly audit   '@babel/helper-validator-identifier': [ '7.28.5' ],
5248 silly audit   'js-tokens': [ '4.0.0' ],
5248 silly audit   picocolors: [ '1.1.1' ],
5248 silly audit   '@jridgewell/gen-mapping': [ '0.3.13' ],
5248 silly audit   '@jridgewell/trace-mapping': [ '0.3.31' ],
5248 silly audit   jsesc: [ '3.1.0' ],
5248 silly audit   '@babel/compat-data': [ '7.29.0' ],
5248 silly audit   '@babel/helper-validator-option': [ '7.27.1' ],
5248 silly audit   browserslist: [ '4.28.2' ],
5248 silly audit   'lru-cache': [ '5.1.1', '11.3.5', '10.4.3' ],
5248 silly audit   '@babel/helper-module-imports': [ '7.28.6' ],
5248 silly audit   '@babel/helper-globals': [ '7.28.0' ],
5248 silly audit   '@babel/helper-string-parser': [ '7.27.1' ],
5248 silly audit   '@jridgewell/sourcemap-codec': [ '1.5.5' ],
5248 silly audit   '@jridgewell/resolve-uri': [ '3.1.2' ],
5248 silly audit   color: [ '4.2.3' ],
5248 silly audit   'sf-symbols-typescript': [ '2.2.0' ],
5248 silly audit   'use-latest-callback': [ '0.2.6' ],
5248 silly audit   'use-sync-external-store': [ '1.6.0' ],
5248 silly audit   '@react-navigation/core': [ '7.17.2' ],
5248 silly audit   'escape-string-regexp': [ '4.0.0', '2.0.0', '1.0.5' ],
5248 silly audit   'fast-deep-equal': [ '3.1.3' ],
5248 silly audit   nanoid: [ '3.3.11' ],
5248 silly audit   '@react-navigation/routers': [ '7.5.3' ],
5248 silly audit   'query-string': [ '7.1.3' ],
5248 silly audit   'react-is': [ '19.2.5', '18.3.1', '16.13.1' ],
5248 silly audit   csstype: [ '3.2.3' ],
5248 silly audit   'baseline-browser-mapping': [ '2.10.20' ],
5248 silly audit   'caniuse-lite': [ '1.0.30001788' ],
5248 silly audit   'electron-to-chromium': [ '1.5.340' ],
5248 silly audit   'node-releases': [ '2.0.37' ],
5248 silly audit   'update-browserslist-db': [ '1.2.3' ],
5248 silly audit   'color-convert': [ '2.0.1', '1.9.3' ],
5248 silly audit   'color-string': [ '1.9.1' ],
5248 silly audit   'color-name': [ '1.1.4', '1.1.3' ],
5248 silly audit   'simple-swizzle': [ '0.2.4' ],
5248 silly audit   ms: [ '2.1.3', '2.0.0' ],
5248 silly audit   '@eslint-community/eslint-utils': [ '4.9.1' ],
5248 silly audit   '@eslint-community/regexpp': [ '4.12.2' ],
5248 silly audit   '@eslint/config-array': [ '0.21.2' ],
5248 silly audit   '@eslint/config-helpers': [ '0.4.2' ],
5248 silly audit   '@eslint/core': [ '0.17.0' ],
5248 silly audit   '@eslint/eslintrc': [ '3.3.5' ],
5248 silly audit   '@eslint/js': [ '9.39.4' ],
5248 silly audit   '@eslint/plugin-kit': [ '0.4.1' ],
5248 silly audit   '@humanfs/node': [ '0.16.8' ],
5248 silly audit   '@humanwhocodes/module-importer': [ '1.0.1' ],
5248 silly audit   '@humanwhocodes/retry': [ '0.4.3' ],
5248 silly audit   '@types/estree': [ '1.0.8' ],
5248 silly audit   ajv: [ '6.14.0' ],
5248 silly audit   chalk: [ '4.1.2', '2.4.2' ],
5248 silly audit   'cross-spawn': [ '7.0.6' ],
5248 silly audit   'eslint-scope': [ '8.4.0' ],
5248 silly audit   'eslint-visitor-keys': [ '4.2.1', '3.4.3', '5.0.1' ],
5248 silly audit   espree: [ '10.4.0' ],
5248 silly audit   esquery: [ '1.7.0' ],
5248 silly audit   esutils: [ '2.0.3' ],
5248 silly audit   'file-entry-cache': [ '8.0.0' ],
5248 silly audit   'find-up': [ '5.0.0', '4.1.0' ],
5248 silly audit   'glob-parent': [ '6.0.2' ],
5248 silly audit   ignore: [ '5.3.2', '7.0.5' ],
5248 silly audit   imurmurhash: [ '0.1.4' ],
5248 silly audit   'is-glob': [ '4.0.3' ],
5248 silly audit   'json-stable-stringify-without-jsonify': [ '1.0.1' ],
5248 silly audit   'lodash.merge': [ '4.6.2' ],
5248 silly audit   minimatch: [ '3.1.5', '10.2.5', '9.0.9' ],
5248 silly audit   'natural-compare': [ '1.4.0' ],
5248 silly audit   optionator: [ '0.9.4' ],
5248 silly audit   '@eslint/object-schema': [ '2.1.7' ],
5248 silly audit   '@types/json-schema': [ '7.0.15' ],
5248 silly audit   globals: [ '14.0.0', '16.5.0' ],
5248 silly audit   'import-fresh': [ '3.3.1' ],
5248 silly audit   'js-yaml': [ '4.1.1', '3.14.2' ],
5248 silly audit   'strip-json-comments': [ '3.1.1', '2.0.1' ],
5248 silly audit   levn: [ '0.4.1' ],
5248 silly audit   '@humanfs/core': [ '0.19.2' ],
5248 silly audit   '@humanfs/types': [ '0.15.0' ],
5248 silly audit   'fast-json-stable-stringify': [ '2.1.0' ],
5248 silly audit   'json-schema-traverse': [ '0.4.1' ],
5248 silly audit   'uri-js': [ '4.4.1' ],
5248 silly audit   'ansi-styles': [ '4.3.0', '5.2.0', '3.2.1' ],
5248 silly audit   'supports-color': [ '7.2.0', '8.1.1', '5.5.0' ],
5248 silly audit   'path-key': [ '3.1.1' ],
5248 silly audit   'shebang-command': [ '2.0.0' ],
5248 silly audit   which: [ '2.0.2' ],
5248 silly audit   '@typescript-eslint/eslint-plugin': [ '8.58.2' ],
5248 silly audit   '@typescript-eslint/parser': [ '8.58.2' ],
5248 silly audit   'eslint-import-resolver-typescript': [ '3.10.1' ],
5248 silly audit   'eslint-plugin-expo': [ '1.0.0' ],
5248 silly audit   'eslint-plugin-import': [ '2.32.0' ],
5248 silly audit   'eslint-plugin-react': [ '7.37.5' ],
5248 silly audit   'eslint-plugin-react-hooks': [ '5.2.0' ],
5248 silly audit   '@typescript-eslint/scope-manager': [ '8.58.2' ],
5248 silly audit   '@typescript-eslint/type-utils': [ '8.58.2' ],
5248 silly audit   '@typescript-eslint/utils': [ '8.58.2' ],
5248 silly audit   '@typescript-eslint/visitor-keys': [ '8.58.2' ],
5248 silly audit   'ts-api-utils': [ '2.5.0' ],
5248 silly audit   '@typescript-eslint/types': [ '8.58.2' ],
5248 silly audit   '@typescript-eslint/typescript-estree': [ '8.58.2' ],
5248 silly audit   '@typescript-eslint/project-service': [ '8.58.2' ],
5248 silly audit   '@typescript-eslint/tsconfig-utils': [ '8.58.2' ],
5248 silly audit   tinyglobby: [ '0.2.16' ],
5248 silly audit   '@nolyfill/is-core-module': [ '1.0.39' ],
5248 silly audit   'get-tsconfig': [ '4.14.0' ],
5248 silly audit   'is-bun-module': [ '2.0.0' ],
5248 silly audit   'stable-hash': [ '0.0.5' ],
5248 silly audit   'unrs-resolver': [ '1.11.1' ],
5248 silly audit   '@rtsao/scc': [ '1.1.0' ],
5248 silly audit   'array-includes': [ '3.1.9' ],
5248 silly audit   'array.prototype.findlastindex': [ '1.2.6' ],
5248 silly audit   'array.prototype.flat': [ '1.3.3' ],
5248 silly audit   'array.prototype.flatmap': [ '1.3.3' ],
5248 silly audit   doctrine: [ '2.1.0' ],
5248 silly audit   'eslint-import-resolver-node': [ '0.3.10' ],
5248 silly audit   'eslint-module-utils': [ '2.12.1' ],
5248 silly audit   hasown: [ '2.0.3' ],
5248 silly audit   'is-core-module': [ '2.16.1' ],
5248 silly audit   'object.fromentries': [ '2.0.8' ],
5248 silly audit   'object.groupby': [ '1.0.3' ],
5248 silly audit   'object.values': [ '1.2.1' ],
5248 silly audit   'string.prototype.trimend': [ '1.0.9' ],
5248 silly audit   'tsconfig-paths': [ '3.15.0' ],
5248 silly audit   'call-bind': [ '1.0.9' ],
5248 silly audit   'call-bound': [ '1.0.4' ],
5248 silly audit   'define-properties': [ '1.2.1' ],
5248 silly audit   'es-abstract': [ '1.24.2' ],
5248 silly audit   'es-object-atoms': [ '1.1.1' ],
5248 silly audit   'get-intrinsic': [ '1.3.0' ],
5248 silly audit   'is-string': [ '1.1.1' ],
5248 silly audit   'math-intrinsics': [ '1.1.0' ],
5248 silly audit   'es-errors': [ '1.3.0' ],
5248 silly audit   'es-shim-unscopables': [ '1.1.0' ],
5248 silly audit   'call-bind-apply-helpers': [ '1.0.2' ],
5248 silly audit   'es-define-property': [ '1.0.1' ],
5248 silly audit   'set-function-length': [ '1.2.2' ],
5248 silly audit   'function-bind': [ '1.1.2' ],
5248 silly audit   'define-data-property': [ '1.1.4' ],
5248 silly audit   'has-property-descriptors': [ '1.0.2' ],
5248 silly audit   'object-keys': [ '1.1.1' ],
5248 silly audit   gopd: [ '1.2.0' ],
5248 silly audit   'array-buffer-byte-length': [ '1.0.2' ],
5248 silly audit   'arraybuffer.prototype.slice': [ '1.0.4' ],
5248 silly audit   'available-typed-arrays': [ '1.0.7' ],
5248 silly audit   'data-view-buffer': [ '1.0.2' ],
5248 silly audit   'data-view-byte-length': [ '1.0.2' ],
5248 silly audit   'data-view-byte-offset': [ '1.0.1' ],
5248 silly audit   'es-set-tostringtag': [ '2.1.0' ],
5248 silly audit   'es-to-primitive': [ '1.3.0' ],
5248 silly audit   'function.prototype.name': [ '1.1.8' ],
5248 silly audit   'get-proto': [ '1.0.1' ],
5248 silly audit   'get-symbol-description': [ '1.1.0' ],
5248 silly audit   globalthis: [ '1.0.4' ],
5248 silly audit   'has-proto': [ '1.2.0' ],
5248 silly audit   'has-symbols': [ '1.1.0' ],
5248 silly audit   'internal-slot': [ '1.1.0' ],
5248 silly audit   'is-array-buffer': [ '3.0.5' ],
5248 silly audit   'is-callable': [ '1.2.7' ],
5248 silly audit   'is-data-view': [ '1.0.2' ],
5248 silly audit   'is-negative-zero': [ '2.0.3' ],
5248 silly audit   'is-regex': [ '1.2.1' ],
5248 silly audit   'is-set': [ '2.0.3' ],
5248 silly audit   'is-shared-array-buffer': [ '1.0.4' ],
5248 silly audit   'is-typed-array': [ '1.1.15' ],
5248 silly audit   'is-weakref': [ '1.1.1' ],
5248 silly audit   'object-inspect': [ '1.13.4' ],
5248 silly audit   'object.assign': [ '4.1.7' ],
5248 silly audit   'own-keys': [ '1.0.1' ],
5248 silly audit   'regexp.prototype.flags': [ '1.5.4' ],
5248 silly audit   'safe-array-concat': [ '1.1.3' ],
5248 silly audit   'safe-push-apply': [ '1.0.0' ],
5248 silly audit   'safe-regex-test': [ '1.1.0' ],
5248 silly audit   'set-proto': [ '1.0.0' ],
5248 silly audit   'stop-iteration-iterator': [ '1.1.0' ],
5248 silly audit   'string.prototype.trim': [ '1.2.10' ],
5248 silly audit   'string.prototype.trimstart': [ '1.0.8' ],
5248 silly audit   'typed-array-buffer': [ '1.0.3' ],
5248 silly audit   'typed-array-byte-length': [ '1.0.3' ],
5248 silly audit   'typed-array-byte-offset': [ '1.0.4' ],
5248 silly audit   'typed-array-length': [ '1.0.7' ],
5248 silly audit   'unbox-primitive': [ '1.1.0' ],
5248 silly audit   'which-typed-array': [ '1.1.20' ],
5248 silly audit   'possible-typed-array-names': [ '1.1.0' ],
5248 silly audit   'has-tostringtag': [ '1.0.2' ],
5248 silly audit   'is-date-object': [ '1.1.0' ],
5248 silly audit   'is-symbol': [ '1.1.1' ],
5248 silly audit   resolve: [ '2.0.0-next.6', '1.22.12', '1.7.1' ],
5248 silly audit   'array.prototype.findlast': [ '1.2.5' ],
5248 silly audit   'array.prototype.tosorted': [ '1.1.4' ],
5248 silly audit   'es-iterator-helpers': [ '1.3.2' ],
5248 silly audit   estraverse: [ '5.3.0' ],
5248 silly audit   'jsx-ast-utils': [ '3.3.5' ],
5248 silly audit   'object.entries': [ '1.1.9' ],
5248 silly audit   'prop-types': [ '15.8.1' ],
5248 silly audit   'string.prototype.matchall': [ '4.0.12' ],
5248 silly audit   'string.prototype.repeat': [ '1.0.0' ],
5248 silly audit   'iterator.prototype': [ '1.1.5' ],
5248 silly audit   esrecurse: [ '4.3.0' ],
5248 silly audit   acorn: [ '8.16.0' ],
5248 silly audit   'acorn-jsx': [ '5.3.2' ],
5248 silly audit   '@babel/runtime': [ '7.29.2' ],
5248 silly audit   '@expo/cli': [ '54.0.23' ],
5248 silly audit   '@expo/config': [ '12.0.13' ],
5248 silly audit   '@expo/config-plugins': [ '54.0.4' ],
5248 silly audit   '@expo/devtools': [ '0.1.8' ],
5248 silly audit   '@expo/fingerprint': [ '0.15.4' ],
5248 silly audit   '@expo/metro': [ '54.2.0' ],
5248 silly audit   '@expo/metro-config': [ '54.0.14' ],
5248 silly audit   '@ungap/structured-clone': [ '1.3.0' ],
5248 silly audit   'babel-preset-expo': [ '54.0.10' ],
5248 silly audit   'react-refresh': [ '0.14.2' ],
5248 silly audit   'expo-asset': [ '12.0.12' ],
5248 silly audit   'expo-file-system': [ '19.0.21' ],
5248 silly audit   'expo-keep-awake': [ '15.0.8' ],
5248 silly audit   'expo-modules-autolinking': [ '3.0.24' ],
5248 silly audit   'expo-modules-core': [ '3.0.29' ],
5248 silly audit   'pretty-format': [ '29.7.0' ],
5248 silly audit   'whatwg-url-without-unicode': [ '8.0.0-3' ],
5248 silly audit   '@expo/config-types': [ '54.0.10' ],
5248 silly audit   '@expo/json-file': [ '10.0.13' ],
5248 silly audit   deepmerge: [ '4.3.1' ],
5248 silly audit   getenv: [ '2.0.0' ],
5248 silly audit   glob: [ '13.0.6', '7.2.3' ],
5248 silly audit   'require-from-string': [ '2.0.2' ],
5248 silly audit   'resolve-from': [ '5.0.0', '4.0.0' ],
5248 silly audit   'resolve-workspace-root': [ '2.0.1' ],
5248 silly audit   slugify: [ '1.6.9' ],
5248 silly audit   sucrase: [ '3.35.1' ],
5248 silly audit   '@expo/plist': [ '0.4.8' ],
5248 silly audit   '@expo/sdk-runtime-versions': [ '1.0.0' ],
5248 silly audit   slash: [ '3.0.0' ],
5248 silly audit   xcode: [ '3.0.1' ],
5248 silly audit   xml2js: [ '0.6.0' ],
5248 silly audit   '@expo/spawn-async': [ '1.7.2' ],
5248 silly audit   arg: [ '5.0.2' ],
5248 silly audit   'p-limit': [ '3.1.0', '2.3.0' ],
5248 silly audit   metro: [ '0.83.3' ],
5248 silly audit   'metro-babel-transformer': [ '0.83.3' ],
5248 silly audit   'metro-cache': [ '0.83.3' ],
5248 silly audit   'metro-cache-key': [ '0.83.3' ],
5248 silly audit   'metro-config': [ '0.83.3' ],
5248 silly audit   'metro-core': [ '0.83.3' ],
5248 silly audit   'metro-file-map': [ '0.83.3' ],
5248 silly audit   'metro-minify-terser': [ '0.83.3' ],
5248 silly audit   'metro-resolver': [ '0.83.3' ],
5248 silly audit   'metro-runtime': [ '0.83.3' ],
5248 silly audit   'metro-source-map': [ '0.83.3' ],
5248 silly audit   'metro-symbolicate': [ '0.83.3' ],
5248 silly audit   'metro-transform-plugins': [ '0.83.3' ],
5248 silly audit   'metro-transform-worker': [ '0.83.3' ],
5248 silly audit   '@expo/env': [ '2.0.11' ],
5248 silly audit   dotenv: [ '16.4.7' ],
5248 silly audit   'dotenv-expand': [ '11.0.7' ],
5248 silly audit   'hermes-parser': [ '0.29.1', '0.32.0' ],
5248 silly audit   'jsc-safe-url': [ '0.2.4' ],
5248 silly audit   lightningcss: [ '1.32.0' ],
5248 silly audit   postcss: [ '8.4.49' ],
5248 silly audit   '@xmldom/xmldom': [ '0.8.13' ],
5248 silly audit   'base64-js': [ '1.5.1' ],
5248 silly audit   xmlbuilder: [ '15.1.1', '11.0.1' ],
5248 silly audit   '@babel/plugin-proposal-decorators': [ '7.29.0' ],
5248 silly audit   '@babel/plugin-proposal-export-default-from': [ '7.27.1' ],
5248 silly audit   '@babel/plugin-syntax-export-default-from': [ '7.28.6' ],
5248 silly audit   '@babel/plugin-transform-class-static-block': [ '7.28.6' ],
5248 silly audit   '@babel/plugin-transform-export-namespace-from': [ '7.27.1' ],
5248 silly audit   '@babel/plugin-transform-flow-strip-types': [ '7.27.1' ],
5248 silly audit   '@babel/plugin-transform-modules-commonjs': [ '7.28.6' ],
5248 silly audit   '@babel/plugin-transform-object-rest-spread': [ '7.28.6' ],
5248 silly audit   '@babel/plugin-transform-parameters': [ '7.27.7' ],
5248 silly audit   '@babel/plugin-transform-private-methods': [ '7.28.6' ],
5248 silly audit   '@babel/plugin-transform-private-property-in-object': [ '7.28.6' ],
5248 silly audit   '@babel/plugin-transform-runtime': [ '7.29.0' ],
5248 silly audit   '@babel/preset-react': [ '7.28.5' ],
5248 silly audit   '@babel/preset-typescript': [ '7.28.5' ],
5248 silly audit   '@react-native/babel-preset': [ '0.81.5' ],
5248 silly audit   'babel-plugin-react-compiler': [ '1.0.0' ],
5248 silly audit   'babel-plugin-react-native-web': [ '0.21.2' ],
5248 silly audit   'babel-plugin-syntax-hermes-parser': [ '0.29.1' ],
5248 silly audit   'babel-plugin-transform-flow-enums': [ '0.0.2' ],
5248 silly audit   '@babel/helper-create-class-features-plugin': [ '7.28.6' ],
5248 silly audit   '@babel/helper-plugin-utils': [ '7.28.6' ],
5248 silly audit   '@babel/plugin-syntax-decorators': [ '7.28.6' ],
5248 silly audit   '@babel/helper-annotate-as-pure': [ '7.27.3' ],
5248 silly audit   '@babel/helper-member-expression-to-functions': [ '7.28.5' ],
5248 silly audit   '@babel/helper-optimise-call-expression': [ '7.27.1' ],
5248 silly audit   '@babel/helper-replace-supers': [ '7.28.6' ],
5248 silly audit   '@babel/helper-skip-transparent-expression-wrappers': [ '7.27.1' ],
5248 silly audit   '@babel/plugin-syntax-flow': [ '7.28.6' ],
5248 silly audit   '@babel/plugin-transform-destructuring': [ '7.28.5' ],
5248 silly audit   'babel-plugin-polyfill-corejs2': [ '0.4.17' ],
5248 silly audit   'babel-plugin-polyfill-corejs3': [ '0.13.0' ],
5248 silly audit   'babel-plugin-polyfill-regenerator': [ '0.6.8' ],
5248 silly audit   '@babel/plugin-transform-react-display-name': [ '7.28.0' ],
5248 silly audit   '@babel/plugin-transform-react-jsx': [ '7.28.6' ],
5248 silly audit   '@babel/plugin-transform-react-jsx-development': [ '7.27.1' ],
5248 silly audit   '@babel/plugin-transform-react-pure-annotations': [ '7.27.1' ],
5248 silly audit   '@babel/plugin-syntax-jsx': [ '7.28.6' ],
5248 silly audit   '@babel/plugin-transform-typescript': [ '7.28.6' ],
5248 silly audit   '@babel/plugin-syntax-typescript': [ '7.28.6' ],
5248 silly audit   '@babel/plugin-syntax-dynamic-import': [ '7.8.3' ],
5248 silly audit   '@babel/plugin-syntax-nullish-coalescing-operator': [ '7.8.3' ],
5248 silly audit   '@babel/plugin-syntax-optional-chaining': [ '7.8.3' ],
5248 silly audit   '@babel/plugin-transform-arrow-functions': [ '7.27.1' ],
5248 silly audit   '@babel/plugin-transform-async-generator-functions': [ '7.29.0' ],
5248 silly audit   '@babel/plugin-transform-async-to-generator': [ '7.28.6' ],
5248 silly audit   '@babel/plugin-transform-block-scoping': [ '7.28.6' ],
5248 silly audit   '@babel/plugin-transform-class-properties': [ '7.28.6' ],
5248 silly audit   '@babel/plugin-transform-classes': [ '7.28.6' ],
5248 silly audit   '@babel/plugin-transform-computed-properties': [ '7.28.6' ],
5248 silly audit   '@babel/plugin-transform-for-of': [ '7.27.1' ],
5248 silly audit   '@babel/plugin-transform-function-name': [ '7.27.1' ],
5248 silly audit   '@babel/plugin-transform-literals': [ '7.27.1' ],
5248 silly audit   '@babel/plugin-transform-logical-assignment-operators': [ '7.28.6' ],
5248 silly audit   '@babel/plugin-transform-named-capturing-groups-regex': [ '7.29.0' ],
5248 silly audit   '@babel/plugin-transform-nullish-coalescing-operator': [ '7.28.6' ],
5248 silly audit   '@babel/plugin-transform-numeric-separator': [ '7.28.6' ],
5248 silly audit   '@babel/plugin-transform-optional-catch-binding': [ '7.28.6' ],
5248 silly audit   '@babel/plugin-transform-optional-chaining': [ '7.28.6' ],
5248 silly audit   '@babel/plugin-transform-react-jsx-self': [ '7.27.1' ],
5248 silly audit   '@babel/plugin-transform-react-jsx-source': [ '7.27.1' ],
5248 silly audit   '@babel/plugin-transform-regenerator': [ '7.29.0' ],
5248 silly audit   '@babel/plugin-transform-shorthand-properties': [ '7.27.1' ],
5248 silly audit   '@babel/plugin-transform-spread': [ '7.28.6' ],
5248 silly audit   '@babel/plugin-transform-sticky-regex': [ '7.27.1' ],
5248 silly audit   '@babel/plugin-transform-unicode-regex': [ '7.27.1' ],
5248 silly audit   '@react-native/babel-plugin-codegen': [ '0.81.5' ],
5248 silly audit   '@babel/helper-remap-async-to-generator': [ '7.27.1' ],
5248 silly audit   '@babel/helper-wrap-function': [ '7.28.6' ],
5248 silly audit   '@babel/helper-create-regexp-features-plugin': [ '7.28.5' ],
5248 silly audit   'regexpu-core': [ '6.4.0' ],
5248 silly audit   '@react-native/codegen': [ '0.81.5' ],
5248 silly audit   invariant: [ '2.2.4' ],
5248 silly audit   nullthrows: [ '1.1.1' ],
5248 silly audit   yargs: [ '17.7.2' ],
5248 silly audit   '@babel/helper-define-polyfill-provider': [ '0.6.8' ],
5248 silly audit   'lodash.debounce': [ '4.0.8' ],
5248 silly audit   'core-js-compat': [ '3.49.0' ],
5248 silly audit   '@expo/image-utils': [ '0.8.13' ],
5248 silly audit   '@expo/require-utils': [ '55.0.4' ],
5248 silly audit   'jimp-compact': [ '0.16.1' ],
5248 silly audit   'parse-png': [ '2.1.0' ],
5248 silly audit   fontfaceobserver: [ '2.3.0' ],
5248 silly audit   commander: [ '7.2.0', '12.1.0', '4.1.1', '2.20.3' ],
5248 silly audit   '@expo/metro-runtime': [ '6.1.2' ],
5248 silly audit   '@expo/schema-utils': [ '0.1.8' ],
5248 silly audit   '@radix-ui/react-slot': [ '1.2.0', '1.2.3' ],
5248 silly audit   '@radix-ui/react-tabs': [ '1.1.13' ],
5248 silly audit   '@react-navigation/native-stack': [ '7.14.11' ],
5248 silly audit   'client-only': [ '0.0.1' ],
5248 silly audit   'expo-server': [ '1.0.5' ],
5248 silly audit   'react-fast-compare': [ '3.2.2' ],
5248 silly audit   'react-native-is-edge-to-edge': [ '1.3.1' ],
5248 silly audit   'server-only': [ '0.0.1' ],
5248 silly audit   shallowequal: [ '1.1.0' ],
5248 silly audit   vaul: [ '1.1.2' ],
5248 silly audit   anser: [ '1.4.10' ],
5248 silly audit   'stacktrace-parser': [ '0.1.11' ],
5248 silly audit   'whatwg-fetch': [ '3.6.20' ],
5248 silly audit   '@radix-ui/react-compose-refs': [ '1.1.2' ],
5248 silly audit   'warn-once': [ '0.1.1' ],
5248 silly audit   '@expo/prebuild-config': [ '54.0.8' ],
5248 silly audit   '@react-native/normalize-colors': [ '0.81.5', '0.74.89' ],
5248 silly audit   'flat-cache': [ '4.0.1' ],
5248 silly audit   'locate-path': [ '6.0.0', '5.0.0' ],
5248 silly audit   'path-exists': [ '4.0.0' ],
5248 silly audit   flatted: [ '3.4.2' ],
5248 silly audit   keyv: [ '4.5.4' ],
5248 silly audit   'functions-have-names': [ '1.2.3' ],
5248 silly audit   'dunder-proto': [ '1.0.1' ],
5248 silly audit   'resolve-pkg-maps': [ '1.0.0' ],
5248 silly audit   minipass: [ '7.1.3' ],
5248 silly audit   'path-scurry': [ '2.0.2' ],
5248 silly audit   'hermes-estree': [ '0.29.1', '0.32.0' ],
5248 silly audit   'parent-module': [ '1.0.1' ],
5248 silly audit   'side-channel': [ '1.1.0' ],
5248 silly audit   'loose-envify': [ '1.4.0' ],
5248 silly audit   'is-extglob': [ '2.1.1' ],
5248 silly audit   'set-function-name': [ '2.0.2' ],
5248 silly audit   argparse: [ '2.0.1', '1.0.10' ],
5248 silly audit   'json-buffer': [ '3.0.1' ],
5248 silly audit   'prelude-ls': [ '1.2.1' ],
5248 silly audit   'type-check': [ '0.4.0' ],
5248 silly audit   'detect-libc': [ '2.1.2' ],
5248 silly audit   'lightningcss-android-arm64': [ '1.32.0' ],
5248 silly audit   'lightningcss-darwin-arm64': [ '1.32.0' ],
5248 silly audit   'lightningcss-darwin-x64': [ '1.32.0' ],
5248 silly audit   'lightningcss-freebsd-x64': [ '1.32.0' ],
5248 silly audit   'lightningcss-linux-arm-gnueabihf': [ '1.32.0' ],
5248 silly audit   'lightningcss-linux-arm64-gnu': [ '1.32.0' ],
5248 silly audit   'lightningcss-linux-arm64-musl': [ '1.32.0' ],
5248 silly audit   'lightningcss-linux-x64-gnu': [ '1.32.0' ],
5248 silly audit   'lightningcss-linux-x64-musl': [ '1.32.0' ],
5248 silly audit   'lightningcss-win32-arm64-msvc': [ '1.32.0' ],
5248 silly audit   'lightningcss-win32-x64-msvc': [ '1.32.0' ],
5248 silly audit   'p-locate': [ '5.0.0', '4.1.0' ],
5248 silly audit   yallist: [ '3.1.1', '5.0.0' ],
5248 silly audit   accepts: [ '1.3.8' ],
5248 silly audit   'ci-info': [ '2.0.0', '3.9.0' ],
5248 silly audit   connect: [ '3.7.0' ],
5248 silly audit   'error-stack-parser': [ '2.1.4' ],
5248 silly audit   'flow-enums-runtime': [ '0.0.6' ],
5248 silly audit   'graceful-fs': [ '4.2.11' ],
5248 silly audit   'image-size': [ '1.2.1' ],
5248 silly audit   'jest-worker': [ '29.7.0' ],
5248 silly audit   'lodash.throttle': [ '4.1.1' ],
5248 silly audit   'mime-types': [ '2.1.35' ],
5248 silly audit   'serialize-error': [ '2.1.0' ],
5248 silly audit   'source-map': [ '0.5.7', '0.6.1' ],
5248 silly audit   throat: [ '5.0.0' ],
5248 silly audit   ws: [ '7.5.10', '6.2.3', '8.18.3', '8.20.0' ],
5248 silly audit   negotiator: [ '0.6.3', '0.6.4' ],
5248 silly audit   finalhandler: [ '1.1.2' ],
5248 silly audit   parseurl: [ '1.3.3' ],
5248 silly audit   'utils-merge': [ '1.0.1' ],
5248 silly audit   stackframe: [ '1.3.4' ],
5248 silly audit   encodeurl: [ '1.0.2', '2.0.0' ],
5248 silly audit   'escape-html': [ '1.0.3' ],
5248 silly audit   'on-finished': [ '2.3.0', '2.4.1' ],
5248 silly audit   statuses: [ '1.5.0', '2.0.2' ],
5248 silly audit   unpipe: [ '1.0.0' ],
5248 silly audit   queue: [ '6.0.2' ],
5248 silly audit   '@types/node': [ '25.6.0' ],
5248 silly audit   'jest-util': [ '29.7.0' ],
5248 silly audit   'merge-stream': [ '2.0.0' ],
5248 silly audit   'undici-types': [ '7.19.2' ],
5248 silly audit   '@jest/types': [ '29.6.3' ],
5248 silly audit   picomatch: [ '2.3.2', '4.0.4', '3.0.2' ],
5248 silly audit   '@jest/schemas': [ '29.6.3' ],
5248 silly audit   '@types/istanbul-lib-coverage': [ '2.0.6' ],
5248 silly audit   '@types/istanbul-reports': [ '3.0.4' ],
5248 silly audit   '@types/yargs': [ '17.0.35' ],
5248 silly audit   '@sinclair/typebox': [ '0.27.10' ],
5248 silly audit   '@types/istanbul-lib-report': [ '3.0.3' ],
5248 silly audit   '@types/yargs-parser': [ '21.0.3' ],
5248 silly audit   'exponential-backoff': [ '3.1.3' ],
5248 silly audit   'https-proxy-agent': [ '7.0.6' ],
5248 silly audit   'agent-base': [ '7.1.4' ],
5248 silly audit   'jest-validate': [ '29.7.0' ],
5248 silly audit   yaml: [ '2.8.3' ],
5248 silly audit   camelcase: [ '6.3.0', '5.3.1' ],
5248 silly audit   'jest-get-type': [ '29.6.3' ],
5248 silly audit   leven: [ '3.1.0' ],
5248 silly audit   'fb-watchman': [ '2.0.2' ],
5248 silly audit   micromatch: [ '4.0.8' ],
5248 silly audit   walker: [ '1.0.8' ],
5248 silly audit   bser: [ '2.1.1' ],
5248 silly audit   'node-int64': [ '0.4.0' ],
5248 silly audit   terser: [ '5.46.1' ],
5248 silly audit   ob1: [ '0.83.3' ],
5248 silly audit   vlq: [ '1.0.1' ],
5248 silly audit   braces: [ '3.0.3' ],
5248 silly audit   'fill-range': [ '7.1.1' ],
5248 silly audit   'to-regex-range': [ '5.0.1' ],
5248 silly audit   'mime-db': [ '1.52.0' ],
5248 silly audit   'brace-expansion': [ '1.1.14', '2.1.0', '5.0.5' ],
5248 silly audit   'balanced-match': [ '1.0.2', '4.0.4' ],
5248 silly audit   'concat-map': [ '0.0.1' ],
5248 silly audit   'ee-first': [ '1.1.1' ],
5248 silly audit   'deep-is': [ '0.1.4' ],
5248 silly audit   'fast-levenshtein': [ '2.0.6' ],
5248 silly audit   'word-wrap': [ '1.2.5' ],
5248 silly audit   'yocto-queue': [ '0.1.0' ],
5248 silly audit   callsites: [ '3.1.0' ],
5248 silly audit   pngjs: [ '3.4.0' ],
5248 silly audit   'source-map-js': [ '1.2.1' ],
5248 silly audit   'object-assign': [ '4.1.1' ],
5248 silly audit   'decode-uri-component': [ '0.2.2' ],
5248 silly audit   'filter-obj': [ '1.1.0' ],
5248 silly audit   'split-on-first': [ '1.1.0' ],
5248 silly audit   'strict-uri-encode': [ '2.0.0' ],
5248 silly audit   inherits: [ '2.0.4' ],
5248 silly audit   scheduler: [ '0.26.0' ],
5248 silly audit   '@jest/create-cache-key-function': [ '29.7.0' ],
5248 silly audit   '@react-native/assets-registry': [ '0.81.5' ],
5248 silly audit   '@react-native/community-cli-plugin': [ '0.81.5' ],
5248 silly audit   '@react-native/gradle-plugin': [ '0.81.5' ],
5248 silly audit   '@react-native/js-polyfills': [ '0.81.5' ],
5248 silly audit   '@react-native/virtualized-lists': [ '0.81.5' ],
5248 silly audit   'abort-controller': [ '3.0.0' ],
5248 silly audit   'ansi-regex': [ '5.0.1', '4.1.1' ],
5248 silly audit   'babel-jest': [ '29.7.0' ],
5248 silly audit   'jest-environment-node': [ '29.7.0' ],
5248 silly audit   'memoize-one': [ '5.2.1', '6.0.0' ],
5248 silly audit   promise: [ '8.3.0', '7.3.1' ],
5248 silly audit   'react-devtools-core': [ '6.1.5' ],
5248 silly audit   'regenerator-runtime': [ '0.13.11' ],
5248 silly audit   '@react-native/dev-middleware': [ '0.81.5' ],
5248 silly audit   '@isaacs/ttlcache': [ '1.4.1' ],
5248 silly audit   '@react-native/debugger-frontend': [ '0.81.5' ],
5248 silly audit   'chrome-launcher': [ '0.15.2' ],
5248 silly audit   'chromium-edge-launcher': [ '0.2.0' ],
5248 silly audit   open: [ '7.4.2', '8.4.2' ],
5248 silly audit   'serve-static': [ '1.16.3' ],
5248 silly audit   'event-target-shim': [ '5.0.1' ],
5248 silly audit   '@jest/transform': [ '29.7.0' ],
5248 silly audit   '@types/babel__core': [ '7.20.5' ],
5248 silly audit   'babel-plugin-istanbul': [ '6.1.1' ],
5248 silly audit   'babel-preset-jest': [ '29.6.3' ],
5248 silly audit   'jest-haste-map': [ '29.7.0' ],
5248 silly audit   'jest-regex-util': [ '29.6.3' ],
5248 silly audit   pirates: [ '4.0.7' ],
5248 silly audit   'write-file-atomic': [ '4.0.2' ],
5248 silly audit   '@types/babel__generator': [ '7.27.0' ],
5248 silly audit   '@types/babel__template': [ '7.4.4' ],
5248 silly audit   '@types/babel__traverse': [ '7.28.0' ],
5248 silly audit   '@istanbuljs/load-nyc-config': [ '1.1.0' ],
5248 silly audit   '@istanbuljs/schema': [ '0.1.6' ],
5248 silly audit   'istanbul-lib-instrument': [ '5.2.1' ],
5248 silly audit   'test-exclude': [ '6.0.0' ],
5248 silly audit   'get-package-type': [ '0.1.0' ],
5248 silly audit   'babel-plugin-jest-hoist': [ '29.6.3' ],
5248 silly audit   'babel-preset-current-node-syntax': [ '1.2.0' ],
5248 silly audit   '@babel/plugin-syntax-async-generators': [ '7.8.4' ],
5248 silly audit   '@babel/plugin-syntax-bigint': [ '7.8.3' ],
5248 silly audit   '@babel/plugin-syntax-class-properties': [ '7.12.13' ],
5248 silly audit   '@babel/plugin-syntax-class-static-block': [ '7.14.5' ],
5248 silly audit   '@babel/plugin-syntax-import-attributes': [ '7.28.6' ],
5248 silly audit   '@babel/plugin-syntax-import-meta': [ '7.10.4' ],
5248 silly audit   '@babel/plugin-syntax-json-strings': [ '7.8.3' ],
5248 silly audit   '@babel/plugin-syntax-logical-assignment-operators': [ '7.10.4' ],
5248 silly audit   '@babel/plugin-syntax-numeric-separator': [ '7.10.4' ],
5248 silly audit   '@babel/plugin-syntax-object-rest-spread': [ '7.8.3' ],
5248 silly audit   '@babel/plugin-syntax-optional-catch-binding': [ '7.8.3' ],
5248 silly audit   '@babel/plugin-syntax-private-property-in-object': [ '7.14.5' ],
5248 silly audit   '@babel/plugin-syntax-top-level-await': [ '7.14.5' ],
5248 silly audit   'is-wsl': [ '2.2.0' ],
5248 silly audit   'lighthouse-logger': [ '1.4.2' ],
5248 silly audit   mkdirp: [ '1.0.4' ],
5248 silly audit   rimraf: [ '3.0.2' ],
5248 silly audit   'is-docker': [ '2.2.1' ],
5248 silly audit   'istanbul-lib-coverage': [ '3.2.2' ],
5248 silly audit   '@jest/environment': [ '29.7.0' ],
5248 silly audit   '@jest/fake-timers': [ '29.7.0' ],
5248 silly audit   'jest-mock': [ '29.7.0' ],
5248 silly audit   '@sinonjs/fake-timers': [ '10.3.0' ],
5248 silly audit   'jest-message-util': [ '29.7.0' ],
5248 silly audit   '@sinonjs/commons': [ '3.0.1' ],
5248 silly audit   'type-detect': [ '4.0.8' ],
5248 silly audit   '@types/graceful-fs': [ '4.1.9' ],
5248 silly audit   anymatch: [ '3.1.3' ],
5248 silly audit   fsevents: [ '2.3.3' ],
5248 silly audit   'normalize-path': [ '3.0.0' ],
5248 silly audit   '@types/stack-utils': [ '2.0.3' ],
5248 silly audit   'stack-utils': [ '2.0.6' ],
5248 silly audit   marky: [ '1.3.0' ],
5248 silly audit   asap: [ '2.0.6' ],
5248 silly audit   'shell-quote': [ '1.8.3' ],
5248 silly audit   '@egjs/hammerjs': [ '2.0.17' ],
5248 silly audit   'hoist-non-react-statics': [ '3.3.2' ],
5248 silly audit   '@types/hammerjs': [ '2.0.46' ],
5248 silly audit   'react-freeze': [ '1.0.4' ],
5248 silly audit   'css-select': [ '5.2.2' ],
5248 silly audit   'css-tree': [ '1.1.3' ],
5248 silly audit   boolbase: [ '1.0.0' ],
5248 silly audit   'css-what': [ '6.2.2' ],
5248 silly audit   domhandler: [ '5.0.3' ],
5248 silly audit   domutils: [ '3.2.2' ],
5248 silly audit   'nth-check': [ '2.1.1' ],
5248 silly audit   'mdn-data': [ '2.0.14' ],
5248 silly audit   domelementtype: [ '2.3.0' ],
5248 silly audit   'dom-serializer': [ '2.0.0' ],
5248 silly audit   entities: [ '4.5.0' ],
5248 silly audit   fbjs: [ '3.0.5' ],
5248 silly audit   'inline-style-prefixer': [ '7.0.1' ],
5248 silly audit   'postcss-value-parser': [ '4.2.0' ],
5248 silly audit   styleq: [ '0.1.3' ],
5248 silly audit   'cross-fetch': [ '3.2.0' ],
5248 silly audit   'fbjs-css-vars': [ '1.0.2' ],
5248 silly audit   setimmediate: [ '1.0.5' ],
5248 silly audit   'ua-parser-js': [ '1.0.41' ],
5248 silly audit   'node-fetch': [ '2.7.0' ],
5248 silly audit   'css-in-js-utils': [ '3.1.0' ],
5248 silly audit   'hyphenate-style-name': [ '1.1.0' ],
5248 silly audit   'whatwg-url': [ '5.0.0' ],
5248 silly audit   '@babel/plugin-transform-template-literals': [ '7.27.1' ],
5248 silly audit   regenerate: [ '1.4.2' ],
5248 silly audit   'regenerate-unicode-properties': [ '10.2.2' ],
5248 silly audit   regjsgen: [ '0.8.0' ],
5248 silly audit   regjsparser: [ '0.13.1' ],
5248 silly audit   'unicode-match-property-ecmascript': [ '2.0.0' ],
5248 silly audit   'unicode-match-property-value-ecmascript': [ '2.2.1' ],
5248 silly audit   'node-exports-info': [ '1.6.0' ],
5248 silly audit   'path-parse': [ '1.0.7' ],
5248 silly audit   'supports-preserve-symlinks-flag': [ '1.0.0' ],
5248 silly audit   isarray: [ '2.0.5' ],
5248 silly audit   send: [ '0.19.2' ],
5248 silly audit   depd: [ '2.0.0' ],
5248 silly audit   destroy: [ '1.2.0' ],
5248 silly audit   etag: [ '1.8.1' ],
5248 silly audit   fresh: [ '0.5.2' ],
5248 silly audit   'http-errors': [ '2.0.1' ],
5248 silly audit   mime: [ '1.6.0' ],
5248 silly audit   'range-parser': [ '1.2.1' ],
5248 silly audit   setprototypeof: [ '1.2.0' ],
5248 silly audit   toidentifier: [ '1.0.1' ],
5248 silly audit   'shebang-regex': [ '3.0.0' ],
5248 silly audit   'side-channel-list': [ '1.0.1' ],
5248 silly audit   'side-channel-map': [ '1.0.1' ],
5248 silly audit   'side-channel-weakmap': [ '1.0.2' ],
5248 silly audit   'is-arrayish': [ '0.3.4' ],
5248 silly audit   '@socket.io/component-emitter': [ '3.1.2' ],
5248 silly audit   'engine.io-client': [ '6.6.4' ],
5248 silly audit   'socket.io-parser': [ '4.2.6' ],
5248 silly audit   'engine.io-parser': [ '5.2.3' ],
5248 silly audit   'xmlhttprequest-ssl': [ '2.1.2' ],
5248 silly audit   'type-fest': [ '0.7.1', '0.21.3' ],
5248 silly audit   'lines-and-columns': [ '1.2.4' ],
5248 silly audit   mz: [ '2.7.0' ],
5248 silly audit   'ts-interface-checker': [ '0.1.13' ],
5248 silly audit   'any-promise': [ '1.3.0' ],
5248 silly audit   'thenify-all': [ '1.6.0' ],
5248 silly audit   'has-flag': [ '4.0.0', '3.0.0' ],
5248 silly audit   '@jridgewell/source-map': [ '0.3.11' ],
5248 silly audit   'source-map-support': [ '0.5.21' ],
5248 silly audit   'buffer-from': [ '1.1.2' ],
5248 silly audit   thenify: [ '3.3.1' ],
5248 silly audit   fdir: [ '6.5.0' ],
5248 silly audit   'is-number': [ '7.0.0' ],
5248 silly audit   '@types/json5': [ '0.0.29' ],
5248 silly audit   minimist: [ '1.2.8' ],
5248 silly audit   'strip-bom': [ '3.0.0' ],
5248 silly audit   'for-each': [ '0.3.5' ],
5248 silly audit   'reflect.getprototypeof': [ '1.0.10' ],
5248 silly audit   'which-builtin-type': [ '1.2.1' ],
5248 silly audit   'has-bigints': [ '1.1.0' ],
5248 silly audit   'which-boxed-primitive': [ '1.1.1' ],
5248 silly audit   'unicode-canonical-property-names-ecmascript': [ '2.0.1' ],
5248 silly audit   'unicode-property-aliases-ecmascript': [ '2.2.0' ],
5248 silly audit   '@unrs/resolver-binding-android-arm-eabi': [ '1.11.1' ],
5248 silly audit   '@unrs/resolver-binding-android-arm64': [ '1.11.1' ],
5248 silly audit   '@unrs/resolver-binding-darwin-arm64': [ '1.11.1' ],
5248 silly audit   '@unrs/resolver-binding-darwin-x64': [ '1.11.1' ],
5248 silly audit   '@unrs/resolver-binding-freebsd-x64': [ '1.11.1' ],
5248 silly audit   '@unrs/resolver-binding-linux-arm-gnueabihf': [ '1.11.1' ],
5248 silly audit   '@unrs/resolver-binding-linux-arm-musleabihf': [ '1.11.1' ],
5248 silly audit   '@unrs/resolver-binding-linux-arm64-gnu': [ '1.11.1' ],
5248 silly audit   '@unrs/resolver-binding-linux-arm64-musl': [ '1.11.1' ],
5248 silly audit   '@unrs/resolver-binding-linux-ppc64-gnu': [ '1.11.1' ],
5248 silly audit   '@unrs/resolver-binding-linux-riscv64-gnu': [ '1.11.1' ],
5248 silly audit   '@unrs/resolver-binding-linux-riscv64-musl': [ '1.11.1' ],
5248 silly audit   '@unrs/resolver-binding-linux-s390x-gnu': [ '1.11.1' ],
5248 silly audit   '@unrs/resolver-binding-linux-x64-gnu': [ '1.11.1' ],
5248 silly audit   '@unrs/resolver-binding-linux-x64-musl': [ '1.11.1' ],
5248 silly audit   '@unrs/resolver-binding-wasm32-wasi': [ '1.11.1' ],
5248 silly audit   '@unrs/resolver-binding-win32-arm64-msvc': [ '1.11.1' ],
5248 silly audit   '@unrs/resolver-binding-win32-ia32-msvc': [ '1.11.1' ],
5248 silly audit   '@unrs/resolver-binding-win32-x64-msvc': [ '1.11.1' ],
5248 silly audit   'napi-postinstall': [ '0.3.4' ],
5248 silly audit   '@napi-rs/wasm-runtime': [ '0.2.12' ],
5248 silly audit   '@emnapi/core': [ '1.10.0' ],
5248 silly audit   '@emnapi/runtime': [ '1.10.0' ],
5248 silly audit   '@tybys/wasm-util': [ '0.10.1' ],
5248 silly audit   '@emnapi/wasi-threads': [ '1.2.1' ],
5248 silly audit   tslib: [ '2.8.1' ],
5248 silly audit   escalade: [ '3.2.0' ],
5248 silly audit   punycode: [ '2.3.1' ],
5248 silly audit   '@radix-ui/react-dialog': [ '1.1.15' ],
5248 silly audit   makeerror: [ '1.0.12' ],
5248 silly audit   tmpl: [ '1.0.5' ],
5248 silly audit   tr46: [ '0.0.3' ],
5248 silly audit   'webidl-conversions': [ '3.0.1', '5.0.0' ],
5248 silly audit   buffer: [ '5.7.1' ],
5248 silly audit   ieee754: [ '1.2.1' ],
5248 silly audit   isexe: [ '2.0.0' ],
5248 silly audit   'is-bigint': [ '1.1.0' ],
5248 silly audit   'is-boolean-object': [ '1.2.2' ],
5248 silly audit   'is-number-object': [ '1.1.1' ],
5248 silly audit   'is-async-function': [ '2.1.1' ],
5248 silly audit   'is-finalizationregistry': [ '1.1.1' ],
5248 silly audit   'is-generator-function': [ '1.1.2' ],
5248 silly audit   'which-collection': [ '1.0.2' ],
5248 silly audit   'async-function': [ '1.0.0' ],
5248 silly audit   'generator-function': [ '2.0.1' ],
5248 silly audit   'is-map': [ '2.0.3' ],
5248 silly audit   'is-weakmap': [ '2.0.2' ],
5248 silly audit   'is-weakset': [ '2.0.4' ],
5248 silly audit   'signal-exit': [ '3.0.7' ],
5248 silly audit   'simple-plist': [ '1.3.1' ],
5248 silly audit   uuid: [ '7.0.3' ],
5248 silly audit   'bplist-creator': [ '0.1.0' ],
5248 silly audit   'bplist-parser': [ '0.3.1' ],
5248 silly audit   plist: [ '3.1.0' ],
5248 silly audit   'stream-buffers': [ '2.2.0' ],
5248 silly audit   'big-integer': [ '1.6.52' ],
5248 silly audit   sax: [ '1.6.0' ],
5248 silly audit   cliui: [ '8.0.1' ],
5248 silly audit   'get-caller-file': [ '2.0.5' ],
5248 silly audit   'require-directory': [ '2.1.1' ],
5248 silly audit   'string-width': [ '4.2.3' ],
5248 silly audit   y18n: [ '5.0.8' ],
5248 silly audit   'yargs-parser': [ '21.1.1' ],
5248 silly audit   'strip-ansi': [ '6.0.1', '5.2.0' ],
5248 silly audit   'wrap-ansi': [ '7.0.0' ],
5248 silly audit   'emoji-regex': [ '8.0.0' ],
5248 silly audit   'is-fullwidth-code-point': [ '3.0.0' ],
5248 silly audit   '@babel/highlight': [ '7.25.9' ],
5248 silly audit   esprima: [ '4.0.1' ],
5248 silly audit   'sprintf-js': [ '1.0.3' ],
5248 silly audit   'p-try': [ '2.2.0' ],
5248 silly audit   'fs.realpath': [ '1.0.0' ],
5248 silly audit   inflight: [ '1.0.6' ],
5248 silly audit   once: [ '1.4.0' ],
5248 silly audit   'path-is-absolute': [ '1.0.1' ],
5248 silly audit   wrappy: [ '1.0.2' ],
5248 silly audit   'async-limiter': [ '1.0.1' ],
5248 silly audit   '@radix-ui/primitive': [ '1.1.3' ],
5248 silly audit   '@radix-ui/react-context': [ '1.1.2' ],
5248 silly audit   '@radix-ui/react-direction': [ '1.1.1' ],
5248 silly audit   '@radix-ui/react-id': [ '1.1.1' ],
5248 silly audit   '@radix-ui/react-presence': [ '1.1.5' ],
5248 silly audit   '@radix-ui/react-primitive': [ '2.1.3' ],
5248 silly audit   '@radix-ui/react-roving-focus': [ '1.1.11' ],
5248 silly audit   '@radix-ui/react-use-controllable-state': [ '1.2.2' ],
5248 silly audit   '@radix-ui/react-use-layout-effect': [ '1.1.1' ],
5248 silly audit   '@radix-ui/react-use-effect-event': [ '0.0.2' ],
5248 silly audit   '@radix-ui/react-collection': [ '1.1.7' ],
5248 silly audit   '@radix-ui/react-use-callback-ref': [ '1.1.1' ],
5248 silly audit   '@0no-co/graphql.web': [ '1.2.0' ],
5248 silly audit   '@expo/code-signing-certificates': [ '0.0.6' ],
5248 silly audit   '@expo/devcert': [ '1.2.1' ],
5248 silly audit   '@expo/osascript': [ '2.4.2' ],
5248 silly audit   '@expo/package-manager': [ '1.10.4' ],
5248 silly audit   '@expo/ws-tunnel': [ '1.0.6' ],
5248 silly audit   '@expo/xcpretty': [ '4.4.3' ],
5248 silly audit   '@urql/core': [ '5.2.0' ],
5248 silly audit   '@urql/exchange-retry': [ '1.3.2' ],
5248 silly audit   'better-opn': [ '3.0.2' ],
5248 silly audit   compression: [ '1.8.1' ],
5248 silly audit   'env-editor': [ '0.4.2' ],
5248 silly audit   'freeport-async': [ '2.0.0' ],
5248 silly audit   'lan-network': [ '0.1.7' ],
5248 silly audit   'node-forge': [ '1.4.0' ],
5248 silly audit   'npm-package-arg': [ '11.0.3' ],
5248 silly audit   ora: [ '3.4.0' ],
5248 silly audit   'pretty-bytes': [ '5.6.0' ],
5248 silly audit   progress: [ '2.0.3' ],
5248 silly audit   prompts: [ '2.4.2' ],
5248 silly audit   'qrcode-terminal': [ '0.11.0' ],
5248 silly audit   requireg: [ '0.2.2' ],
5248 silly audit   'resolve.exports': [ '2.0.3' ],
5248 silly audit   'structured-headers': [ '0.4.1' ],
5248 silly audit   tar: [ '7.5.13' ],
5248 silly audit   'terminal-link': [ '2.1.1' ],
5248 silly audit   undici: [ '6.25.0' ],
5248 silly audit   '@expo/sudo-prompt': [ '9.3.2' ],
5248 silly audit   wonka: [ '6.3.6' ],
5248 silly audit   bytes: [ '3.1.2' ],
5248 silly audit   compressible: [ '2.0.18' ],
5248 silly audit   'on-headers': [ '1.1.0' ],
5248 silly audit   'safe-buffer': [ '5.2.1' ],
5248 silly audit   vary: [ '1.1.2' ],
5248 silly audit   'hosted-git-info': [ '7.0.2' ],
5248 silly audit   'proc-log': [ '4.2.0' ],
5248 silly audit   'validate-npm-package-name': [ '5.0.1' ],
5248 silly audit   'cli-cursor': [ '2.1.0' ],
5248 silly audit   'cli-spinners': [ '2.9.2' ],
5248 silly audit   'log-symbols': [ '2.2.0' ],
5248 silly audit   wcwidth: [ '1.0.1' ],
5248 silly audit   'restore-cursor': [ '2.0.0' ],
5248 silly audit   kleur: [ '3.0.3' ],
5248 silly audit   sisteransi: [ '1.0.5' ],
5248 silly audit   'nested-error-stacks': [ '2.0.1' ],
5248 silly audit   rc: [ '1.2.8' ],
5248 silly audit   'deep-extend': [ '0.6.0' ],
5248 silly audit   ini: [ '1.3.8' ],
5248 silly audit   onetime: [ '2.0.1' ],
5248 silly audit   'mimic-fn': [ '1.2.0' ],
5248 silly audit   '@isaacs/fs-minipass': [ '4.0.1' ],
5248 silly audit   chownr: [ '3.0.0' ],
5248 silly audit   minizlib: [ '3.1.0' ],
5248 silly audit   'ansi-escapes': [ '4.3.2' ],
5248 silly audit   'supports-hyperlinks': [ '2.3.0' ],
5248 silly audit   defaults: [ '1.0.4' ],
5248 silly audit   clone: [ '1.0.4' ],
5248 silly audit   'define-lazy-prop': [ '2.0.0' ],
5248 silly audit   '@radix-ui/react-dismissable-layer': [ '1.1.11' ],
5248 silly audit   '@radix-ui/react-focus-guards': [ '1.1.3' ],
5248 silly audit   '@radix-ui/react-focus-scope': [ '1.1.7' ],
5248 silly audit   '@radix-ui/react-portal': [ '1.1.9' ],
5248 silly audit   'aria-hidden': [ '1.2.6' ],
5248 silly audit   'react-remove-scroll': [ '2.7.2' ],
5248 silly audit   'react-remove-scroll-bar': [ '2.3.8' ],
5248 silly audit   'react-style-singleton': [ '2.2.3' ],
5248 silly audit   'use-callback-ref': [ '1.3.3' ],
5248 silly audit   'use-sidecar': [ '1.1.3' ],
5248 silly audit   'get-nonce': [ '1.0.1' ],
5248 silly audit   'detect-node-es': [ '1.1.0' ],
5248 silly audit   '@radix-ui/react-use-escape-keydown': [ '1.1.1' ]
5248 silly audit }
5249 http cache @radix-ui/react-use-escape-keydown@https://registry.npmjs.org/@radix-ui/react-use-escape-keydown/-/react-use-escape-keydown-1.1.1.tgz 0ms (cache hit)
5250 http cache detect-node-es@https://registry.npmjs.org/detect-node-es/-/detect-node-es-1.1.0.tgz 0ms (cache hit)
5251 http cache react-style-singleton@https://registry.npmjs.org/react-style-singleton/-/react-style-singleton-2.2.3.tgz 0ms (cache hit)
5252 http cache get-nonce@https://registry.npmjs.org/get-nonce/-/get-nonce-1.0.1.tgz 0ms (cache hit)
5253 http cache react-remove-scroll-bar@https://registry.npmjs.org/react-remove-scroll-bar/-/react-remove-scroll-bar-2.3.8.tgz 0ms (cache hit)
5254 http cache aria-hidden@https://registry.npmjs.org/aria-hidden/-/aria-hidden-1.2.6.tgz 0ms (cache hit)
5255 http cache define-lazy-prop@https://registry.npmjs.org/define-lazy-prop/-/define-lazy-prop-2.0.0.tgz 0ms (cache hit)
5256 http cache @radix-ui/react-focus-guards@https://registry.npmjs.org/@radix-ui/react-focus-guards/-/react-focus-guards-1.1.3.tgz 0ms (cache hit)
5257 http cache defaults@https://registry.npmjs.org/defaults/-/defaults-1.0.4.tgz 0ms (cache hit)
5258 http cache clone@https://registry.npmjs.org/clone/-/clone-1.0.4.tgz 0ms (cache hit)
5259 http cache react-remove-scroll@https://registry.npmjs.org/react-remove-scroll/-/react-remove-scroll-2.7.2.tgz 0ms (cache hit)
5260 http cache supports-hyperlinks@https://registry.npmjs.org/supports-hyperlinks/-/supports-hyperlinks-2.3.0.tgz 0ms (cache hit)
5261 http cache ansi-escapes@https://registry.npmjs.org/ansi-escapes/-/ansi-escapes-4.3.2.tgz 0ms (cache hit)
5262 http cache use-callback-ref@https://registry.npmjs.org/use-callback-ref/-/use-callback-ref-1.3.3.tgz 0ms (cache hit)
5263 http cache minizlib@https://registry.npmjs.org/minizlib/-/minizlib-3.1.0.tgz 0ms (cache hit)
5264 http cache @isaacs/fs-minipass@https://registry.npmjs.org/@isaacs/fs-minipass/-/fs-minipass-4.0.1.tgz 0ms (cache hit)
5265 http cache chownr@https://registry.npmjs.org/chownr/-/chownr-3.0.0.tgz 0ms (cache hit)
5266 http cache mimic-fn@https://registry.npmjs.org/mimic-fn/-/mimic-fn-1.2.0.tgz 0ms (cache hit)
5267 http cache onetime@https://registry.npmjs.org/onetime/-/onetime-2.0.1.tgz 0ms (cache hit)
5268 http cache deep-extend@https://registry.npmjs.org/deep-extend/-/deep-extend-0.6.0.tgz 0ms (cache hit)
5269 http cache ini@https://registry.npmjs.org/ini/-/ini-1.3.8.tgz 0ms (cache hit)
5270 http cache use-sidecar@https://registry.npmjs.org/use-sidecar/-/use-sidecar-1.1.3.tgz 0ms (cache hit)
5271 http cache sisteransi@https://registry.npmjs.org/sisteransi/-/sisteransi-1.0.5.tgz 0ms (cache hit)
5272 http cache kleur@https://registry.npmjs.org/kleur/-/kleur-3.0.3.tgz 0ms (cache hit)
5273 http cache nested-error-stacks@https://registry.npmjs.org/nested-error-stacks/-/nested-error-stacks-2.0.1.tgz 0ms (cache hit)
5274 http cache log-symbols@https://registry.npmjs.org/log-symbols/-/log-symbols-2.2.0.tgz 0ms (cache hit)
5275 http cache cli-spinners@https://registry.npmjs.org/cli-spinners/-/cli-spinners-2.9.2.tgz 0ms (cache hit)
5276 http cache proc-log@https://registry.npmjs.org/proc-log/-/proc-log-4.2.0.tgz 0ms (cache hit)
5277 http cache cli-cursor@https://registry.npmjs.org/cli-cursor/-/cli-cursor-2.1.0.tgz 0ms (cache hit)
5278 http cache vary@https://registry.npmjs.org/vary/-/vary-1.1.2.tgz 0ms (cache hit)
5279 http cache hosted-git-info@https://registry.npmjs.org/hosted-git-info/-/hosted-git-info-7.0.2.tgz 0ms (cache hit)
5280 http cache rc@https://registry.npmjs.org/rc/-/rc-1.2.8.tgz 0ms (cache hit)
5281 http cache validate-npm-package-name@https://registry.npmjs.org/validate-npm-package-name/-/validate-npm-package-name-5.0.1.tgz 0ms (cache hit)
5282 http cache wcwidth@https://registry.npmjs.org/wcwidth/-/wcwidth-1.0.1.tgz 0ms (cache hit)
5283 http cache restore-cursor@https://registry.npmjs.org/restore-cursor/-/restore-cursor-2.0.0.tgz 0ms (cache hit)
5284 http cache compressible@https://registry.npmjs.org/compressible/-/compressible-2.0.18.tgz 0ms (cache hit)
5285 http cache on-headers@https://registry.npmjs.org/on-headers/-/on-headers-1.1.0.tgz 0ms (cache hit)
5286 http cache bytes@https://registry.npmjs.org/bytes/-/bytes-3.1.2.tgz 0ms (cache hit)
5287 http cache safe-buffer@https://registry.npmjs.org/safe-buffer/-/safe-buffer-5.2.1.tgz 0ms (cache hit)
5288 http cache @expo/sudo-prompt@https://registry.npmjs.org/@expo/sudo-prompt/-/sudo-prompt-9.3.2.tgz 0ms (cache hit)
5289 http cache wonka@https://registry.npmjs.org/wonka/-/wonka-6.3.6.tgz 0ms (cache hit)
5290 http cache structured-headers@https://registry.npmjs.org/structured-headers/-/structured-headers-0.4.1.tgz 0ms (cache hit)
5291 http cache terminal-link@https://registry.npmjs.org/terminal-link/-/terminal-link-2.1.1.tgz 0ms (cache hit)
5292 http cache resolve.exports@https://registry.npmjs.org/resolve.exports/-/resolve.exports-2.0.3.tgz 0ms (cache hit)
5293 http cache progress@https://registry.npmjs.org/progress/-/progress-2.0.3.tgz 0ms (cache hit)
5294 http cache requireg@https://registry.npmjs.org/requireg/-/requireg-0.2.2.tgz 0ms (cache hit)
5295 http cache qrcode-terminal@https://registry.npmjs.org/qrcode-terminal/-/qrcode-terminal-0.11.0.tgz 0ms (cache hit)
5296 http cache pretty-bytes@https://registry.npmjs.org/pretty-bytes/-/pretty-bytes-5.6.0.tgz 0ms (cache hit)
5297 http cache lan-network@https://registry.npmjs.org/lan-network/-/lan-network-0.1.7.tgz 0ms (cache hit)
5298 http cache prompts@https://registry.npmjs.org/prompts/-/prompts-2.4.2.tgz 0ms (cache hit)
5299 http cache node-forge@https://registry.npmjs.org/node-forge/-/node-forge-1.4.0.tgz 0ms (cache hit)
5300 http cache freeport-async@https://registry.npmjs.org/freeport-async/-/freeport-async-2.0.0.tgz 0ms (cache hit)
5301 http cache ora@https://registry.npmjs.org/ora/-/ora-3.4.0.tgz 0ms (cache hit)
5302 http cache compression@https://registry.npmjs.org/compression/-/compression-1.8.1.tgz 0ms (cache hit)
5303 http cache undici@https://registry.npmjs.org/undici/-/undici-6.25.0.tgz 0ms (cache hit)
5304 http cache env-editor@https://registry.npmjs.org/env-editor/-/env-editor-0.4.2.tgz 0ms (cache hit)
5305 http cache @urql/exchange-retry@https://registry.npmjs.org/@urql/exchange-retry/-/exchange-retry-1.3.2.tgz 0ms (cache hit)
5306 http cache @urql/core@https://registry.npmjs.org/@urql/core/-/core-5.2.0.tgz 0ms (cache hit)
5307 http cache better-opn@https://registry.npmjs.org/better-opn/-/better-opn-3.0.2.tgz 0ms (cache hit)
5308 http cache @expo/devcert@https://registry.npmjs.org/@expo/devcert/-/devcert-1.2.1.tgz 0ms (cache hit)
5309 http cache @expo/ws-tunnel@https://registry.npmjs.org/@expo/ws-tunnel/-/ws-tunnel-1.0.6.tgz 0ms (cache hit)
5310 http cache @expo/xcpretty@https://registry.npmjs.org/@expo/xcpretty/-/xcpretty-4.4.3.tgz 0ms (cache hit)
5311 http cache @expo/code-signing-certificates@https://registry.npmjs.org/@expo/code-signing-certificates/-/code-signing-certificates-0.0.6.tgz 0ms (cache hit)
5312 http cache @radix-ui/react-use-effect-event@https://registry.npmjs.org/@radix-ui/react-use-effect-event/-/react-use-effect-event-0.0.2.tgz 0ms (cache hit)
5313 http cache tar@https://registry.npmjs.org/tar/-/tar-7.5.13.tgz 0ms (cache hit)
5314 http cache @0no-co/graphql.web@https://registry.npmjs.org/@0no-co/graphql.web/-/graphql.web-1.2.0.tgz 0ms (cache hit)
5315 http cache @radix-ui/react-use-callback-ref@https://registry.npmjs.org/@radix-ui/react-use-callback-ref/-/react-use-callback-ref-1.1.1.tgz 0ms (cache hit)
5316 http cache @radix-ui/react-use-layout-effect@https://registry.npmjs.org/@radix-ui/react-use-layout-effect/-/react-use-layout-effect-1.1.1.tgz 0ms (cache hit)
5317 http cache @radix-ui/react-direction@https://registry.npmjs.org/@radix-ui/react-direction/-/react-direction-1.1.1.tgz 0ms (cache hit)
5318 http cache @radix-ui/react-id@https://registry.npmjs.org/@radix-ui/react-id/-/react-id-1.1.1.tgz 0ms (cache hit)
5319 http cache @radix-ui/react-use-controllable-state@https://registry.npmjs.org/@radix-ui/react-use-controllable-state/-/react-use-controllable-state-1.2.2.tgz 0ms (cache hit)
5320 http cache @expo/package-manager@https://registry.npmjs.org/@expo/package-manager/-/package-manager-1.10.4.tgz 0ms (cache hit)
5321 http cache async-limiter@https://registry.npmjs.org/async-limiter/-/async-limiter-1.0.1.tgz 0ms (cache hit)
5322 http cache wrappy@https://registry.npmjs.org/wrappy/-/wrappy-1.0.2.tgz 0ms (cache hit)
5323 http cache npm-package-arg@https://registry.npmjs.org/npm-package-arg/-/npm-package-arg-11.0.3.tgz 0ms (cache hit)
5324 http cache path-is-absolute@https://registry.npmjs.org/path-is-absolute/-/path-is-absolute-1.0.1.tgz 0ms (cache hit)
5325 http cache @expo/osascript@https://registry.npmjs.org/@expo/osascript/-/osascript-2.4.2.tgz 0ms (cache hit)
5326 http cache once@https://registry.npmjs.org/once/-/once-1.4.0.tgz 0ms (cache hit)
5327 http cache inflight@https://registry.npmjs.org/inflight/-/inflight-1.0.6.tgz 0ms (cache hit)
5328 http cache sprintf-js@https://registry.npmjs.org/sprintf-js/-/sprintf-js-1.0.3.tgz 0ms (cache hit)
5329 http cache is-fullwidth-code-point@https://registry.npmjs.org/is-fullwidth-code-point/-/is-fullwidth-code-point-3.0.0.tgz 0ms (cache hit)
5330 http cache @babel/highlight@https://registry.npmjs.org/@babel/highlight/-/highlight-7.25.9.tgz 0ms (cache hit)
5331 http cache fs.realpath@https://registry.npmjs.org/fs.realpath/-/fs.realpath-1.0.0.tgz 0ms (cache hit)
5332 http cache p-try@https://registry.npmjs.org/p-try/-/p-try-2.2.0.tgz 0ms (cache hit)
5333 http cache emoji-regex@https://registry.npmjs.org/emoji-regex/-/emoji-regex-8.0.0.tgz 0ms (cache hit)
5334 http cache @radix-ui/primitive@https://registry.npmjs.org/@radix-ui/primitive/-/primitive-1.1.3.tgz 0ms (cache hit)
5335 http cache @radix-ui/react-context@https://registry.npmjs.org/@radix-ui/react-context/-/react-context-1.1.2.tgz 0ms (cache hit)
5336 http cache string-width@https://registry.npmjs.org/string-width/-/string-width-4.2.3.tgz 0ms (cache hit)
5337 http cache esprima@https://registry.npmjs.org/esprima/-/esprima-4.0.1.tgz 0ms (cache hit)
5338 http cache strip-ansi@https://registry.npmjs.org/strip-ansi/-/strip-ansi-6.0.1.tgz 1ms (cache hit)
5339 http cache get-caller-file@https://registry.npmjs.org/get-caller-file/-/get-caller-file-2.0.5.tgz 0ms (cache hit)
5340 http cache require-directory@https://registry.npmjs.org/require-directory/-/require-directory-2.1.1.tgz 0ms (cache hit)
5341 http cache stream-buffers@https://registry.npmjs.org/stream-buffers/-/stream-buffers-2.2.0.tgz 0ms (cache hit)
5342 http cache wrap-ansi@https://registry.npmjs.org/wrap-ansi/-/wrap-ansi-7.0.0.tgz 0ms (cache hit)
5343 http cache y18n@https://registry.npmjs.org/y18n/-/y18n-5.0.8.tgz 0ms (cache hit)
5344 http cache sax@https://registry.npmjs.org/sax/-/sax-1.6.0.tgz 0ms (cache hit)
5345 http cache cliui@https://registry.npmjs.org/cliui/-/cliui-8.0.1.tgz 0ms (cache hit)
5346 http cache bplist-parser@https://registry.npmjs.org/bplist-parser/-/bplist-parser-0.3.1.tgz 0ms (cache hit)
5347 http cache big-integer@https://registry.npmjs.org/big-integer/-/big-integer-1.6.52.tgz 0ms (cache hit)
5348 http cache signal-exit@https://registry.npmjs.org/signal-exit/-/signal-exit-3.0.7.tgz 0ms (cache hit)
5349 http cache plist@https://registry.npmjs.org/plist/-/plist-3.1.0.tgz 0ms (cache hit)
5350 http cache yargs-parser@https://registry.npmjs.org/yargs-parser/-/yargs-parser-21.1.1.tgz 0ms (cache hit)
5351 http cache simple-plist@https://registry.npmjs.org/simple-plist/-/simple-plist-1.3.1.tgz 0ms (cache hit)
5352 http cache uuid@https://registry.npmjs.org/uuid/-/uuid-7.0.3.tgz 0ms (cache hit)
5353 http cache is-weakset@https://registry.npmjs.org/is-weakset/-/is-weakset-2.0.4.tgz 0ms (cache hit)
5354 http cache is-weakmap@https://registry.npmjs.org/is-weakmap/-/is-weakmap-2.0.2.tgz 0ms (cache hit)
5355 http cache which-collection@https://registry.npmjs.org/which-collection/-/which-collection-1.0.2.tgz 0ms (cache hit)
5356 http cache async-function@https://registry.npmjs.org/async-function/-/async-function-1.0.0.tgz 0ms (cache hit)
5357 http cache is-finalizationregistry@https://registry.npmjs.org/is-finalizationregistry/-/is-finalizationregistry-1.1.1.tgz 0ms (cache hit)
5358 http cache bplist-creator@https://registry.npmjs.org/bplist-creator/-/bplist-creator-0.1.0.tgz 0ms (cache hit)
5359 http cache generator-function@https://registry.npmjs.org/generator-function/-/generator-function-2.0.1.tgz 0ms (cache hit)
5360 http cache is-async-function@https://registry.npmjs.org/is-async-function/-/is-async-function-2.1.1.tgz 0ms (cache hit)
5361 http cache isexe@https://registry.npmjs.org/isexe/-/isexe-2.0.0.tgz 0ms (cache hit)
5362 http cache is-number-object@https://registry.npmjs.org/is-number-object/-/is-number-object-1.1.1.tgz 0ms (cache hit)
5363 http cache is-bigint@https://registry.npmjs.org/is-bigint/-/is-bigint-1.1.0.tgz 0ms (cache hit)
5364 http cache is-generator-function@https://registry.npmjs.org/is-generator-function/-/is-generator-function-1.1.2.tgz 0ms (cache hit)
5365 http cache ieee754@https://registry.npmjs.org/ieee754/-/ieee754-1.2.1.tgz 0ms (cache hit)
5366 http cache buffer@https://registry.npmjs.org/buffer/-/buffer-5.7.1.tgz 0ms (cache hit)
5367 http cache webidl-conversions@https://registry.npmjs.org/webidl-conversions/-/webidl-conversions-3.0.1.tgz 0ms (cache hit)
5368 http cache tr46@https://registry.npmjs.org/tr46/-/tr46-0.0.3.tgz 0ms (cache hit)
5369 http cache tmpl@https://registry.npmjs.org/tmpl/-/tmpl-1.0.5.tgz 0ms (cache hit)
5370 http cache makeerror@https://registry.npmjs.org/makeerror/-/makeerror-1.0.12.tgz 0ms (cache hit)
5371 http cache punycode@https://registry.npmjs.org/punycode/-/punycode-2.3.1.tgz 0ms (cache hit)
5372 http cache unicode-property-aliases-ecmascript@https://registry.npmjs.org/unicode-property-aliases-ecmascript/-/unicode-property-aliases-ecmascript-2.2.0.tgz 0ms (cache hit)
5373 http cache is-map@https://registry.npmjs.org/is-map/-/is-map-2.0.3.tgz 0ms (cache hit)
5374 http cache escalade@https://registry.npmjs.org/escalade/-/escalade-3.2.0.tgz 0ms (cache hit)
5375 http cache tslib@https://registry.npmjs.org/tslib/-/tslib-2.8.1.tgz 0ms (cache hit)
5376 http cache unicode-canonical-property-names-ecmascript@https://registry.npmjs.org/unicode-canonical-property-names-ecmascript/-/unicode-canonical-property-names-ecmascript-2.0.1.tgz 0ms (cache hit)
5377 http cache which-boxed-primitive@https://registry.npmjs.org/which-boxed-primitive/-/which-boxed-primitive-1.1.1.tgz 0ms (cache hit)
5378 http cache has-bigints@https://registry.npmjs.org/has-bigints/-/has-bigints-1.1.0.tgz 0ms (cache hit)
5379 http cache which-builtin-type@https://registry.npmjs.org/which-builtin-type/-/which-builtin-type-1.2.1.tgz 0ms (cache hit)
5380 http cache reflect.getprototypeof@https://registry.npmjs.org/reflect.getprototypeof/-/reflect.getprototypeof-1.0.10.tgz 0ms (cache hit)
5381 http cache is-boolean-object@https://registry.npmjs.org/is-boolean-object/-/is-boolean-object-1.2.2.tgz 0ms (cache hit)
5382 http cache strip-bom@https://registry.npmjs.org/strip-bom/-/strip-bom-3.0.0.tgz 0ms (cache hit)
5383 http cache minimist@https://registry.npmjs.org/minimist/-/minimist-1.2.8.tgz 0ms (cache hit)
5384 http cache for-each@https://registry.npmjs.org/for-each/-/for-each-0.3.5.tgz 0ms (cache hit)
5385 http cache thenify@https://registry.npmjs.org/thenify/-/thenify-3.3.1.tgz 0ms (cache hit)
5386 http cache has-flag@https://registry.npmjs.org/has-flag/-/has-flag-4.0.0.tgz 0ms (cache hit)
5387 http cache @unrs/resolver-binding-darwin-arm64@https://registry.npmjs.org/@unrs/resolver-binding-darwin-arm64/-/resolver-binding-darwin-arm64-1.11.1.tgz 0ms (cache hit)
5388 http cache @types/json5@https://registry.npmjs.org/@types/json5/-/json5-0.0.29.tgz 0ms (cache hit)
5389 http cache buffer-from@https://registry.npmjs.org/buffer-from/-/buffer-from-1.1.2.tgz 0ms (cache hit)
5390 http cache source-map-support@https://registry.npmjs.org/source-map-support/-/source-map-support-0.5.21.tgz 0ms (cache hit)
5391 http cache @jridgewell/source-map@https://registry.npmjs.org/@jridgewell/source-map/-/source-map-0.3.11.tgz 0ms (cache hit)
5392 http cache napi-postinstall@https://registry.npmjs.org/napi-postinstall/-/napi-postinstall-0.3.4.tgz 0ms (cache hit)
5393 http cache lines-and-columns@https://registry.npmjs.org/lines-and-columns/-/lines-and-columns-1.2.4.tgz 0ms (cache hit)
5394 http cache engine.io-parser@https://registry.npmjs.org/engine.io-parser/-/engine.io-parser-5.2.3.tgz 0ms (cache hit)
5395 http cache xmlhttprequest-ssl@https://registry.npmjs.org/xmlhttprequest-ssl/-/xmlhttprequest-ssl-2.1.2.tgz 0ms (cache hit)
5396 http cache mz@https://registry.npmjs.org/mz/-/mz-2.7.0.tgz 0ms (cache hit)
5397 http cache socket.io-parser@https://registry.npmjs.org/socket.io-parser/-/socket.io-parser-4.2.6.tgz 0ms (cache hit)
5398 http cache is-number@https://registry.npmjs.org/is-number/-/is-number-7.0.0.tgz 0ms (cache hit)
5399 http cache @socket.io/component-emitter@https://registry.npmjs.org/@socket.io/component-emitter/-/component-emitter-3.1.2.tgz 0ms (cache hit)
5400 http cache ts-interface-checker@https://registry.npmjs.org/ts-interface-checker/-/ts-interface-checker-0.1.13.tgz 0ms (cache hit)
5401 http cache engine.io-client@https://registry.npmjs.org/engine.io-client/-/engine.io-client-6.6.4.tgz 0ms (cache hit)
5402 http cache type-fest@https://registry.npmjs.org/type-fest/-/type-fest-0.7.1.tgz 0ms (cache hit)
5403 http cache thenify-all@https://registry.npmjs.org/thenify-all/-/thenify-all-1.6.0.tgz 0ms (cache hit)
5404 http cache is-arrayish@https://registry.npmjs.org/is-arrayish/-/is-arrayish-0.3.4.tgz 0ms (cache hit)
5405 http cache side-channel-map@https://registry.npmjs.org/side-channel-map/-/side-channel-map-1.0.1.tgz 0ms (cache hit)
5406 http cache setprototypeof@https://registry.npmjs.org/setprototypeof/-/setprototypeof-1.2.0.tgz 0ms (cache hit)
5407 http cache shebang-regex@https://registry.npmjs.org/shebang-regex/-/shebang-regex-3.0.0.tgz 0ms (cache hit)
5408 http cache mime@https://registry.npmjs.org/mime/-/mime-1.6.0.tgz 0ms (cache hit)
5409 http cache http-errors@https://registry.npmjs.org/http-errors/-/http-errors-2.0.1.tgz 0ms (cache hit)
5410 http cache any-promise@https://registry.npmjs.org/any-promise/-/any-promise-1.3.0.tgz 0ms (cache hit)
5411 http cache range-parser@https://registry.npmjs.org/range-parser/-/range-parser-1.2.1.tgz 0ms (cache hit)
5412 http cache fresh@https://registry.npmjs.org/fresh/-/fresh-0.5.2.tgz 0ms (cache hit)
5413 http cache side-channel-list@https://registry.npmjs.org/side-channel-list/-/side-channel-list-1.0.1.tgz 0ms (cache hit)
5414 http cache depd@https://registry.npmjs.org/depd/-/depd-2.0.0.tgz 0ms (cache hit)
5415 http cache etag@https://registry.npmjs.org/etag/-/etag-1.8.1.tgz 0ms (cache hit)
5416 http cache toidentifier@https://registry.npmjs.org/toidentifier/-/toidentifier-1.0.1.tgz 0ms (cache hit)
5417 http cache supports-preserve-symlinks-flag@https://registry.npmjs.org/supports-preserve-symlinks-flag/-/supports-preserve-symlinks-flag-1.0.0.tgz 0ms (cache hit)
5418 http cache unicode-match-property-value-ecmascript@https://registry.npmjs.org/unicode-match-property-value-ecmascript/-/unicode-match-property-value-ecmascript-2.2.1.tgz 0ms (cache hit)
5419 http cache side-channel-weakmap@https://registry.npmjs.org/side-channel-weakmap/-/side-channel-weakmap-1.0.2.tgz 0ms (cache hit)
5420 http cache path-parse@https://registry.npmjs.org/path-parse/-/path-parse-1.0.7.tgz 0ms (cache hit)
5421 http cache send@https://registry.npmjs.org/send/-/send-0.19.2.tgz 0ms (cache hit)
5422 http cache node-exports-info@https://registry.npmjs.org/node-exports-info/-/node-exports-info-1.6.0.tgz 0ms (cache hit)
5423 http cache unicode-match-property-ecmascript@https://registry.npmjs.org/unicode-match-property-ecmascript/-/unicode-match-property-ecmascript-2.0.0.tgz 0ms (cache hit)
5424 http cache destroy@https://registry.npmjs.org/destroy/-/destroy-1.2.0.tgz 0ms (cache hit)
5425 http cache regenerate-unicode-properties@https://registry.npmjs.org/regenerate-unicode-properties/-/regenerate-unicode-properties-10.2.2.tgz 0ms (cache hit)
5426 http cache regjsparser@https://registry.npmjs.org/regjsparser/-/regjsparser-0.13.1.tgz 0ms (cache hit)
5427 http cache whatwg-url@https://registry.npmjs.org/whatwg-url/-/whatwg-url-5.0.0.tgz 0ms (cache hit)
5428 http cache @babel/plugin-transform-template-literals@https://registry.npmjs.org/@babel/plugin-transform-template-literals/-/plugin-transform-template-literals-7.27.1.tgz 0ms (cache hit)
5429 http cache regenerate@https://registry.npmjs.org/regenerate/-/regenerate-1.4.2.tgz 0ms (cache hit)
5430 http cache regjsgen@https://registry.npmjs.org/regjsgen/-/regjsgen-0.8.0.tgz 0ms (cache hit)
5431 http cache fbjs-css-vars@https://registry.npmjs.org/fbjs-css-vars/-/fbjs-css-vars-1.0.2.tgz 0ms (cache hit)
5432 http cache node-fetch@https://registry.npmjs.org/node-fetch/-/node-fetch-2.7.0.tgz 0ms (cache hit)
5433 http cache isarray@https://registry.npmjs.org/isarray/-/isarray-2.0.5.tgz 0ms (cache hit)
5434 http cache cross-fetch@https://registry.npmjs.org/cross-fetch/-/cross-fetch-3.2.0.tgz 0ms (cache hit)
5435 http cache css-in-js-utils@https://registry.npmjs.org/css-in-js-utils/-/css-in-js-utils-3.1.0.tgz 0ms (cache hit)
5436 http cache setimmediate@https://registry.npmjs.org/setimmediate/-/setimmediate-1.0.5.tgz 0ms (cache hit)
5437 http cache styleq@https://registry.npmjs.org/styleq/-/styleq-0.1.3.tgz 0ms (cache hit)
5438 http cache postcss-value-parser@https://registry.npmjs.org/postcss-value-parser/-/postcss-value-parser-4.2.0.tgz 0ms (cache hit)
5439 http cache hyphenate-style-name@https://registry.npmjs.org/hyphenate-style-name/-/hyphenate-style-name-1.1.0.tgz 0ms (cache hit)
5440 http cache entities@https://registry.npmjs.org/entities/-/entities-4.5.0.tgz 0ms (cache hit)
5441 http cache dom-serializer@https://registry.npmjs.org/dom-serializer/-/dom-serializer-2.0.0.tgz 0ms (cache hit)
5442 http cache domelementtype@https://registry.npmjs.org/domelementtype/-/domelementtype-2.3.0.tgz 0ms (cache hit)
5443 http cache inline-style-prefixer@https://registry.npmjs.org/inline-style-prefixer/-/inline-style-prefixer-7.0.1.tgz 0ms (cache hit)
5444 http cache nth-check@https://registry.npmjs.org/nth-check/-/nth-check-2.1.1.tgz 0ms (cache hit)
5445 http cache fbjs@https://registry.npmjs.org/fbjs/-/fbjs-3.0.5.tgz 0ms (cache hit)
5446 http cache mdn-data@https://registry.npmjs.org/mdn-data/-/mdn-data-2.0.14.tgz 0ms (cache hit)
5447 http cache domutils@https://registry.npmjs.org/domutils/-/domutils-3.2.2.tgz 0ms (cache hit)
5448 http cache boolbase@https://registry.npmjs.org/boolbase/-/boolbase-1.0.0.tgz 0ms (cache hit)
5449 http cache css-tree@https://registry.npmjs.org/css-tree/-/css-tree-1.1.3.tgz 0ms (cache hit)
5450 http cache ua-parser-js@https://registry.npmjs.org/ua-parser-js/-/ua-parser-js-1.0.41.tgz 0ms (cache hit)
5451 http cache css-what@https://registry.npmjs.org/css-what/-/css-what-6.2.2.tgz 0ms (cache hit)
5452 http cache @egjs/hammerjs@https://registry.npmjs.org/@egjs/hammerjs/-/hammerjs-2.0.17.tgz 0ms (cache hit)
5453 http cache react-freeze@https://registry.npmjs.org/react-freeze/-/react-freeze-1.0.4.tgz 0ms (cache hit)
5454 http cache shell-quote@https://registry.npmjs.org/shell-quote/-/shell-quote-1.8.3.tgz 0ms (cache hit)
5455 http cache css-select@https://registry.npmjs.org/css-select/-/css-select-5.2.2.tgz 0ms (cache hit)
5456 http cache asap@https://registry.npmjs.org/asap/-/asap-2.0.6.tgz 0ms (cache hit)
5457 http cache marky@https://registry.npmjs.org/marky/-/marky-1.3.0.tgz 0ms (cache hit)
5458 http cache @types/hammerjs@https://registry.npmjs.org/@types/hammerjs/-/hammerjs-2.0.46.tgz 0ms (cache hit)
5459 http cache @types/stack-utils@https://registry.npmjs.org/@types/stack-utils/-/stack-utils-2.0.3.tgz 0ms (cache hit)
5460 http cache domhandler@https://registry.npmjs.org/domhandler/-/domhandler-5.0.3.tgz 0ms (cache hit)
5461 http cache anymatch@https://registry.npmjs.org/anymatch/-/anymatch-3.1.3.tgz 0ms (cache hit)
5462 http cache hoist-non-react-statics@https://registry.npmjs.org/hoist-non-react-statics/-/hoist-non-react-statics-3.3.2.tgz 0ms (cache hit)
5463 http cache stack-utils@https://registry.npmjs.org/stack-utils/-/stack-utils-2.0.6.tgz 0ms (cache hit)
5464 http cache normalize-path@https://registry.npmjs.org/normalize-path/-/normalize-path-3.0.0.tgz 0ms (cache hit)
5465 http cache fsevents@https://registry.npmjs.org/fsevents/-/fsevents-2.3.3.tgz 0ms (cache hit)
5466 http cache @types/graceful-fs@https://registry.npmjs.org/@types/graceful-fs/-/graceful-fs-4.1.9.tgz 0ms (cache hit)
5467 http cache @sinonjs/commons@https://registry.npmjs.org/@sinonjs/commons/-/commons-3.0.1.tgz 0ms (cache hit)
5468 http cache jest-message-util@https://registry.npmjs.org/jest-message-util/-/jest-message-util-29.7.0.tgz 0ms (cache hit)
5469 http cache @jest/environment@https://registry.npmjs.org/@jest/environment/-/environment-29.7.0.tgz 0ms (cache hit)
5470 http cache istanbul-lib-coverage@https://registry.npmjs.org/istanbul-lib-coverage/-/istanbul-lib-coverage-3.2.2.tgz 0ms (cache hit)
5471 http cache mkdirp@https://registry.npmjs.org/mkdirp/-/mkdirp-1.0.4.tgz 0ms (cache hit)
5472 http cache lighthouse-logger@https://registry.npmjs.org/lighthouse-logger/-/lighthouse-logger-1.4.2.tgz 0ms (cache hit)
5473 http cache rimraf@https://registry.npmjs.org/rimraf/-/rimraf-3.0.2.tgz 0ms (cache hit)
5474 http cache is-docker@https://registry.npmjs.org/is-docker/-/is-docker-2.2.1.tgz 0ms (cache hit)
5475 http cache @jest/fake-timers@https://registry.npmjs.org/@jest/fake-timers/-/fake-timers-29.7.0.tgz 0ms (cache hit)
5476 http cache @sinonjs/fake-timers@https://registry.npmjs.org/@sinonjs/fake-timers/-/fake-timers-10.3.0.tgz 0ms (cache hit)
5477 http cache @babel/plugin-syntax-top-level-await@https://registry.npmjs.org/@babel/plugin-syntax-top-level-await/-/plugin-syntax-top-level-await-7.14.5.tgz 0ms (cache hit)
5478 http cache @babel/plugin-syntax-object-rest-spread@https://registry.npmjs.org/@babel/plugin-syntax-object-rest-spread/-/plugin-syntax-object-rest-spread-7.8.3.tgz 0ms (cache hit)
5479 http cache jest-mock@https://registry.npmjs.org/jest-mock/-/jest-mock-29.7.0.tgz 0ms (cache hit)
5480 http cache @babel/plugin-syntax-logical-assignment-operators@https://registry.npmjs.org/@babel/plugin-syntax-logical-assignment-operators/-/plugin-syntax-logical-assignment-operators-7.10.4.tgz 0ms (cache hit)
5481 http cache type-detect@https://registry.npmjs.org/type-detect/-/type-detect-4.0.8.tgz 0ms (cache hit)
5482 http cache @babel/plugin-syntax-optional-catch-binding@https://registry.npmjs.org/@babel/plugin-syntax-optional-catch-binding/-/plugin-syntax-optional-catch-binding-7.8.3.tgz 0ms (cache hit)
5483 http cache is-wsl@https://registry.npmjs.org/is-wsl/-/is-wsl-2.2.0.tgz 0ms (cache hit)
5484 http cache @babel/plugin-syntax-private-property-in-object@https://registry.npmjs.org/@babel/plugin-syntax-private-property-in-object/-/plugin-syntax-private-property-in-object-7.14.5.tgz 0ms (cache hit)
5485 http cache @babel/plugin-syntax-numeric-separator@https://registry.npmjs.org/@babel/plugin-syntax-numeric-separator/-/plugin-syntax-numeric-separator-7.10.4.tgz 0ms (cache hit)
5486 http cache @babel/plugin-syntax-json-strings@https://registry.npmjs.org/@babel/plugin-syntax-json-strings/-/plugin-syntax-json-strings-7.8.3.tgz 0ms (cache hit)
5487 http cache @babel/plugin-syntax-async-generators@https://registry.npmjs.org/@babel/plugin-syntax-async-generators/-/plugin-syntax-async-generators-7.8.4.tgz 0ms (cache hit)
5488 http cache @babel/plugin-syntax-bigint@https://registry.npmjs.org/@babel/plugin-syntax-bigint/-/plugin-syntax-bigint-7.8.3.tgz 0ms (cache hit)
5489 http cache @babel/plugin-syntax-import-attributes@https://registry.npmjs.org/@babel/plugin-syntax-import-attributes/-/plugin-syntax-import-attributes-7.28.6.tgz 0ms (cache hit)
5490 http cache babel-plugin-jest-hoist@https://registry.npmjs.org/babel-plugin-jest-hoist/-/babel-plugin-jest-hoist-29.6.3.tgz 0ms (cache hit)
5491 http cache @babel/plugin-syntax-class-static-block@https://registry.npmjs.org/@babel/plugin-syntax-class-static-block/-/plugin-syntax-class-static-block-7.14.5.tgz 0ms (cache hit)
5492 http cache @babel/plugin-syntax-import-meta@https://registry.npmjs.org/@babel/plugin-syntax-import-meta/-/plugin-syntax-import-meta-7.10.4.tgz 0ms (cache hit)
5493 http cache babel-preset-current-node-syntax@https://registry.npmjs.org/babel-preset-current-node-syntax/-/babel-preset-current-node-syntax-1.2.0.tgz 0ms (cache hit)
5494 http cache get-package-type@https://registry.npmjs.org/get-package-type/-/get-package-type-0.1.0.tgz 0ms (cache hit)
5495 http cache istanbul-lib-instrument@https://registry.npmjs.org/istanbul-lib-instrument/-/istanbul-lib-instrument-5.2.1.tgz 0ms (cache hit)
5496 http cache test-exclude@https://registry.npmjs.org/test-exclude/-/test-exclude-6.0.0.tgz 0ms (cache hit)
5497 http cache @istanbuljs/load-nyc-config@https://registry.npmjs.org/@istanbuljs/load-nyc-config/-/load-nyc-config-1.1.0.tgz 0ms (cache hit)
5498 http cache @istanbuljs/schema@https://registry.npmjs.org/@istanbuljs/schema/-/schema-0.1.6.tgz 0ms (cache hit)
5499 http cache write-file-atomic@https://registry.npmjs.org/write-file-atomic/-/write-file-atomic-4.0.2.tgz 0ms (cache hit)
5500 http cache @babel/plugin-syntax-class-properties@https://registry.npmjs.org/@babel/plugin-syntax-class-properties/-/plugin-syntax-class-properties-7.12.13.tgz 0ms (cache hit)
5501 http cache @types/babel__traverse@https://registry.npmjs.org/@types/babel__traverse/-/babel__traverse-7.28.0.tgz 0ms (cache hit)
5502 http cache pirates@https://registry.npmjs.org/pirates/-/pirates-4.0.7.tgz 0ms (cache hit)
5503 http cache @types/babel__template@https://registry.npmjs.org/@types/babel__template/-/babel__template-7.4.4.tgz 0ms (cache hit)
5504 http cache babel-preset-jest@https://registry.npmjs.org/babel-preset-jest/-/babel-preset-jest-29.6.3.tgz 0ms (cache hit)
5505 http cache jest-haste-map@https://registry.npmjs.org/jest-haste-map/-/jest-haste-map-29.7.0.tgz 0ms (cache hit)
5506 http cache babel-plugin-istanbul@https://registry.npmjs.org/babel-plugin-istanbul/-/babel-plugin-istanbul-6.1.1.tgz 0ms (cache hit)
5507 http cache event-target-shim@https://registry.npmjs.org/event-target-shim/-/event-target-shim-5.0.1.tgz 0ms (cache hit)
5508 http cache jest-regex-util@https://registry.npmjs.org/jest-regex-util/-/jest-regex-util-29.6.3.tgz 0ms (cache hit)
5509 http cache @types/babel__generator@https://registry.npmjs.org/@types/babel__generator/-/babel__generator-7.27.0.tgz 0ms (cache hit)
5510 http cache @jest/transform@https://registry.npmjs.org/@jest/transform/-/transform-29.7.0.tgz 0ms (cache hit)
5511 http cache open@https://registry.npmjs.org/open/-/open-7.4.2.tgz 0ms (cache hit)
5512 http cache chromium-edge-launcher@https://registry.npmjs.org/chromium-edge-launcher/-/chromium-edge-launcher-0.2.0.tgz 0ms (cache hit)
5513 http cache @types/babel__core@https://registry.npmjs.org/@types/babel__core/-/babel__core-7.20.5.tgz 0ms (cache hit)
5514 http cache @react-native/dev-middleware@https://registry.npmjs.org/@react-native/dev-middleware/-/dev-middleware-0.81.5.tgz 0ms (cache hit)
5515 http cache chrome-launcher@https://registry.npmjs.org/chrome-launcher/-/chrome-launcher-0.15.2.tgz 0ms (cache hit)
5516 http cache @react-native/debugger-frontend@https://registry.npmjs.org/@react-native/debugger-frontend/-/debugger-frontend-0.81.5.tgz 0ms (cache hit)
5517 http cache @isaacs/ttlcache@https://registry.npmjs.org/@isaacs/ttlcache/-/ttlcache-1.4.1.tgz 0ms (cache hit)
5518 http cache serve-static@https://registry.npmjs.org/serve-static/-/serve-static-1.16.3.tgz 0ms (cache hit)
5519 http cache babel-jest@https://registry.npmjs.org/babel-jest/-/babel-jest-29.7.0.tgz 0ms (cache hit)
5520 http cache promise@https://registry.npmjs.org/promise/-/promise-8.3.0.tgz 0ms (cache hit)
5521 http cache regenerator-runtime@https://registry.npmjs.org/regenerator-runtime/-/regenerator-runtime-0.13.11.tgz 0ms (cache hit)
5522 http cache memoize-one@https://registry.npmjs.org/memoize-one/-/memoize-one-5.2.1.tgz 0ms (cache hit)
5523 http cache jest-environment-node@https://registry.npmjs.org/jest-environment-node/-/jest-environment-node-29.7.0.tgz 0ms (cache hit)
5524 http cache abort-controller@https://registry.npmjs.org/abort-controller/-/abort-controller-3.0.0.tgz 0ms (cache hit)
5525 http cache ansi-regex@https://registry.npmjs.org/ansi-regex/-/ansi-regex-5.0.1.tgz 0ms (cache hit)
5526 http cache react-devtools-core@https://registry.npmjs.org/react-devtools-core/-/react-devtools-core-6.1.5.tgz 0ms (cache hit)
5527 http cache @react-native/assets-registry@https://registry.npmjs.org/@react-native/assets-registry/-/assets-registry-0.81.5.tgz 0ms (cache hit)
5528 http cache @react-native/community-cli-plugin@https://registry.npmjs.org/@react-native/community-cli-plugin/-/community-cli-plugin-0.81.5.tgz 0ms (cache hit)
5529 http cache @react-native/gradle-plugin@https://registry.npmjs.org/@react-native/gradle-plugin/-/gradle-plugin-0.81.5.tgz 0ms (cache hit)
5530 http cache @react-native/js-polyfills@https://registry.npmjs.org/@react-native/js-polyfills/-/js-polyfills-0.81.5.tgz 0ms (cache hit)
5531 http cache scheduler@https://registry.npmjs.org/scheduler/-/scheduler-0.26.0.tgz 0ms (cache hit)
5532 http cache filter-obj@https://registry.npmjs.org/filter-obj/-/filter-obj-1.1.0.tgz 0ms (cache hit)
5533 http cache split-on-first@https://registry.npmjs.org/split-on-first/-/split-on-first-1.1.0.tgz 0ms (cache hit)
5534 http cache inherits@https://registry.npmjs.org/inherits/-/inherits-2.0.4.tgz 0ms (cache hit)
5535 http cache strict-uri-encode@https://registry.npmjs.org/strict-uri-encode/-/strict-uri-encode-2.0.0.tgz 0ms (cache hit)
5536 http cache decode-uri-component@https://registry.npmjs.org/decode-uri-component/-/decode-uri-component-0.2.2.tgz 0ms (cache hit)
5537 http cache callsites@https://registry.npmjs.org/callsites/-/callsites-3.1.0.tgz 0ms (cache hit)
5538 http cache @jest/create-cache-key-function@https://registry.npmjs.org/@jest/create-cache-key-function/-/create-cache-key-function-29.7.0.tgz 0ms (cache hit)
5539 http cache pngjs@https://registry.npmjs.org/pngjs/-/pngjs-3.4.0.tgz 0ms (cache hit)
5540 http cache object-assign@https://registry.npmjs.org/object-assign/-/object-assign-4.1.1.tgz 0ms (cache hit)
5541 http cache yocto-queue@https://registry.npmjs.org/yocto-queue/-/yocto-queue-0.1.0.tgz 0ms (cache hit)
5542 http cache word-wrap@https://registry.npmjs.org/word-wrap/-/word-wrap-1.2.5.tgz 0ms (cache hit)
5543 http cache source-map-js@https://registry.npmjs.org/source-map-js/-/source-map-js-1.2.1.tgz 0ms (cache hit)
5544 http cache balanced-match@https://registry.npmjs.org/balanced-match/-/balanced-match-1.0.2.tgz 0ms (cache hit)
5545 http cache brace-expansion@https://registry.npmjs.org/brace-expansion/-/brace-expansion-1.1.14.tgz 0ms (cache hit)
5546 http cache fast-levenshtein@https://registry.npmjs.org/fast-levenshtein/-/fast-levenshtein-2.0.6.tgz 0ms (cache hit)
5547 http cache deep-is@https://registry.npmjs.org/deep-is/-/deep-is-0.1.4.tgz 0ms (cache hit)
5548 http cache to-regex-range@https://registry.npmjs.org/to-regex-range/-/to-regex-range-5.0.1.tgz 0ms (cache hit)
5549 http cache ee-first@https://registry.npmjs.org/ee-first/-/ee-first-1.1.1.tgz 0ms (cache hit)
5550 http cache concat-map@https://registry.npmjs.org/concat-map/-/concat-map-0.0.1.tgz 0ms (cache hit)
5551 http cache fill-range@https://registry.npmjs.org/fill-range/-/fill-range-7.1.1.tgz 0ms (cache hit)
5552 http cache braces@https://registry.npmjs.org/braces/-/braces-3.0.3.tgz 0ms (cache hit)
5553 http cache @babel/traverse--for-generate-function-map@https://registry.npmjs.org/@babel/traverse/-/traverse-7.29.0.tgz 0ms (cache hit)
5554 http cache mime-db@https://registry.npmjs.org/mime-db/-/mime-db-1.52.0.tgz 0ms (cache hit)
5555 http cache vlq@https://registry.npmjs.org/vlq/-/vlq-1.0.1.tgz 0ms (cache hit)
5556 http cache bser@https://registry.npmjs.org/bser/-/bser-2.1.1.tgz 0ms (cache hit)
5557 http cache terser@https://registry.npmjs.org/terser/-/terser-5.46.1.tgz 0ms (cache hit)
5558 http cache walker@https://registry.npmjs.org/walker/-/walker-1.0.8.tgz 0ms (cache hit)
5559 http cache fb-watchman@https://registry.npmjs.org/fb-watchman/-/fb-watchman-2.0.2.tgz 0ms (cache hit)
5560 http cache ob1@https://registry.npmjs.org/ob1/-/ob1-0.83.3.tgz 0ms (cache hit)
5561 http cache camelcase@https://registry.npmjs.org/camelcase/-/camelcase-6.3.0.tgz 0ms (cache hit)
5562 http cache micromatch@https://registry.npmjs.org/micromatch/-/micromatch-4.0.8.tgz 0ms (cache hit)
5563 http cache jest-validate@https://registry.npmjs.org/jest-validate/-/jest-validate-29.7.0.tgz 0ms (cache hit)
5564 http cache leven@https://registry.npmjs.org/leven/-/leven-3.1.0.tgz 0ms (cache hit)
5565 http cache yaml@https://registry.npmjs.org/yaml/-/yaml-2.8.3.tgz 0ms (cache hit)
5566 http cache jest-get-type@https://registry.npmjs.org/jest-get-type/-/jest-get-type-29.6.3.tgz 0ms (cache hit)
5567 http cache https-proxy-agent@https://registry.npmjs.org/https-proxy-agent/-/https-proxy-agent-7.0.6.tgz 0ms (cache hit)
5568 http cache exponential-backoff@https://registry.npmjs.org/exponential-backoff/-/exponential-backoff-3.1.3.tgz 0ms (cache hit)
5569 http cache @sinclair/typebox@https://registry.npmjs.org/@sinclair/typebox/-/typebox-0.27.10.tgz 0ms (cache hit)
5570 http cache @types/yargs@https://registry.npmjs.org/@types/yargs/-/yargs-17.0.35.tgz 0ms (cache hit)
5571 http cache @types/istanbul-lib-report@https://registry.npmjs.org/@types/istanbul-lib-report/-/istanbul-lib-report-3.0.3.tgz 0ms (cache hit)
5572 http cache @types/istanbul-reports@https://registry.npmjs.org/@types/istanbul-reports/-/istanbul-reports-3.0.4.tgz 0ms (cache hit)
5573 http cache @types/istanbul-lib-coverage@https://registry.npmjs.org/@types/istanbul-lib-coverage/-/istanbul-lib-coverage-2.0.6.tgz 0ms (cache hit)
5574 http cache @jest/schemas@https://registry.npmjs.org/@jest/schemas/-/schemas-29.6.3.tgz 0ms (cache hit)
5575 http cache @types/yargs-parser@https://registry.npmjs.org/@types/yargs-parser/-/yargs-parser-21.0.3.tgz 0ms (cache hit)
5576 http cache @jest/types@https://registry.npmjs.org/@jest/types/-/types-29.6.3.tgz 0ms (cache hit)
5577 http cache undici-types@https://registry.npmjs.org/undici-types/-/undici-types-7.19.2.tgz 0ms (cache hit)
5578 http cache jest-util@https://registry.npmjs.org/jest-util/-/jest-util-29.7.0.tgz 0ms (cache hit)
5579 http cache @types/node@https://registry.npmjs.org/@types/node/-/node-25.6.0.tgz 0ms (cache hit)
5580 http cache unpipe@https://registry.npmjs.org/unpipe/-/unpipe-1.0.0.tgz 0ms (cache hit)
5581 http cache queue@https://registry.npmjs.org/queue/-/queue-6.0.2.tgz 0ms (cache hit)
5582 http cache merge-stream@https://registry.npmjs.org/merge-stream/-/merge-stream-2.0.0.tgz 0ms (cache hit)
5583 http cache on-finished@https://registry.npmjs.org/on-finished/-/on-finished-2.3.0.tgz 0ms (cache hit)
5584 http cache statuses@https://registry.npmjs.org/statuses/-/statuses-1.5.0.tgz 0ms (cache hit)
5585 http cache escape-html@https://registry.npmjs.org/escape-html/-/escape-html-1.0.3.tgz 0ms (cache hit)
5586 http cache encodeurl@https://registry.npmjs.org/encodeurl/-/encodeurl-1.0.2.tgz 0ms (cache hit)
5587 http cache stackframe@https://registry.npmjs.org/stackframe/-/stackframe-1.3.4.tgz 0ms (cache hit)
5588 http cache finalhandler@https://registry.npmjs.org/finalhandler/-/finalhandler-1.1.2.tgz 0ms (cache hit)
5589 http cache parseurl@https://registry.npmjs.org/parseurl/-/parseurl-1.3.3.tgz 0ms (cache hit)
5590 http cache utils-merge@https://registry.npmjs.org/utils-merge/-/utils-merge-1.0.1.tgz 0ms (cache hit)
5591 http cache ws@https://registry.npmjs.org/ws/-/ws-7.5.10.tgz 0ms (cache hit)
5592 http cache negotiator@https://registry.npmjs.org/negotiator/-/negotiator-0.6.3.tgz 0ms (cache hit)
5593 http cache throat@https://registry.npmjs.org/throat/-/throat-5.0.0.tgz 0ms (cache hit)
5594 http cache source-map@https://registry.npmjs.org/source-map/-/source-map-0.5.7.tgz 0ms (cache hit)
5595 http cache picomatch@https://registry.npmjs.org/picomatch/-/picomatch-2.3.2.tgz 0ms (cache hit)
5596 http cache lodash.throttle@https://registry.npmjs.org/lodash.throttle/-/lodash.throttle-4.1.1.tgz 0ms (cache hit)
5597 http cache jest-worker@https://registry.npmjs.org/jest-worker/-/jest-worker-29.7.0.tgz 0ms (cache hit)
5598 http cache image-size@https://registry.npmjs.org/image-size/-/image-size-1.2.1.tgz 0ms (cache hit)
5599 http cache graceful-fs@https://registry.npmjs.org/graceful-fs/-/graceful-fs-4.2.11.tgz 0ms (cache hit)
5600 http cache flow-enums-runtime@https://registry.npmjs.org/flow-enums-runtime/-/flow-enums-runtime-0.0.6.tgz 0ms (cache hit)
5601 http cache error-stack-parser@https://registry.npmjs.org/error-stack-parser/-/error-stack-parser-2.1.4.tgz 0ms (cache hit)
5602 http cache connect@https://registry.npmjs.org/connect/-/connect-3.7.0.tgz 0ms (cache hit)
5603 http cache ci-info@https://registry.npmjs.org/ci-info/-/ci-info-2.0.0.tgz 0ms (cache hit)
5604 http cache serialize-error@https://registry.npmjs.org/serialize-error/-/serialize-error-2.1.0.tgz 0ms (cache hit)
5605 http cache accepts@https://registry.npmjs.org/accepts/-/accepts-1.3.8.tgz 0ms (cache hit)
5606 http cache yallist@https://registry.npmjs.org/yallist/-/yallist-3.1.1.tgz 0ms (cache hit)
5607 http cache detect-libc@https://registry.npmjs.org/detect-libc/-/detect-libc-2.1.2.tgz 0ms (cache hit)
5608 http cache lightningcss-darwin-arm64@https://registry.npmjs.org/lightningcss-darwin-arm64/-/lightningcss-darwin-arm64-1.32.0.tgz 0ms (cache hit)
5609 http cache p-locate@https://registry.npmjs.org/p-locate/-/p-locate-5.0.0.tgz 0ms (cache hit)
5610 http cache prelude-ls@https://registry.npmjs.org/prelude-ls/-/prelude-ls-1.2.1.tgz 0ms (cache hit)
5611 http cache type-check@https://registry.npmjs.org/type-check/-/type-check-0.4.0.tgz 0ms (cache hit)
5612 http cache argparse@https://registry.npmjs.org/argparse/-/argparse-2.0.1.tgz 0ms (cache hit)
5613 http cache set-function-name@https://registry.npmjs.org/set-function-name/-/set-function-name-2.0.2.tgz 0ms (cache hit)
5614 http cache json-buffer@https://registry.npmjs.org/json-buffer/-/json-buffer-3.0.1.tgz 0ms (cache hit)
5615 http cache loose-envify@https://registry.npmjs.org/loose-envify/-/loose-envify-1.4.0.tgz 0ms (cache hit)
5616 http cache mime-types@https://registry.npmjs.org/mime-types/-/mime-types-2.1.35.tgz 0ms (cache hit)
5617 http cache is-extglob@https://registry.npmjs.org/is-extglob/-/is-extglob-2.1.1.tgz 0ms (cache hit)
5618 http cache parent-module@https://registry.npmjs.org/parent-module/-/parent-module-1.0.1.tgz 0ms (cache hit)
5619 http cache hermes-estree@https://registry.npmjs.org/hermes-estree/-/hermes-estree-0.29.1.tgz 0ms (cache hit)
5620 http cache minipass@https://registry.npmjs.org/minipass/-/minipass-7.1.3.tgz 0ms (cache hit)
5621 http cache side-channel@https://registry.npmjs.org/side-channel/-/side-channel-1.1.0.tgz 0ms (cache hit)
5622 http cache resolve-pkg-maps@https://registry.npmjs.org/resolve-pkg-maps/-/resolve-pkg-maps-1.0.0.tgz 0ms (cache hit)
5623 http cache dunder-proto@https://registry.npmjs.org/dunder-proto/-/dunder-proto-1.0.1.tgz 0ms (cache hit)
5624 http cache keyv@https://registry.npmjs.org/keyv/-/keyv-4.5.4.tgz 0ms (cache hit)
5625 http cache path-scurry@https://registry.npmjs.org/path-scurry/-/path-scurry-2.0.2.tgz 0ms (cache hit)
5626 http cache flatted@https://registry.npmjs.org/flatted/-/flatted-3.4.2.tgz 0ms (cache hit)
5627 http cache path-exists@https://registry.npmjs.org/path-exists/-/path-exists-4.0.0.tgz 0ms (cache hit)
5628 http cache functions-have-names@https://registry.npmjs.org/functions-have-names/-/functions-have-names-1.2.3.tgz 0ms (cache hit)
5629 http cache flat-cache@https://registry.npmjs.org/flat-cache/-/flat-cache-4.0.1.tgz 0ms (cache hit)
5630 http cache @react-native/normalize-colors@https://registry.npmjs.org/@react-native/normalize-colors/-/normalize-colors-0.81.5.tgz 0ms (cache hit)
5631 http cache locate-path@https://registry.npmjs.org/locate-path/-/locate-path-6.0.0.tgz 0ms (cache hit)
5632 http cache warn-once@https://registry.npmjs.org/warn-once/-/warn-once-0.1.1.tgz 0ms (cache hit)
5633 http cache @radix-ui/react-compose-refs@https://registry.npmjs.org/@radix-ui/react-compose-refs/-/react-compose-refs-1.1.2.tgz 0ms (cache hit)
5634 http cache @expo/prebuild-config@https://registry.npmjs.org/@expo/prebuild-config/-/prebuild-config-54.0.8.tgz 0ms (cache hit)
5635 http cache anser@https://registry.npmjs.org/anser/-/anser-1.4.10.tgz 0ms (cache hit)
5636 http cache stacktrace-parser@https://registry.npmjs.org/stacktrace-parser/-/stacktrace-parser-0.1.11.tgz 0ms (cache hit)
5637 http cache whatwg-fetch@https://registry.npmjs.org/whatwg-fetch/-/whatwg-fetch-3.6.20.tgz 0ms (cache hit)
5638 http cache vaul@https://registry.npmjs.org/vaul/-/vaul-1.1.2.tgz 0ms (cache hit)
5639 http cache shallowequal@https://registry.npmjs.org/shallowequal/-/shallowequal-1.1.0.tgz 0ms (cache hit)
5640 http cache server-only@https://registry.npmjs.org/server-only/-/server-only-0.0.1.tgz 0ms (cache hit)
5641 http cache react-native-is-edge-to-edge@https://registry.npmjs.org/react-native-is-edge-to-edge/-/react-native-is-edge-to-edge-1.3.1.tgz 0ms (cache hit)
5642 http cache react-fast-compare@https://registry.npmjs.org/react-fast-compare/-/react-fast-compare-3.2.2.tgz 0ms (cache hit)
5643 http cache expo-server@https://registry.npmjs.org/expo-server/-/expo-server-1.0.5.tgz 0ms (cache hit)
5644 http cache client-only@https://registry.npmjs.org/client-only/-/client-only-0.0.1.tgz 0ms (cache hit)
5645 http cache @expo/schema-utils@https://registry.npmjs.org/@expo/schema-utils/-/schema-utils-0.1.8.tgz 0ms (cache hit)
5646 http cache @expo/metro-runtime@https://registry.npmjs.org/@expo/metro-runtime/-/metro-runtime-6.1.2.tgz 0ms (cache hit)
5647 http cache @radix-ui/react-slot@https://registry.npmjs.org/@radix-ui/react-slot/-/react-slot-1.2.0.tgz 0ms (cache hit)
5648 http cache @react-navigation/native-stack@https://registry.npmjs.org/@react-navigation/native-stack/-/native-stack-7.14.11.tgz 0ms (cache hit)
5649 http cache commander@https://registry.npmjs.org/commander/-/commander-7.2.0.tgz 0ms (cache hit)
5650 http cache fontfaceobserver@https://registry.npmjs.org/fontfaceobserver/-/fontfaceobserver-2.3.0.tgz 0ms (cache hit)
5651 http cache @expo/require-utils@https://registry.npmjs.org/@expo/require-utils/-/require-utils-55.0.4.tgz 0ms (cache hit)
5652 http cache @expo/image-utils@https://registry.npmjs.org/@expo/image-utils/-/image-utils-0.8.13.tgz 0ms (cache hit)
5653 http cache core-js-compat@https://registry.npmjs.org/core-js-compat/-/core-js-compat-3.49.0.tgz 0ms (cache hit)
5654 http cache lodash.debounce@https://registry.npmjs.org/lodash.debounce/-/lodash.debounce-4.0.8.tgz 0ms (cache hit)
5655 http cache @babel/helper-define-polyfill-provider@https://registry.npmjs.org/@babel/helper-define-polyfill-provider/-/helper-define-polyfill-provider-0.6.8.tgz 0ms (cache hit)
5656 http cache jimp-compact@https://registry.npmjs.org/jimp-compact/-/jimp-compact-0.16.1.tgz 0ms (cache hit)
5657 http cache parse-png@https://registry.npmjs.org/parse-png/-/parse-png-2.1.0.tgz 0ms (cache hit)
5658 http cache yargs@https://registry.npmjs.org/yargs/-/yargs-17.7.2.tgz 0ms (cache hit)
5659 http cache nullthrows@https://registry.npmjs.org/nullthrows/-/nullthrows-1.1.1.tgz 0ms (cache hit)
5660 http cache regexpu-core@https://registry.npmjs.org/regexpu-core/-/regexpu-core-6.4.0.tgz 0ms (cache hit)
5661 http cache @babel/helper-create-regexp-features-plugin@https://registry.npmjs.org/@babel/helper-create-regexp-features-plugin/-/helper-create-regexp-features-plugin-7.28.5.tgz 0ms (cache hit)
5662 http cache @babel/helper-wrap-function@https://registry.npmjs.org/@babel/helper-wrap-function/-/helper-wrap-function-7.28.6.tgz 0ms (cache hit)
5663 http cache @babel/helper-remap-async-to-generator@https://registry.npmjs.org/@babel/helper-remap-async-to-generator/-/helper-remap-async-to-generator-7.27.1.tgz 0ms (cache hit)
5664 http cache @react-native/codegen@https://registry.npmjs.org/@react-native/codegen/-/codegen-0.81.5.tgz 0ms (cache hit)
5665 http cache invariant@https://registry.npmjs.org/invariant/-/invariant-2.2.4.tgz 0ms (cache hit)
5666 http cache @react-native/babel-plugin-codegen@https://registry.npmjs.org/@react-native/babel-plugin-codegen/-/babel-plugin-codegen-0.81.5.tgz 0ms (cache hit)
5667 http cache @babel/plugin-transform-unicode-regex@https://registry.npmjs.org/@babel/plugin-transform-unicode-regex/-/plugin-transform-unicode-regex-7.27.1.tgz 0ms (cache hit)
5668 http cache @babel/plugin-transform-shorthand-properties@https://registry.npmjs.org/@babel/plugin-transform-shorthand-properties/-/plugin-transform-shorthand-properties-7.27.1.tgz 0ms (cache hit)
5669 http cache @babel/plugin-transform-regenerator@https://registry.npmjs.org/@babel/plugin-transform-regenerator/-/plugin-transform-regenerator-7.29.0.tgz 0ms (cache hit)
5670 http cache @babel/plugin-transform-spread@https://registry.npmjs.org/@babel/plugin-transform-spread/-/plugin-transform-spread-7.28.6.tgz 0ms (cache hit)
5671 http cache @babel/plugin-transform-react-jsx-self@https://registry.npmjs.org/@babel/plugin-transform-react-jsx-self/-/plugin-transform-react-jsx-self-7.27.1.tgz 0ms (cache hit)
5672 http cache @babel/plugin-transform-react-jsx-source@https://registry.npmjs.org/@babel/plugin-transform-react-jsx-source/-/plugin-transform-react-jsx-source-7.27.1.tgz 0ms (cache hit)
5673 http cache @babel/plugin-transform-nullish-coalescing-operator@https://registry.npmjs.org/@babel/plugin-transform-nullish-coalescing-operator/-/plugin-transform-nullish-coalescing-operator-7.28.6.tgz 0ms (cache hit)
5674 http cache @babel/plugin-transform-numeric-separator@https://registry.npmjs.org/@babel/plugin-transform-numeric-separator/-/plugin-transform-numeric-separator-7.28.6.tgz 0ms (cache hit)
5675 http cache @babel/plugin-transform-sticky-regex@https://registry.npmjs.org/@babel/plugin-transform-sticky-regex/-/plugin-transform-sticky-regex-7.27.1.tgz 0ms (cache hit)
5676 http cache @babel/plugin-transform-optional-chaining@https://registry.npmjs.org/@babel/plugin-transform-optional-chaining/-/plugin-transform-optional-chaining-7.28.6.tgz 0ms (cache hit)
5677 http cache @babel/plugin-transform-optional-catch-binding@https://registry.npmjs.org/@babel/plugin-transform-optional-catch-binding/-/plugin-transform-optional-catch-binding-7.28.6.tgz 0ms (cache hit)
5678 http cache @babel/plugin-transform-logical-assignment-operators@https://registry.npmjs.org/@babel/plugin-transform-logical-assignment-operators/-/plugin-transform-logical-assignment-operators-7.28.6.tgz 0ms (cache hit)
5679 http cache @babel/plugin-transform-for-of@https://registry.npmjs.org/@babel/plugin-transform-for-of/-/plugin-transform-for-of-7.27.1.tgz 0ms (cache hit)
5680 http cache @babel/plugin-transform-literals@https://registry.npmjs.org/@babel/plugin-transform-literals/-/plugin-transform-literals-7.27.1.tgz 0ms (cache hit)
5681 http cache @babel/plugin-transform-function-name@https://registry.npmjs.org/@babel/plugin-transform-function-name/-/plugin-transform-function-name-7.27.1.tgz 0ms (cache hit)
5682 http cache @babel/plugin-transform-computed-properties@https://registry.npmjs.org/@babel/plugin-transform-computed-properties/-/plugin-transform-computed-properties-7.28.6.tgz 0ms (cache hit)
5683 http cache @babel/plugin-transform-block-scoping@https://registry.npmjs.org/@babel/plugin-transform-block-scoping/-/plugin-transform-block-scoping-7.28.6.tgz 0ms (cache hit)
5684 http cache @babel/plugin-transform-named-capturing-groups-regex@https://registry.npmjs.org/@babel/plugin-transform-named-capturing-groups-regex/-/plugin-transform-named-capturing-groups-regex-7.29.0.tgz 0ms (cache hit)
5685 http cache @babel/plugin-transform-async-to-generator@https://registry.npmjs.org/@babel/plugin-transform-async-to-generator/-/plugin-transform-async-to-generator-7.28.6.tgz 0ms (cache hit)
5686 http cache @babel/plugin-transform-arrow-functions@https://registry.npmjs.org/@babel/plugin-transform-arrow-functions/-/plugin-transform-arrow-functions-7.27.1.tgz 0ms (cache hit)
5687 http cache @babel/plugin-transform-async-generator-functions@https://registry.npmjs.org/@babel/plugin-transform-async-generator-functions/-/plugin-transform-async-generator-functions-7.29.0.tgz 0ms (cache hit)
5688 http cache @babel/plugin-transform-classes@https://registry.npmjs.org/@babel/plugin-transform-classes/-/plugin-transform-classes-7.28.6.tgz 0ms (cache hit)
5689 http cache @babel/plugin-transform-class-properties@https://registry.npmjs.org/@babel/plugin-transform-class-properties/-/plugin-transform-class-properties-7.28.6.tgz 0ms (cache hit)
5690 http cache @babel/plugin-syntax-optional-chaining@https://registry.npmjs.org/@babel/plugin-syntax-optional-chaining/-/plugin-syntax-optional-chaining-7.8.3.tgz 0ms (cache hit)
5691 http cache @babel/plugin-syntax-nullish-coalescing-operator@https://registry.npmjs.org/@babel/plugin-syntax-nullish-coalescing-operator/-/plugin-syntax-nullish-coalescing-operator-7.8.3.tgz 0ms (cache hit)
5692 http cache @babel/plugin-syntax-jsx@https://registry.npmjs.org/@babel/plugin-syntax-jsx/-/plugin-syntax-jsx-7.28.6.tgz 0ms (cache hit)
5693 http cache @babel/plugin-transform-typescript@https://registry.npmjs.org/@babel/plugin-transform-typescript/-/plugin-transform-typescript-7.28.6.tgz 0ms (cache hit)
5694 http cache @babel/plugin-syntax-dynamic-import@https://registry.npmjs.org/@babel/plugin-syntax-dynamic-import/-/plugin-syntax-dynamic-import-7.8.3.tgz 0ms (cache hit)
5695 http cache @babel/plugin-transform-react-jsx-development@https://registry.npmjs.org/@babel/plugin-transform-react-jsx-development/-/plugin-transform-react-jsx-development-7.27.1.tgz 0ms (cache hit)
5696 http cache @babel/plugin-syntax-typescript@https://registry.npmjs.org/@babel/plugin-syntax-typescript/-/plugin-syntax-typescript-7.28.6.tgz 0ms (cache hit)
5697 http cache @babel/plugin-transform-react-display-name@https://registry.npmjs.org/@babel/plugin-transform-react-display-name/-/plugin-transform-react-display-name-7.28.0.tgz 0ms (cache hit)
5698 http cache babel-plugin-polyfill-regenerator@https://registry.npmjs.org/babel-plugin-polyfill-regenerator/-/babel-plugin-polyfill-regenerator-0.6.8.tgz 0ms (cache hit)
5699 http cache @babel/plugin-transform-react-jsx@https://registry.npmjs.org/@babel/plugin-transform-react-jsx/-/plugin-transform-react-jsx-7.28.6.tgz 0ms (cache hit)
5700 http cache @babel/plugin-transform-react-pure-annotations@https://registry.npmjs.org/@babel/plugin-transform-react-pure-annotations/-/plugin-transform-react-pure-annotations-7.27.1.tgz 0ms (cache hit)
5701 http cache babel-plugin-polyfill-corejs3@https://registry.npmjs.org/babel-plugin-polyfill-corejs3/-/babel-plugin-polyfill-corejs3-0.13.0.tgz 0ms (cache hit)
5702 http cache @babel/helper-skip-transparent-expression-wrappers@https://registry.npmjs.org/@babel/helper-skip-transparent-expression-wrappers/-/helper-skip-transparent-expression-wrappers-7.27.1.tgz 0ms (cache hit)
5703 http cache node-int64@https://registry.npmjs.org/node-int64/-/node-int64-0.4.0.tgz 0ms (cache hit)
5704 http cache @babel/plugin-transform-destructuring@https://registry.npmjs.org/@babel/plugin-transform-destructuring/-/plugin-transform-destructuring-7.28.5.tgz 0ms (cache hit)
5705 http cache @babel/helper-optimise-call-expression@https://registry.npmjs.org/@babel/helper-optimise-call-expression/-/helper-optimise-call-expression-7.27.1.tgz 0ms (cache hit)
5706 http cache @babel/helper-replace-supers@https://registry.npmjs.org/@babel/helper-replace-supers/-/helper-replace-supers-7.28.6.tgz 0ms (cache hit)
5707 http cache @babel/helper-member-expression-to-functions@https://registry.npmjs.org/@babel/helper-member-expression-to-functions/-/helper-member-expression-to-functions-7.28.5.tgz 0ms (cache hit)
5708 http cache babel-plugin-polyfill-corejs2@https://registry.npmjs.org/babel-plugin-polyfill-corejs2/-/babel-plugin-polyfill-corejs2-0.4.17.tgz 0ms (cache hit)
5709 http cache @babel/helper-annotate-as-pure@https://registry.npmjs.org/@babel/helper-annotate-as-pure/-/helper-annotate-as-pure-7.27.3.tgz 0ms (cache hit)
5710 http cache @babel/plugin-syntax-flow@https://registry.npmjs.org/@babel/plugin-syntax-flow/-/plugin-syntax-flow-7.28.6.tgz 0ms (cache hit)
5711 http cache @babel/helper-plugin-utils@https://registry.npmjs.org/@babel/helper-plugin-utils/-/helper-plugin-utils-7.28.6.tgz 0ms (cache hit)
5712 http cache @babel/helper-create-class-features-plugin@https://registry.npmjs.org/@babel/helper-create-class-features-plugin/-/helper-create-class-features-plugin-7.28.6.tgz 0ms (cache hit)
5713 http cache @babel/plugin-syntax-decorators@https://registry.npmjs.org/@babel/plugin-syntax-decorators/-/plugin-syntax-decorators-7.28.6.tgz 0ms (cache hit)
5714 http cache babel-plugin-syntax-hermes-parser@https://registry.npmjs.org/babel-plugin-syntax-hermes-parser/-/babel-plugin-syntax-hermes-parser-0.29.1.tgz 0ms (cache hit)
5715 http cache babel-plugin-react-native-web@https://registry.npmjs.org/babel-plugin-react-native-web/-/babel-plugin-react-native-web-0.21.2.tgz 0ms (cache hit)
5716 http cache babel-plugin-transform-flow-enums@https://registry.npmjs.org/babel-plugin-transform-flow-enums/-/babel-plugin-transform-flow-enums-0.0.2.tgz 0ms (cache hit)
5717 http cache @react-native/babel-preset@https://registry.npmjs.org/@react-native/babel-preset/-/babel-preset-0.81.5.tgz 0ms (cache hit)
5718 http cache @babel/preset-typescript@https://registry.npmjs.org/@babel/preset-typescript/-/preset-typescript-7.28.5.tgz 0ms (cache hit)
5719 http cache @babel/plugin-transform-private-property-in-object@https://registry.npmjs.org/@babel/plugin-transform-private-property-in-object/-/plugin-transform-private-property-in-object-7.28.6.tgz 0ms (cache hit)
5720 http cache babel-plugin-react-compiler@https://registry.npmjs.org/babel-plugin-react-compiler/-/babel-plugin-react-compiler-1.0.0.tgz 0ms (cache hit)
5721 http cache @babel/plugin-transform-runtime@https://registry.npmjs.org/@babel/plugin-transform-runtime/-/plugin-transform-runtime-7.29.0.tgz 0ms (cache hit)
5722 http cache @babel/preset-react@https://registry.npmjs.org/@babel/preset-react/-/preset-react-7.28.5.tgz 0ms (cache hit)
5723 http cache @babel/plugin-transform-parameters@https://registry.npmjs.org/@babel/plugin-transform-parameters/-/plugin-transform-parameters-7.27.7.tgz 0ms (cache hit)
5724 http cache @babel/plugin-transform-private-methods@https://registry.npmjs.org/@babel/plugin-transform-private-methods/-/plugin-transform-private-methods-7.28.6.tgz 0ms (cache hit)
5725 http cache @babel/plugin-transform-modules-commonjs@https://registry.npmjs.org/@babel/plugin-transform-modules-commonjs/-/plugin-transform-modules-commonjs-7.28.6.tgz 0ms (cache hit)
5726 http cache @babel/plugin-transform-object-rest-spread@https://registry.npmjs.org/@babel/plugin-transform-object-rest-spread/-/plugin-transform-object-rest-spread-7.28.6.tgz 0ms (cache hit)
5727 http cache @babel/plugin-transform-flow-strip-types@https://registry.npmjs.org/@babel/plugin-transform-flow-strip-types/-/plugin-transform-flow-strip-types-7.27.1.tgz 0ms (cache hit)
5728 http cache @babel/plugin-transform-export-namespace-from@https://registry.npmjs.org/@babel/plugin-transform-export-namespace-from/-/plugin-transform-export-namespace-from-7.27.1.tgz 0ms (cache hit)
5729 http cache @babel/plugin-transform-class-static-block@https://registry.npmjs.org/@babel/plugin-transform-class-static-block/-/plugin-transform-class-static-block-7.28.6.tgz 0ms (cache hit)
5730 http cache @babel/plugin-syntax-export-default-from@https://registry.npmjs.org/@babel/plugin-syntax-export-default-from/-/plugin-syntax-export-default-from-7.28.6.tgz 0ms (cache hit)
5731 http cache @babel/plugin-proposal-export-default-from@https://registry.npmjs.org/@babel/plugin-proposal-export-default-from/-/plugin-proposal-export-default-from-7.27.1.tgz 0ms (cache hit)
5732 http cache @babel/plugin-proposal-decorators@https://registry.npmjs.org/@babel/plugin-proposal-decorators/-/plugin-proposal-decorators-7.29.0.tgz 0ms (cache hit)
5733 http cache xmlbuilder@https://registry.npmjs.org/xmlbuilder/-/xmlbuilder-15.1.1.tgz 0ms (cache hit)
5734 http cache base64-js@https://registry.npmjs.org/base64-js/-/base64-js-1.5.1.tgz 0ms (cache hit)
5735 http cache postcss@https://registry.npmjs.org/postcss/-/postcss-8.4.49.tgz 0ms (cache hit)
5736 http cache @xmldom/xmldom@https://registry.npmjs.org/@xmldom/xmldom/-/xmldom-0.8.13.tgz 0ms (cache hit)
5737 http cache lightningcss@https://registry.npmjs.org/lightningcss/-/lightningcss-1.32.0.tgz 0ms (cache hit)
5738 http cache jsc-safe-url@https://registry.npmjs.org/jsc-safe-url/-/jsc-safe-url-0.2.4.tgz 0ms (cache hit)
5739 http cache hermes-parser@https://registry.npmjs.org/hermes-parser/-/hermes-parser-0.29.1.tgz 0ms (cache hit)
5740 http cache dotenv-expand@https://registry.npmjs.org/dotenv-expand/-/dotenv-expand-11.0.7.tgz 0ms (cache hit)
5741 http cache dotenv@https://registry.npmjs.org/dotenv/-/dotenv-16.4.7.tgz 0ms (cache hit)
5742 http cache metro-transform-plugins@https://registry.npmjs.org/metro-transform-plugins/-/metro-transform-plugins-0.83.3.tgz 0ms (cache hit)
5743 http cache @expo/env@https://registry.npmjs.org/@expo/env/-/env-2.0.11.tgz 0ms (cache hit)
5744 http cache agent-base@https://registry.npmjs.org/agent-base/-/agent-base-7.1.4.tgz 0ms (cache hit)
5745 http cache metro-symbolicate@https://registry.npmjs.org/metro-symbolicate/-/metro-symbolicate-0.83.3.tgz 0ms (cache hit)
5746 http cache metro-source-map@https://registry.npmjs.org/metro-source-map/-/metro-source-map-0.83.3.tgz 0ms (cache hit)
5747 http cache metro-transform-worker@https://registry.npmjs.org/metro-transform-worker/-/metro-transform-worker-0.83.3.tgz 0ms (cache hit)
5748 http cache metro-runtime@https://registry.npmjs.org/metro-runtime/-/metro-runtime-0.83.3.tgz 0ms (cache hit)
5749 http cache metro-resolver@https://registry.npmjs.org/metro-resolver/-/metro-resolver-0.83.3.tgz 0ms (cache hit)
5750 http cache metro-minify-terser@https://registry.npmjs.org/metro-minify-terser/-/metro-minify-terser-0.83.3.tgz 0ms (cache hit)
5751 http cache metro-file-map@https://registry.npmjs.org/metro-file-map/-/metro-file-map-0.83.3.tgz 0ms (cache hit)
5752 http cache metro-core@https://registry.npmjs.org/metro-core/-/metro-core-0.83.3.tgz 0ms (cache hit)
5753 http cache metro-config@https://registry.npmjs.org/metro-config/-/metro-config-0.83.3.tgz 0ms (cache hit)
5754 http cache metro-cache@https://registry.npmjs.org/metro-cache/-/metro-cache-0.83.3.tgz 0ms (cache hit)
5755 http cache metro-babel-transformer@https://registry.npmjs.org/metro-babel-transformer/-/metro-babel-transformer-0.83.3.tgz 0ms (cache hit)
5756 http cache metro-cache-key@https://registry.npmjs.org/metro-cache-key/-/metro-cache-key-0.83.3.tgz 0ms (cache hit)
5757 http cache metro@https://registry.npmjs.org/metro/-/metro-0.83.3.tgz 0ms (cache hit)
5758 http cache p-limit@https://registry.npmjs.org/p-limit/-/p-limit-3.1.0.tgz 0ms (cache hit)
5759 http cache arg@https://registry.npmjs.org/arg/-/arg-5.0.2.tgz 0ms (cache hit)
5760 http cache xml2js@https://registry.npmjs.org/xml2js/-/xml2js-0.6.0.tgz 0ms (cache hit)
5761 http cache @expo/spawn-async@https://registry.npmjs.org/@expo/spawn-async/-/spawn-async-1.7.2.tgz 0ms (cache hit)
5762 http cache xcode@https://registry.npmjs.org/xcode/-/xcode-3.0.1.tgz 0ms (cache hit)
5763 http cache slash@https://registry.npmjs.org/slash/-/slash-3.0.0.tgz 0ms (cache hit)
5764 http cache @expo/sdk-runtime-versions@https://registry.npmjs.org/@expo/sdk-runtime-versions/-/sdk-runtime-versions-1.0.0.tgz 0ms (cache hit)
5765 http cache sucrase@https://registry.npmjs.org/sucrase/-/sucrase-3.35.1.tgz 0ms (cache hit)
5766 http cache @expo/plist@https://registry.npmjs.org/@expo/plist/-/plist-0.4.8.tgz 0ms (cache hit)
5767 http cache slugify@https://registry.npmjs.org/slugify/-/slugify-1.6.9.tgz 0ms (cache hit)
5768 http cache resolve-workspace-root@https://registry.npmjs.org/resolve-workspace-root/-/resolve-workspace-root-2.0.1.tgz 0ms (cache hit)
5769 http cache resolve-from@https://registry.npmjs.org/resolve-from/-/resolve-from-5.0.0.tgz 0ms (cache hit)
5770 http cache require-from-string@https://registry.npmjs.org/require-from-string/-/require-from-string-2.0.2.tgz 0ms (cache hit)
5771 http cache glob@https://registry.npmjs.org/glob/-/glob-13.0.6.tgz 0ms (cache hit)
5772 http cache getenv@https://registry.npmjs.org/getenv/-/getenv-2.0.0.tgz 0ms (cache hit)
5773 http cache deepmerge@https://registry.npmjs.org/deepmerge/-/deepmerge-4.3.1.tgz 0ms (cache hit)
5774 http cache @expo/json-file@https://registry.npmjs.org/@expo/json-file/-/json-file-10.0.13.tgz 0ms (cache hit)
5775 http cache @expo/config-types@https://registry.npmjs.org/@expo/config-types/-/config-types-54.0.10.tgz 0ms (cache hit)
5776 http cache whatwg-url-without-unicode@https://registry.npmjs.org/whatwg-url-without-unicode/-/whatwg-url-without-unicode-8.0.0-3.tgz 0ms (cache hit)
5777 http cache pretty-format@https://registry.npmjs.org/pretty-format/-/pretty-format-29.7.0.tgz 0ms (cache hit)
5778 http cache expo-modules-core@https://registry.npmjs.org/expo-modules-core/-/expo-modules-core-3.0.29.tgz 0ms (cache hit)
5779 http cache expo-modules-autolinking@https://registry.npmjs.org/expo-modules-autolinking/-/expo-modules-autolinking-3.0.24.tgz 0ms (cache hit)
5780 http cache expo-keep-awake@https://registry.npmjs.org/expo-keep-awake/-/expo-keep-awake-15.0.8.tgz 0ms (cache hit)
5781 http cache expo-file-system@https://registry.npmjs.org/expo-file-system/-/expo-file-system-19.0.21.tgz 0ms (cache hit)
5782 http cache expo-asset@https://registry.npmjs.org/expo-asset/-/expo-asset-12.0.12.tgz 0ms (cache hit)
5783 http cache react-refresh@https://registry.npmjs.org/react-refresh/-/react-refresh-0.14.2.tgz 0ms (cache hit)
5784 http cache babel-preset-expo@https://registry.npmjs.org/babel-preset-expo/-/babel-preset-expo-54.0.10.tgz 0ms (cache hit)
5785 http cache @ungap/structured-clone@https://registry.npmjs.org/@ungap/structured-clone/-/structured-clone-1.3.0.tgz 0ms (cache hit)
5786 http cache @expo/metro-config@https://registry.npmjs.org/@expo/metro-config/-/metro-config-54.0.14.tgz 0ms (cache hit)
5787 http cache @expo/metro@https://registry.npmjs.org/@expo/metro/-/metro-54.2.0.tgz 0ms (cache hit)
5788 http cache @expo/fingerprint@https://registry.npmjs.org/@expo/fingerprint/-/fingerprint-0.15.4.tgz 0ms (cache hit)
5789 http cache @expo/devtools@https://registry.npmjs.org/@expo/devtools/-/devtools-0.1.8.tgz 0ms (cache hit)
5790 http cache @expo/config-plugins@https://registry.npmjs.org/@expo/config-plugins/-/config-plugins-54.0.4.tgz 0ms (cache hit)
5791 http cache @expo/config@https://registry.npmjs.org/@expo/config/-/config-12.0.13.tgz 0ms (cache hit)
5792 http cache @babel/runtime@https://registry.npmjs.org/@babel/runtime/-/runtime-7.29.2.tgz 0ms (cache hit)
5793 http cache acorn-jsx@https://registry.npmjs.org/acorn-jsx/-/acorn-jsx-5.3.2.tgz 0ms (cache hit)
5794 http cache acorn@https://registry.npmjs.org/acorn/-/acorn-8.16.0.tgz 0ms (cache hit)
5795 http cache esrecurse@https://registry.npmjs.org/esrecurse/-/esrecurse-4.3.0.tgz 0ms (cache hit)
5796 http cache iterator.prototype@https://registry.npmjs.org/iterator.prototype/-/iterator.prototype-1.1.5.tgz 0ms (cache hit)
5797 http cache string.prototype.repeat@https://registry.npmjs.org/string.prototype.repeat/-/string.prototype.repeat-1.0.0.tgz 0ms (cache hit)
5798 http cache string.prototype.matchall@https://registry.npmjs.org/string.prototype.matchall/-/string.prototype.matchall-4.0.12.tgz 0ms (cache hit)
5799 http cache object.entries@https://registry.npmjs.org/object.entries/-/object.entries-1.1.9.tgz 0ms (cache hit)
5800 http cache prop-types@https://registry.npmjs.org/prop-types/-/prop-types-15.8.1.tgz 0ms (cache hit)
5801 http cache jsx-ast-utils@https://registry.npmjs.org/jsx-ast-utils/-/jsx-ast-utils-3.3.5.tgz 0ms (cache hit)
5802 http cache estraverse@https://registry.npmjs.org/estraverse/-/estraverse-5.3.0.tgz 0ms (cache hit)
5803 http cache es-iterator-helpers@https://registry.npmjs.org/es-iterator-helpers/-/es-iterator-helpers-1.3.2.tgz 0ms (cache hit)
5804 http cache array.prototype.tosorted@https://registry.npmjs.org/array.prototype.tosorted/-/array.prototype.tosorted-1.1.4.tgz 0ms (cache hit)
5805 http cache array.prototype.findlast@https://registry.npmjs.org/array.prototype.findlast/-/array.prototype.findlast-1.2.5.tgz 0ms (cache hit)
5806 http cache resolve@https://registry.npmjs.org/resolve/-/resolve-2.0.0-next.6.tgz 0ms (cache hit)
5807 http cache is-symbol@https://registry.npmjs.org/is-symbol/-/is-symbol-1.1.1.tgz 0ms (cache hit)
5808 http cache is-date-object@https://registry.npmjs.org/is-date-object/-/is-date-object-1.1.0.tgz 0ms (cache hit)
5809 http cache has-tostringtag@https://registry.npmjs.org/has-tostringtag/-/has-tostringtag-1.0.2.tgz 0ms (cache hit)
5810 http cache which-typed-array@https://registry.npmjs.org/which-typed-array/-/which-typed-array-1.1.20.tgz 0ms (cache hit)
5811 http cache possible-typed-array-names@https://registry.npmjs.org/possible-typed-array-names/-/possible-typed-array-names-1.1.0.tgz 0ms (cache hit)
5812 http cache unbox-primitive@https://registry.npmjs.org/unbox-primitive/-/unbox-primitive-1.1.0.tgz 0ms (cache hit)
5813 http cache typed-array-length@https://registry.npmjs.org/typed-array-length/-/typed-array-length-1.0.7.tgz 0ms (cache hit)
5814 http cache typed-array-byte-offset@https://registry.npmjs.org/typed-array-byte-offset/-/typed-array-byte-offset-1.0.4.tgz 0ms (cache hit)
5815 http cache typed-array-byte-length@https://registry.npmjs.org/typed-array-byte-length/-/typed-array-byte-length-1.0.3.tgz 0ms (cache hit)
5816 http cache typed-array-buffer@https://registry.npmjs.org/typed-array-buffer/-/typed-array-buffer-1.0.3.tgz 1ms (cache hit)
5817 http cache string.prototype.trimstart@https://registry.npmjs.org/string.prototype.trimstart/-/string.prototype.trimstart-1.0.8.tgz 0ms (cache hit)
5818 http cache string.prototype.trim@https://registry.npmjs.org/string.prototype.trim/-/string.prototype.trim-1.2.10.tgz 0ms (cache hit)
5819 http cache stop-iteration-iterator@https://registry.npmjs.org/stop-iteration-iterator/-/stop-iteration-iterator-1.1.0.tgz 0ms (cache hit)
5820 http cache set-proto@https://registry.npmjs.org/set-proto/-/set-proto-1.0.0.tgz 0ms (cache hit)
5821 http cache safe-regex-test@https://registry.npmjs.org/safe-regex-test/-/safe-regex-test-1.1.0.tgz 0ms (cache hit)
5822 http cache safe-push-apply@https://registry.npmjs.org/safe-push-apply/-/safe-push-apply-1.0.0.tgz 0ms (cache hit)
5823 http cache safe-array-concat@https://registry.npmjs.org/safe-array-concat/-/safe-array-concat-1.1.3.tgz 0ms (cache hit)
5824 http cache regexp.prototype.flags@https://registry.npmjs.org/regexp.prototype.flags/-/regexp.prototype.flags-1.5.4.tgz 0ms (cache hit)
5825 http cache own-keys@https://registry.npmjs.org/own-keys/-/own-keys-1.0.1.tgz 0ms (cache hit)
5826 http cache object.assign@https://registry.npmjs.org/object.assign/-/object.assign-4.1.7.tgz 0ms (cache hit)
5827 http cache object-inspect@https://registry.npmjs.org/object-inspect/-/object-inspect-1.13.4.tgz 0ms (cache hit)
5828 http cache is-weakref@https://registry.npmjs.org/is-weakref/-/is-weakref-1.1.1.tgz 0ms (cache hit)
5829 http cache is-typed-array@https://registry.npmjs.org/is-typed-array/-/is-typed-array-1.1.15.tgz 0ms (cache hit)
5830 http cache is-shared-array-buffer@https://registry.npmjs.org/is-shared-array-buffer/-/is-shared-array-buffer-1.0.4.tgz 0ms (cache hit)
5831 http cache is-set@https://registry.npmjs.org/is-set/-/is-set-2.0.3.tgz 0ms (cache hit)
5832 http cache is-regex@https://registry.npmjs.org/is-regex/-/is-regex-1.2.1.tgz 0ms (cache hit)
5833 http cache is-negative-zero@https://registry.npmjs.org/is-negative-zero/-/is-negative-zero-2.0.3.tgz 0ms (cache hit)
5834 http cache is-data-view@https://registry.npmjs.org/is-data-view/-/is-data-view-1.0.2.tgz 0ms (cache hit)
5835 http cache is-callable@https://registry.npmjs.org/is-callable/-/is-callable-1.2.7.tgz 0ms (cache hit)
5836 http cache is-array-buffer@https://registry.npmjs.org/is-array-buffer/-/is-array-buffer-3.0.5.tgz 0ms (cache hit)
5837 http cache internal-slot@https://registry.npmjs.org/internal-slot/-/internal-slot-1.1.0.tgz 0ms (cache hit)
5838 http cache has-symbols@https://registry.npmjs.org/has-symbols/-/has-symbols-1.1.0.tgz 0ms (cache hit)
5839 http cache has-proto@https://registry.npmjs.org/has-proto/-/has-proto-1.2.0.tgz 0ms (cache hit)
5840 http cache globalthis@https://registry.npmjs.org/globalthis/-/globalthis-1.0.4.tgz 0ms (cache hit)
5841 http cache get-symbol-description@https://registry.npmjs.org/get-symbol-description/-/get-symbol-description-1.1.0.tgz 0ms (cache hit)
5842 http cache get-proto@https://registry.npmjs.org/get-proto/-/get-proto-1.0.1.tgz 0ms (cache hit)
5843 http cache function.prototype.name@https://registry.npmjs.org/function.prototype.name/-/function.prototype.name-1.1.8.tgz 0ms (cache hit)
5844 http cache es-set-tostringtag@https://registry.npmjs.org/es-set-tostringtag/-/es-set-tostringtag-2.1.0.tgz 0ms (cache hit)
5845 http cache es-to-primitive@https://registry.npmjs.org/es-to-primitive/-/es-to-primitive-1.3.0.tgz 0ms (cache hit)
5846 http cache data-view-byte-offset@https://registry.npmjs.org/data-view-byte-offset/-/data-view-byte-offset-1.0.1.tgz 0ms (cache hit)
5847 http cache data-view-byte-length@https://registry.npmjs.org/data-view-byte-length/-/data-view-byte-length-1.0.2.tgz 0ms (cache hit)
5848 http cache data-view-buffer@https://registry.npmjs.org/data-view-buffer/-/data-view-buffer-1.0.2.tgz 0ms (cache hit)
5849 http cache available-typed-arrays@https://registry.npmjs.org/available-typed-arrays/-/available-typed-arrays-1.0.7.tgz 0ms (cache hit)
5850 http cache arraybuffer.prototype.slice@https://registry.npmjs.org/arraybuffer.prototype.slice/-/arraybuffer.prototype.slice-1.0.4.tgz 0ms (cache hit)
5851 http cache array-buffer-byte-length@https://registry.npmjs.org/array-buffer-byte-length/-/array-buffer-byte-length-1.0.2.tgz 0ms (cache hit)
5852 http cache gopd@https://registry.npmjs.org/gopd/-/gopd-1.2.0.tgz 0ms (cache hit)
5853 http cache has-property-descriptors@https://registry.npmjs.org/has-property-descriptors/-/has-property-descriptors-1.0.2.tgz 0ms (cache hit)
5854 http cache object-keys@https://registry.npmjs.org/object-keys/-/object-keys-1.1.1.tgz 0ms (cache hit)
5855 http cache define-data-property@https://registry.npmjs.org/define-data-property/-/define-data-property-1.1.4.tgz 0ms (cache hit)
5856 http cache function-bind@https://registry.npmjs.org/function-bind/-/function-bind-1.1.2.tgz 0ms (cache hit)
5857 http cache set-function-length@https://registry.npmjs.org/set-function-length/-/set-function-length-1.2.2.tgz 0ms (cache hit)
5858 http cache es-define-property@https://registry.npmjs.org/es-define-property/-/es-define-property-1.0.1.tgz 0ms (cache hit)
5859 http cache call-bind-apply-helpers@https://registry.npmjs.org/call-bind-apply-helpers/-/call-bind-apply-helpers-1.0.2.tgz 0ms (cache hit)
5860 http cache es-shim-unscopables@https://registry.npmjs.org/es-shim-unscopables/-/es-shim-unscopables-1.1.0.tgz 0ms (cache hit)
5861 http cache es-errors@https://registry.npmjs.org/es-errors/-/es-errors-1.3.0.tgz 0ms (cache hit)
5862 http cache math-intrinsics@https://registry.npmjs.org/math-intrinsics/-/math-intrinsics-1.1.0.tgz 0ms (cache hit)
5863 http cache is-string@https://registry.npmjs.org/is-string/-/is-string-1.1.1.tgz 0ms (cache hit)
5864 http cache get-intrinsic@https://registry.npmjs.org/get-intrinsic/-/get-intrinsic-1.3.0.tgz 0ms (cache hit)
5865 http cache es-object-atoms@https://registry.npmjs.org/es-object-atoms/-/es-object-atoms-1.1.1.tgz 0ms (cache hit)
5866 http cache es-abstract@https://registry.npmjs.org/es-abstract/-/es-abstract-1.24.2.tgz 0ms (cache hit)
5867 http cache define-properties@https://registry.npmjs.org/define-properties/-/define-properties-1.2.1.tgz 0ms (cache hit)
5868 http cache call-bound@https://registry.npmjs.org/call-bound/-/call-bound-1.0.4.tgz 0ms (cache hit)
5869 http cache call-bind@https://registry.npmjs.org/call-bind/-/call-bind-1.0.9.tgz 0ms (cache hit)
5870 http cache tsconfig-paths@https://registry.npmjs.org/tsconfig-paths/-/tsconfig-paths-3.15.0.tgz 0ms (cache hit)
5871 http cache string.prototype.trimend@https://registry.npmjs.org/string.prototype.trimend/-/string.prototype.trimend-1.0.9.tgz 0ms (cache hit)
5872 http cache object.values@https://registry.npmjs.org/object.values/-/object.values-1.2.1.tgz 0ms (cache hit)
5873 http cache object.groupby@https://registry.npmjs.org/object.groupby/-/object.groupby-1.0.3.tgz 0ms (cache hit)
5874 http cache object.fromentries@https://registry.npmjs.org/object.fromentries/-/object.fromentries-2.0.8.tgz 0ms (cache hit)
5875 http cache is-core-module@https://registry.npmjs.org/is-core-module/-/is-core-module-2.16.1.tgz 0ms (cache hit)
5876 http cache hasown@https://registry.npmjs.org/hasown/-/hasown-2.0.3.tgz 0ms (cache hit)
5877 http cache eslint-module-utils@https://registry.npmjs.org/eslint-module-utils/-/eslint-module-utils-2.12.1.tgz 0ms (cache hit)
5878 http cache eslint-import-resolver-node@https://registry.npmjs.org/eslint-import-resolver-node/-/eslint-import-resolver-node-0.3.10.tgz 0ms (cache hit)
5879 http cache doctrine@https://registry.npmjs.org/doctrine/-/doctrine-2.1.0.tgz 0ms (cache hit)
5880 http cache array.prototype.flatmap@https://registry.npmjs.org/array.prototype.flatmap/-/array.prototype.flatmap-1.3.3.tgz 0ms (cache hit)
5881 http cache array.prototype.findlastindex@https://registry.npmjs.org/array.prototype.findlastindex/-/array.prototype.findlastindex-1.2.6.tgz 0ms (cache hit)
5882 http cache array.prototype.flat@https://registry.npmjs.org/array.prototype.flat/-/array.prototype.flat-1.3.3.tgz 0ms (cache hit)
5883 http cache array-includes@https://registry.npmjs.org/array-includes/-/array-includes-3.1.9.tgz 0ms (cache hit)
5884 http cache @rtsao/scc@https://registry.npmjs.org/@rtsao/scc/-/scc-1.1.0.tgz 0ms (cache hit)
5885 http cache unrs-resolver@https://registry.npmjs.org/unrs-resolver/-/unrs-resolver-1.11.1.tgz 0ms (cache hit)
5886 http cache stable-hash@https://registry.npmjs.org/stable-hash/-/stable-hash-0.0.5.tgz 0ms (cache hit)
5887 http cache is-bun-module@https://registry.npmjs.org/is-bun-module/-/is-bun-module-2.0.0.tgz 0ms (cache hit)
5888 http cache get-tsconfig@https://registry.npmjs.org/get-tsconfig/-/get-tsconfig-4.14.0.tgz 0ms (cache hit)
5889 http cache @nolyfill/is-core-module@https://registry.npmjs.org/@nolyfill/is-core-module/-/is-core-module-1.0.39.tgz 0ms (cache hit)
5890 http cache tinyglobby@https://registry.npmjs.org/tinyglobby/-/tinyglobby-0.2.16.tgz 0ms (cache hit)
5891 http cache @typescript-eslint/tsconfig-utils@https://registry.npmjs.org/@typescript-eslint/tsconfig-utils/-/tsconfig-utils-8.58.2.tgz 0ms (cache hit)
5892 http cache @typescript-eslint/project-service@https://registry.npmjs.org/@typescript-eslint/project-service/-/project-service-8.58.2.tgz 0ms (cache hit)
5893 http cache @typescript-eslint/typescript-estree@https://registry.npmjs.org/@typescript-eslint/typescript-estree/-/typescript-estree-8.58.2.tgz 0ms (cache hit)
5894 http cache @typescript-eslint/visitor-keys@https://registry.npmjs.org/@typescript-eslint/visitor-keys/-/visitor-keys-8.58.2.tgz 0ms (cache hit)
5895 http cache @typescript-eslint/types@https://registry.npmjs.org/@typescript-eslint/types/-/types-8.58.2.tgz 0ms (cache hit)
5896 http cache ts-api-utils@https://registry.npmjs.org/ts-api-utils/-/ts-api-utils-2.5.0.tgz 0ms (cache hit)
5897 http cache @typescript-eslint/type-utils@https://registry.npmjs.org/@typescript-eslint/type-utils/-/type-utils-8.58.2.tgz 0ms (cache hit)
5898 http cache @typescript-eslint/utils@https://registry.npmjs.org/@typescript-eslint/utils/-/utils-8.58.2.tgz 0ms (cache hit)
5899 http cache eslint-plugin-react@https://registry.npmjs.org/eslint-plugin-react/-/eslint-plugin-react-7.37.5.tgz 0ms (cache hit)
5900 http cache eslint-plugin-expo@https://registry.npmjs.org/eslint-plugin-expo/-/eslint-plugin-expo-1.0.0.tgz 0ms (cache hit)
5901 http cache eslint-plugin-react-hooks@https://registry.npmjs.org/eslint-plugin-react-hooks/-/eslint-plugin-react-hooks-5.2.0.tgz 0ms (cache hit)
5902 http cache @typescript-eslint/scope-manager@https://registry.npmjs.org/@typescript-eslint/scope-manager/-/scope-manager-8.58.2.tgz 0ms (cache hit)
5903 http cache eslint-plugin-import@https://registry.npmjs.org/eslint-plugin-import/-/eslint-plugin-import-2.32.0.tgz 0ms (cache hit)
5904 http cache eslint-import-resolver-typescript@https://registry.npmjs.org/eslint-import-resolver-typescript/-/eslint-import-resolver-typescript-3.10.1.tgz 0ms (cache hit)
5905 http cache shebang-command@https://registry.npmjs.org/shebang-command/-/shebang-command-2.0.0.tgz 0ms (cache hit)
5906 http cache path-key@https://registry.npmjs.org/path-key/-/path-key-3.1.1.tgz 0ms (cache hit)
5907 http cache @typescript-eslint/parser@https://registry.npmjs.org/@typescript-eslint/parser/-/parser-8.58.2.tgz 0ms (cache hit)
5908 http cache @typescript-eslint/eslint-plugin@https://registry.npmjs.org/@typescript-eslint/eslint-plugin/-/eslint-plugin-8.58.2.tgz 0ms (cache hit)
5909 http cache supports-color@https://registry.npmjs.org/supports-color/-/supports-color-7.2.0.tgz 0ms (cache hit)
5910 http cache ansi-styles@https://registry.npmjs.org/ansi-styles/-/ansi-styles-4.3.0.tgz 0ms (cache hit)
5911 http cache which@https://registry.npmjs.org/which/-/which-2.0.2.tgz 0ms (cache hit)
5912 http cache json-schema-traverse@https://registry.npmjs.org/json-schema-traverse/-/json-schema-traverse-0.4.1.tgz 0ms (cache hit)
5913 http cache fast-json-stable-stringify@https://registry.npmjs.org/fast-json-stable-stringify/-/fast-json-stable-stringify-2.1.0.tgz 0ms (cache hit)
5914 http cache @humanfs/core@https://registry.npmjs.org/@humanfs/core/-/core-0.19.2.tgz 0ms (cache hit)
5915 http cache uri-js@https://registry.npmjs.org/uri-js/-/uri-js-4.4.1.tgz 0ms (cache hit)
5916 http cache levn@https://registry.npmjs.org/levn/-/levn-0.4.1.tgz 0ms (cache hit)
5917 http cache @humanfs/types@https://registry.npmjs.org/@humanfs/types/-/types-0.15.0.tgz 0ms (cache hit)
5918 http cache strip-json-comments@https://registry.npmjs.org/strip-json-comments/-/strip-json-comments-3.1.1.tgz 0ms (cache hit)
5919 http cache import-fresh@https://registry.npmjs.org/import-fresh/-/import-fresh-3.3.1.tgz 0ms (cache hit)
5920 http cache js-yaml@https://registry.npmjs.org/js-yaml/-/js-yaml-4.1.1.tgz 0ms (cache hit)
5921 http cache @types/json-schema@https://registry.npmjs.org/@types/json-schema/-/json-schema-7.0.15.tgz 0ms (cache hit)
5922 http cache @eslint/object-schema@https://registry.npmjs.org/@eslint/object-schema/-/object-schema-2.1.7.tgz 0ms (cache hit)
5923 http cache natural-compare@https://registry.npmjs.org/natural-compare/-/natural-compare-1.4.0.tgz 0ms (cache hit)
5924 http cache globals@https://registry.npmjs.org/globals/-/globals-14.0.0.tgz 0ms (cache hit)
5925 http cache minimatch@https://registry.npmjs.org/minimatch/-/minimatch-3.1.5.tgz 0ms (cache hit)
5926 http cache lodash.merge@https://registry.npmjs.org/lodash.merge/-/lodash.merge-4.6.2.tgz 0ms (cache hit)
5927 http cache optionator@https://registry.npmjs.org/optionator/-/optionator-0.9.4.tgz 0ms (cache hit)
5928 http cache is-glob@https://registry.npmjs.org/is-glob/-/is-glob-4.0.3.tgz 0ms (cache hit)
5929 http cache imurmurhash@https://registry.npmjs.org/imurmurhash/-/imurmurhash-0.1.4.tgz 0ms (cache hit)
5930 http cache json-stable-stringify-without-jsonify@https://registry.npmjs.org/json-stable-stringify-without-jsonify/-/json-stable-stringify-without-jsonify-1.0.1.tgz 0ms (cache hit)
5931 http cache glob-parent@https://registry.npmjs.org/glob-parent/-/glob-parent-6.0.2.tgz 0ms (cache hit)
5932 http cache find-up@https://registry.npmjs.org/find-up/-/find-up-5.0.0.tgz 0ms (cache hit)
5933 http cache ignore@https://registry.npmjs.org/ignore/-/ignore-5.3.2.tgz 0ms (cache hit)
5934 http cache esutils@https://registry.npmjs.org/esutils/-/esutils-2.0.3.tgz 0ms (cache hit)
5935 http cache esquery@https://registry.npmjs.org/esquery/-/esquery-1.7.0.tgz 0ms (cache hit)
5936 http cache eslint-visitor-keys@https://registry.npmjs.org/eslint-visitor-keys/-/eslint-visitor-keys-4.2.1.tgz 0ms (cache hit)
5937 http cache file-entry-cache@https://registry.npmjs.org/file-entry-cache/-/file-entry-cache-8.0.0.tgz 0ms (cache hit)
5938 http cache eslint-scope@https://registry.npmjs.org/eslint-scope/-/eslint-scope-8.4.0.tgz 0ms (cache hit)
5939 http cache espree@https://registry.npmjs.org/espree/-/espree-10.4.0.tgz 0ms (cache hit)
5940 http cache cross-spawn@https://registry.npmjs.org/cross-spawn/-/cross-spawn-7.0.6.tgz 0ms (cache hit)
5941 http cache ajv@https://registry.npmjs.org/ajv/-/ajv-6.14.0.tgz 0ms (cache hit)
5942 http cache @humanwhocodes/module-importer@https://registry.npmjs.org/@humanwhocodes/module-importer/-/module-importer-1.0.1.tgz 0ms (cache hit)
5943 http cache @humanwhocodes/retry@https://registry.npmjs.org/@humanwhocodes/retry/-/retry-0.4.3.tgz 0ms (cache hit)
5944 http cache chalk@https://registry.npmjs.org/chalk/-/chalk-4.1.2.tgz 0ms (cache hit)
5945 http cache @types/estree@https://registry.npmjs.org/@types/estree/-/estree-1.0.8.tgz 0ms (cache hit)
5946 http cache @eslint/plugin-kit@https://registry.npmjs.org/@eslint/plugin-kit/-/plugin-kit-0.4.1.tgz 0ms (cache hit)
5947 http cache @humanfs/node@https://registry.npmjs.org/@humanfs/node/-/node-0.16.8.tgz 0ms (cache hit)
5948 http cache @eslint/js@https://registry.npmjs.org/@eslint/js/-/js-9.39.4.tgz 0ms (cache hit)
5949 http cache @eslint/eslintrc@https://registry.npmjs.org/@eslint/eslintrc/-/eslintrc-3.3.5.tgz 0ms (cache hit)
5950 http cache @eslint/config-helpers@https://registry.npmjs.org/@eslint/config-helpers/-/config-helpers-0.4.2.tgz 0ms (cache hit)
5951 http cache @eslint/core@https://registry.npmjs.org/@eslint/core/-/core-0.17.0.tgz 0ms (cache hit)
5952 http cache @eslint-community/eslint-utils@https://registry.npmjs.org/@eslint-community/eslint-utils/-/eslint-utils-4.9.1.tgz 0ms (cache hit)
5953 http cache @eslint/config-array@https://registry.npmjs.org/@eslint/config-array/-/config-array-0.21.2.tgz 0ms (cache hit)
5954 http cache ms@https://registry.npmjs.org/ms/-/ms-2.1.3.tgz 0ms (cache hit)
5955 http cache @eslint-community/regexpp@https://registry.npmjs.org/@eslint-community/regexpp/-/regexpp-4.12.2.tgz 0ms (cache hit)
5956 http cache color-name@https://registry.npmjs.org/color-name/-/color-name-1.1.4.tgz 0ms (cache hit)
5957 http cache color-convert@https://registry.npmjs.org/color-convert/-/color-convert-2.0.1.tgz 0ms (cache hit)
5958 http cache simple-swizzle@https://registry.npmjs.org/simple-swizzle/-/simple-swizzle-0.2.4.tgz 0ms (cache hit)
5959 http cache color-string@https://registry.npmjs.org/color-string/-/color-string-1.9.1.tgz 0ms (cache hit)
5960 http cache node-releases@https://registry.npmjs.org/node-releases/-/node-releases-2.0.37.tgz 0ms (cache hit)
5961 http cache update-browserslist-db@https://registry.npmjs.org/update-browserslist-db/-/update-browserslist-db-1.2.3.tgz 0ms (cache hit)
5962 http cache electron-to-chromium@https://registry.npmjs.org/electron-to-chromium/-/electron-to-chromium-1.5.340.tgz 0ms (cache hit)
5963 http cache caniuse-lite@https://registry.npmjs.org/caniuse-lite/-/caniuse-lite-1.0.30001788.tgz 0ms (cache hit)
5964 http cache csstype@https://registry.npmjs.org/csstype/-/csstype-3.2.3.tgz 0ms (cache hit)
5965 http cache baseline-browser-mapping@https://registry.npmjs.org/baseline-browser-mapping/-/baseline-browser-mapping-2.10.20.tgz 0ms (cache hit)
5966 http cache @react-navigation/routers@https://registry.npmjs.org/@react-navigation/routers/-/routers-7.5.3.tgz 0ms (cache hit)
5967 http cache nanoid@https://registry.npmjs.org/nanoid/-/nanoid-3.3.11.tgz 0ms (cache hit)
5968 http cache fast-deep-equal@https://registry.npmjs.org/fast-deep-equal/-/fast-deep-equal-3.1.3.tgz 0ms (cache hit)
5969 http cache react-is@https://registry.npmjs.org/react-is/-/react-is-19.2.5.tgz 0ms (cache hit)
5970 http cache query-string@https://registry.npmjs.org/query-string/-/query-string-7.1.3.tgz 0ms (cache hit)
5971 http cache escape-string-regexp@https://registry.npmjs.org/escape-string-regexp/-/escape-string-regexp-4.0.0.tgz 0ms (cache hit)
5972 http cache use-latest-callback@https://registry.npmjs.org/use-latest-callback/-/use-latest-callback-0.2.6.tgz 0ms (cache hit)
5973 http cache @react-navigation/core@https://registry.npmjs.org/@react-navigation/core/-/core-7.17.2.tgz 0ms (cache hit)
5974 http cache color@https://registry.npmjs.org/color/-/color-4.2.3.tgz 0ms (cache hit)
5975 http cache @jridgewell/resolve-uri@https://registry.npmjs.org/@jridgewell/resolve-uri/-/resolve-uri-3.1.2.tgz 0ms (cache hit)
5976 http cache use-sync-external-store@https://registry.npmjs.org/use-sync-external-store/-/use-sync-external-store-1.6.0.tgz 0ms (cache hit)
5977 http cache sf-symbols-typescript@https://registry.npmjs.org/sf-symbols-typescript/-/sf-symbols-typescript-2.2.0.tgz 0ms (cache hit)
5978 http cache @jridgewell/sourcemap-codec@https://registry.npmjs.org/@jridgewell/sourcemap-codec/-/sourcemap-codec-1.5.5.tgz 0ms (cache hit)
5979 http cache @babel/helper-string-parser@https://registry.npmjs.org/@babel/helper-string-parser/-/helper-string-parser-7.27.1.tgz 0ms (cache hit)
5980 http cache browserslist@https://registry.npmjs.org/browserslist/-/browserslist-4.28.2.tgz 0ms (cache hit)
5981 http cache lru-cache@https://registry.npmjs.org/lru-cache/-/lru-cache-5.1.1.tgz 0ms (cache hit)
5982 http cache @babel/helper-globals@https://registry.npmjs.org/@babel/helper-globals/-/helper-globals-7.28.0.tgz 0ms (cache hit)
5983 http cache @babel/helper-module-imports@https://registry.npmjs.org/@babel/helper-module-imports/-/helper-module-imports-7.28.6.tgz 0ms (cache hit)
5984 http cache @babel/helper-validator-option@https://registry.npmjs.org/@babel/helper-validator-option/-/helper-validator-option-7.27.1.tgz 0ms (cache hit)
5985 http cache @babel/compat-data@https://registry.npmjs.org/@babel/compat-data/-/compat-data-7.29.0.tgz 0ms (cache hit)
5986 http cache picocolors@https://registry.npmjs.org/picocolors/-/picocolors-1.1.1.tgz 0ms (cache hit)
5987 http cache @jridgewell/gen-mapping@https://registry.npmjs.org/@jridgewell/gen-mapping/-/gen-mapping-0.3.13.tgz 0ms (cache hit)
5988 http cache jsesc@https://registry.npmjs.org/jsesc/-/jsesc-3.1.0.tgz 0ms (cache hit)
5989 http cache @jridgewell/trace-mapping@https://registry.npmjs.org/@jridgewell/trace-mapping/-/trace-mapping-0.3.31.tgz 0ms (cache hit)
5990 http cache js-tokens@https://registry.npmjs.org/js-tokens/-/js-tokens-4.0.0.tgz 0ms (cache hit)
5991 http cache @babel/helper-validator-identifier@https://registry.npmjs.org/@babel/helper-validator-identifier/-/helper-validator-identifier-7.28.5.tgz 0ms (cache hit)
5992 http cache debug@https://registry.npmjs.org/debug/-/debug-4.4.3.tgz 0ms (cache hit)
5993 http cache semver@https://registry.npmjs.org/semver/-/semver-6.3.1.tgz 0ms (cache hit)
5994 http cache json5@https://registry.npmjs.org/json5/-/json5-2.2.3.tgz 0ms (cache hit)
5995 http cache @jridgewell/remapping@https://registry.npmjs.org/@jridgewell/remapping/-/remapping-2.3.5.tgz 0ms (cache hit)
5996 http cache convert-source-map@https://registry.npmjs.org/convert-source-map/-/convert-source-map-2.0.0.tgz 0ms (cache hit)
5997 http cache @babel/parser@https://registry.npmjs.org/@babel/parser/-/parser-7.29.2.tgz 0ms (cache hit)
5998 http cache @babel/types@https://registry.npmjs.org/@babel/types/-/types-7.29.0.tgz 0ms (cache hit)
5999 http cache @babel/template@https://registry.npmjs.org/@babel/template/-/template-7.28.6.tgz 0ms (cache hit)
6000 http cache @babel/traverse@https://registry.npmjs.org/@babel/traverse/-/traverse-7.29.0.tgz 0ms (cache hit)
6001 http cache @babel/helper-module-transforms@https://registry.npmjs.org/@babel/helper-module-transforms/-/helper-module-transforms-7.28.6.tgz 0ms (cache hit)
6002 http cache @babel/helper-compilation-targets@https://registry.npmjs.org/@babel/helper-compilation-targets/-/helper-compilation-targets-7.28.6.tgz 0ms (cache hit)
6003 http cache @babel/generator@https://registry.npmjs.org/@babel/generator/-/generator-7.29.1.tgz 0ms (cache hit)
6004 http cache typescript@https://registry.npmjs.org/typescript/-/typescript-5.9.3.tgz 0ms (cache hit)
6005 http cache @babel/code-frame@https://registry.npmjs.org/@babel/code-frame/-/code-frame-7.29.0.tgz 0ms (cache hit)
6006 http cache @babel/core@https://registry.npmjs.org/@babel/core/-/core-7.29.0.tgz 0ms (cache hit)
6007 http cache @babel/helpers@https://registry.npmjs.org/@babel/helpers/-/helpers-7.29.2.tgz 0ms (cache hit)
6008 http cache react-native-worklets@https://registry.npmjs.org/react-native-worklets/-/react-native-worklets-0.5.1.tgz 0ms (cache hit)
6009 http cache react-native-reanimated@https://registry.npmjs.org/react-native-reanimated/-/react-native-reanimated-4.1.7.tgz 0ms (cache hit)
6010 http cache react-native-gesture-handler@https://registry.npmjs.org/react-native-gesture-handler/-/react-native-gesture-handler-2.28.0.tgz 0ms (cache hit)
6011 http cache socket.io-client@https://registry.npmjs.org/socket.io-client/-/socket.io-client-4.8.3.tgz 0ms (cache hit)
6012 http cache react-dom@https://registry.npmjs.org/react-dom/-/react-dom-19.1.0.tgz 0ms (cache hit)
6013 http cache react-native-web@https://registry.npmjs.org/react-native-web/-/react-native-web-0.21.2.tgz 0ms (cache hit)
6014 http cache react-native-svg@https://registry.npmjs.org/react-native-svg/-/react-native-svg-15.15.4.tgz 0ms (cache hit)
6015 http cache expo-web-browser@https://registry.npmjs.org/expo-web-browser/-/expo-web-browser-15.0.10.tgz 0ms (cache hit)
6016 http cache expo-symbols@https://registry.npmjs.org/expo-symbols/-/expo-symbols-1.0.8.tgz 0ms (cache hit)
6017 http cache expo-status-bar@https://registry.npmjs.org/expo-status-bar/-/expo-status-bar-3.0.9.tgz 0ms (cache hit)
6018 http cache expo-system-ui@https://registry.npmjs.org/expo-system-ui/-/expo-system-ui-6.0.9.tgz 0ms (cache hit)
6019 http cache lucide-react-native@https://registry.npmjs.org/lucide-react-native/-/lucide-react-native-1.8.0.tgz 0ms (cache hit)
6020 http cache expo-splash-screen@https://registry.npmjs.org/expo-splash-screen/-/expo-splash-screen-31.0.13.tgz 0ms (cache hit)
6021 http cache expo-haptics@https://registry.npmjs.org/expo-haptics/-/expo-haptics-15.0.8.tgz 0ms (cache hit)
6022 http cache expo-router@https://registry.npmjs.org/expo-router/-/expo-router-6.0.23.tgz 0ms (cache hit)
6023 http cache expo-constants@https://registry.npmjs.org/expo-constants/-/expo-constants-18.0.13.tgz 0ms (cache hit)
6024 http cache eslint@https://registry.npmjs.org/eslint/-/eslint-9.39.4.tgz 0ms (cache hit)
6025 http cache eslint-config-expo@https://registry.npmjs.org/eslint-config-expo/-/eslint-config-expo-10.0.0.tgz 0ms (cache hit)
6026 http cache expo-image@https://registry.npmjs.org/expo-image/-/expo-image-3.0.11.tgz 0ms (cache hit)
6027 http cache expo-linking@https://registry.npmjs.org/expo-linking/-/expo-linking-8.0.11.tgz 0ms (cache hit)
6028 http cache @types/react@https://registry.npmjs.org/@types/react/-/react-19.1.17.tgz 0ms (cache hit)
6029 http cache @react-navigation/elements@https://registry.npmjs.org/@react-navigation/elements/-/elements-2.9.14.tgz 0ms (cache hit)
6030 http cache react-native-screens@https://registry.npmjs.org/react-native-screens/-/react-native-screens-4.16.0.tgz 0ms (cache hit)
6031 http cache @react-navigation/bottom-tabs@https://registry.npmjs.org/@react-navigation/bottom-tabs/-/bottom-tabs-7.15.9.tgz 0ms (cache hit)
6032 http cache react-native-safe-area-context@https://registry.npmjs.org/react-native-safe-area-context/-/react-native-safe-area-context-5.6.2.tgz 0ms (cache hit)
6033 http cache @react-navigation/native@https://registry.npmjs.org/@react-navigation/native/-/native-7.2.2.tgz 0ms (cache hit)
6034 http cache expo@https://registry.npmjs.org/expo/-/expo-54.0.33.tgz 0ms (cache hit)
6035 http cache react-native@https://registry.npmjs.org/react-native/-/react-native-0.81.5.tgz 0ms (cache hit)
6036 http cache @expo/vector-icons@https://registry.npmjs.org/@expo/vector-icons/-/vector-icons-15.1.1.tgz 0ms (cache hit)
6037 http cache type-fest@https://registry.npmjs.org/type-fest/-/type-fest-0.21.3.tgz 0ms (cache hit)
6038 http cache react@https://registry.npmjs.org/react/-/react-19.1.0.tgz 0ms (cache hit)
6039 http cache expo-font@https://registry.npmjs.org/expo-font/-/expo-font-14.0.11.tgz 0ms (cache hit)
6040 http cache strip-json-comments@https://registry.npmjs.org/strip-json-comments/-/strip-json-comments-2.0.1.tgz 0ms (cache hit)
6041 http cache has-flag@https://registry.npmjs.org/has-flag/-/has-flag-3.0.0.tgz 0ms (cache hit)
6042 http cache color-convert@https://registry.npmjs.org/color-convert/-/color-convert-1.9.3.tgz 0ms (cache hit)
6043 http cache escape-string-regexp@https://registry.npmjs.org/escape-string-regexp/-/escape-string-regexp-1.0.5.tgz 0ms (cache hit)
6044 http cache ansi-styles@https://registry.npmjs.org/ansi-styles/-/ansi-styles-3.2.1.tgz 0ms (cache hit)
6045 http cache chalk@https://registry.npmjs.org/chalk/-/chalk-2.4.2.tgz 0ms (cache hit)
6046 http cache color-name@https://registry.npmjs.org/color-name/-/color-name-1.1.3.tgz 0ms (cache hit)
6047 http cache supports-color@https://registry.npmjs.org/supports-color/-/supports-color-5.5.0.tgz 0ms (cache hit)
6048 http cache lru-cache@https://registry.npmjs.org/lru-cache/-/lru-cache-10.4.3.tgz 0ms (cache hit)
6049 http cache yallist@https://registry.npmjs.org/yallist/-/yallist-5.0.0.tgz 0ms (cache hit)
6050 http cache ansi-regex@https://registry.npmjs.org/ansi-regex/-/ansi-regex-4.1.1.tgz 0ms (cache hit)
6051 http cache has-flag@https://registry.npmjs.org/has-flag/-/has-flag-3.0.0.tgz 0ms (cache hit)
6052 http cache color-convert@https://registry.npmjs.org/color-convert/-/color-convert-1.9.3.tgz 0ms (cache hit)
6053 http cache supports-color@https://registry.npmjs.org/supports-color/-/supports-color-5.5.0.tgz 0ms (cache hit)
6054 http cache escape-string-regexp@https://registry.npmjs.org/escape-string-regexp/-/escape-string-regexp-1.0.5.tgz 0ms (cache hit)
6055 http cache resolve@https://registry.npmjs.org/resolve/-/resolve-1.7.1.tgz 0ms (cache hit)
6056 http cache chalk@https://registry.npmjs.org/chalk/-/chalk-2.4.2.tgz 0ms (cache hit)
6057 http cache strip-ansi@https://registry.npmjs.org/strip-ansi/-/strip-ansi-5.2.0.tgz 0ms (cache hit)
6058 http cache ms@https://registry.npmjs.org/ms/-/ms-2.0.0.tgz 0ms (cache hit)
6059 http cache semver@https://registry.npmjs.org/semver/-/semver-7.7.4.tgz 0ms (cache hit)
6060 http cache color-name@https://registry.npmjs.org/color-name/-/color-name-1.1.3.tgz 0ms (cache hit)
6061 http cache ansi-styles@https://registry.npmjs.org/ansi-styles/-/ansi-styles-3.2.1.tgz 0ms (cache hit)
6062 http cache debug@https://registry.npmjs.org/debug/-/debug-3.2.7.tgz 0ms (cache hit)
6063 http cache color-name@https://registry.npmjs.org/color-name/-/color-name-1.1.3.tgz 0ms (cache hit)
6064 http cache color-convert@https://registry.npmjs.org/color-convert/-/color-convert-1.9.3.tgz 1ms (cache hit)
6065 http cache has-flag@https://registry.npmjs.org/has-flag/-/has-flag-3.0.0.tgz 0ms (cache hit)
6066 http cache debug@https://registry.npmjs.org/debug/-/debug-2.6.9.tgz 0ms (cache hit)
6067 http cache open@https://registry.npmjs.org/open/-/open-8.4.2.tgz 0ms (cache hit)
6068 http cache negotiator@https://registry.npmjs.org/negotiator/-/negotiator-0.6.4.tgz 0ms (cache hit)
6069 http cache ansi-styles@https://registry.npmjs.org/ansi-styles/-/ansi-styles-3.2.1.tgz 0ms (cache hit)
6070 http cache escape-string-regexp@https://registry.npmjs.org/escape-string-regexp/-/escape-string-regexp-1.0.5.tgz 0ms (cache hit)
6071 http cache source-map@https://registry.npmjs.org/source-map/-/source-map-0.6.1.tgz 0ms (cache hit)
6072 http cache ws@https://registry.npmjs.org/ws/-/ws-8.18.3.tgz 0ms (cache hit)
6073 http cache chalk@https://registry.npmjs.org/chalk/-/chalk-2.4.2.tgz 0ms (cache hit)
6074 http cache supports-color@https://registry.npmjs.org/supports-color/-/supports-color-5.5.0.tgz 0ms (cache hit)
6075 http cache statuses@https://registry.npmjs.org/statuses/-/statuses-2.0.2.tgz 0ms (cache hit)
6076 http cache debug@https://registry.npmjs.org/debug/-/debug-2.6.9.tgz 0ms (cache hit)
6077 http cache ms@https://registry.npmjs.org/ms/-/ms-2.0.0.tgz 0ms (cache hit)
6078 http cache on-finished@https://registry.npmjs.org/on-finished/-/on-finished-2.4.1.tgz 0ms (cache hit)
6079 http cache encodeurl@https://registry.npmjs.org/encodeurl/-/encodeurl-2.0.0.tgz 0ms (cache hit)
6080 http cache promise@https://registry.npmjs.org/promise/-/promise-7.3.1.tgz 0ms (cache hit)
6081 http cache source-map@https://registry.npmjs.org/source-map/-/source-map-0.6.1.tgz 0ms (cache hit)
6082 http cache glob@https://registry.npmjs.org/glob/-/glob-7.2.3.tgz 0ms (cache hit)
6083 http cache statuses@https://registry.npmjs.org/statuses/-/statuses-2.0.2.tgz 0ms (cache hit)
6084 http cache ms@https://registry.npmjs.org/ms/-/ms-2.0.0.tgz 0ms (cache hit)
6085 http cache debug@https://registry.npmjs.org/debug/-/debug-2.6.9.tgz 0ms (cache hit)
6086 http cache glob@https://registry.npmjs.org/glob/-/glob-7.2.3.tgz 0ms (cache hit)
6087 http cache react-is@https://registry.npmjs.org/react-is/-/react-is-16.13.1.tgz 0ms (cache hit)
6088 http cache escape-string-regexp@https://registry.npmjs.org/escape-string-regexp/-/escape-string-regexp-2.0.0.tgz 0ms (cache hit)
6089 http cache locate-path@https://registry.npmjs.org/locate-path/-/locate-path-5.0.0.tgz 0ms (cache hit)
6090 http cache p-locate@https://registry.npmjs.org/p-locate/-/p-locate-4.1.0.tgz 0ms (cache hit)
6091 http cache find-up@https://registry.npmjs.org/find-up/-/find-up-4.1.0.tgz 0ms (cache hit)
6092 http cache camelcase@https://registry.npmjs.org/camelcase/-/camelcase-5.3.1.tgz 0ms (cache hit)
6093 http cache p-limit@https://registry.npmjs.org/p-limit/-/p-limit-2.3.0.tgz 0ms (cache hit)
6094 http cache encodeurl@https://registry.npmjs.org/encodeurl/-/encodeurl-2.0.0.tgz 0ms (cache hit)
6095 http cache js-yaml@https://registry.npmjs.org/js-yaml/-/js-yaml-3.14.2.tgz 0ms (cache hit)
6096 http cache semver@https://registry.npmjs.org/semver/-/semver-7.7.4.tgz 0ms (cache hit)
6097 http cache argparse@https://registry.npmjs.org/argparse/-/argparse-1.0.10.tgz 0ms (cache hit)
6098 http cache ws@https://registry.npmjs.org/ws/-/ws-6.2.3.tgz 0ms (cache hit)
6099 http cache ci-info@https://registry.npmjs.org/ci-info/-/ci-info-3.9.0.tgz 0ms (cache hit)
6100 http cache debug@https://registry.npmjs.org/debug/-/debug-2.6.9.tgz 0ms (cache hit)
6101 http cache ms@https://registry.npmjs.org/ms/-/ms-2.0.0.tgz 0ms (cache hit)
6102 http cache commander@https://registry.npmjs.org/commander/-/commander-2.20.3.tgz 0ms (cache hit)
6103 http cache supports-color@https://registry.npmjs.org/supports-color/-/supports-color-8.1.1.tgz 0ms (cache hit)
6104 http cache lru-cache@https://registry.npmjs.org/lru-cache/-/lru-cache-11.3.5.tgz 0ms (cache hit)
6105 http cache ms@https://registry.npmjs.org/ms/-/ms-2.0.0.tgz 0ms (cache hit)
6106 http cache debug@https://registry.npmjs.org/debug/-/debug-2.6.9.tgz 0ms (cache hit)
6107 http cache semver@https://registry.npmjs.org/semver/-/semver-7.7.4.tgz 0ms (cache hit)
6108 http cache @radix-ui/react-slot@https://registry.npmjs.org/@radix-ui/react-slot/-/react-slot-1.2.3.tgz 0ms (cache hit)
6109 http cache @radix-ui/react-presence@https://registry.npmjs.org/@radix-ui/react-presence/-/react-presence-1.1.5.tgz 0ms (cache hit)
6110 http cache @radix-ui/react-primitive@https://registry.npmjs.org/@radix-ui/react-primitive/-/react-primitive-2.1.3.tgz 0ms (cache hit)
6111 http cache @radix-ui/react-portal@https://registry.npmjs.org/@radix-ui/react-portal/-/react-portal-1.1.9.tgz 0ms (cache hit)
6112 http cache @radix-ui/react-dismissable-layer@https://registry.npmjs.org/@radix-ui/react-dismissable-layer/-/react-dismissable-layer-1.1.11.tgz 0ms (cache hit)
6113 http cache @radix-ui/react-focus-scope@https://registry.npmjs.org/@radix-ui/react-focus-scope/-/react-focus-scope-1.1.7.tgz 0ms (cache hit)
6114 http cache semver@https://registry.npmjs.org/semver/-/semver-7.7.4.tgz 0ms (cache hit)
6115 http cache glob@https://registry.npmjs.org/glob/-/glob-7.2.3.tgz 0ms (cache hit)
6116 http cache resolve@https://registry.npmjs.org/resolve/-/resolve-1.22.12.tgz 0ms (cache hit)
6117 http cache @radix-ui/react-dialog@https://registry.npmjs.org/@radix-ui/react-dialog/-/react-dialog-1.1.15.tgz 0ms (cache hit)
6118 http cache hermes-parser@https://registry.npmjs.org/hermes-parser/-/hermes-parser-0.32.0.tgz 0ms (cache hit)
6119 http cache hermes-estree@https://registry.npmjs.org/hermes-estree/-/hermes-estree-0.32.0.tgz 0ms (cache hit)
6120 http cache xmlbuilder@https://registry.npmjs.org/xmlbuilder/-/xmlbuilder-11.0.1.tgz 0ms (cache hit)
6121 http cache commander@https://registry.npmjs.org/commander/-/commander-4.1.1.tgz 0ms (cache hit)
6122 http cache brace-expansion@https://registry.npmjs.org/brace-expansion/-/brace-expansion-5.0.5.tgz 0ms (cache hit)
6123 http cache balanced-match@https://registry.npmjs.org/balanced-match/-/balanced-match-4.0.4.tgz 0ms (cache hit)
6124 http cache hermes-estree@https://registry.npmjs.org/hermes-estree/-/hermes-estree-0.32.0.tgz 0ms (cache hit)
6125 http cache hermes-parser@https://registry.npmjs.org/hermes-parser/-/hermes-parser-0.32.0.tgz 0ms (cache hit)
6126 http cache minimatch@https://registry.npmjs.org/minimatch/-/minimatch-10.2.5.tgz 0ms (cache hit)
6127 http cache webidl-conversions@https://registry.npmjs.org/webidl-conversions/-/webidl-conversions-5.0.0.tgz 0ms (cache hit)
6128 http cache minimatch@https://registry.npmjs.org/minimatch/-/minimatch-9.0.9.tgz 0ms (cache hit)
6129 http cache brace-expansion@https://registry.npmjs.org/brace-expansion/-/brace-expansion-2.1.0.tgz 0ms (cache hit)
6130 http cache react-is@https://registry.npmjs.org/react-is/-/react-is-18.3.1.tgz 0ms (cache hit)
6131 http cache ansi-styles@https://registry.npmjs.org/ansi-styles/-/ansi-styles-5.2.0.tgz 0ms (cache hit)
6132 http cache brace-expansion@https://registry.npmjs.org/brace-expansion/-/brace-expansion-2.1.0.tgz 0ms (cache hit)
6133 http cache semver@https://registry.npmjs.org/semver/-/semver-7.7.4.tgz 0ms (cache hit)
6134 http cache @babel/code-frame@https://registry.npmjs.org/@babel/code-frame/-/code-frame-7.10.4.tgz 0ms (cache hit)
6135 http cache semver@https://registry.npmjs.org/semver/-/semver-7.7.4.tgz 0ms (cache hit)
6136 http cache minimatch@https://registry.npmjs.org/minimatch/-/minimatch-9.0.9.tgz 0ms (cache hit)
6137 http cache semver@https://registry.npmjs.org/semver/-/semver-7.7.4.tgz 0ms (cache hit)
6138 http cache json5@https://registry.npmjs.org/json5/-/json5-1.0.2.tgz 0ms (cache hit)
6139 http cache react-is@https://registry.npmjs.org/react-is/-/react-is-16.13.1.tgz 0ms (cache hit)
6140 http cache semver@https://registry.npmjs.org/semver/-/semver-7.7.4.tgz 1ms (cache hit)
6141 http cache picomatch@https://registry.npmjs.org/picomatch/-/picomatch-4.0.4.tgz 0ms (cache hit)
6142 http cache debug@https://registry.npmjs.org/debug/-/debug-3.2.7.tgz 0ms (cache hit)
6143 http cache debug@https://registry.npmjs.org/debug/-/debug-3.2.7.tgz 0ms (cache hit)
6144 http cache brace-expansion@https://registry.npmjs.org/brace-expansion/-/brace-expansion-5.0.5.tgz 0ms (cache hit)
6145 http cache fdir@https://registry.npmjs.org/fdir/-/fdir-6.5.0.tgz 0ms (cache hit)
6146 http cache minimatch@https://registry.npmjs.org/minimatch/-/minimatch-10.2.5.tgz 0ms (cache hit)
6147 http cache balanced-match@https://registry.npmjs.org/balanced-match/-/balanced-match-4.0.4.tgz 0ms (cache hit)
6148 http cache eslint-visitor-keys@https://registry.npmjs.org/eslint-visitor-keys/-/eslint-visitor-keys-5.0.1.tgz 0ms (cache hit)
6149 http cache semver@https://registry.npmjs.org/semver/-/semver-7.7.4.tgz 0ms (cache hit)
6150 http cache debug@https://registry.npmjs.org/debug/-/debug-3.2.7.tgz 0ms (cache hit)
6151 http cache ignore@https://registry.npmjs.org/ignore/-/ignore-7.0.5.tgz 0ms (cache hit)
6152 http cache memoize-one@https://registry.npmjs.org/memoize-one/-/memoize-one-6.0.0.tgz 0ms (cache hit)
6153 http cache @react-native/normalize-colors@https://registry.npmjs.org/@react-native/normalize-colors/-/normalize-colors-0.74.89.tgz 0ms (cache hit)
6154 http cache semver@https://registry.npmjs.org/semver/-/semver-7.7.2.tgz 0ms (cache hit)
6155 http cache resolve-from@https://registry.npmjs.org/resolve-from/-/resolve-from-4.0.0.tgz 0ms (cache hit)
6156 http cache eslint-visitor-keys@https://registry.npmjs.org/eslint-visitor-keys/-/eslint-visitor-keys-3.4.3.tgz 0ms (cache hit)
6157 http cache semver@https://registry.npmjs.org/semver/-/semver-7.7.4.tgz 0ms (cache hit)
6158 http cache @radix-ui/react-collection@https://registry.npmjs.org/@radix-ui/react-collection/-/react-collection-1.1.7.tgz 0ms (cache hit)
6159 http cache @radix-ui/react-primitive@https://registry.npmjs.org/@radix-ui/react-primitive/-/react-primitive-2.1.3.tgz 0ms (cache hit)
6160 http cache @radix-ui/react-slot@https://registry.npmjs.org/@radix-ui/react-slot/-/react-slot-1.2.3.tgz 0ms (cache hit)
6161 http cache @radix-ui/react-presence@https://registry.npmjs.org/@radix-ui/react-presence/-/react-presence-1.1.5.tgz 0ms (cache hit)
6162 http cache semver@https://registry.npmjs.org/semver/-/semver-7.6.3.tgz 0ms (cache hit)
6163 http cache @radix-ui/react-slot@https://registry.npmjs.org/@radix-ui/react-slot/-/react-slot-1.2.3.tgz 0ms (cache hit)
6164 http cache @radix-ui/react-roving-focus@https://registry.npmjs.org/@radix-ui/react-roving-focus/-/react-roving-focus-1.1.11.tgz 0ms (cache hit)
6165 http cache @radix-ui/react-tabs@https://registry.npmjs.org/@radix-ui/react-tabs/-/react-tabs-1.1.13.tgz 0ms (cache hit)
6166 http cache globals@https://registry.npmjs.org/globals/-/globals-16.5.0.tgz 0ms (cache hit)
6167 http cache commander@https://registry.npmjs.org/commander/-/commander-12.1.0.tgz 0ms (cache hit)
6168 http cache glob@https://registry.npmjs.org/glob/-/glob-7.2.3.tgz 0ms (cache hit)
6169 http cache ws@https://registry.npmjs.org/ws/-/ws-6.2.3.tgz 0ms (cache hit)
6170 http cache semver@https://registry.npmjs.org/semver/-/semver-7.7.4.tgz 0ms (cache hit)
6171 http cache brace-expansion@https://registry.npmjs.org/brace-expansion/-/brace-expansion-2.1.0.tgz 0ms (cache hit)
6172 http cache resolve@https://registry.npmjs.org/resolve/-/resolve-1.22.12.tgz 0ms (cache hit)
6173 http cache @react-native/virtualized-lists@https://registry.npmjs.org/@react-native/virtualized-lists/-/virtualized-lists-0.81.5.tgz 0ms (cache hit)
6174 http cache picomatch@https://registry.npmjs.org/picomatch/-/picomatch-3.0.2.tgz 0ms (cache hit)
6175 http cache semver@https://registry.npmjs.org/semver/-/semver-7.7.4.tgz 0ms (cache hit)
6176 http cache ws@https://registry.npmjs.org/ws/-/ws-8.20.0.tgz 0ms (cache hit)
6177 http cache gensync@https://registry.npmjs.org/gensync/-/gensync-1.0.0-beta.2.tgz 0ms (cache hit)
6178 silly tarball no local data for @radix-ui/react-use-escape-keydown@https://registry.npmjs.org/@radix-ui/react-use-escape-keydown/-/react-use-escape-keydown-1.1.1.tgz. Extracting by manifest.
6179 http cache minimatch@https://registry.npmjs.org/minimatch/-/minimatch-9.0.9.tgz 0ms (cache hit)
6180 silly tarball no local data for detect-node-es@https://registry.npmjs.org/detect-node-es/-/detect-node-es-1.1.0.tgz. Extracting by manifest.
6181 silly tarball no local data for get-nonce@https://registry.npmjs.org/get-nonce/-/get-nonce-1.0.1.tgz. Extracting by manifest.
6182 http cache ci-info@https://registry.npmjs.org/ci-info/-/ci-info-3.9.0.tgz 0ms (cache hit)
6183 silly tarball no local data for react-remove-scroll-bar@https://registry.npmjs.org/react-remove-scroll-bar/-/react-remove-scroll-bar-2.3.8.tgz. Extracting by manifest.
6184 silly tarball no local data for react-style-singleton@https://registry.npmjs.org/react-style-singleton/-/react-style-singleton-2.2.3.tgz. Extracting by manifest.
6185 silly tarball no local data for aria-hidden@https://registry.npmjs.org/aria-hidden/-/aria-hidden-1.2.6.tgz. Extracting by manifest.
6186 silly tarball no local data for @radix-ui/react-focus-guards@https://registry.npmjs.org/@radix-ui/react-focus-guards/-/react-focus-guards-1.1.3.tgz. Extracting by manifest.
6187 silly tarball no local data for define-lazy-prop@https://registry.npmjs.org/define-lazy-prop/-/define-lazy-prop-2.0.0.tgz. Extracting by manifest.
6188 silly tarball no local data for defaults@https://registry.npmjs.org/defaults/-/defaults-1.0.4.tgz. Extracting by manifest.
6189 silly tarball no local data for clone@https://registry.npmjs.org/clone/-/clone-1.0.4.tgz. Extracting by manifest.
6190 silly tarball no local data for react-remove-scroll@https://registry.npmjs.org/react-remove-scroll/-/react-remove-scroll-2.7.2.tgz. Extracting by manifest.
6191 silly tarball no local data for supports-hyperlinks@https://registry.npmjs.org/supports-hyperlinks/-/supports-hyperlinks-2.3.0.tgz. Extracting by manifest.
6192 silly tarball no local data for ansi-escapes@https://registry.npmjs.org/ansi-escapes/-/ansi-escapes-4.3.2.tgz. Extracting by manifest.
6193 silly tarball no local data for minizlib@https://registry.npmjs.org/minizlib/-/minizlib-3.1.0.tgz. Extracting by manifest.
6194 silly tarball no local data for use-callback-ref@https://registry.npmjs.org/use-callback-ref/-/use-callback-ref-1.3.3.tgz. Extracting by manifest.
6195 silly tarball no local data for @isaacs/fs-minipass@https://registry.npmjs.org/@isaacs/fs-minipass/-/fs-minipass-4.0.1.tgz. Extracting by manifest.
6196 silly tarball no local data for chownr@https://registry.npmjs.org/chownr/-/chownr-3.0.0.tgz. Extracting by manifest.
6197 silly tarball no local data for onetime@https://registry.npmjs.org/onetime/-/onetime-2.0.1.tgz. Extracting by manifest.
6198 silly tarball no local data for ini@https://registry.npmjs.org/ini/-/ini-1.3.8.tgz. Extracting by manifest.
6199 silly tarball no local data for deep-extend@https://registry.npmjs.org/deep-extend/-/deep-extend-0.6.0.tgz. Extracting by manifest.
6200 silly tarball no local data for use-sidecar@https://registry.npmjs.org/use-sidecar/-/use-sidecar-1.1.3.tgz. Extracting by manifest.
6201 silly tarball no local data for sisteransi@https://registry.npmjs.org/sisteransi/-/sisteransi-1.0.5.tgz. Extracting by manifest.
6202 silly tarball no local data for kleur@https://registry.npmjs.org/kleur/-/kleur-3.0.3.tgz. Extracting by manifest.
6203 silly tarball no local data for nested-error-stacks@https://registry.npmjs.org/nested-error-stacks/-/nested-error-stacks-2.0.1.tgz. Extracting by manifest.
6204 silly tarball no local data for log-symbols@https://registry.npmjs.org/log-symbols/-/log-symbols-2.2.0.tgz. Extracting by manifest.
6205 silly tarball no local data for cli-spinners@https://registry.npmjs.org/cli-spinners/-/cli-spinners-2.9.2.tgz. Extracting by manifest.
6206 silly tarball no local data for proc-log@https://registry.npmjs.org/proc-log/-/proc-log-4.2.0.tgz. Extracting by manifest.
6207 silly tarball no local data for cli-cursor@https://registry.npmjs.org/cli-cursor/-/cli-cursor-2.1.0.tgz. Extracting by manifest.
6208 silly tarball no local data for mimic-fn@https://registry.npmjs.org/mimic-fn/-/mimic-fn-1.2.0.tgz. Extracting by manifest.
6209 silly tarball no local data for hosted-git-info@https://registry.npmjs.org/hosted-git-info/-/hosted-git-info-7.0.2.tgz. Extracting by manifest.
6210 silly tarball no local data for validate-npm-package-name@https://registry.npmjs.org/validate-npm-package-name/-/validate-npm-package-name-5.0.1.tgz. Extracting by manifest.
6211 silly tarball no local data for wcwidth@https://registry.npmjs.org/wcwidth/-/wcwidth-1.0.1.tgz. Extracting by manifest.
6212 silly tarball no local data for restore-cursor@https://registry.npmjs.org/restore-cursor/-/restore-cursor-2.0.0.tgz. Extracting by manifest.
6213 silly tarball no local data for compressible@https://registry.npmjs.org/compressible/-/compressible-2.0.18.tgz. Extracting by manifest.
6214 silly tarball no local data for on-headers@https://registry.npmjs.org/on-headers/-/on-headers-1.1.0.tgz. Extracting by manifest.
6215 silly tarball no local data for safe-buffer@https://registry.npmjs.org/safe-buffer/-/safe-buffer-5.2.1.tgz. Extracting by manifest.
6216 silly tarball no local data for @expo/sudo-prompt@https://registry.npmjs.org/@expo/sudo-prompt/-/sudo-prompt-9.3.2.tgz. Extracting by manifest.
6217 silly tarball no local data for wonka@https://registry.npmjs.org/wonka/-/wonka-6.3.6.tgz. Extracting by manifest.
6218 silly tarball no local data for structured-headers@https://registry.npmjs.org/structured-headers/-/structured-headers-0.4.1.tgz. Extracting by manifest.
6219 silly tarball no local data for rc@https://registry.npmjs.org/rc/-/rc-1.2.8.tgz. Extracting by manifest.
6220 silly tarball no local data for terminal-link@https://registry.npmjs.org/terminal-link/-/terminal-link-2.1.1.tgz. Extracting by manifest.
6221 silly tarball no local data for resolve.exports@https://registry.npmjs.org/resolve.exports/-/resolve.exports-2.0.3.tgz. Extracting by manifest.
6222 silly tarball no local data for progress@https://registry.npmjs.org/progress/-/progress-2.0.3.tgz. Extracting by manifest.
6223 silly tarball no local data for requireg@https://registry.npmjs.org/requireg/-/requireg-0.2.2.tgz. Extracting by manifest.
6224 silly tarball no local data for qrcode-terminal@https://registry.npmjs.org/qrcode-terminal/-/qrcode-terminal-0.11.0.tgz. Extracting by manifest.
6225 silly tarball no local data for pretty-bytes@https://registry.npmjs.org/pretty-bytes/-/pretty-bytes-5.6.0.tgz. Extracting by manifest.
6226 silly tarball no local data for lan-network@https://registry.npmjs.org/lan-network/-/lan-network-0.1.7.tgz. Extracting by manifest.
6227 silly tarball no local data for prompts@https://registry.npmjs.org/prompts/-/prompts-2.4.2.tgz. Extracting by manifest.
6228 silly tarball no local data for node-forge@https://registry.npmjs.org/node-forge/-/node-forge-1.4.0.tgz. Extracting by manifest.
6229 http cache @expo/cli@https://registry.npmjs.org/@expo/cli/-/cli-54.0.23.tgz 0ms (cache hit)
6230 silly tarball no local data for freeport-async@https://registry.npmjs.org/freeport-async/-/freeport-async-2.0.0.tgz. Extracting by manifest.
6231 silly tarball no local data for ora@https://registry.npmjs.org/ora/-/ora-3.4.0.tgz. Extracting by manifest.
6232 silly tarball no local data for compression@https://registry.npmjs.org/compression/-/compression-1.8.1.tgz. Extracting by manifest.
6233 silly tarball no local data for undici@https://registry.npmjs.org/undici/-/undici-6.25.0.tgz. Extracting by manifest.
6234 silly tarball no local data for env-editor@https://registry.npmjs.org/env-editor/-/env-editor-0.4.2.tgz. Extracting by manifest.
6235 silly tarball no local data for @urql/exchange-retry@https://registry.npmjs.org/@urql/exchange-retry/-/exchange-retry-1.3.2.tgz. Extracting by manifest.
6236 silly tarball no local data for @urql/core@https://registry.npmjs.org/@urql/core/-/core-5.2.0.tgz. Extracting by manifest.
6237 silly tarball no local data for better-opn@https://registry.npmjs.org/better-opn/-/better-opn-3.0.2.tgz. Extracting by manifest.
6238 silly tarball no local data for @expo/devcert@https://registry.npmjs.org/@expo/devcert/-/devcert-1.2.1.tgz. Extracting by manifest.
6239 silly tarball no local data for @expo/ws-tunnel@https://registry.npmjs.org/@expo/ws-tunnel/-/ws-tunnel-1.0.6.tgz. Extracting by manifest.
6240 silly tarball no local data for @expo/xcpretty@https://registry.npmjs.org/@expo/xcpretty/-/xcpretty-4.4.3.tgz. Extracting by manifest.
6241 silly tarball no local data for @expo/code-signing-certificates@https://registry.npmjs.org/@expo/code-signing-certificates/-/code-signing-certificates-0.0.6.tgz. Extracting by manifest.
6242 silly tarball no local data for @radix-ui/react-use-effect-event@https://registry.npmjs.org/@radix-ui/react-use-effect-event/-/react-use-effect-event-0.0.2.tgz. Extracting by manifest.
6243 silly tarball no local data for tar@https://registry.npmjs.org/tar/-/tar-7.5.13.tgz. Extracting by manifest.
6244 silly tarball no local data for @0no-co/graphql.web@https://registry.npmjs.org/@0no-co/graphql.web/-/graphql.web-1.2.0.tgz. Extracting by manifest.
6245 silly tarball no local data for @radix-ui/react-use-callback-ref@https://registry.npmjs.org/@radix-ui/react-use-callback-ref/-/react-use-callback-ref-1.1.1.tgz. Extracting by manifest.
6246 silly tarball no local data for @radix-ui/react-use-layout-effect@https://registry.npmjs.org/@radix-ui/react-use-layout-effect/-/react-use-layout-effect-1.1.1.tgz. Extracting by manifest.
6247 silly tarball no local data for @radix-ui/react-direction@https://registry.npmjs.org/@radix-ui/react-direction/-/react-direction-1.1.1.tgz. Extracting by manifest.
6248 silly tarball no local data for @radix-ui/react-id@https://registry.npmjs.org/@radix-ui/react-id/-/react-id-1.1.1.tgz. Extracting by manifest.
6249 silly tarball no local data for @radix-ui/react-use-controllable-state@https://registry.npmjs.org/@radix-ui/react-use-controllable-state/-/react-use-controllable-state-1.2.2.tgz. Extracting by manifest.
6250 silly tarball no local data for @expo/package-manager@https://registry.npmjs.org/@expo/package-manager/-/package-manager-1.10.4.tgz. Extracting by manifest.
6251 silly tarball no local data for async-limiter@https://registry.npmjs.org/async-limiter/-/async-limiter-1.0.1.tgz. Extracting by manifest.
6252 silly tarball no local data for npm-package-arg@https://registry.npmjs.org/npm-package-arg/-/npm-package-arg-11.0.3.tgz. Extracting by manifest.
6253 silly tarball no local data for path-is-absolute@https://registry.npmjs.org/path-is-absolute/-/path-is-absolute-1.0.1.tgz. Extracting by manifest.
6254 silly tarball no local data for @expo/osascript@https://registry.npmjs.org/@expo/osascript/-/osascript-2.4.2.tgz. Extracting by manifest.
6255 silly tarball no local data for inflight@https://registry.npmjs.org/inflight/-/inflight-1.0.6.tgz. Extracting by manifest.
6256 silly tarball no local data for sprintf-js@https://registry.npmjs.org/sprintf-js/-/sprintf-js-1.0.3.tgz. Extracting by manifest.
6257 silly tarball no local data for is-fullwidth-code-point@https://registry.npmjs.org/is-fullwidth-code-point/-/is-fullwidth-code-point-3.0.0.tgz. Extracting by manifest.
6258 silly tarball no local data for @babel/highlight@https://registry.npmjs.org/@babel/highlight/-/highlight-7.25.9.tgz. Extracting by manifest.
6259 silly tarball no local data for fs.realpath@https://registry.npmjs.org/fs.realpath/-/fs.realpath-1.0.0.tgz. Extracting by manifest.
6260 silly tarball no local data for p-try@https://registry.npmjs.org/p-try/-/p-try-2.2.0.tgz. Extracting by manifest.
6261 silly tarball no local data for emoji-regex@https://registry.npmjs.org/emoji-regex/-/emoji-regex-8.0.0.tgz. Extracting by manifest.
6262 silly tarball no local data for @radix-ui/primitive@https://registry.npmjs.org/@radix-ui/primitive/-/primitive-1.1.3.tgz. Extracting by manifest.
6263 silly tarball no local data for @radix-ui/react-context@https://registry.npmjs.org/@radix-ui/react-context/-/react-context-1.1.2.tgz. Extracting by manifest.
6264 silly tarball no local data for string-width@https://registry.npmjs.org/string-width/-/string-width-4.2.3.tgz. Extracting by manifest.
6265 silly tarball no local data for esprima@https://registry.npmjs.org/esprima/-/esprima-4.0.1.tgz. Extracting by manifest.
6266 silly tarball no local data for strip-ansi@https://registry.npmjs.org/strip-ansi/-/strip-ansi-6.0.1.tgz. Extracting by manifest.
6267 silly tarball no local data for get-caller-file@https://registry.npmjs.org/get-caller-file/-/get-caller-file-2.0.5.tgz. Extracting by manifest.
6268 silly tarball no local data for require-directory@https://registry.npmjs.org/require-directory/-/require-directory-2.1.1.tgz. Extracting by manifest.
6269 silly tarball no local data for stream-buffers@https://registry.npmjs.org/stream-buffers/-/stream-buffers-2.2.0.tgz. Extracting by manifest.
6270 silly tarball no local data for wrap-ansi@https://registry.npmjs.org/wrap-ansi/-/wrap-ansi-7.0.0.tgz. Extracting by manifest.
6271 silly tarball no local data for y18n@https://registry.npmjs.org/y18n/-/y18n-5.0.8.tgz. Extracting by manifest.
6272 silly tarball no local data for sax@https://registry.npmjs.org/sax/-/sax-1.6.0.tgz. Extracting by manifest.
6273 silly tarball no local data for cliui@https://registry.npmjs.org/cliui/-/cliui-8.0.1.tgz. Extracting by manifest.
6274 silly tarball no local data for bplist-parser@https://registry.npmjs.org/bplist-parser/-/bplist-parser-0.3.1.tgz. Extracting by manifest.
6275 silly tarball no local data for big-integer@https://registry.npmjs.org/big-integer/-/big-integer-1.6.52.tgz. Extracting by manifest.
6276 silly tarball no local data for signal-exit@https://registry.npmjs.org/signal-exit/-/signal-exit-3.0.7.tgz. Extracting by manifest.
6277 silly tarball no local data for plist@https://registry.npmjs.org/plist/-/plist-3.1.0.tgz. Extracting by manifest.
6278 silly tarball no local data for yargs-parser@https://registry.npmjs.org/yargs-parser/-/yargs-parser-21.1.1.tgz. Extracting by manifest.
6279 silly tarball no local data for simple-plist@https://registry.npmjs.org/simple-plist/-/simple-plist-1.3.1.tgz. Extracting by manifest.
6280 silly tarball no local data for uuid@https://registry.npmjs.org/uuid/-/uuid-7.0.3.tgz. Extracting by manifest.
6281 silly tarball no local data for is-weakset@https://registry.npmjs.org/is-weakset/-/is-weakset-2.0.4.tgz. Extracting by manifest.
6282 silly tarball no local data for is-weakmap@https://registry.npmjs.org/is-weakmap/-/is-weakmap-2.0.2.tgz. Extracting by manifest.
6283 silly tarball no local data for which-collection@https://registry.npmjs.org/which-collection/-/which-collection-1.0.2.tgz. Extracting by manifest.
6284 silly tarball no local data for async-function@https://registry.npmjs.org/async-function/-/async-function-1.0.0.tgz. Extracting by manifest.
6285 silly tarball no local data for is-finalizationregistry@https://registry.npmjs.org/is-finalizationregistry/-/is-finalizationregistry-1.1.1.tgz. Extracting by manifest.
6286 silly tarball no local data for bplist-creator@https://registry.npmjs.org/bplist-creator/-/bplist-creator-0.1.0.tgz. Extracting by manifest.
6287 silly tarball no local data for generator-function@https://registry.npmjs.org/generator-function/-/generator-function-2.0.1.tgz. Extracting by manifest.
6288 silly tarball no local data for is-async-function@https://registry.npmjs.org/is-async-function/-/is-async-function-2.1.1.tgz. Extracting by manifest.
6289 silly tarball no local data for is-bigint@https://registry.npmjs.org/is-bigint/-/is-bigint-1.1.0.tgz. Extracting by manifest.
6290 silly tarball no local data for is-number-object@https://registry.npmjs.org/is-number-object/-/is-number-object-1.1.1.tgz. Extracting by manifest.
6291 silly tarball no local data for is-generator-function@https://registry.npmjs.org/is-generator-function/-/is-generator-function-1.1.2.tgz. Extracting by manifest.
6292 silly tarball no local data for ieee754@https://registry.npmjs.org/ieee754/-/ieee754-1.2.1.tgz. Extracting by manifest.
6293 silly tarball no local data for buffer@https://registry.npmjs.org/buffer/-/buffer-5.7.1.tgz. Extracting by manifest.
6294 silly tarball no local data for webidl-conversions@https://registry.npmjs.org/webidl-conversions/-/webidl-conversions-3.0.1.tgz. Extracting by manifest.
6295 silly tarball no local data for tr46@https://registry.npmjs.org/tr46/-/tr46-0.0.3.tgz. Extracting by manifest.
6296 silly tarball no local data for tmpl@https://registry.npmjs.org/tmpl/-/tmpl-1.0.5.tgz. Extracting by manifest.
6297 silly tarball no local data for makeerror@https://registry.npmjs.org/makeerror/-/makeerror-1.0.12.tgz. Extracting by manifest.
6298 silly tarball no local data for unicode-property-aliases-ecmascript@https://registry.npmjs.org/unicode-property-aliases-ecmascript/-/unicode-property-aliases-ecmascript-2.2.0.tgz. Extracting by manifest.
6299 silly tarball no local data for is-map@https://registry.npmjs.org/is-map/-/is-map-2.0.3.tgz. Extracting by manifest.
6300 silly tarball no local data for which-boxed-primitive@https://registry.npmjs.org/which-boxed-primitive/-/which-boxed-primitive-1.1.1.tgz. Extracting by manifest.
6301 silly tarball no local data for unicode-canonical-property-names-ecmascript@https://registry.npmjs.org/unicode-canonical-property-names-ecmascript/-/unicode-canonical-property-names-ecmascript-2.0.1.tgz. Extracting by manifest.
6302 silly tarball no local data for has-bigints@https://registry.npmjs.org/has-bigints/-/has-bigints-1.1.0.tgz. Extracting by manifest.
6303 silly tarball no local data for which-builtin-type@https://registry.npmjs.org/which-builtin-type/-/which-builtin-type-1.2.1.tgz. Extracting by manifest.
6304 silly tarball no local data for reflect.getprototypeof@https://registry.npmjs.org/reflect.getprototypeof/-/reflect.getprototypeof-1.0.10.tgz. Extracting by manifest.
6305 silly tarball no local data for is-boolean-object@https://registry.npmjs.org/is-boolean-object/-/is-boolean-object-1.2.2.tgz. Extracting by manifest.
6306 silly tarball no local data for strip-bom@https://registry.npmjs.org/strip-bom/-/strip-bom-3.0.0.tgz. Extracting by manifest.
6307 silly tarball no local data for minimist@https://registry.npmjs.org/minimist/-/minimist-1.2.8.tgz. Extracting by manifest.
6308 silly tarball no local data for for-each@https://registry.npmjs.org/for-each/-/for-each-0.3.5.tgz. Extracting by manifest.
6309 silly tarball no local data for thenify@https://registry.npmjs.org/thenify/-/thenify-3.3.1.tgz. Extracting by manifest.
6310 silly tarball no local data for @unrs/resolver-binding-darwin-arm64@https://registry.npmjs.org/@unrs/resolver-binding-darwin-arm64/-/resolver-binding-darwin-arm64-1.11.1.tgz. Extracting by manifest.
6311 silly tarball no local data for @types/json5@https://registry.npmjs.org/@types/json5/-/json5-0.0.29.tgz. Extracting by manifest.
6312 silly tarball no local data for buffer-from@https://registry.npmjs.org/buffer-from/-/buffer-from-1.1.2.tgz. Extracting by manifest.
6313 silly tarball no local data for source-map-support@https://registry.npmjs.org/source-map-support/-/source-map-support-0.5.21.tgz. Extracting by manifest.
6314 silly tarball no local data for @jridgewell/source-map@https://registry.npmjs.org/@jridgewell/source-map/-/source-map-0.3.11.tgz. Extracting by manifest.
6315 silly tarball no local data for napi-postinstall@https://registry.npmjs.org/napi-postinstall/-/napi-postinstall-0.3.4.tgz. Extracting by manifest.
6316 silly tarball no local data for lines-and-columns@https://registry.npmjs.org/lines-and-columns/-/lines-and-columns-1.2.4.tgz. Extracting by manifest.
6317 silly tarball no local data for mz@https://registry.npmjs.org/mz/-/mz-2.7.0.tgz. Extracting by manifest.
6318 silly tarball no local data for ts-interface-checker@https://registry.npmjs.org/ts-interface-checker/-/ts-interface-checker-0.1.13.tgz. Extracting by manifest.
6319 silly tarball no local data for type-fest@https://registry.npmjs.org/type-fest/-/type-fest-0.7.1.tgz. Extracting by manifest.
6320 silly tarball no local data for thenify-all@https://registry.npmjs.org/thenify-all/-/thenify-all-1.6.0.tgz. Extracting by manifest.
6321 silly tarball no local data for is-arrayish@https://registry.npmjs.org/is-arrayish/-/is-arrayish-0.3.4.tgz. Extracting by manifest.
6322 silly tarball no local data for mime@https://registry.npmjs.org/mime/-/mime-1.6.0.tgz. Extracting by manifest.
6323 silly tarball no local data for any-promise@https://registry.npmjs.org/any-promise/-/any-promise-1.3.0.tgz. Extracting by manifest.
6324 silly tarball no local data for fresh@https://registry.npmjs.org/fresh/-/fresh-0.5.2.tgz. Extracting by manifest.
6325 silly tarball no local data for supports-preserve-symlinks-flag@https://registry.npmjs.org/supports-preserve-symlinks-flag/-/supports-preserve-symlinks-flag-1.0.0.tgz. Extracting by manifest.
6326 silly tarball no local data for unicode-match-property-value-ecmascript@https://registry.npmjs.org/unicode-match-property-value-ecmascript/-/unicode-match-property-value-ecmascript-2.2.1.tgz. Extracting by manifest.
6327 silly tarball no local data for path-parse@https://registry.npmjs.org/path-parse/-/path-parse-1.0.7.tgz. Extracting by manifest.
6328 silly tarball no local data for send@https://registry.npmjs.org/send/-/send-0.19.2.tgz. Extracting by manifest.
6329 silly tarball no local data for node-exports-info@https://registry.npmjs.org/node-exports-info/-/node-exports-info-1.6.0.tgz. Extracting by manifest.
6330 silly tarball no local data for unicode-match-property-ecmascript@https://registry.npmjs.org/unicode-match-property-ecmascript/-/unicode-match-property-ecmascript-2.0.0.tgz. Extracting by manifest.
6331 silly tarball no local data for destroy@https://registry.npmjs.org/destroy/-/destroy-1.2.0.tgz. Extracting by manifest.
6332 silly tarball no local data for regenerate-unicode-properties@https://registry.npmjs.org/regenerate-unicode-properties/-/regenerate-unicode-properties-10.2.2.tgz. Extracting by manifest.
6333 silly tarball no local data for regjsparser@https://registry.npmjs.org/regjsparser/-/regjsparser-0.13.1.tgz. Extracting by manifest.
6334 silly tarball no local data for whatwg-url@https://registry.npmjs.org/whatwg-url/-/whatwg-url-5.0.0.tgz. Extracting by manifest.
6335 silly tarball no local data for @babel/plugin-transform-template-literals@https://registry.npmjs.org/@babel/plugin-transform-template-literals/-/plugin-transform-template-literals-7.27.1.tgz. Extracting by manifest.
6336 silly tarball no local data for regenerate@https://registry.npmjs.org/regenerate/-/regenerate-1.4.2.tgz. Extracting by manifest.
6337 silly tarball no local data for regjsgen@https://registry.npmjs.org/regjsgen/-/regjsgen-0.8.0.tgz. Extracting by manifest.
6338 silly tarball no local data for fbjs-css-vars@https://registry.npmjs.org/fbjs-css-vars/-/fbjs-css-vars-1.0.2.tgz. Extracting by manifest.
6339 silly tarball no local data for node-fetch@https://registry.npmjs.org/node-fetch/-/node-fetch-2.7.0.tgz. Extracting by manifest.
6340 silly tarball no local data for isarray@https://registry.npmjs.org/isarray/-/isarray-2.0.5.tgz. Extracting by manifest.
6341 silly tarball no local data for cross-fetch@https://registry.npmjs.org/cross-fetch/-/cross-fetch-3.2.0.tgz. Extracting by manifest.
6342 silly tarball no local data for css-in-js-utils@https://registry.npmjs.org/css-in-js-utils/-/css-in-js-utils-3.1.0.tgz. Extracting by manifest.
6343 silly tarball no local data for setimmediate@https://registry.npmjs.org/setimmediate/-/setimmediate-1.0.5.tgz. Extracting by manifest.
6344 silly tarball no local data for styleq@https://registry.npmjs.org/styleq/-/styleq-0.1.3.tgz. Extracting by manifest.
6345 silly tarball no local data for postcss-value-parser@https://registry.npmjs.org/postcss-value-parser/-/postcss-value-parser-4.2.0.tgz. Extracting by manifest.
6346 silly tarball no local data for hyphenate-style-name@https://registry.npmjs.org/hyphenate-style-name/-/hyphenate-style-name-1.1.0.tgz. Extracting by manifest.
6347 silly tarball no local data for entities@https://registry.npmjs.org/entities/-/entities-4.5.0.tgz. Extracting by manifest.
6348 silly tarball no local data for dom-serializer@https://registry.npmjs.org/dom-serializer/-/dom-serializer-2.0.0.tgz. Extracting by manifest.
6349 silly tarball no local data for domelementtype@https://registry.npmjs.org/domelementtype/-/domelementtype-2.3.0.tgz. Extracting by manifest.
6350 silly tarball no local data for inline-style-prefixer@https://registry.npmjs.org/inline-style-prefixer/-/inline-style-prefixer-7.0.1.tgz. Extracting by manifest.
6351 silly tarball no local data for nth-check@https://registry.npmjs.org/nth-check/-/nth-check-2.1.1.tgz. Extracting by manifest.
6352 silly tarball no local data for fbjs@https://registry.npmjs.org/fbjs/-/fbjs-3.0.5.tgz. Extracting by manifest.
6353 silly tarball no local data for mdn-data@https://registry.npmjs.org/mdn-data/-/mdn-data-2.0.14.tgz. Extracting by manifest.
6354 silly tarball no local data for domutils@https://registry.npmjs.org/domutils/-/domutils-3.2.2.tgz. Extracting by manifest.
6355 silly tarball no local data for boolbase@https://registry.npmjs.org/boolbase/-/boolbase-1.0.0.tgz. Extracting by manifest.
6356 silly tarball no local data for css-tree@https://registry.npmjs.org/css-tree/-/css-tree-1.1.3.tgz. Extracting by manifest.
6357 silly tarball no local data for ua-parser-js@https://registry.npmjs.org/ua-parser-js/-/ua-parser-js-1.0.41.tgz. Extracting by manifest.
6358 silly tarball no local data for css-what@https://registry.npmjs.org/css-what/-/css-what-6.2.2.tgz. Extracting by manifest.
6359 silly tarball no local data for @egjs/hammerjs@https://registry.npmjs.org/@egjs/hammerjs/-/hammerjs-2.0.17.tgz. Extracting by manifest.
6360 silly tarball no local data for react-freeze@https://registry.npmjs.org/react-freeze/-/react-freeze-1.0.4.tgz. Extracting by manifest.
6361 silly tarball no local data for shell-quote@https://registry.npmjs.org/shell-quote/-/shell-quote-1.8.3.tgz. Extracting by manifest.
6362 silly tarball no local data for css-select@https://registry.npmjs.org/css-select/-/css-select-5.2.2.tgz. Extracting by manifest.
6363 silly tarball no local data for asap@https://registry.npmjs.org/asap/-/asap-2.0.6.tgz. Extracting by manifest.
6364 silly tarball no local data for marky@https://registry.npmjs.org/marky/-/marky-1.3.0.tgz. Extracting by manifest.
6365 silly tarball no local data for @types/hammerjs@https://registry.npmjs.org/@types/hammerjs/-/hammerjs-2.0.46.tgz. Extracting by manifest.
6366 silly tarball no local data for @types/stack-utils@https://registry.npmjs.org/@types/stack-utils/-/stack-utils-2.0.3.tgz. Extracting by manifest.
6367 silly tarball no local data for domhandler@https://registry.npmjs.org/domhandler/-/domhandler-5.0.3.tgz. Extracting by manifest.
6368 silly tarball no local data for hoist-non-react-statics@https://registry.npmjs.org/hoist-non-react-statics/-/hoist-non-react-statics-3.3.2.tgz. Extracting by manifest.
6369 silly tarball no local data for stack-utils@https://registry.npmjs.org/stack-utils/-/stack-utils-2.0.6.tgz. Extracting by manifest.
6370 silly tarball no local data for @types/graceful-fs@https://registry.npmjs.org/@types/graceful-fs/-/graceful-fs-4.1.9.tgz. Extracting by manifest.
6371 silly tarball no local data for @sinonjs/commons@https://registry.npmjs.org/@sinonjs/commons/-/commons-3.0.1.tgz. Extracting by manifest.
6372 silly tarball no local data for jest-message-util@https://registry.npmjs.org/jest-message-util/-/jest-message-util-29.7.0.tgz. Extracting by manifest.
6373 silly tarball no local data for @jest/environment@https://registry.npmjs.org/@jest/environment/-/environment-29.7.0.tgz. Extracting by manifest.
6374 silly tarball no local data for istanbul-lib-coverage@https://registry.npmjs.org/istanbul-lib-coverage/-/istanbul-lib-coverage-3.2.2.tgz. Extracting by manifest.
6375 silly tarball no local data for mkdirp@https://registry.npmjs.org/mkdirp/-/mkdirp-1.0.4.tgz. Extracting by manifest.
6376 silly tarball no local data for lighthouse-logger@https://registry.npmjs.org/lighthouse-logger/-/lighthouse-logger-1.4.2.tgz. Extracting by manifest.
6377 silly tarball no local data for rimraf@https://registry.npmjs.org/rimraf/-/rimraf-3.0.2.tgz. Extracting by manifest.
6378 silly tarball no local data for is-docker@https://registry.npmjs.org/is-docker/-/is-docker-2.2.1.tgz. Extracting by manifest.
6379 silly tarball no local data for @jest/fake-timers@https://registry.npmjs.org/@jest/fake-timers/-/fake-timers-29.7.0.tgz. Extracting by manifest.
6380 silly tarball no local data for @sinonjs/fake-timers@https://registry.npmjs.org/@sinonjs/fake-timers/-/fake-timers-10.3.0.tgz. Extracting by manifest.
6381 silly tarball no local data for @babel/plugin-syntax-top-level-await@https://registry.npmjs.org/@babel/plugin-syntax-top-level-await/-/plugin-syntax-top-level-await-7.14.5.tgz. Extracting by manifest.
6382 silly tarball no local data for @babel/plugin-syntax-object-rest-spread@https://registry.npmjs.org/@babel/plugin-syntax-object-rest-spread/-/plugin-syntax-object-rest-spread-7.8.3.tgz. Extracting by manifest.
6383 silly tarball no local data for jest-mock@https://registry.npmjs.org/jest-mock/-/jest-mock-29.7.0.tgz. Extracting by manifest.
6384 silly tarball no local data for @babel/plugin-syntax-logical-assignment-operators@https://registry.npmjs.org/@babel/plugin-syntax-logical-assignment-operators/-/plugin-syntax-logical-assignment-operators-7.10.4.tgz. Extracting by manifest.
6385 silly tarball no local data for type-detect@https://registry.npmjs.org/type-detect/-/type-detect-4.0.8.tgz. Extracting by manifest.
6386 silly tarball no local data for @babel/plugin-syntax-optional-catch-binding@https://registry.npmjs.org/@babel/plugin-syntax-optional-catch-binding/-/plugin-syntax-optional-catch-binding-7.8.3.tgz. Extracting by manifest.
6387 silly tarball no local data for is-wsl@https://registry.npmjs.org/is-wsl/-/is-wsl-2.2.0.tgz. Extracting by manifest.
6388 silly tarball no local data for @babel/plugin-syntax-private-property-in-object@https://registry.npmjs.org/@babel/plugin-syntax-private-property-in-object/-/plugin-syntax-private-property-in-object-7.14.5.tgz. Extracting by manifest.
6389 silly tarball no local data for @babel/plugin-syntax-numeric-separator@https://registry.npmjs.org/@babel/plugin-syntax-numeric-separator/-/plugin-syntax-numeric-separator-7.10.4.tgz. Extracting by manifest.
6390 silly tarball no local data for @babel/plugin-syntax-json-strings@https://registry.npmjs.org/@babel/plugin-syntax-json-strings/-/plugin-syntax-json-strings-7.8.3.tgz. Extracting by manifest.
6391 silly tarball no local data for @babel/plugin-syntax-async-generators@https://registry.npmjs.org/@babel/plugin-syntax-async-generators/-/plugin-syntax-async-generators-7.8.4.tgz. Extracting by manifest.
6392 silly tarball no local data for @babel/plugin-syntax-bigint@https://registry.npmjs.org/@babel/plugin-syntax-bigint/-/plugin-syntax-bigint-7.8.3.tgz. Extracting by manifest.
6393 silly tarball no local data for @babel/plugin-syntax-import-attributes@https://registry.npmjs.org/@babel/plugin-syntax-import-attributes/-/plugin-syntax-import-attributes-7.28.6.tgz. Extracting by manifest.
6394 silly tarball no local data for babel-plugin-jest-hoist@https://registry.npmjs.org/babel-plugin-jest-hoist/-/babel-plugin-jest-hoist-29.6.3.tgz. Extracting by manifest.
6395 silly tarball no local data for @babel/plugin-syntax-class-static-block@https://registry.npmjs.org/@babel/plugin-syntax-class-static-block/-/plugin-syntax-class-static-block-7.14.5.tgz. Extracting by manifest.
6396 silly tarball no local data for @babel/plugin-syntax-import-meta@https://registry.npmjs.org/@babel/plugin-syntax-import-meta/-/plugin-syntax-import-meta-7.10.4.tgz. Extracting by manifest.
6397 silly tarball no local data for babel-preset-current-node-syntax@https://registry.npmjs.org/babel-preset-current-node-syntax/-/babel-preset-current-node-syntax-1.2.0.tgz. Extracting by manifest.
6398 silly tarball no local data for get-package-type@https://registry.npmjs.org/get-package-type/-/get-package-type-0.1.0.tgz. Extracting by manifest.
6399 silly tarball no local data for istanbul-lib-instrument@https://registry.npmjs.org/istanbul-lib-instrument/-/istanbul-lib-instrument-5.2.1.tgz. Extracting by manifest.
6400 silly tarball no local data for test-exclude@https://registry.npmjs.org/test-exclude/-/test-exclude-6.0.0.tgz. Extracting by manifest.
6401 silly tarball no local data for @istanbuljs/load-nyc-config@https://registry.npmjs.org/@istanbuljs/load-nyc-config/-/load-nyc-config-1.1.0.tgz. Extracting by manifest.
6402 silly tarball no local data for @istanbuljs/schema@https://registry.npmjs.org/@istanbuljs/schema/-/schema-0.1.6.tgz. Extracting by manifest.
6403 silly tarball no local data for write-file-atomic@https://registry.npmjs.org/write-file-atomic/-/write-file-atomic-4.0.2.tgz. Extracting by manifest.
6404 silly tarball no local data for @babel/plugin-syntax-class-properties@https://registry.npmjs.org/@babel/plugin-syntax-class-properties/-/plugin-syntax-class-properties-7.12.13.tgz. Extracting by manifest.
6405 silly tarball no local data for @types/babel__traverse@https://registry.npmjs.org/@types/babel__traverse/-/babel__traverse-7.28.0.tgz. Extracting by manifest.
6406 silly tarball no local data for pirates@https://registry.npmjs.org/pirates/-/pirates-4.0.7.tgz. Extracting by manifest.
6407 silly tarball no local data for @types/babel__template@https://registry.npmjs.org/@types/babel__template/-/babel__template-7.4.4.tgz. Extracting by manifest.
6408 silly tarball no local data for babel-preset-jest@https://registry.npmjs.org/babel-preset-jest/-/babel-preset-jest-29.6.3.tgz. Extracting by manifest.
6409 silly tarball no local data for jest-haste-map@https://registry.npmjs.org/jest-haste-map/-/jest-haste-map-29.7.0.tgz. Extracting by manifest.
6410 silly tarball no local data for babel-plugin-istanbul@https://registry.npmjs.org/babel-plugin-istanbul/-/babel-plugin-istanbul-6.1.1.tgz. Extracting by manifest.
6411 silly tarball no local data for event-target-shim@https://registry.npmjs.org/event-target-shim/-/event-target-shim-5.0.1.tgz. Extracting by manifest.
6412 silly tarball no local data for jest-regex-util@https://registry.npmjs.org/jest-regex-util/-/jest-regex-util-29.6.3.tgz. Extracting by manifest.
6413 silly tarball no local data for @types/babel__generator@https://registry.npmjs.org/@types/babel__generator/-/babel__generator-7.27.0.tgz. Extracting by manifest.
6414 silly tarball no local data for @jest/transform@https://registry.npmjs.org/@jest/transform/-/transform-29.7.0.tgz. Extracting by manifest.
6415 silly tarball no local data for open@https://registry.npmjs.org/open/-/open-7.4.2.tgz. Extracting by manifest.
6416 silly tarball no local data for chromium-edge-launcher@https://registry.npmjs.org/chromium-edge-launcher/-/chromium-edge-launcher-0.2.0.tgz. Extracting by manifest.
6417 silly tarball no local data for @types/babel__core@https://registry.npmjs.org/@types/babel__core/-/babel__core-7.20.5.tgz. Extracting by manifest.
6418 silly tarball no local data for @react-native/dev-middleware@https://registry.npmjs.org/@react-native/dev-middleware/-/dev-middleware-0.81.5.tgz. Extracting by manifest.
6419 silly tarball no local data for chrome-launcher@https://registry.npmjs.org/chrome-launcher/-/chrome-launcher-0.15.2.tgz. Extracting by manifest.
6420 silly tarball no local data for @react-native/debugger-frontend@https://registry.npmjs.org/@react-native/debugger-frontend/-/debugger-frontend-0.81.5.tgz. Extracting by manifest.
6421 silly tarball no local data for @isaacs/ttlcache@https://registry.npmjs.org/@isaacs/ttlcache/-/ttlcache-1.4.1.tgz. Extracting by manifest.
6422 silly tarball no local data for serve-static@https://registry.npmjs.org/serve-static/-/serve-static-1.16.3.tgz. Extracting by manifest.
6423 silly tarball no local data for babel-jest@https://registry.npmjs.org/babel-jest/-/babel-jest-29.7.0.tgz. Extracting by manifest.
6424 silly tarball no local data for promise@https://registry.npmjs.org/promise/-/promise-8.3.0.tgz. Extracting by manifest.
6425 silly tarball no local data for regenerator-runtime@https://registry.npmjs.org/regenerator-runtime/-/regenerator-runtime-0.13.11.tgz. Extracting by manifest.
6426 silly tarball no local data for memoize-one@https://registry.npmjs.org/memoize-one/-/memoize-one-5.2.1.tgz. Extracting by manifest.
6427 silly tarball no local data for jest-environment-node@https://registry.npmjs.org/jest-environment-node/-/jest-environment-node-29.7.0.tgz. Extracting by manifest.
6428 silly tarball no local data for abort-controller@https://registry.npmjs.org/abort-controller/-/abort-controller-3.0.0.tgz. Extracting by manifest.
6429 silly tarball no local data for ansi-regex@https://registry.npmjs.org/ansi-regex/-/ansi-regex-5.0.1.tgz. Extracting by manifest.
6430 silly tarball no local data for react-devtools-core@https://registry.npmjs.org/react-devtools-core/-/react-devtools-core-6.1.5.tgz. Extracting by manifest.
6431 silly tarball no local data for @react-native/assets-registry@https://registry.npmjs.org/@react-native/assets-registry/-/assets-registry-0.81.5.tgz. Extracting by manifest.
6432 silly tarball no local data for @react-native/community-cli-plugin@https://registry.npmjs.org/@react-native/community-cli-plugin/-/community-cli-plugin-0.81.5.tgz. Extracting by manifest.
6433 silly tarball no local data for @react-native/gradle-plugin@https://registry.npmjs.org/@react-native/gradle-plugin/-/gradle-plugin-0.81.5.tgz. Extracting by manifest.
6434 silly tarball no local data for @react-native/js-polyfills@https://registry.npmjs.org/@react-native/js-polyfills/-/js-polyfills-0.81.5.tgz. Extracting by manifest.
6435 silly tarball no local data for scheduler@https://registry.npmjs.org/scheduler/-/scheduler-0.26.0.tgz. Extracting by manifest.
6436 silly tarball no local data for filter-obj@https://registry.npmjs.org/filter-obj/-/filter-obj-1.1.0.tgz. Extracting by manifest.
6437 silly tarball no local data for split-on-first@https://registry.npmjs.org/split-on-first/-/split-on-first-1.1.0.tgz. Extracting by manifest.
6438 silly tarball no local data for strict-uri-encode@https://registry.npmjs.org/strict-uri-encode/-/strict-uri-encode-2.0.0.tgz. Extracting by manifest.
6439 silly tarball no local data for decode-uri-component@https://registry.npmjs.org/decode-uri-component/-/decode-uri-component-0.2.2.tgz. Extracting by manifest.
6440 silly tarball no local data for @jest/create-cache-key-function@https://registry.npmjs.org/@jest/create-cache-key-function/-/create-cache-key-function-29.7.0.tgz. Extracting by manifest.
6441 silly tarball no local data for pngjs@https://registry.npmjs.org/pngjs/-/pngjs-3.4.0.tgz. Extracting by manifest.
6442 silly tarball no local data for vlq@https://registry.npmjs.org/vlq/-/vlq-1.0.1.tgz. Extracting by manifest.
6443 silly tarball no local data for bser@https://registry.npmjs.org/bser/-/bser-2.1.1.tgz. Extracting by manifest.
6444 silly tarball no local data for terser@https://registry.npmjs.org/terser/-/terser-5.46.1.tgz. Extracting by manifest.
6445 silly tarball no local data for walker@https://registry.npmjs.org/walker/-/walker-1.0.8.tgz. Extracting by manifest.
6446 silly tarball no local data for fb-watchman@https://registry.npmjs.org/fb-watchman/-/fb-watchman-2.0.2.tgz. Extracting by manifest.
6447 silly tarball no local data for ob1@https://registry.npmjs.org/ob1/-/ob1-0.83.3.tgz. Extracting by manifest.
6448 silly tarball no local data for camelcase@https://registry.npmjs.org/camelcase/-/camelcase-6.3.0.tgz. Extracting by manifest.
6449 silly tarball no local data for micromatch@https://registry.npmjs.org/micromatch/-/micromatch-4.0.8.tgz. Extracting by manifest.
6450 silly tarball no local data for jest-validate@https://registry.npmjs.org/jest-validate/-/jest-validate-29.7.0.tgz. Extracting by manifest.
6451 silly tarball no local data for leven@https://registry.npmjs.org/leven/-/leven-3.1.0.tgz. Extracting by manifest.
6452 silly tarball no local data for yaml@https://registry.npmjs.org/yaml/-/yaml-2.8.3.tgz. Extracting by manifest.
6453 silly tarball no local data for jest-get-type@https://registry.npmjs.org/jest-get-type/-/jest-get-type-29.6.3.tgz. Extracting by manifest.
6454 silly tarball no local data for https-proxy-agent@https://registry.npmjs.org/https-proxy-agent/-/https-proxy-agent-7.0.6.tgz. Extracting by manifest.
6455 silly tarball no local data for exponential-backoff@https://registry.npmjs.org/exponential-backoff/-/exponential-backoff-3.1.3.tgz. Extracting by manifest.
6456 silly tarball no local data for @sinclair/typebox@https://registry.npmjs.org/@sinclair/typebox/-/typebox-0.27.10.tgz. Extracting by manifest.
6457 silly tarball no local data for @types/yargs@https://registry.npmjs.org/@types/yargs/-/yargs-17.0.35.tgz. Extracting by manifest.
6458 silly tarball no local data for @types/istanbul-lib-report@https://registry.npmjs.org/@types/istanbul-lib-report/-/istanbul-lib-report-3.0.3.tgz. Extracting by manifest.
6459 silly tarball no local data for @types/istanbul-reports@https://registry.npmjs.org/@types/istanbul-reports/-/istanbul-reports-3.0.4.tgz. Extracting by manifest.
6460 silly tarball no local data for @types/istanbul-lib-coverage@https://registry.npmjs.org/@types/istanbul-lib-coverage/-/istanbul-lib-coverage-2.0.6.tgz. Extracting by manifest.
6461 silly tarball no local data for @jest/schemas@https://registry.npmjs.org/@jest/schemas/-/schemas-29.6.3.tgz. Extracting by manifest.
6462 silly tarball no local data for @types/yargs-parser@https://registry.npmjs.org/@types/yargs-parser/-/yargs-parser-21.0.3.tgz. Extracting by manifest.
6463 silly tarball no local data for @jest/types@https://registry.npmjs.org/@jest/types/-/types-29.6.3.tgz. Extracting by manifest.
6464 silly tarball no local data for jest-util@https://registry.npmjs.org/jest-util/-/jest-util-29.7.0.tgz. Extracting by manifest.
6465 silly tarball no local data for queue@https://registry.npmjs.org/queue/-/queue-6.0.2.tgz. Extracting by manifest.
6466 silly tarball no local data for merge-stream@https://registry.npmjs.org/merge-stream/-/merge-stream-2.0.0.tgz. Extracting by manifest.
6467 silly tarball no local data for on-finished@https://registry.npmjs.org/on-finished/-/on-finished-2.3.0.tgz. Extracting by manifest.
6468 silly tarball no local data for statuses@https://registry.npmjs.org/statuses/-/statuses-1.5.0.tgz. Extracting by manifest.
6469 silly tarball no local data for encodeurl@https://registry.npmjs.org/encodeurl/-/encodeurl-1.0.2.tgz. Extracting by manifest.
6470 silly tarball no local data for stackframe@https://registry.npmjs.org/stackframe/-/stackframe-1.3.4.tgz. Extracting by manifest.
6471 silly tarball no local data for finalhandler@https://registry.npmjs.org/finalhandler/-/finalhandler-1.1.2.tgz. Extracting by manifest.
6472 silly tarball no local data for utils-merge@https://registry.npmjs.org/utils-merge/-/utils-merge-1.0.1.tgz. Extracting by manifest.
6473 silly tarball no local data for ws@https://registry.npmjs.org/ws/-/ws-7.5.10.tgz. Extracting by manifest.
6474 silly tarball no local data for throat@https://registry.npmjs.org/throat/-/throat-5.0.0.tgz. Extracting by manifest.
6475 silly tarball no local data for source-map@https://registry.npmjs.org/source-map/-/source-map-0.5.7.tgz. Extracting by manifest.
6476 silly tarball no local data for lodash.throttle@https://registry.npmjs.org/lodash.throttle/-/lodash.throttle-4.1.1.tgz. Extracting by manifest.
6477 silly tarball no local data for jest-worker@https://registry.npmjs.org/jest-worker/-/jest-worker-29.7.0.tgz. Extracting by manifest.
6478 silly tarball no local data for image-size@https://registry.npmjs.org/image-size/-/image-size-1.2.1.tgz. Extracting by manifest.
6479 silly tarball no local data for graceful-fs@https://registry.npmjs.org/graceful-fs/-/graceful-fs-4.2.11.tgz. Extracting by manifest.
6480 silly tarball no local data for flow-enums-runtime@https://registry.npmjs.org/flow-enums-runtime/-/flow-enums-runtime-0.0.6.tgz. Extracting by manifest.
6481 silly tarball no local data for error-stack-parser@https://registry.npmjs.org/error-stack-parser/-/error-stack-parser-2.1.4.tgz. Extracting by manifest.
6482 silly tarball no local data for connect@https://registry.npmjs.org/connect/-/connect-3.7.0.tgz. Extracting by manifest.
6483 silly tarball no local data for ci-info@https://registry.npmjs.org/ci-info/-/ci-info-2.0.0.tgz. Extracting by manifest.
6484 silly tarball no local data for serialize-error@https://registry.npmjs.org/serialize-error/-/serialize-error-2.1.0.tgz. Extracting by manifest.
6485 silly tarball no local data for set-function-name@https://registry.npmjs.org/set-function-name/-/set-function-name-2.0.2.tgz. Extracting by manifest.
6486 silly tarball no local data for loose-envify@https://registry.npmjs.org/loose-envify/-/loose-envify-1.4.0.tgz. Extracting by manifest.
6487 silly tarball no local data for hermes-estree@https://registry.npmjs.org/hermes-estree/-/hermes-estree-0.29.1.tgz. Extracting by manifest.
6488 silly tarball no local data for minipass@https://registry.npmjs.org/minipass/-/minipass-7.1.3.tgz. Extracting by manifest.
6489 silly tarball no local data for resolve-pkg-maps@https://registry.npmjs.org/resolve-pkg-maps/-/resolve-pkg-maps-1.0.0.tgz. Extracting by manifest.
6490 silly tarball no local data for path-scurry@https://registry.npmjs.org/path-scurry/-/path-scurry-2.0.2.tgz. Extracting by manifest.
6491 silly tarball no local data for functions-have-names@https://registry.npmjs.org/functions-have-names/-/functions-have-names-1.2.3.tgz. Extracting by manifest.
6492 silly tarball no local data for @react-native/normalize-colors@https://registry.npmjs.org/@react-native/normalize-colors/-/normalize-colors-0.81.5.tgz. Extracting by manifest.
6493 silly tarball no local data for warn-once@https://registry.npmjs.org/warn-once/-/warn-once-0.1.1.tgz. Extracting by manifest.
6494 silly tarball no local data for @radix-ui/react-compose-refs@https://registry.npmjs.org/@radix-ui/react-compose-refs/-/react-compose-refs-1.1.2.tgz. Extracting by manifest.
6495 silly tarball no local data for @expo/prebuild-config@https://registry.npmjs.org/@expo/prebuild-config/-/prebuild-config-54.0.8.tgz. Extracting by manifest.
6496 silly tarball no local data for anser@https://registry.npmjs.org/anser/-/anser-1.4.10.tgz. Extracting by manifest.
6497 silly tarball no local data for stacktrace-parser@https://registry.npmjs.org/stacktrace-parser/-/stacktrace-parser-0.1.11.tgz. Extracting by manifest.
6498 silly tarball no local data for whatwg-fetch@https://registry.npmjs.org/whatwg-fetch/-/whatwg-fetch-3.6.20.tgz. Extracting by manifest.
6499 silly tarball no local data for vaul@https://registry.npmjs.org/vaul/-/vaul-1.1.2.tgz. Extracting by manifest.
6500 silly tarball no local data for shallowequal@https://registry.npmjs.org/shallowequal/-/shallowequal-1.1.0.tgz. Extracting by manifest.
6501 silly tarball no local data for server-only@https://registry.npmjs.org/server-only/-/server-only-0.0.1.tgz. Extracting by manifest.
6502 silly tarball no local data for react-native-is-edge-to-edge@https://registry.npmjs.org/react-native-is-edge-to-edge/-/react-native-is-edge-to-edge-1.3.1.tgz. Extracting by manifest.
6503 silly tarball no local data for react-fast-compare@https://registry.npmjs.org/react-fast-compare/-/react-fast-compare-3.2.2.tgz. Extracting by manifest.
6504 silly tarball no local data for expo-server@https://registry.npmjs.org/expo-server/-/expo-server-1.0.5.tgz. Extracting by manifest.
6505 silly tarball no local data for client-only@https://registry.npmjs.org/client-only/-/client-only-0.0.1.tgz. Extracting by manifest.
6506 silly tarball no local data for @expo/schema-utils@https://registry.npmjs.org/@expo/schema-utils/-/schema-utils-0.1.8.tgz. Extracting by manifest.
6507 silly tarball no local data for @expo/metro-runtime@https://registry.npmjs.org/@expo/metro-runtime/-/metro-runtime-6.1.2.tgz. Extracting by manifest.
6508 silly tarball no local data for @radix-ui/react-slot@https://registry.npmjs.org/@radix-ui/react-slot/-/react-slot-1.2.0.tgz. Extracting by manifest.
6509 silly tarball no local data for @react-navigation/native-stack@https://registry.npmjs.org/@react-navigation/native-stack/-/native-stack-7.14.11.tgz. Extracting by manifest.
6510 silly tarball no local data for commander@https://registry.npmjs.org/commander/-/commander-7.2.0.tgz. Extracting by manifest.
6511 silly tarball no local data for fontfaceobserver@https://registry.npmjs.org/fontfaceobserver/-/fontfaceobserver-2.3.0.tgz. Extracting by manifest.
6512 silly tarball no local data for @expo/require-utils@https://registry.npmjs.org/@expo/require-utils/-/require-utils-55.0.4.tgz. Extracting by manifest.
6513 silly tarball no local data for @expo/image-utils@https://registry.npmjs.org/@expo/image-utils/-/image-utils-0.8.13.tgz. Extracting by manifest.
6514 silly tarball no local data for core-js-compat@https://registry.npmjs.org/core-js-compat/-/core-js-compat-3.49.0.tgz. Extracting by manifest.
6515 silly tarball no local data for lodash.debounce@https://registry.npmjs.org/lodash.debounce/-/lodash.debounce-4.0.8.tgz. Extracting by manifest.
6516 silly tarball no local data for @babel/helper-define-polyfill-provider@https://registry.npmjs.org/@babel/helper-define-polyfill-provider/-/helper-define-polyfill-provider-0.6.8.tgz. Extracting by manifest.
6517 silly tarball no local data for jimp-compact@https://registry.npmjs.org/jimp-compact/-/jimp-compact-0.16.1.tgz. Extracting by manifest.
6518 silly tarball no local data for parse-png@https://registry.npmjs.org/parse-png/-/parse-png-2.1.0.tgz. Extracting by manifest.
6519 silly tarball no local data for yargs@https://registry.npmjs.org/yargs/-/yargs-17.7.2.tgz. Extracting by manifest.
6520 silly tarball no local data for nullthrows@https://registry.npmjs.org/nullthrows/-/nullthrows-1.1.1.tgz. Extracting by manifest.
6521 silly tarball no local data for regexpu-core@https://registry.npmjs.org/regexpu-core/-/regexpu-core-6.4.0.tgz. Extracting by manifest.
6522 silly tarball no local data for @babel/helper-create-regexp-features-plugin@https://registry.npmjs.org/@babel/helper-create-regexp-features-plugin/-/helper-create-regexp-features-plugin-7.28.5.tgz. Extracting by manifest.
6523 silly tarball no local data for @babel/helper-wrap-function@https://registry.npmjs.org/@babel/helper-wrap-function/-/helper-wrap-function-7.28.6.tgz. Extracting by manifest.
6524 silly tarball no local data for @babel/helper-remap-async-to-generator@https://registry.npmjs.org/@babel/helper-remap-async-to-generator/-/helper-remap-async-to-generator-7.27.1.tgz. Extracting by manifest.
6525 silly tarball no local data for @react-native/codegen@https://registry.npmjs.org/@react-native/codegen/-/codegen-0.81.5.tgz. Extracting by manifest.
6526 silly tarball no local data for invariant@https://registry.npmjs.org/invariant/-/invariant-2.2.4.tgz. Extracting by manifest.
6527 silly tarball no local data for @react-native/babel-plugin-codegen@https://registry.npmjs.org/@react-native/babel-plugin-codegen/-/babel-plugin-codegen-0.81.5.tgz. Extracting by manifest.
6528 silly tarball no local data for @babel/plugin-transform-unicode-regex@https://registry.npmjs.org/@babel/plugin-transform-unicode-regex/-/plugin-transform-unicode-regex-7.27.1.tgz. Extracting by manifest.
6529 silly tarball no local data for @babel/plugin-transform-shorthand-properties@https://registry.npmjs.org/@babel/plugin-transform-shorthand-properties/-/plugin-transform-shorthand-properties-7.27.1.tgz. Extracting by manifest.
6530 silly tarball no local data for @babel/plugin-transform-regenerator@https://registry.npmjs.org/@babel/plugin-transform-regenerator/-/plugin-transform-regenerator-7.29.0.tgz. Extracting by manifest.
6531 silly tarball no local data for @babel/plugin-transform-spread@https://registry.npmjs.org/@babel/plugin-transform-spread/-/plugin-transform-spread-7.28.6.tgz. Extracting by manifest.
6532 silly tarball no local data for @babel/plugin-transform-react-jsx-self@https://registry.npmjs.org/@babel/plugin-transform-react-jsx-self/-/plugin-transform-react-jsx-self-7.27.1.tgz. Extracting by manifest.
6533 silly tarball no local data for @babel/plugin-transform-react-jsx-source@https://registry.npmjs.org/@babel/plugin-transform-react-jsx-source/-/plugin-transform-react-jsx-source-7.27.1.tgz. Extracting by manifest.
6534 silly tarball no local data for @babel/plugin-transform-nullish-coalescing-operator@https://registry.npmjs.org/@babel/plugin-transform-nullish-coalescing-operator/-/plugin-transform-nullish-coalescing-operator-7.28.6.tgz. Extracting by manifest.
6535 silly tarball no local data for @babel/plugin-transform-numeric-separator@https://registry.npmjs.org/@babel/plugin-transform-numeric-separator/-/plugin-transform-numeric-separator-7.28.6.tgz. Extracting by manifest.
6536 silly tarball no local data for @babel/plugin-transform-sticky-regex@https://registry.npmjs.org/@babel/plugin-transform-sticky-regex/-/plugin-transform-sticky-regex-7.27.1.tgz. Extracting by manifest.
6537 silly tarball no local data for @babel/plugin-transform-optional-chaining@https://registry.npmjs.org/@babel/plugin-transform-optional-chaining/-/plugin-transform-optional-chaining-7.28.6.tgz. Extracting by manifest.
6538 silly tarball no local data for @babel/plugin-transform-optional-catch-binding@https://registry.npmjs.org/@babel/plugin-transform-optional-catch-binding/-/plugin-transform-optional-catch-binding-7.28.6.tgz. Extracting by manifest.
6539 silly tarball no local data for @babel/plugin-transform-logical-assignment-operators@https://registry.npmjs.org/@babel/plugin-transform-logical-assignment-operators/-/plugin-transform-logical-assignment-operators-7.28.6.tgz. Extracting by manifest.
6540 silly tarball no local data for @babel/plugin-transform-for-of@https://registry.npmjs.org/@babel/plugin-transform-for-of/-/plugin-transform-for-of-7.27.1.tgz. Extracting by manifest.
6541 silly tarball no local data for @babel/plugin-transform-literals@https://registry.npmjs.org/@babel/plugin-transform-literals/-/plugin-transform-literals-7.27.1.tgz. Extracting by manifest.
6542 silly tarball no local data for @babel/plugin-transform-function-name@https://registry.npmjs.org/@babel/plugin-transform-function-name/-/plugin-transform-function-name-7.27.1.tgz. Extracting by manifest.
6543 silly tarball no local data for @babel/plugin-transform-computed-properties@https://registry.npmjs.org/@babel/plugin-transform-computed-properties/-/plugin-transform-computed-properties-7.28.6.tgz. Extracting by manifest.
6544 silly tarball no local data for @babel/plugin-transform-block-scoping@https://registry.npmjs.org/@babel/plugin-transform-block-scoping/-/plugin-transform-block-scoping-7.28.6.tgz. Extracting by manifest.
6545 silly tarball no local data for @babel/plugin-transform-named-capturing-groups-regex@https://registry.npmjs.org/@babel/plugin-transform-named-capturing-groups-regex/-/plugin-transform-named-capturing-groups-regex-7.29.0.tgz. Extracting by manifest.
6546 silly tarball no local data for @babel/plugin-transform-async-to-generator@https://registry.npmjs.org/@babel/plugin-transform-async-to-generator/-/plugin-transform-async-to-generator-7.28.6.tgz. Extracting by manifest.
6547 silly tarball no local data for @babel/plugin-transform-arrow-functions@https://registry.npmjs.org/@babel/plugin-transform-arrow-functions/-/plugin-transform-arrow-functions-7.27.1.tgz. Extracting by manifest.
6548 silly tarball no local data for @babel/plugin-transform-async-generator-functions@https://registry.npmjs.org/@babel/plugin-transform-async-generator-functions/-/plugin-transform-async-generator-functions-7.29.0.tgz. Extracting by manifest.
6549 silly tarball no local data for @babel/plugin-transform-classes@https://registry.npmjs.org/@babel/plugin-transform-classes/-/plugin-transform-classes-7.28.6.tgz. Extracting by manifest.
6550 silly tarball no local data for @babel/plugin-transform-class-properties@https://registry.npmjs.org/@babel/plugin-transform-class-properties/-/plugin-transform-class-properties-7.28.6.tgz. Extracting by manifest.
6551 silly tarball no local data for @babel/plugin-syntax-optional-chaining@https://registry.npmjs.org/@babel/plugin-syntax-optional-chaining/-/plugin-syntax-optional-chaining-7.8.3.tgz. Extracting by manifest.
6552 silly tarball no local data for @babel/plugin-syntax-nullish-coalescing-operator@https://registry.npmjs.org/@babel/plugin-syntax-nullish-coalescing-operator/-/plugin-syntax-nullish-coalescing-operator-7.8.3.tgz. Extracting by manifest.
6553 silly tarball no local data for @babel/plugin-syntax-jsx@https://registry.npmjs.org/@babel/plugin-syntax-jsx/-/plugin-syntax-jsx-7.28.6.tgz. Extracting by manifest.
6554 silly tarball no local data for @babel/plugin-transform-typescript@https://registry.npmjs.org/@babel/plugin-transform-typescript/-/plugin-transform-typescript-7.28.6.tgz. Extracting by manifest.
6555 silly tarball no local data for @babel/plugin-syntax-dynamic-import@https://registry.npmjs.org/@babel/plugin-syntax-dynamic-import/-/plugin-syntax-dynamic-import-7.8.3.tgz. Extracting by manifest.
6556 silly tarball no local data for @babel/plugin-transform-react-jsx-development@https://registry.npmjs.org/@babel/plugin-transform-react-jsx-development/-/plugin-transform-react-jsx-development-7.27.1.tgz. Extracting by manifest.
6557 silly tarball no local data for @babel/plugin-syntax-typescript@https://registry.npmjs.org/@babel/plugin-syntax-typescript/-/plugin-syntax-typescript-7.28.6.tgz. Extracting by manifest.
6558 silly tarball no local data for @babel/plugin-transform-react-display-name@https://registry.npmjs.org/@babel/plugin-transform-react-display-name/-/plugin-transform-react-display-name-7.28.0.tgz. Extracting by manifest.
6559 silly tarball no local data for babel-plugin-polyfill-regenerator@https://registry.npmjs.org/babel-plugin-polyfill-regenerator/-/babel-plugin-polyfill-regenerator-0.6.8.tgz. Extracting by manifest.
6560 silly tarball no local data for @babel/plugin-transform-react-jsx@https://registry.npmjs.org/@babel/plugin-transform-react-jsx/-/plugin-transform-react-jsx-7.28.6.tgz. Extracting by manifest.
6561 silly tarball no local data for @babel/plugin-transform-react-pure-annotations@https://registry.npmjs.org/@babel/plugin-transform-react-pure-annotations/-/plugin-transform-react-pure-annotations-7.27.1.tgz. Extracting by manifest.
6562 silly tarball no local data for babel-plugin-polyfill-corejs3@https://registry.npmjs.org/babel-plugin-polyfill-corejs3/-/babel-plugin-polyfill-corejs3-0.13.0.tgz. Extracting by manifest.
6563 silly tarball no local data for @babel/helper-skip-transparent-expression-wrappers@https://registry.npmjs.org/@babel/helper-skip-transparent-expression-wrappers/-/helper-skip-transparent-expression-wrappers-7.27.1.tgz. Extracting by manifest.
6564 silly tarball no local data for node-int64@https://registry.npmjs.org/node-int64/-/node-int64-0.4.0.tgz. Extracting by manifest.
6565 silly tarball no local data for @babel/plugin-transform-destructuring@https://registry.npmjs.org/@babel/plugin-transform-destructuring/-/plugin-transform-destructuring-7.28.5.tgz. Extracting by manifest.
6566 silly tarball no local data for @babel/helper-optimise-call-expression@https://registry.npmjs.org/@babel/helper-optimise-call-expression/-/helper-optimise-call-expression-7.27.1.tgz. Extracting by manifest.
6567 silly tarball no local data for @babel/helper-replace-supers@https://registry.npmjs.org/@babel/helper-replace-supers/-/helper-replace-supers-7.28.6.tgz. Extracting by manifest.
6568 silly tarball no local data for @babel/helper-member-expression-to-functions@https://registry.npmjs.org/@babel/helper-member-expression-to-functions/-/helper-member-expression-to-functions-7.28.5.tgz. Extracting by manifest.
6569 silly tarball no local data for babel-plugin-polyfill-corejs2@https://registry.npmjs.org/babel-plugin-polyfill-corejs2/-/babel-plugin-polyfill-corejs2-0.4.17.tgz. Extracting by manifest.
6570 silly tarball no local data for @babel/helper-annotate-as-pure@https://registry.npmjs.org/@babel/helper-annotate-as-pure/-/helper-annotate-as-pure-7.27.3.tgz. Extracting by manifest.
6571 silly tarball no local data for @babel/plugin-syntax-flow@https://registry.npmjs.org/@babel/plugin-syntax-flow/-/plugin-syntax-flow-7.28.6.tgz. Extracting by manifest.
6572 silly tarball no local data for @babel/helper-plugin-utils@https://registry.npmjs.org/@babel/helper-plugin-utils/-/helper-plugin-utils-7.28.6.tgz. Extracting by manifest.
6573 silly tarball no local data for @babel/helper-create-class-features-plugin@https://registry.npmjs.org/@babel/helper-create-class-features-plugin/-/helper-create-class-features-plugin-7.28.6.tgz. Extracting by manifest.
6574 silly tarball no local data for @babel/plugin-syntax-decorators@https://registry.npmjs.org/@babel/plugin-syntax-decorators/-/plugin-syntax-decorators-7.28.6.tgz. Extracting by manifest.
6575 silly tarball no local data for babel-plugin-syntax-hermes-parser@https://registry.npmjs.org/babel-plugin-syntax-hermes-parser/-/babel-plugin-syntax-hermes-parser-0.29.1.tgz. Extracting by manifest.
6576 silly tarball no local data for babel-plugin-react-native-web@https://registry.npmjs.org/babel-plugin-react-native-web/-/babel-plugin-react-native-web-0.21.2.tgz. Extracting by manifest.
6577 silly tarball no local data for babel-plugin-transform-flow-enums@https://registry.npmjs.org/babel-plugin-transform-flow-enums/-/babel-plugin-transform-flow-enums-0.0.2.tgz. Extracting by manifest.
6578 silly tarball no local data for @react-native/babel-preset@https://registry.npmjs.org/@react-native/babel-preset/-/babel-preset-0.81.5.tgz. Extracting by manifest.
6579 silly tarball no local data for @babel/preset-typescript@https://registry.npmjs.org/@babel/preset-typescript/-/preset-typescript-7.28.5.tgz. Extracting by manifest.
6580 silly tarball no local data for @babel/plugin-transform-private-property-in-object@https://registry.npmjs.org/@babel/plugin-transform-private-property-in-object/-/plugin-transform-private-property-in-object-7.28.6.tgz. Extracting by manifest.
6581 silly tarball no local data for babel-plugin-react-compiler@https://registry.npmjs.org/babel-plugin-react-compiler/-/babel-plugin-react-compiler-1.0.0.tgz. Extracting by manifest.
6582 silly tarball no local data for @babel/plugin-transform-runtime@https://registry.npmjs.org/@babel/plugin-transform-runtime/-/plugin-transform-runtime-7.29.0.tgz. Extracting by manifest.
6583 silly tarball no local data for @babel/preset-react@https://registry.npmjs.org/@babel/preset-react/-/preset-react-7.28.5.tgz. Extracting by manifest.
6584 silly tarball no local data for @babel/plugin-transform-parameters@https://registry.npmjs.org/@babel/plugin-transform-parameters/-/plugin-transform-parameters-7.27.7.tgz. Extracting by manifest.
6585 silly tarball no local data for @babel/plugin-transform-private-methods@https://registry.npmjs.org/@babel/plugin-transform-private-methods/-/plugin-transform-private-methods-7.28.6.tgz. Extracting by manifest.
6586 silly tarball no local data for @babel/plugin-transform-modules-commonjs@https://registry.npmjs.org/@babel/plugin-transform-modules-commonjs/-/plugin-transform-modules-commonjs-7.28.6.tgz. Extracting by manifest.
6587 silly tarball no local data for @babel/plugin-transform-object-rest-spread@https://registry.npmjs.org/@babel/plugin-transform-object-rest-spread/-/plugin-transform-object-rest-spread-7.28.6.tgz. Extracting by manifest.
6588 silly tarball no local data for @babel/plugin-transform-flow-strip-types@https://registry.npmjs.org/@babel/plugin-transform-flow-strip-types/-/plugin-transform-flow-strip-types-7.27.1.tgz. Extracting by manifest.
6589 silly tarball no local data for @babel/plugin-transform-export-namespace-from@https://registry.npmjs.org/@babel/plugin-transform-export-namespace-from/-/plugin-transform-export-namespace-from-7.27.1.tgz. Extracting by manifest.
6590 silly tarball no local data for @babel/plugin-transform-class-static-block@https://registry.npmjs.org/@babel/plugin-transform-class-static-block/-/plugin-transform-class-static-block-7.28.6.tgz. Extracting by manifest.
6591 silly tarball no local data for @babel/plugin-syntax-export-default-from@https://registry.npmjs.org/@babel/plugin-syntax-export-default-from/-/plugin-syntax-export-default-from-7.28.6.tgz. Extracting by manifest.
6592 silly tarball no local data for @babel/plugin-proposal-export-default-from@https://registry.npmjs.org/@babel/plugin-proposal-export-default-from/-/plugin-proposal-export-default-from-7.27.1.tgz. Extracting by manifest.
6593 silly tarball no local data for @babel/plugin-proposal-decorators@https://registry.npmjs.org/@babel/plugin-proposal-decorators/-/plugin-proposal-decorators-7.29.0.tgz. Extracting by manifest.
6594 silly tarball no local data for xmlbuilder@https://registry.npmjs.org/xmlbuilder/-/xmlbuilder-15.1.1.tgz. Extracting by manifest.
6595 silly tarball no local data for base64-js@https://registry.npmjs.org/base64-js/-/base64-js-1.5.1.tgz. Extracting by manifest.
6596 silly tarball no local data for postcss@https://registry.npmjs.org/postcss/-/postcss-8.4.49.tgz. Extracting by manifest.
6597 silly tarball no local data for @xmldom/xmldom@https://registry.npmjs.org/@xmldom/xmldom/-/xmldom-0.8.13.tgz. Extracting by manifest.
6598 silly tarball no local data for jsc-safe-url@https://registry.npmjs.org/jsc-safe-url/-/jsc-safe-url-0.2.4.tgz. Extracting by manifest.
6599 silly tarball no local data for hermes-parser@https://registry.npmjs.org/hermes-parser/-/hermes-parser-0.29.1.tgz. Extracting by manifest.
6600 silly tarball no local data for dotenv-expand@https://registry.npmjs.org/dotenv-expand/-/dotenv-expand-11.0.7.tgz. Extracting by manifest.
6601 silly tarball no local data for dotenv@https://registry.npmjs.org/dotenv/-/dotenv-16.4.7.tgz. Extracting by manifest.
6602 silly tarball no local data for metro-transform-plugins@https://registry.npmjs.org/metro-transform-plugins/-/metro-transform-plugins-0.83.3.tgz. Extracting by manifest.
6603 silly tarball no local data for @expo/env@https://registry.npmjs.org/@expo/env/-/env-2.0.11.tgz. Extracting by manifest.
6604 silly tarball no local data for agent-base@https://registry.npmjs.org/agent-base/-/agent-base-7.1.4.tgz. Extracting by manifest.
6605 silly tarball no local data for metro-symbolicate@https://registry.npmjs.org/metro-symbolicate/-/metro-symbolicate-0.83.3.tgz. Extracting by manifest.
6606 silly tarball no local data for metro-source-map@https://registry.npmjs.org/metro-source-map/-/metro-source-map-0.83.3.tgz. Extracting by manifest.
6607 silly tarball no local data for metro-transform-worker@https://registry.npmjs.org/metro-transform-worker/-/metro-transform-worker-0.83.3.tgz. Extracting by manifest.
6608 silly tarball no local data for metro-runtime@https://registry.npmjs.org/metro-runtime/-/metro-runtime-0.83.3.tgz. Extracting by manifest.
6609 silly tarball no local data for metro-resolver@https://registry.npmjs.org/metro-resolver/-/metro-resolver-0.83.3.tgz. Extracting by manifest.
6610 silly tarball no local data for metro-minify-terser@https://registry.npmjs.org/metro-minify-terser/-/metro-minify-terser-0.83.3.tgz. Extracting by manifest.
6611 silly tarball no local data for metro-file-map@https://registry.npmjs.org/metro-file-map/-/metro-file-map-0.83.3.tgz. Extracting by manifest.
6612 silly tarball no local data for metro-core@https://registry.npmjs.org/metro-core/-/metro-core-0.83.3.tgz. Extracting by manifest.
6613 silly tarball no local data for metro-config@https://registry.npmjs.org/metro-config/-/metro-config-0.83.3.tgz. Extracting by manifest.
6614 silly tarball no local data for metro-cache@https://registry.npmjs.org/metro-cache/-/metro-cache-0.83.3.tgz. Extracting by manifest.
6615 silly tarball no local data for metro-babel-transformer@https://registry.npmjs.org/metro-babel-transformer/-/metro-babel-transformer-0.83.3.tgz. Extracting by manifest.
6616 silly tarball no local data for metro-cache-key@https://registry.npmjs.org/metro-cache-key/-/metro-cache-key-0.83.3.tgz. Extracting by manifest.
6617 silly tarball no local data for metro@https://registry.npmjs.org/metro/-/metro-0.83.3.tgz. Extracting by manifest.
6618 silly tarball no local data for arg@https://registry.npmjs.org/arg/-/arg-5.0.2.tgz. Extracting by manifest.
6619 silly tarball no local data for xml2js@https://registry.npmjs.org/xml2js/-/xml2js-0.6.0.tgz. Extracting by manifest.
6620 silly tarball no local data for @expo/spawn-async@https://registry.npmjs.org/@expo/spawn-async/-/spawn-async-1.7.2.tgz. Extracting by manifest.
6621 silly tarball no local data for xcode@https://registry.npmjs.org/xcode/-/xcode-3.0.1.tgz. Extracting by manifest.
6622 silly tarball no local data for slash@https://registry.npmjs.org/slash/-/slash-3.0.0.tgz. Extracting by manifest.
6623 silly tarball no local data for @expo/sdk-runtime-versions@https://registry.npmjs.org/@expo/sdk-runtime-versions/-/sdk-runtime-versions-1.0.0.tgz. Extracting by manifest.
6624 silly tarball no local data for sucrase@https://registry.npmjs.org/sucrase/-/sucrase-3.35.1.tgz. Extracting by manifest.
6625 silly tarball no local data for @expo/plist@https://registry.npmjs.org/@expo/plist/-/plist-0.4.8.tgz. Extracting by manifest.
6626 silly tarball no local data for slugify@https://registry.npmjs.org/slugify/-/slugify-1.6.9.tgz. Extracting by manifest.
6627 silly tarball no local data for resolve-workspace-root@https://registry.npmjs.org/resolve-workspace-root/-/resolve-workspace-root-2.0.1.tgz. Extracting by manifest.
6628 silly tarball no local data for resolve-from@https://registry.npmjs.org/resolve-from/-/resolve-from-5.0.0.tgz. Extracting by manifest.
6629 silly tarball no local data for require-from-string@https://registry.npmjs.org/require-from-string/-/require-from-string-2.0.2.tgz. Extracting by manifest.
6630 silly tarball no local data for glob@https://registry.npmjs.org/glob/-/glob-13.0.6.tgz. Extracting by manifest.
6631 silly tarball no local data for getenv@https://registry.npmjs.org/getenv/-/getenv-2.0.0.tgz. Extracting by manifest.
6632 silly tarball no local data for deepmerge@https://registry.npmjs.org/deepmerge/-/deepmerge-4.3.1.tgz. Extracting by manifest.
6633 silly tarball no local data for @expo/json-file@https://registry.npmjs.org/@expo/json-file/-/json-file-10.0.13.tgz. Extracting by manifest.
6634 silly tarball no local data for @expo/config-types@https://registry.npmjs.org/@expo/config-types/-/config-types-54.0.10.tgz. Extracting by manifest.
6635 silly tarball no local data for whatwg-url-without-unicode@https://registry.npmjs.org/whatwg-url-without-unicode/-/whatwg-url-without-unicode-8.0.0-3.tgz. Extracting by manifest.
6636 silly tarball no local data for pretty-format@https://registry.npmjs.org/pretty-format/-/pretty-format-29.7.0.tgz. Extracting by manifest.
6637 silly tarball no local data for expo-modules-core@https://registry.npmjs.org/expo-modules-core/-/expo-modules-core-3.0.29.tgz. Extracting by manifest.
6638 silly tarball no local data for expo-modules-autolinking@https://registry.npmjs.org/expo-modules-autolinking/-/expo-modules-autolinking-3.0.24.tgz. Extracting by manifest.
6639 silly tarball no local data for expo-keep-awake@https://registry.npmjs.org/expo-keep-awake/-/expo-keep-awake-15.0.8.tgz. Extracting by manifest.
6640 silly tarball no local data for expo-file-system@https://registry.npmjs.org/expo-file-system/-/expo-file-system-19.0.21.tgz. Extracting by manifest.
6641 silly tarball no local data for expo-asset@https://registry.npmjs.org/expo-asset/-/expo-asset-12.0.12.tgz. Extracting by manifest.
6642 silly tarball no local data for react-refresh@https://registry.npmjs.org/react-refresh/-/react-refresh-0.14.2.tgz. Extracting by manifest.
6643 silly tarball no local data for babel-preset-expo@https://registry.npmjs.org/babel-preset-expo/-/babel-preset-expo-54.0.10.tgz. Extracting by manifest.
6644 silly tarball no local data for @ungap/structured-clone@https://registry.npmjs.org/@ungap/structured-clone/-/structured-clone-1.3.0.tgz. Extracting by manifest.
6645 silly tarball no local data for @expo/metro-config@https://registry.npmjs.org/@expo/metro-config/-/metro-config-54.0.14.tgz. Extracting by manifest.
6646 silly tarball no local data for @expo/metro@https://registry.npmjs.org/@expo/metro/-/metro-54.2.0.tgz. Extracting by manifest.
6647 silly tarball no local data for @expo/fingerprint@https://registry.npmjs.org/@expo/fingerprint/-/fingerprint-0.15.4.tgz. Extracting by manifest.
6648 silly tarball no local data for @expo/devtools@https://registry.npmjs.org/@expo/devtools/-/devtools-0.1.8.tgz. Extracting by manifest.
6649 silly tarball no local data for @expo/config-plugins@https://registry.npmjs.org/@expo/config-plugins/-/config-plugins-54.0.4.tgz. Extracting by manifest.
6650 silly tarball no local data for @expo/config@https://registry.npmjs.org/@expo/config/-/config-12.0.13.tgz. Extracting by manifest.
6651 silly tarball no local data for iterator.prototype@https://registry.npmjs.org/iterator.prototype/-/iterator.prototype-1.1.5.tgz. Extracting by manifest.
6652 silly tarball no local data for string.prototype.repeat@https://registry.npmjs.org/string.prototype.repeat/-/string.prototype.repeat-1.0.0.tgz. Extracting by manifest.
6653 silly tarball no local data for string.prototype.matchall@https://registry.npmjs.org/string.prototype.matchall/-/string.prototype.matchall-4.0.12.tgz. Extracting by manifest.
6654 silly tarball no local data for object.entries@https://registry.npmjs.org/object.entries/-/object.entries-1.1.9.tgz. Extracting by manifest.
6655 silly tarball no local data for prop-types@https://registry.npmjs.org/prop-types/-/prop-types-15.8.1.tgz. Extracting by manifest.
6656 silly tarball no local data for jsx-ast-utils@https://registry.npmjs.org/jsx-ast-utils/-/jsx-ast-utils-3.3.5.tgz. Extracting by manifest.
6657 silly tarball no local data for es-iterator-helpers@https://registry.npmjs.org/es-iterator-helpers/-/es-iterator-helpers-1.3.2.tgz. Extracting by manifest.
6658 silly tarball no local data for array.prototype.tosorted@https://registry.npmjs.org/array.prototype.tosorted/-/array.prototype.tosorted-1.1.4.tgz. Extracting by manifest.
6659 silly tarball no local data for array.prototype.findlast@https://registry.npmjs.org/array.prototype.findlast/-/array.prototype.findlast-1.2.5.tgz. Extracting by manifest.
6660 silly tarball no local data for resolve@https://registry.npmjs.org/resolve/-/resolve-2.0.0-next.6.tgz. Extracting by manifest.
6661 silly tarball no local data for is-symbol@https://registry.npmjs.org/is-symbol/-/is-symbol-1.1.1.tgz. Extracting by manifest.
6662 silly tarball no local data for is-date-object@https://registry.npmjs.org/is-date-object/-/is-date-object-1.1.0.tgz. Extracting by manifest.
6663 silly tarball no local data for which-typed-array@https://registry.npmjs.org/which-typed-array/-/which-typed-array-1.1.20.tgz. Extracting by manifest.
6664 silly tarball no local data for possible-typed-array-names@https://registry.npmjs.org/possible-typed-array-names/-/possible-typed-array-names-1.1.0.tgz. Extracting by manifest.
6665 silly tarball no local data for unbox-primitive@https://registry.npmjs.org/unbox-primitive/-/unbox-primitive-1.1.0.tgz. Extracting by manifest.
6666 silly tarball no local data for typed-array-length@https://registry.npmjs.org/typed-array-length/-/typed-array-length-1.0.7.tgz. Extracting by manifest.
6667 silly tarball no local data for typed-array-byte-offset@https://registry.npmjs.org/typed-array-byte-offset/-/typed-array-byte-offset-1.0.4.tgz. Extracting by manifest.
6668 silly tarball no local data for typed-array-byte-length@https://registry.npmjs.org/typed-array-byte-length/-/typed-array-byte-length-1.0.3.tgz. Extracting by manifest.
6669 silly tarball no local data for typed-array-buffer@https://registry.npmjs.org/typed-array-buffer/-/typed-array-buffer-1.0.3.tgz. Extracting by manifest.
6670 silly tarball no local data for string.prototype.trimstart@https://registry.npmjs.org/string.prototype.trimstart/-/string.prototype.trimstart-1.0.8.tgz. Extracting by manifest.
6671 silly tarball no local data for string.prototype.trim@https://registry.npmjs.org/string.prototype.trim/-/string.prototype.trim-1.2.10.tgz. Extracting by manifest.
6672 silly tarball no local data for stop-iteration-iterator@https://registry.npmjs.org/stop-iteration-iterator/-/stop-iteration-iterator-1.1.0.tgz. Extracting by manifest.
6673 silly tarball no local data for set-proto@https://registry.npmjs.org/set-proto/-/set-proto-1.0.0.tgz. Extracting by manifest.
6674 silly tarball no local data for safe-regex-test@https://registry.npmjs.org/safe-regex-test/-/safe-regex-test-1.1.0.tgz. Extracting by manifest.
6675 silly tarball no local data for safe-push-apply@https://registry.npmjs.org/safe-push-apply/-/safe-push-apply-1.0.0.tgz. Extracting by manifest.
6676 silly tarball no local data for safe-array-concat@https://registry.npmjs.org/safe-array-concat/-/safe-array-concat-1.1.3.tgz. Extracting by manifest.
6677 silly tarball no local data for regexp.prototype.flags@https://registry.npmjs.org/regexp.prototype.flags/-/regexp.prototype.flags-1.5.4.tgz. Extracting by manifest.
6678 silly tarball no local data for own-keys@https://registry.npmjs.org/own-keys/-/own-keys-1.0.1.tgz. Extracting by manifest.
6679 silly tarball no local data for object.assign@https://registry.npmjs.org/object.assign/-/object.assign-4.1.7.tgz. Extracting by manifest.
6680 silly tarball no local data for is-weakref@https://registry.npmjs.org/is-weakref/-/is-weakref-1.1.1.tgz. Extracting by manifest.
6681 silly tarball no local data for is-typed-array@https://registry.npmjs.org/is-typed-array/-/is-typed-array-1.1.15.tgz. Extracting by manifest.
6682 silly tarball no local data for is-shared-array-buffer@https://registry.npmjs.org/is-shared-array-buffer/-/is-shared-array-buffer-1.0.4.tgz. Extracting by manifest.
6683 silly tarball no local data for is-set@https://registry.npmjs.org/is-set/-/is-set-2.0.3.tgz. Extracting by manifest.
6684 silly tarball no local data for is-regex@https://registry.npmjs.org/is-regex/-/is-regex-1.2.1.tgz. Extracting by manifest.
6685 silly tarball no local data for is-negative-zero@https://registry.npmjs.org/is-negative-zero/-/is-negative-zero-2.0.3.tgz. Extracting by manifest.
6686 silly tarball no local data for is-data-view@https://registry.npmjs.org/is-data-view/-/is-data-view-1.0.2.tgz. Extracting by manifest.
6687 silly tarball no local data for is-callable@https://registry.npmjs.org/is-callable/-/is-callable-1.2.7.tgz. Extracting by manifest.
6688 silly tarball no local data for is-array-buffer@https://registry.npmjs.org/is-array-buffer/-/is-array-buffer-3.0.5.tgz. Extracting by manifest.
6689 silly tarball no local data for internal-slot@https://registry.npmjs.org/internal-slot/-/internal-slot-1.1.0.tgz. Extracting by manifest.
6690 silly tarball no local data for has-proto@https://registry.npmjs.org/has-proto/-/has-proto-1.2.0.tgz. Extracting by manifest.
6691 silly tarball no local data for globalthis@https://registry.npmjs.org/globalthis/-/globalthis-1.0.4.tgz. Extracting by manifest.
6692 silly tarball no local data for get-symbol-description@https://registry.npmjs.org/get-symbol-description/-/get-symbol-description-1.1.0.tgz. Extracting by manifest.
6693 silly tarball no local data for function.prototype.name@https://registry.npmjs.org/function.prototype.name/-/function.prototype.name-1.1.8.tgz. Extracting by manifest.
6694 silly tarball no local data for es-to-primitive@https://registry.npmjs.org/es-to-primitive/-/es-to-primitive-1.3.0.tgz. Extracting by manifest.
6695 silly tarball no local data for data-view-byte-offset@https://registry.npmjs.org/data-view-byte-offset/-/data-view-byte-offset-1.0.1.tgz. Extracting by manifest.
6696 silly tarball no local data for data-view-byte-length@https://registry.npmjs.org/data-view-byte-length/-/data-view-byte-length-1.0.2.tgz. Extracting by manifest.
6697 silly tarball no local data for data-view-buffer@https://registry.npmjs.org/data-view-buffer/-/data-view-buffer-1.0.2.tgz. Extracting by manifest.
6698 silly tarball no local data for available-typed-arrays@https://registry.npmjs.org/available-typed-arrays/-/available-typed-arrays-1.0.7.tgz. Extracting by manifest.
6699 silly tarball no local data for arraybuffer.prototype.slice@https://registry.npmjs.org/arraybuffer.prototype.slice/-/arraybuffer.prototype.slice-1.0.4.tgz. Extracting by manifest.
6700 silly tarball no local data for array-buffer-byte-length@https://registry.npmjs.org/array-buffer-byte-length/-/array-buffer-byte-length-1.0.2.tgz. Extracting by manifest.
6701 silly tarball no local data for has-property-descriptors@https://registry.npmjs.org/has-property-descriptors/-/has-property-descriptors-1.0.2.tgz. Extracting by manifest.
6702 silly tarball no local data for object-keys@https://registry.npmjs.org/object-keys/-/object-keys-1.1.1.tgz. Extracting by manifest.
6703 silly tarball no local data for define-data-property@https://registry.npmjs.org/define-data-property/-/define-data-property-1.1.4.tgz. Extracting by manifest.
6704 silly tarball no local data for set-function-length@https://registry.npmjs.org/set-function-length/-/set-function-length-1.2.2.tgz. Extracting by manifest.
6705 silly tarball no local data for es-shim-unscopables@https://registry.npmjs.org/es-shim-unscopables/-/es-shim-unscopables-1.1.0.tgz. Extracting by manifest.
6706 silly tarball no local data for is-string@https://registry.npmjs.org/is-string/-/is-string-1.1.1.tgz. Extracting by manifest.
6707 silly tarball no local data for es-abstract@https://registry.npmjs.org/es-abstract/-/es-abstract-1.24.2.tgz. Extracting by manifest.
6708 silly tarball no local data for define-properties@https://registry.npmjs.org/define-properties/-/define-properties-1.2.1.tgz. Extracting by manifest.
6709 silly tarball no local data for call-bind@https://registry.npmjs.org/call-bind/-/call-bind-1.0.9.tgz. Extracting by manifest.
6710 silly tarball no local data for tsconfig-paths@https://registry.npmjs.org/tsconfig-paths/-/tsconfig-paths-3.15.0.tgz. Extracting by manifest.
6711 silly tarball no local data for string.prototype.trimend@https://registry.npmjs.org/string.prototype.trimend/-/string.prototype.trimend-1.0.9.tgz. Extracting by manifest.
6712 silly tarball no local data for object.values@https://registry.npmjs.org/object.values/-/object.values-1.2.1.tgz. Extracting by manifest.
6713 silly tarball no local data for object.groupby@https://registry.npmjs.org/object.groupby/-/object.groupby-1.0.3.tgz. Extracting by manifest.
6714 silly tarball no local data for object.fromentries@https://registry.npmjs.org/object.fromentries/-/object.fromentries-2.0.8.tgz. Extracting by manifest.
6715 silly tarball no local data for is-core-module@https://registry.npmjs.org/is-core-module/-/is-core-module-2.16.1.tgz. Extracting by manifest.
6716 silly tarball no local data for eslint-module-utils@https://registry.npmjs.org/eslint-module-utils/-/eslint-module-utils-2.12.1.tgz. Extracting by manifest.
6717 silly tarball no local data for eslint-import-resolver-node@https://registry.npmjs.org/eslint-import-resolver-node/-/eslint-import-resolver-node-0.3.10.tgz. Extracting by manifest.
6718 silly tarball no local data for doctrine@https://registry.npmjs.org/doctrine/-/doctrine-2.1.0.tgz. Extracting by manifest.
6719 silly tarball no local data for array.prototype.flatmap@https://registry.npmjs.org/array.prototype.flatmap/-/array.prototype.flatmap-1.3.3.tgz. Extracting by manifest.
6720 silly tarball no local data for array.prototype.findlastindex@https://registry.npmjs.org/array.prototype.findlastindex/-/array.prototype.findlastindex-1.2.6.tgz. Extracting by manifest.
6721 silly tarball no local data for array.prototype.flat@https://registry.npmjs.org/array.prototype.flat/-/array.prototype.flat-1.3.3.tgz. Extracting by manifest.
6722 silly tarball no local data for array-includes@https://registry.npmjs.org/array-includes/-/array-includes-3.1.9.tgz. Extracting by manifest.
6723 silly tarball no local data for @rtsao/scc@https://registry.npmjs.org/@rtsao/scc/-/scc-1.1.0.tgz. Extracting by manifest.
6724 silly tarball no local data for unrs-resolver@https://registry.npmjs.org/unrs-resolver/-/unrs-resolver-1.11.1.tgz. Extracting by manifest.
6725 silly tarball no local data for stable-hash@https://registry.npmjs.org/stable-hash/-/stable-hash-0.0.5.tgz. Extracting by manifest.
6726 silly tarball no local data for is-bun-module@https://registry.npmjs.org/is-bun-module/-/is-bun-module-2.0.0.tgz. Extracting by manifest.
6727 silly tarball no local data for get-tsconfig@https://registry.npmjs.org/get-tsconfig/-/get-tsconfig-4.14.0.tgz. Extracting by manifest.
6728 silly tarball no local data for @nolyfill/is-core-module@https://registry.npmjs.org/@nolyfill/is-core-module/-/is-core-module-1.0.39.tgz. Extracting by manifest.
6729 silly tarball no local data for @typescript-eslint/tsconfig-utils@https://registry.npmjs.org/@typescript-eslint/tsconfig-utils/-/tsconfig-utils-8.58.2.tgz. Extracting by manifest.
6730 silly tarball no local data for @typescript-eslint/project-service@https://registry.npmjs.org/@typescript-eslint/project-service/-/project-service-8.58.2.tgz. Extracting by manifest.
6731 silly tarball no local data for @typescript-eslint/typescript-estree@https://registry.npmjs.org/@typescript-eslint/typescript-estree/-/typescript-estree-8.58.2.tgz. Extracting by manifest.
6732 silly tarball no local data for @typescript-eslint/visitor-keys@https://registry.npmjs.org/@typescript-eslint/visitor-keys/-/visitor-keys-8.58.2.tgz. Extracting by manifest.
6733 silly tarball no local data for @typescript-eslint/types@https://registry.npmjs.org/@typescript-eslint/types/-/types-8.58.2.tgz. Extracting by manifest.
6734 silly tarball no local data for ts-api-utils@https://registry.npmjs.org/ts-api-utils/-/ts-api-utils-2.5.0.tgz. Extracting by manifest.
6735 silly tarball no local data for @typescript-eslint/utils@https://registry.npmjs.org/@typescript-eslint/utils/-/utils-8.58.2.tgz. Extracting by manifest.
6736 silly tarball no local data for @typescript-eslint/type-utils@https://registry.npmjs.org/@typescript-eslint/type-utils/-/type-utils-8.58.2.tgz. Extracting by manifest.
6737 silly tarball no local data for eslint-plugin-react@https://registry.npmjs.org/eslint-plugin-react/-/eslint-plugin-react-7.37.5.tgz. Extracting by manifest.
6738 silly tarball no local data for eslint-plugin-expo@https://registry.npmjs.org/eslint-plugin-expo/-/eslint-plugin-expo-1.0.0.tgz. Extracting by manifest.
6739 silly tarball no local data for eslint-plugin-react-hooks@https://registry.npmjs.org/eslint-plugin-react-hooks/-/eslint-plugin-react-hooks-5.2.0.tgz. Extracting by manifest.
6740 silly tarball no local data for @typescript-eslint/scope-manager@https://registry.npmjs.org/@typescript-eslint/scope-manager/-/scope-manager-8.58.2.tgz. Extracting by manifest.
6741 silly tarball no local data for eslint-plugin-import@https://registry.npmjs.org/eslint-plugin-import/-/eslint-plugin-import-2.32.0.tgz. Extracting by manifest.
6742 silly tarball no local data for eslint-import-resolver-typescript@https://registry.npmjs.org/eslint-import-resolver-typescript/-/eslint-import-resolver-typescript-3.10.1.tgz. Extracting by manifest.
6743 silly tarball no local data for @typescript-eslint/parser@https://registry.npmjs.org/@typescript-eslint/parser/-/parser-8.58.2.tgz. Extracting by manifest.
6744 silly tarball no local data for @typescript-eslint/eslint-plugin@https://registry.npmjs.org/@typescript-eslint/eslint-plugin/-/eslint-plugin-8.58.2.tgz. Extracting by manifest.
6745 silly tarball no local data for simple-swizzle@https://registry.npmjs.org/simple-swizzle/-/simple-swizzle-0.2.4.tgz. Extracting by manifest.
6746 silly tarball no local data for color-string@https://registry.npmjs.org/color-string/-/color-string-1.9.1.tgz. Extracting by manifest.
6747 silly tarball no local data for @react-navigation/routers@https://registry.npmjs.org/@react-navigation/routers/-/routers-7.5.3.tgz. Extracting by manifest.
6748 silly tarball no local data for react-is@https://registry.npmjs.org/react-is/-/react-is-19.2.5.tgz. Extracting by manifest.
6749 silly tarball no local data for query-string@https://registry.npmjs.org/query-string/-/query-string-7.1.3.tgz. Extracting by manifest.
6750 silly tarball no local data for use-latest-callback@https://registry.npmjs.org/use-latest-callback/-/use-latest-callback-0.2.6.tgz. Extracting by manifest.
6751 silly tarball no local data for @react-navigation/core@https://registry.npmjs.org/@react-navigation/core/-/core-7.17.2.tgz. Extracting by manifest.
6752 silly tarball no local data for color@https://registry.npmjs.org/color/-/color-4.2.3.tgz. Extracting by manifest.
6753 silly tarball no local data for use-sync-external-store@https://registry.npmjs.org/use-sync-external-store/-/use-sync-external-store-1.6.0.tgz. Extracting by manifest.
6754 silly tarball no local data for sf-symbols-typescript@https://registry.npmjs.org/sf-symbols-typescript/-/sf-symbols-typescript-2.2.0.tgz. Extracting by manifest.
6755 silly tarball no local data for typescript@https://registry.npmjs.org/typescript/-/typescript-5.9.3.tgz. Extracting by manifest.
6756 silly tarball no local data for react-native-worklets@https://registry.npmjs.org/react-native-worklets/-/react-native-worklets-0.5.1.tgz. Extracting by manifest.
6757 silly tarball no local data for react-native-reanimated@https://registry.npmjs.org/react-native-reanimated/-/react-native-reanimated-4.1.7.tgz. Extracting by manifest.
6758 silly tarball no local data for react-native-gesture-handler@https://registry.npmjs.org/react-native-gesture-handler/-/react-native-gesture-handler-2.28.0.tgz. Extracting by manifest.
6759 silly tarball no local data for react-dom@https://registry.npmjs.org/react-dom/-/react-dom-19.1.0.tgz. Extracting by manifest.
6760 silly tarball no local data for react-native-web@https://registry.npmjs.org/react-native-web/-/react-native-web-0.21.2.tgz. Extracting by manifest.
6761 silly tarball no local data for react-native-svg@https://registry.npmjs.org/react-native-svg/-/react-native-svg-15.15.4.tgz. Extracting by manifest.
6762 silly tarball no local data for expo-web-browser@https://registry.npmjs.org/expo-web-browser/-/expo-web-browser-15.0.10.tgz. Extracting by manifest.
6763 silly tarball no local data for expo-symbols@https://registry.npmjs.org/expo-symbols/-/expo-symbols-1.0.8.tgz. Extracting by manifest.
6764 silly tarball no local data for expo-status-bar@https://registry.npmjs.org/expo-status-bar/-/expo-status-bar-3.0.9.tgz. Extracting by manifest.
6765 silly tarball no local data for expo-system-ui@https://registry.npmjs.org/expo-system-ui/-/expo-system-ui-6.0.9.tgz. Extracting by manifest.
6766 silly tarball no local data for lucide-react-native@https://registry.npmjs.org/lucide-react-native/-/lucide-react-native-1.8.0.tgz. Extracting by manifest.
6767 silly tarball no local data for expo-splash-screen@https://registry.npmjs.org/expo-splash-screen/-/expo-splash-screen-31.0.13.tgz. Extracting by manifest.
6768 silly tarball no local data for expo-haptics@https://registry.npmjs.org/expo-haptics/-/expo-haptics-15.0.8.tgz. Extracting by manifest.
6769 silly tarball no local data for expo-router@https://registry.npmjs.org/expo-router/-/expo-router-6.0.23.tgz. Extracting by manifest.
6770 silly tarball no local data for expo-constants@https://registry.npmjs.org/expo-constants/-/expo-constants-18.0.13.tgz. Extracting by manifest.
6771 silly tarball no local data for eslint-config-expo@https://registry.npmjs.org/eslint-config-expo/-/eslint-config-expo-10.0.0.tgz. Extracting by manifest.
6772 silly tarball no local data for expo-image@https://registry.npmjs.org/expo-image/-/expo-image-3.0.11.tgz. Extracting by manifest.
6773 silly tarball no local data for expo-linking@https://registry.npmjs.org/expo-linking/-/expo-linking-8.0.11.tgz. Extracting by manifest.
6774 silly tarball no local data for @types/react@https://registry.npmjs.org/@types/react/-/react-19.1.17.tgz. Extracting by manifest.
6775 silly tarball no local data for @react-navigation/elements@https://registry.npmjs.org/@react-navigation/elements/-/elements-2.9.14.tgz. Extracting by manifest.
6776 silly tarball no local data for react-native-screens@https://registry.npmjs.org/react-native-screens/-/react-native-screens-4.16.0.tgz. Extracting by manifest.
6777 silly tarball no local data for @react-navigation/bottom-tabs@https://registry.npmjs.org/@react-navigation/bottom-tabs/-/bottom-tabs-7.15.9.tgz. Extracting by manifest.
6778 silly tarball no local data for react-native-safe-area-context@https://registry.npmjs.org/react-native-safe-area-context/-/react-native-safe-area-context-5.6.2.tgz. Extracting by manifest.
6779 silly tarball no local data for @react-navigation/native@https://registry.npmjs.org/@react-navigation/native/-/native-7.2.2.tgz. Extracting by manifest.
6780 silly tarball no local data for expo@https://registry.npmjs.org/expo/-/expo-54.0.33.tgz. Extracting by manifest.
6781 silly tarball no local data for react-native@https://registry.npmjs.org/react-native/-/react-native-0.81.5.tgz. Extracting by manifest.
6782 silly tarball no local data for @expo/vector-icons@https://registry.npmjs.org/@expo/vector-icons/-/vector-icons-15.1.1.tgz. Extracting by manifest.
6783 silly tarball no local data for type-fest@https://registry.npmjs.org/type-fest/-/type-fest-0.21.3.tgz. Extracting by manifest.
6784 silly tarball no local data for react@https://registry.npmjs.org/react/-/react-19.1.0.tgz. Extracting by manifest.
6785 silly tarball no local data for expo-font@https://registry.npmjs.org/expo-font/-/expo-font-14.0.11.tgz. Extracting by manifest.
6786 silly tarball no local data for strip-json-comments@https://registry.npmjs.org/strip-json-comments/-/strip-json-comments-2.0.1.tgz. Extracting by manifest.
6787 silly tarball no local data for color-convert@https://registry.npmjs.org/color-convert/-/color-convert-1.9.3.tgz. Extracting by manifest.
6788 silly tarball no local data for escape-string-regexp@https://registry.npmjs.org/escape-string-regexp/-/escape-string-regexp-1.0.5.tgz. Extracting by manifest.
6789 silly tarball no local data for ansi-styles@https://registry.npmjs.org/ansi-styles/-/ansi-styles-3.2.1.tgz. Extracting by manifest.
6790 silly tarball no local data for chalk@https://registry.npmjs.org/chalk/-/chalk-2.4.2.tgz. Extracting by manifest.
6791 silly tarball no local data for color-name@https://registry.npmjs.org/color-name/-/color-name-1.1.3.tgz. Extracting by manifest.
6792 silly tarball no local data for lru-cache@https://registry.npmjs.org/lru-cache/-/lru-cache-10.4.3.tgz. Extracting by manifest.
6793 silly tarball no local data for yallist@https://registry.npmjs.org/yallist/-/yallist-5.0.0.tgz. Extracting by manifest.
6794 silly tarball no local data for ansi-regex@https://registry.npmjs.org/ansi-regex/-/ansi-regex-4.1.1.tgz. Extracting by manifest.
6795 silly tarball no local data for color-convert@https://registry.npmjs.org/color-convert/-/color-convert-1.9.3.tgz. Extracting by manifest.
6796 silly tarball no local data for escape-string-regexp@https://registry.npmjs.org/escape-string-regexp/-/escape-string-regexp-1.0.5.tgz. Extracting by manifest.
6797 silly tarball no local data for resolve@https://registry.npmjs.org/resolve/-/resolve-1.7.1.tgz. Extracting by manifest.
6798 silly tarball no local data for chalk@https://registry.npmjs.org/chalk/-/chalk-2.4.2.tgz. Extracting by manifest.
6799 silly tarball no local data for strip-ansi@https://registry.npmjs.org/strip-ansi/-/strip-ansi-5.2.0.tgz. Extracting by manifest.
6800 silly tarball no local data for ms@https://registry.npmjs.org/ms/-/ms-2.0.0.tgz. Extracting by manifest.
6801 silly tarball no local data for color-name@https://registry.npmjs.org/color-name/-/color-name-1.1.3.tgz. Extracting by manifest.
6802 silly tarball no local data for ansi-styles@https://registry.npmjs.org/ansi-styles/-/ansi-styles-3.2.1.tgz. Extracting by manifest.
6803 silly tarball no local data for debug@https://registry.npmjs.org/debug/-/debug-3.2.7.tgz. Extracting by manifest.
6804 silly tarball no local data for color-name@https://registry.npmjs.org/color-name/-/color-name-1.1.3.tgz. Extracting by manifest.
6805 silly tarball no local data for color-convert@https://registry.npmjs.org/color-convert/-/color-convert-1.9.3.tgz. Extracting by manifest.
6806 silly tarball no local data for debug@https://registry.npmjs.org/debug/-/debug-2.6.9.tgz. Extracting by manifest.
6807 silly tarball no local data for open@https://registry.npmjs.org/open/-/open-8.4.2.tgz. Extracting by manifest.
6808 silly tarball no local data for negotiator@https://registry.npmjs.org/negotiator/-/negotiator-0.6.4.tgz. Extracting by manifest.
6809 silly tarball no local data for ansi-styles@https://registry.npmjs.org/ansi-styles/-/ansi-styles-3.2.1.tgz. Extracting by manifest.
6810 silly tarball no local data for escape-string-regexp@https://registry.npmjs.org/escape-string-regexp/-/escape-string-regexp-1.0.5.tgz. Extracting by manifest.
6811 silly tarball no local data for source-map@https://registry.npmjs.org/source-map/-/source-map-0.6.1.tgz. Extracting by manifest.
6812 silly tarball no local data for chalk@https://registry.npmjs.org/chalk/-/chalk-2.4.2.tgz. Extracting by manifest.
6813 silly tarball no local data for debug@https://registry.npmjs.org/debug/-/debug-2.6.9.tgz. Extracting by manifest.
6814 silly tarball no local data for ms@https://registry.npmjs.org/ms/-/ms-2.0.0.tgz. Extracting by manifest.
6815 silly tarball no local data for promise@https://registry.npmjs.org/promise/-/promise-7.3.1.tgz. Extracting by manifest.
6816 silly tarball no local data for source-map@https://registry.npmjs.org/source-map/-/source-map-0.6.1.tgz. Extracting by manifest.
6817 silly tarball no local data for glob@https://registry.npmjs.org/glob/-/glob-7.2.3.tgz. Extracting by manifest.
6818 silly tarball no local data for ms@https://registry.npmjs.org/ms/-/ms-2.0.0.tgz. Extracting by manifest.
6819 silly tarball no local data for debug@https://registry.npmjs.org/debug/-/debug-2.6.9.tgz. Extracting by manifest.
6820 silly tarball no local data for glob@https://registry.npmjs.org/glob/-/glob-7.2.3.tgz. Extracting by manifest.
6821 silly tarball no local data for react-is@https://registry.npmjs.org/react-is/-/react-is-16.13.1.tgz. Extracting by manifest.
6822 silly tarball no local data for escape-string-regexp@https://registry.npmjs.org/escape-string-regexp/-/escape-string-regexp-2.0.0.tgz. Extracting by manifest.
6823 silly tarball no local data for locate-path@https://registry.npmjs.org/locate-path/-/locate-path-5.0.0.tgz. Extracting by manifest.
6824 silly tarball no local data for p-locate@https://registry.npmjs.org/p-locate/-/p-locate-4.1.0.tgz. Extracting by manifest.
6825 silly tarball no local data for find-up@https://registry.npmjs.org/find-up/-/find-up-4.1.0.tgz. Extracting by manifest.
6826 silly tarball no local data for camelcase@https://registry.npmjs.org/camelcase/-/camelcase-5.3.1.tgz. Extracting by manifest.
6827 silly tarball no local data for p-limit@https://registry.npmjs.org/p-limit/-/p-limit-2.3.0.tgz. Extracting by manifest.
6828 silly tarball no local data for js-yaml@https://registry.npmjs.org/js-yaml/-/js-yaml-3.14.2.tgz. Extracting by manifest.
6829 silly tarball no local data for argparse@https://registry.npmjs.org/argparse/-/argparse-1.0.10.tgz. Extracting by manifest.
6830 silly tarball no local data for ws@https://registry.npmjs.org/ws/-/ws-6.2.3.tgz. Extracting by manifest.
6831 silly tarball no local data for ci-info@https://registry.npmjs.org/ci-info/-/ci-info-3.9.0.tgz. Extracting by manifest.
6832 silly tarball no local data for debug@https://registry.npmjs.org/debug/-/debug-2.6.9.tgz. Extracting by manifest.
6833 silly tarball no local data for ms@https://registry.npmjs.org/ms/-/ms-2.0.0.tgz. Extracting by manifest.
6834 silly tarball no local data for commander@https://registry.npmjs.org/commander/-/commander-2.20.3.tgz. Extracting by manifest.
6835 silly tarball no local data for supports-color@https://registry.npmjs.org/supports-color/-/supports-color-8.1.1.tgz. Extracting by manifest.
6836 silly tarball no local data for lru-cache@https://registry.npmjs.org/lru-cache/-/lru-cache-11.3.5.tgz. Extracting by manifest.
6837 silly tarball no local data for ms@https://registry.npmjs.org/ms/-/ms-2.0.0.tgz. Extracting by manifest.
6838 silly tarball no local data for debug@https://registry.npmjs.org/debug/-/debug-2.6.9.tgz. Extracting by manifest.
6839 silly tarball no local data for @radix-ui/react-slot@https://registry.npmjs.org/@radix-ui/react-slot/-/react-slot-1.2.3.tgz. Extracting by manifest.
6840 silly tarball no local data for @radix-ui/react-presence@https://registry.npmjs.org/@radix-ui/react-presence/-/react-presence-1.1.5.tgz. Extracting by manifest.
6841 silly tarball no local data for @radix-ui/react-primitive@https://registry.npmjs.org/@radix-ui/react-primitive/-/react-primitive-2.1.3.tgz. Extracting by manifest.
6842 silly tarball no local data for @radix-ui/react-portal@https://registry.npmjs.org/@radix-ui/react-portal/-/react-portal-1.1.9.tgz. Extracting by manifest.
6843 silly tarball no local data for @radix-ui/react-dismissable-layer@https://registry.npmjs.org/@radix-ui/react-dismissable-layer/-/react-dismissable-layer-1.1.11.tgz. Extracting by manifest.
6844 silly tarball no local data for @radix-ui/react-focus-scope@https://registry.npmjs.org/@radix-ui/react-focus-scope/-/react-focus-scope-1.1.7.tgz. Extracting by manifest.
6845 silly tarball no local data for glob@https://registry.npmjs.org/glob/-/glob-7.2.3.tgz. Extracting by manifest.
6846 silly tarball no local data for resolve@https://registry.npmjs.org/resolve/-/resolve-1.22.12.tgz. Extracting by manifest.
6847 silly tarball no local data for @radix-ui/react-dialog@https://registry.npmjs.org/@radix-ui/react-dialog/-/react-dialog-1.1.15.tgz. Extracting by manifest.
6848 silly tarball no local data for hermes-parser@https://registry.npmjs.org/hermes-parser/-/hermes-parser-0.32.0.tgz. Extracting by manifest.
6849 silly tarball no local data for hermes-estree@https://registry.npmjs.org/hermes-estree/-/hermes-estree-0.32.0.tgz. Extracting by manifest.
6850 silly tarball no local data for xmlbuilder@https://registry.npmjs.org/xmlbuilder/-/xmlbuilder-11.0.1.tgz. Extracting by manifest.
6851 silly tarball no local data for commander@https://registry.npmjs.org/commander/-/commander-4.1.1.tgz. Extracting by manifest.
6852 silly tarball no local data for hermes-estree@https://registry.npmjs.org/hermes-estree/-/hermes-estree-0.32.0.tgz. Extracting by manifest.
6853 silly tarball no local data for hermes-parser@https://registry.npmjs.org/hermes-parser/-/hermes-parser-0.32.0.tgz. Extracting by manifest.
6854 silly tarball no local data for webidl-conversions@https://registry.npmjs.org/webidl-conversions/-/webidl-conversions-5.0.0.tgz. Extracting by manifest.
6855 silly tarball no local data for minimatch@https://registry.npmjs.org/minimatch/-/minimatch-9.0.9.tgz. Extracting by manifest.
6856 silly tarball no local data for brace-expansion@https://registry.npmjs.org/brace-expansion/-/brace-expansion-2.1.0.tgz. Extracting by manifest.
6857 silly tarball no local data for react-is@https://registry.npmjs.org/react-is/-/react-is-18.3.1.tgz. Extracting by manifest.
6858 silly tarball no local data for ansi-styles@https://registry.npmjs.org/ansi-styles/-/ansi-styles-5.2.0.tgz. Extracting by manifest.
6859 silly tarball no local data for brace-expansion@https://registry.npmjs.org/brace-expansion/-/brace-expansion-2.1.0.tgz. Extracting by manifest.
6860 silly tarball no local data for @babel/code-frame@https://registry.npmjs.org/@babel/code-frame/-/code-frame-7.10.4.tgz. Extracting by manifest.
6861 silly tarball no local data for minimatch@https://registry.npmjs.org/minimatch/-/minimatch-9.0.9.tgz. Extracting by manifest.
6862 silly tarball no local data for json5@https://registry.npmjs.org/json5/-/json5-1.0.2.tgz. Extracting by manifest.
6863 silly tarball no local data for react-is@https://registry.npmjs.org/react-is/-/react-is-16.13.1.tgz. Extracting by manifest.
6864 silly tarball no local data for debug@https://registry.npmjs.org/debug/-/debug-3.2.7.tgz. Extracting by manifest.
6865 silly tarball no local data for debug@https://registry.npmjs.org/debug/-/debug-3.2.7.tgz. Extracting by manifest.
6866 silly tarball no local data for eslint-visitor-keys@https://registry.npmjs.org/eslint-visitor-keys/-/eslint-visitor-keys-5.0.1.tgz. Extracting by manifest.
6867 silly tarball no local data for debug@https://registry.npmjs.org/debug/-/debug-3.2.7.tgz. Extracting by manifest.
6868 silly tarball no local data for ignore@https://registry.npmjs.org/ignore/-/ignore-7.0.5.tgz. Extracting by manifest.
6869 silly tarball no local data for memoize-one@https://registry.npmjs.org/memoize-one/-/memoize-one-6.0.0.tgz. Extracting by manifest.
6870 silly tarball no local data for @react-native/normalize-colors@https://registry.npmjs.org/@react-native/normalize-colors/-/normalize-colors-0.74.89.tgz. Extracting by manifest.
6871 silly tarball no local data for semver@https://registry.npmjs.org/semver/-/semver-7.7.2.tgz. Extracting by manifest.
6872 silly tarball no local data for @radix-ui/react-collection@https://registry.npmjs.org/@radix-ui/react-collection/-/react-collection-1.1.7.tgz. Extracting by manifest.
6873 silly tarball no local data for @radix-ui/react-primitive@https://registry.npmjs.org/@radix-ui/react-primitive/-/react-primitive-2.1.3.tgz. Extracting by manifest.
6874 silly tarball no local data for @radix-ui/react-slot@https://registry.npmjs.org/@radix-ui/react-slot/-/react-slot-1.2.3.tgz. Extracting by manifest.
6875 silly tarball no local data for @radix-ui/react-presence@https://registry.npmjs.org/@radix-ui/react-presence/-/react-presence-1.1.5.tgz. Extracting by manifest.
6876 silly tarball no local data for semver@https://registry.npmjs.org/semver/-/semver-7.6.3.tgz. Extracting by manifest.
6877 silly tarball no local data for @radix-ui/react-slot@https://registry.npmjs.org/@radix-ui/react-slot/-/react-slot-1.2.3.tgz. Extracting by manifest.
6878 silly tarball no local data for @radix-ui/react-roving-focus@https://registry.npmjs.org/@radix-ui/react-roving-focus/-/react-roving-focus-1.1.11.tgz. Extracting by manifest.
6879 silly tarball no local data for @radix-ui/react-tabs@https://registry.npmjs.org/@radix-ui/react-tabs/-/react-tabs-1.1.13.tgz. Extracting by manifest.
6880 silly tarball no local data for globals@https://registry.npmjs.org/globals/-/globals-16.5.0.tgz. Extracting by manifest.
6881 silly tarball no local data for commander@https://registry.npmjs.org/commander/-/commander-12.1.0.tgz. Extracting by manifest.
6882 silly tarball no local data for glob@https://registry.npmjs.org/glob/-/glob-7.2.3.tgz. Extracting by manifest.
6883 silly tarball no local data for ws@https://registry.npmjs.org/ws/-/ws-6.2.3.tgz. Extracting by manifest.
6884 silly tarball no local data for brace-expansion@https://registry.npmjs.org/brace-expansion/-/brace-expansion-2.1.0.tgz. Extracting by manifest.
6885 silly tarball no local data for resolve@https://registry.npmjs.org/resolve/-/resolve-1.22.12.tgz. Extracting by manifest.
6886 silly tarball no local data for @react-native/virtualized-lists@https://registry.npmjs.org/@react-native/virtualized-lists/-/virtualized-lists-0.81.5.tgz. Extracting by manifest.
6887 silly tarball no local data for picomatch@https://registry.npmjs.org/picomatch/-/picomatch-3.0.2.tgz. Extracting by manifest.
6888 silly tarball no local data for ws@https://registry.npmjs.org/ws/-/ws-8.20.0.tgz. Extracting by manifest.
6889 silly tarball no local data for minimatch@https://registry.npmjs.org/minimatch/-/minimatch-9.0.9.tgz. Extracting by manifest.
6890 silly tarball no local data for ci-info@https://registry.npmjs.org/ci-info/-/ci-info-3.9.0.tgz. Extracting by manifest.
6891 silly tarball no local data for @expo/cli@https://registry.npmjs.org/@expo/cli/-/cli-54.0.23.tgz. Extracting by manifest.
6892 http fetch POST 200 https://registry.npmjs.org/-/npm/v1/security/advisories/bulk 413ms
6893 silly audit report {}
6894 http fetch GET 200 https://registry.npmjs.org/react-remove-scroll-bar/-/react-remove-scroll-bar-2.3.8.tgz 456ms (cache miss)
6895 http fetch GET 200 https://registry.npmjs.org/detect-node-es/-/detect-node-es-1.1.0.tgz 457ms (cache miss)
6896 http fetch GET 200 https://registry.npmjs.org/get-nonce/-/get-nonce-1.0.1.tgz 458ms (cache miss)
6897 http fetch GET 200 https://registry.npmjs.org/@radix-ui/react-use-escape-keydown/-/react-use-escape-keydown-1.1.1.tgz 462ms (cache miss)
6898 http fetch GET 200 https://registry.npmjs.org/use-callback-ref/-/use-callback-ref-1.3.3.tgz 468ms (cache miss)
6899 http fetch GET 200 https://registry.npmjs.org/chownr/-/chownr-3.0.0.tgz 483ms (cache miss)
6900 http fetch GET 200 https://registry.npmjs.org/onetime/-/onetime-2.0.1.tgz 540ms (cache miss)
6901 http fetch GET 200 https://registry.npmjs.org/ini/-/ini-1.3.8.tgz 556ms (cache miss)
6902 http fetch GET 200 https://registry.npmjs.org/deep-extend/-/deep-extend-0.6.0.tgz 556ms (cache miss)
6903 http fetch GET 200 https://registry.npmjs.org/sisteransi/-/sisteransi-1.0.5.tgz 557ms (cache miss)
6904 http fetch GET 200 https://registry.npmjs.org/use-sidecar/-/use-sidecar-1.1.3.tgz 557ms (cache miss)
6905 http fetch GET 200 https://registry.npmjs.org/kleur/-/kleur-3.0.3.tgz 558ms (cache miss)
6906 http fetch GET 200 https://registry.npmjs.org/nested-error-stacks/-/nested-error-stacks-2.0.1.tgz 571ms (cache miss)
6907 http fetch GET 200 https://registry.npmjs.org/log-symbols/-/log-symbols-2.2.0.tgz 573ms (cache miss)
6908 http fetch GET 200 https://registry.npmjs.org/proc-log/-/proc-log-4.2.0.tgz 587ms (cache miss)
6909 http fetch GET 200 https://registry.npmjs.org/defaults/-/defaults-1.0.4.tgz 590ms (cache miss)
6910 http fetch GET 200 https://registry.npmjs.org/hosted-git-info/-/hosted-git-info-7.0.2.tgz 591ms (cache miss)
6911 http fetch GET 200 https://registry.npmjs.org/mimic-fn/-/mimic-fn-1.2.0.tgz 595ms (cache miss)
6912 http fetch GET 200 https://registry.npmjs.org/cli-cursor/-/cli-cursor-2.1.0.tgz 595ms (cache miss)
6913 http fetch GET 200 https://registry.npmjs.org/cli-spinners/-/cli-spinners-2.9.2.tgz 597ms (cache miss)
6914 http fetch GET 200 https://registry.npmjs.org/wcwidth/-/wcwidth-1.0.1.tgz 596ms (cache miss)
6915 http fetch GET 200 https://registry.npmjs.org/define-lazy-prop/-/define-lazy-prop-2.0.0.tgz 600ms (cache miss)
6916 http fetch GET 200 https://registry.npmjs.org/validate-npm-package-name/-/validate-npm-package-name-5.0.1.tgz 599ms (cache miss)
6917 http fetch GET 200 https://registry.npmjs.org/ansi-escapes/-/ansi-escapes-4.3.2.tgz 602ms (cache miss)
6918 http fetch GET 200 https://registry.npmjs.org/restore-cursor/-/restore-cursor-2.0.0.tgz 607ms (cache miss)
6919 http fetch GET 200 https://registry.npmjs.org/supports-hyperlinks/-/supports-hyperlinks-2.3.0.tgz 610ms (cache miss)
6920 http fetch GET 200 https://registry.npmjs.org/compressible/-/compressible-2.0.18.tgz 614ms (cache miss)
6921 http fetch GET 200 https://registry.npmjs.org/resolve.exports/-/resolve.exports-2.0.3.tgz 613ms (cache miss)
6922 http fetch GET 200 https://registry.npmjs.org/aria-hidden/-/aria-hidden-1.2.6.tgz 617ms (cache miss)
6923 http fetch GET 200 https://registry.npmjs.org/safe-buffer/-/safe-buffer-5.2.1.tgz 617ms (cache miss)
6924 http fetch GET 200 https://registry.npmjs.org/clone/-/clone-1.0.4.tgz 621ms (cache miss)
6925 http fetch GET 200 https://registry.npmjs.org/progress/-/progress-2.0.3.tgz 619ms (cache miss)
6926 http fetch GET 200 https://registry.npmjs.org/freeport-async/-/freeport-async-2.0.0.tgz 618ms (cache miss)
6927 http fetch GET 200 https://registry.npmjs.org/env-editor/-/env-editor-0.4.2.tgz 618ms (cache miss)
6928 http fetch GET 200 https://registry.npmjs.org/on-headers/-/on-headers-1.1.0.tgz 620ms (cache miss)
6929 http fetch GET 200 https://registry.npmjs.org/compression/-/compression-1.8.1.tgz 618ms (cache miss)
6930 http fetch GET 200 https://registry.npmjs.org/pretty-bytes/-/pretty-bytes-5.6.0.tgz 621ms (cache miss)
6931 http fetch GET 200 https://registry.npmjs.org/terminal-link/-/terminal-link-2.1.1.tgz 621ms (cache miss)
6932 http fetch GET 200 https://registry.npmjs.org/@expo/sudo-prompt/-/sudo-prompt-9.3.2.tgz 623ms (cache miss)
6933 http fetch GET 200 https://registry.npmjs.org/ora/-/ora-3.4.0.tgz 621ms (cache miss)
6934 http fetch GET 200 https://registry.npmjs.org/@radix-ui/react-focus-guards/-/react-focus-guards-1.1.3.tgz 639ms (cache miss)
6935 http fetch GET 200 https://registry.npmjs.org/rc/-/rc-1.2.8.tgz 645ms (cache miss)
6936 http fetch GET 200 https://registry.npmjs.org/@urql/exchange-retry/-/exchange-retry-1.3.2.tgz 646ms (cache miss)
6937 http fetch GET 200 https://registry.npmjs.org/@radix-ui/react-use-effect-event/-/react-use-effect-event-0.0.2.tgz 648ms (cache miss)
6938 http fetch GET 200 https://registry.npmjs.org/@radix-ui/react-use-layout-effect/-/react-use-layout-effect-1.1.1.tgz 663ms (cache miss)
6939 http fetch GET 200 https://registry.npmjs.org/requireg/-/requireg-0.2.2.tgz 669ms (cache miss)
6940 http fetch GET 200 https://registry.npmjs.org/@radix-ui/react-direction/-/react-direction-1.1.1.tgz 668ms (cache miss)
6941 http fetch GET 200 https://registry.npmjs.org/@radix-ui/react-use-callback-ref/-/react-use-callback-ref-1.1.1.tgz 668ms (cache miss)
6942 http fetch GET 200 https://registry.npmjs.org/@radix-ui/react-id/-/react-id-1.1.1.tgz 670ms (cache miss)
6943 http fetch GET 200 https://registry.npmjs.org/@isaacs/fs-minipass/-/fs-minipass-4.0.1.tgz 687ms (cache miss)
6944 http fetch GET 200 https://registry.npmjs.org/path-is-absolute/-/path-is-absolute-1.0.1.tgz 705ms (cache miss)
6945 http fetch GET 200 https://registry.npmjs.org/@radix-ui/react-use-controllable-state/-/react-use-controllable-state-1.2.2.tgz 713ms (cache miss)
6946 http fetch GET 200 https://registry.npmjs.org/async-limiter/-/async-limiter-1.0.1.tgz 716ms (cache miss)
6947 http fetch GET 200 https://registry.npmjs.org/npm-package-arg/-/npm-package-arg-11.0.3.tgz 717ms (cache miss)
6948 http fetch GET 200 https://registry.npmjs.org/lan-network/-/lan-network-0.1.7.tgz 726ms (cache miss)
6949 http fetch GET 200 https://registry.npmjs.org/inflight/-/inflight-1.0.6.tgz 729ms (cache miss)
6950 warn deprecated inflight@1.0.6: This module is not supported, and leaks memory. Do not use it. Check out lru-cache if you want a good and tested way to coalesce async requests by a key value, which is much more comprehensive and powerful.
6951 http fetch GET 200 https://registry.npmjs.org/is-fullwidth-code-point/-/is-fullwidth-code-point-3.0.0.tgz 734ms (cache miss)
6952 http fetch GET 200 https://registry.npmjs.org/fs.realpath/-/fs.realpath-1.0.0.tgz 734ms (cache miss)
6953 http fetch GET 200 https://registry.npmjs.org/p-try/-/p-try-2.2.0.tgz 737ms (cache miss)
6954 http fetch GET 200 https://registry.npmjs.org/@expo/osascript/-/osascript-2.4.2.tgz 738ms (cache miss)
6955 http fetch GET 200 https://registry.npmjs.org/@babel/highlight/-/highlight-7.25.9.tgz 740ms (cache miss)
6956 http fetch GET 200 https://registry.npmjs.org/strip-ansi/-/strip-ansi-6.0.1.tgz 739ms (cache miss)
6957 http fetch GET 200 https://registry.npmjs.org/emoji-regex/-/emoji-regex-8.0.0.tgz 746ms (cache miss)
6958 http fetch GET 200 https://registry.npmjs.org/sprintf-js/-/sprintf-js-1.0.3.tgz 772ms (cache miss)
6959 http fetch GET 200 https://registry.npmjs.org/@expo/code-signing-certificates/-/code-signing-certificates-0.0.6.tgz 774ms (cache miss)
6960 http fetch GET 200 https://registry.npmjs.org/better-opn/-/better-opn-3.0.2.tgz 775ms (cache miss)
6961 http fetch GET 200 https://registry.npmjs.org/@0no-co/graphql.web/-/graphql.web-1.2.0.tgz 781ms (cache miss)
6962 http fetch GET 200 https://registry.npmjs.org/structured-headers/-/structured-headers-0.4.1.tgz 814ms (cache miss)
6963 http fetch GET 200 https://registry.npmjs.org/minizlib/-/minizlib-3.1.0.tgz 821ms (cache miss)
6964 http fetch GET 200 https://registry.npmjs.org/react-style-singleton/-/react-style-singleton-2.2.3.tgz 831ms (cache miss)
6965 http fetch GET 200 https://registry.npmjs.org/qrcode-terminal/-/qrcode-terminal-0.11.0.tgz 833ms (cache miss)
6966 http fetch GET 200 https://registry.npmjs.org/@radix-ui/primitive/-/primitive-1.1.3.tgz 829ms (cache miss)
6967 http fetch GET 200 https://registry.npmjs.org/string-width/-/string-width-4.2.3.tgz 829ms (cache miss)
6968 http fetch GET 200 https://registry.npmjs.org/wrap-ansi/-/wrap-ansi-7.0.0.tgz 828ms (cache miss)
6969 http fetch GET 200 https://registry.npmjs.org/require-directory/-/require-directory-2.1.1.tgz 830ms (cache miss)
6970 http fetch GET 200 https://registry.npmjs.org/get-caller-file/-/get-caller-file-2.0.5.tgz 830ms (cache miss)
6971 http fetch GET 200 https://registry.npmjs.org/bplist-parser/-/bplist-parser-0.3.1.tgz 829ms (cache miss)
6972 http fetch GET 200 https://registry.npmjs.org/esprima/-/esprima-4.0.1.tgz 834ms (cache miss)
6973 http fetch GET 200 https://registry.npmjs.org/signal-exit/-/signal-exit-3.0.7.tgz 835ms (cache miss)
6974 http fetch GET 200 https://registry.npmjs.org/sax/-/sax-1.6.0.tgz 835ms (cache miss)
6975 http fetch GET 200 https://registry.npmjs.org/big-integer/-/big-integer-1.6.52.tgz 836ms (cache miss)
6976 http fetch GET 200 https://registry.npmjs.org/cliui/-/cliui-8.0.1.tgz 840ms (cache miss)
6977 http fetch GET 200 https://registry.npmjs.org/y18n/-/y18n-5.0.8.tgz 840ms (cache miss)
6978 http fetch GET 200 https://registry.npmjs.org/@radix-ui/react-context/-/react-context-1.1.2.tgz 841ms (cache miss)
6979 http fetch GET 200 https://registry.npmjs.org/@expo/ws-tunnel/-/ws-tunnel-1.0.6.tgz 847ms (cache miss)
6980 http fetch GET 200 https://registry.npmjs.org/@urql/core/-/core-5.2.0.tgz 866ms (cache miss)
6981 http fetch GET 200 https://registry.npmjs.org/wonka/-/wonka-6.3.6.tgz 871ms (cache miss)
6982 http fetch GET 200 https://registry.npmjs.org/is-weakmap/-/is-weakmap-2.0.2.tgz 869ms (cache miss)
6983 http fetch GET 200 https://registry.npmjs.org/is-weakset/-/is-weakset-2.0.4.tgz 870ms (cache miss)
6984 http fetch GET 200 https://registry.npmjs.org/which-collection/-/which-collection-1.0.2.tgz 873ms (cache miss)
6985 http fetch GET 200 https://registry.npmjs.org/generator-function/-/generator-function-2.0.1.tgz 872ms (cache miss)
6986 http fetch GET 200 https://registry.npmjs.org/is-async-function/-/is-async-function-2.1.1.tgz 872ms (cache miss)
6987 http fetch GET 200 https://registry.npmjs.org/async-function/-/async-function-1.0.0.tgz 878ms (cache miss)
6988 http fetch GET 200 https://registry.npmjs.org/is-bigint/-/is-bigint-1.1.0.tgz 879ms (cache miss)
6989 http fetch GET 200 https://registry.npmjs.org/is-generator-function/-/is-generator-function-1.1.2.tgz 885ms (cache miss)
6990 http fetch GET 200 https://registry.npmjs.org/is-number-object/-/is-number-object-1.1.1.tgz 886ms (cache miss)
6991 http fetch GET 200 https://registry.npmjs.org/yargs-parser/-/yargs-parser-21.1.1.tgz 889ms (cache miss)
6992 http fetch GET 200 https://registry.npmjs.org/bplist-creator/-/bplist-creator-0.1.0.tgz 892ms (cache miss)
6993 http fetch GET 200 https://registry.npmjs.org/ieee754/-/ieee754-1.2.1.tgz 893ms (cache miss)
6994 http fetch GET 200 https://registry.npmjs.org/is-finalizationregistry/-/is-finalizationregistry-1.1.1.tgz 895ms (cache miss)
6995 http fetch GET 200 https://registry.npmjs.org/@expo/devcert/-/devcert-1.2.1.tgz 909ms (cache miss)
6996 http fetch GET 200 https://registry.npmjs.org/stream-buffers/-/stream-buffers-2.2.0.tgz 908ms (cache miss)
6997 http fetch GET 200 https://registry.npmjs.org/webidl-conversions/-/webidl-conversions-3.0.1.tgz 907ms (cache miss)
6998 http fetch GET 200 https://registry.npmjs.org/tmpl/-/tmpl-1.0.5.tgz 909ms (cache miss)
6999 http fetch GET 200 https://registry.npmjs.org/simple-plist/-/simple-plist-1.3.1.tgz 912ms (cache miss)
7000 http fetch GET 200 https://registry.npmjs.org/makeerror/-/makeerror-1.0.12.tgz 910ms (cache miss)
7001 http fetch GET 200 https://registry.npmjs.org/plist/-/plist-3.1.0.tgz 913ms (cache miss)
7002 http fetch GET 200 https://registry.npmjs.org/buffer/-/buffer-5.7.1.tgz 912ms (cache miss)
7003 http fetch GET 200 https://registry.npmjs.org/unicode-canonical-property-names-ecmascript/-/unicode-canonical-property-names-ecmascript-2.0.1.tgz 939ms (cache miss)
7004 http fetch GET 200 https://registry.npmjs.org/which-boxed-primitive/-/which-boxed-primitive-1.1.1.tgz 940ms (cache miss)
7005 http fetch GET 200 https://registry.npmjs.org/is-map/-/is-map-2.0.3.tgz 943ms (cache miss)
7006 http fetch GET 200 https://registry.npmjs.org/unicode-property-aliases-ecmascript/-/unicode-property-aliases-ecmascript-2.2.0.tgz 949ms (cache miss)
7007 http fetch GET 200 https://registry.npmjs.org/which-builtin-type/-/which-builtin-type-1.2.1.tgz 948ms (cache miss)
7008 http fetch GET 200 https://registry.npmjs.org/has-bigints/-/has-bigints-1.1.0.tgz 950ms (cache miss)
7009 http fetch GET 200 https://registry.npmjs.org/@expo/xcpretty/-/xcpretty-4.4.3.tgz 958ms (cache miss)
7010 http fetch GET 200 https://registry.npmjs.org/strip-bom/-/strip-bom-3.0.0.tgz 954ms (cache miss)
7011 http fetch GET 200 https://registry.npmjs.org/is-boolean-object/-/is-boolean-object-1.2.2.tgz 954ms (cache miss)
7012 http fetch GET 200 https://registry.npmjs.org/@expo/package-manager/-/package-manager-1.10.4.tgz 962ms (cache miss)
7013 http fetch GET 200 https://registry.npmjs.org/reflect.getprototypeof/-/reflect.getprototypeof-1.0.10.tgz 958ms (cache miss)
7014 http fetch GET 200 https://registry.npmjs.org/thenify/-/thenify-3.3.1.tgz 964ms (cache miss)
7015 http fetch GET 200 https://registry.npmjs.org/tr46/-/tr46-0.0.3.tgz 966ms (cache miss)
7016 http fetch GET 200 https://registry.npmjs.org/for-each/-/for-each-0.3.5.tgz 973ms (cache miss)
7017 http fetch GET 200 https://registry.npmjs.org/buffer-from/-/buffer-from-1.1.2.tgz 973ms (cache miss)
7018 http fetch GET 200 https://registry.npmjs.org/napi-postinstall/-/napi-postinstall-0.3.4.tgz 1001ms (cache miss)
7019 http fetch GET 200 https://registry.npmjs.org/@types/json5/-/json5-0.0.29.tgz 1001ms (cache miss)
7020 http fetch GET 200 https://registry.npmjs.org/thenify-all/-/thenify-all-1.6.0.tgz 1017ms (cache miss)
7021 http fetch GET 200 https://registry.npmjs.org/mz/-/mz-2.7.0.tgz 1019ms (cache miss)
7022 http fetch GET 200 https://registry.npmjs.org/source-map-support/-/source-map-support-0.5.21.tgz 1019ms (cache miss)
7023 http fetch GET 200 https://registry.npmjs.org/is-arrayish/-/is-arrayish-0.3.4.tgz 1018ms (cache miss)
7024 http fetch GET 200 https://registry.npmjs.org/lines-and-columns/-/lines-and-columns-1.2.4.tgz 1027ms (cache miss)
7025 http fetch GET 200 https://registry.npmjs.org/any-promise/-/any-promise-1.3.0.tgz 1035ms (cache miss)
7026 http fetch GET 200 https://registry.npmjs.org/@jridgewell/source-map/-/source-map-0.3.11.tgz 1038ms (cache miss)
7027 http fetch GET 200 https://registry.npmjs.org/supports-preserve-symlinks-flag/-/supports-preserve-symlinks-flag-1.0.0.tgz 1037ms (cache miss)
7028 http fetch GET 200 https://registry.npmjs.org/fresh/-/fresh-0.5.2.tgz 1038ms (cache miss)
7029 http fetch GET 200 https://registry.npmjs.org/path-parse/-/path-parse-1.0.7.tgz 1037ms (cache miss)
7030 http fetch GET 200 https://registry.npmjs.org/ts-interface-checker/-/ts-interface-checker-0.1.13.tgz 1038ms (cache miss)
7031 http fetch GET 200 https://registry.npmjs.org/mime/-/mime-1.6.0.tgz 1039ms (cache miss)
7032 http fetch GET 200 https://registry.npmjs.org/send/-/send-0.19.2.tgz 1047ms (cache miss)
7033 http fetch GET 200 https://registry.npmjs.org/unicode-match-property-value-ecmascript/-/unicode-match-property-value-ecmascript-2.2.1.tgz 1047ms (cache miss)
7034 http fetch GET 200 https://registry.npmjs.org/type-fest/-/type-fest-0.7.1.tgz 1054ms (cache miss)
7035 http fetch GET 200 https://registry.npmjs.org/unicode-match-property-ecmascript/-/unicode-match-property-ecmascript-2.0.0.tgz 1054ms (cache miss)
7036 http fetch GET 200 https://registry.npmjs.org/minimist/-/minimist-1.2.8.tgz 1057ms (cache miss)
7037 http fetch GET 200 https://registry.npmjs.org/regjsparser/-/regjsparser-0.13.1.tgz 1059ms (cache miss)
7038 http fetch GET 200 https://registry.npmjs.org/regenerate/-/regenerate-1.4.2.tgz 1075ms (cache miss)
7039 http fetch GET 200 https://registry.npmjs.org/regjsgen/-/regjsgen-0.8.0.tgz 1076ms (cache miss)
7040 http fetch GET 200 https://registry.npmjs.org/fbjs-css-vars/-/fbjs-css-vars-1.0.2.tgz 1077ms (cache miss)
7041 http fetch GET 200 https://registry.npmjs.org/destroy/-/destroy-1.2.0.tgz 1080ms (cache miss)
7042 http fetch GET 200 https://registry.npmjs.org/isarray/-/isarray-2.0.5.tgz 1080ms (cache miss)
7043 http fetch GET 200 https://registry.npmjs.org/whatwg-url/-/whatwg-url-5.0.0.tgz 1080ms (cache miss)
7044 http fetch GET 200 https://registry.npmjs.org/setimmediate/-/setimmediate-1.0.5.tgz 1083ms (cache miss)
7045 http fetch GET 200 https://registry.npmjs.org/node-fetch/-/node-fetch-2.7.0.tgz 1084ms (cache miss)
7046 http fetch GET 200 https://registry.npmjs.org/@babel/plugin-transform-template-literals/-/plugin-transform-template-literals-7.27.1.tgz 1084ms (cache miss)
7047 http fetch GET 200 https://registry.npmjs.org/react-remove-scroll/-/react-remove-scroll-2.7.2.tgz 1104ms (cache miss)
7048 http fetch GET 200 https://registry.npmjs.org/uuid/-/uuid-7.0.3.tgz 1095ms (cache miss)
7049 http fetch GET 200 https://registry.npmjs.org/cross-fetch/-/cross-fetch-3.2.0.tgz 1098ms (cache miss)
7050 http fetch GET 200 https://registry.npmjs.org/node-exports-info/-/node-exports-info-1.6.0.tgz 1102ms (cache miss)
7051 http fetch GET 200 https://registry.npmjs.org/hyphenate-style-name/-/hyphenate-style-name-1.1.0.tgz 1111ms (cache miss)
7052 http fetch GET 200 https://registry.npmjs.org/styleq/-/styleq-0.1.3.tgz 1115ms (cache miss)
7053 http fetch GET 200 https://registry.npmjs.org/domelementtype/-/domelementtype-2.3.0.tgz 1120ms (cache miss)
7054 http fetch GET 200 https://registry.npmjs.org/node-forge/-/node-forge-1.4.0.tgz 1137ms (cache miss)
7055 http fetch GET 200 https://registry.npmjs.org/prompts/-/prompts-2.4.2.tgz 1140ms (cache miss)
7056 http fetch GET 200 https://registry.npmjs.org/postcss-value-parser/-/postcss-value-parser-4.2.0.tgz 1125ms (cache miss)
7057 http fetch GET 200 https://registry.npmjs.org/nth-check/-/nth-check-2.1.1.tgz 1126ms (cache miss)
7058 http fetch GET 200 https://registry.npmjs.org/boolbase/-/boolbase-1.0.0.tgz 1128ms (cache miss)
7059 http fetch GET 200 https://registry.npmjs.org/@unrs/resolver-binding-darwin-arm64/-/resolver-binding-darwin-arm64-1.11.1.tgz 1141ms (cache miss)
7060 http fetch GET 200 https://registry.npmjs.org/dom-serializer/-/dom-serializer-2.0.0.tgz 1136ms (cache miss)
7061 http fetch GET 200 https://registry.npmjs.org/ua-parser-js/-/ua-parser-js-1.0.41.tgz 1138ms (cache miss)
7062 http fetch GET 200 https://registry.npmjs.org/react-freeze/-/react-freeze-1.0.4.tgz 1144ms (cache miss)
7063 http fetch GET 200 https://registry.npmjs.org/asap/-/asap-2.0.6.tgz 1158ms (cache miss)
7064 http fetch GET 200 https://registry.npmjs.org/marky/-/marky-1.3.0.tgz 1182ms (cache miss)
7065 http fetch GET 200 https://registry.npmjs.org/mdn-data/-/mdn-data-2.0.14.tgz 1183ms (cache miss)
7066 http fetch GET 200 https://registry.npmjs.org/css-in-js-utils/-/css-in-js-utils-3.1.0.tgz 1186ms (cache miss)
7067 http fetch GET 200 https://registry.npmjs.org/hoist-non-react-statics/-/hoist-non-react-statics-3.3.2.tgz 1183ms (cache miss)
7068 http fetch GET 200 https://registry.npmjs.org/domhandler/-/domhandler-5.0.3.tgz 1184ms (cache miss)
7069 http fetch GET 200 https://registry.npmjs.org/@types/stack-utils/-/stack-utils-2.0.3.tgz 1193ms (cache miss)
7070 http fetch GET 200 https://registry.npmjs.org/stack-utils/-/stack-utils-2.0.6.tgz 1193ms (cache miss)
7071 http fetch GET 200 https://registry.npmjs.org/@types/hammerjs/-/hammerjs-2.0.46.tgz 1193ms (cache miss)
7072 http fetch GET 200 https://registry.npmjs.org/@types/graceful-fs/-/graceful-fs-4.1.9.tgz 1194ms (cache miss)
7073 http fetch GET 200 https://registry.npmjs.org/jest-message-util/-/jest-message-util-29.7.0.tgz 1193ms (cache miss)
7074 http fetch GET 200 https://registry.npmjs.org/istanbul-lib-coverage/-/istanbul-lib-coverage-3.2.2.tgz 1197ms (cache miss)
7075 http fetch GET 200 https://registry.npmjs.org/shell-quote/-/shell-quote-1.8.3.tgz 1201ms (cache miss)
7076 http fetch GET 200 https://registry.npmjs.org/css-what/-/css-what-6.2.2.tgz 1208ms (cache miss)
7077 http fetch GET 200 https://registry.npmjs.org/mkdirp/-/mkdirp-1.0.4.tgz 1207ms (cache miss)
7078 http fetch GET 200 https://registry.npmjs.org/rimraf/-/rimraf-3.0.2.tgz 1220ms (cache miss)
7079 warn deprecated rimraf@3.0.2: Rimraf versions prior to v4 are no longer supported
7080 http fetch GET 200 https://registry.npmjs.org/lighthouse-logger/-/lighthouse-logger-1.4.2.tgz 1222ms (cache miss)
7081 http fetch GET 200 https://registry.npmjs.org/is-docker/-/is-docker-2.2.1.tgz 1226ms (cache miss)
7082 http fetch GET 200 https://registry.npmjs.org/@babel/plugin-syntax-top-level-await/-/plugin-syntax-top-level-await-7.14.5.tgz 1224ms (cache miss)
7083 http fetch GET 200 https://registry.npmjs.org/domutils/-/domutils-3.2.2.tgz 1280ms (cache miss)
7084 http fetch GET 200 https://registry.npmjs.org/inline-style-prefixer/-/inline-style-prefixer-7.0.1.tgz 1281ms (cache miss)
7085 http fetch GET 200 https://registry.npmjs.org/@sinonjs/commons/-/commons-3.0.1.tgz 1289ms (cache miss)
7086 http fetch GET 200 https://registry.npmjs.org/entities/-/entities-4.5.0.tgz 1300ms (cache miss)
7087 http fetch GET 200 https://registry.npmjs.org/@jest/environment/-/environment-29.7.0.tgz 1323ms (cache miss)
7088 http fetch GET 200 https://registry.npmjs.org/@babel/plugin-syntax-logical-assignment-operators/-/plugin-syntax-logical-assignment-operators-7.10.4.tgz 1318ms (cache miss)
7089 http fetch GET 200 https://registry.npmjs.org/type-detect/-/type-detect-4.0.8.tgz 1318ms (cache miss)
7090 http fetch GET 200 https://registry.npmjs.org/@babel/plugin-syntax-object-rest-spread/-/plugin-syntax-object-rest-spread-7.8.3.tgz 1319ms (cache miss)
7091 http fetch GET 200 https://registry.npmjs.org/@babel/plugin-syntax-optional-catch-binding/-/plugin-syntax-optional-catch-binding-7.8.3.tgz 1318ms (cache miss)
7092 http fetch GET 200 https://registry.npmjs.org/is-wsl/-/is-wsl-2.2.0.tgz 1318ms (cache miss)
7093 http fetch GET 200 https://registry.npmjs.org/@babel/plugin-syntax-bigint/-/plugin-syntax-bigint-7.8.3.tgz 1318ms (cache miss)
7094 http fetch GET 200 https://registry.npmjs.org/@babel/plugin-syntax-async-generators/-/plugin-syntax-async-generators-7.8.4.tgz 1318ms (cache miss)
7095 http fetch GET 200 https://registry.npmjs.org/@babel/plugin-syntax-json-strings/-/plugin-syntax-json-strings-7.8.3.tgz 1318ms (cache miss)
7096 http fetch GET 200 https://registry.npmjs.org/@sinonjs/fake-timers/-/fake-timers-10.3.0.tgz 1324ms (cache miss)
7097 http fetch GET 200 https://registry.npmjs.org/@babel/plugin-syntax-numeric-separator/-/plugin-syntax-numeric-separator-7.10.4.tgz 1318ms (cache miss)
7098 http fetch GET 200 https://registry.npmjs.org/jest-mock/-/jest-mock-29.7.0.tgz 1320ms (cache miss)
7099 http fetch GET 200 https://registry.npmjs.org/@babel/plugin-syntax-private-property-in-object/-/plugin-syntax-private-property-in-object-7.14.5.tgz 1319ms (cache miss)
7100 http fetch GET 200 https://registry.npmjs.org/@jest/fake-timers/-/fake-timers-29.7.0.tgz 1325ms (cache miss)
7101 http fetch GET 200 https://registry.npmjs.org/babel-plugin-jest-hoist/-/babel-plugin-jest-hoist-29.6.3.tgz 1385ms (cache miss)
7102 http fetch GET 200 https://registry.npmjs.org/@babel/plugin-syntax-import-meta/-/plugin-syntax-import-meta-7.10.4.tgz 1385ms (cache miss)
7103 http fetch GET 200 https://registry.npmjs.org/@babel/plugin-syntax-class-static-block/-/plugin-syntax-class-static-block-7.14.5.tgz 1386ms (cache miss)
7104 http fetch GET 200 https://registry.npmjs.org/get-package-type/-/get-package-type-0.1.0.tgz 1386ms (cache miss)
7105 http fetch GET 200 https://registry.npmjs.org/@babel/plugin-syntax-import-attributes/-/plugin-syntax-import-attributes-7.28.6.tgz 1386ms (cache miss)
7106 http fetch GET 200 https://registry.npmjs.org/pirates/-/pirates-4.0.7.tgz 1386ms (cache miss)
7107 http fetch GET 200 https://registry.npmjs.org/write-file-atomic/-/write-file-atomic-4.0.2.tgz 1387ms (cache miss)
7108 http fetch GET 200 https://registry.npmjs.org/@babel/plugin-syntax-class-properties/-/plugin-syntax-class-properties-7.12.13.tgz 1389ms (cache miss)
7109 http fetch GET 200 https://registry.npmjs.org/@types/babel__template/-/babel__template-7.4.4.tgz 1389ms (cache miss)
7110 http fetch GET 200 https://registry.npmjs.org/test-exclude/-/test-exclude-6.0.0.tgz 1390ms (cache miss)
7111 http fetch GET 200 https://registry.npmjs.org/babel-preset-current-node-syntax/-/babel-preset-current-node-syntax-1.2.0.tgz 1392ms (cache miss)
7112 http fetch GET 200 https://registry.npmjs.org/@istanbuljs/schema/-/schema-0.1.6.tgz 1393ms (cache miss)
7113 http fetch GET 200 https://registry.npmjs.org/istanbul-lib-instrument/-/istanbul-lib-instrument-5.2.1.tgz 1395ms (cache miss)
7114 http fetch GET 200 https://registry.npmjs.org/@istanbuljs/load-nyc-config/-/load-nyc-config-1.1.0.tgz 1394ms (cache miss)
7115 http fetch GET 200 https://registry.npmjs.org/@types/babel__traverse/-/babel__traverse-7.28.0.tgz 1394ms (cache miss)
7116 http fetch GET 200 https://registry.npmjs.org/babel-preset-jest/-/babel-preset-jest-29.6.3.tgz 1395ms (cache miss)
7117 http fetch GET 200 https://registry.npmjs.org/jest-regex-util/-/jest-regex-util-29.6.3.tgz 1415ms (cache miss)
7118 http fetch GET 200 https://registry.npmjs.org/babel-plugin-istanbul/-/babel-plugin-istanbul-6.1.1.tgz 1418ms (cache miss)
7119 http fetch GET 200 https://registry.npmjs.org/open/-/open-7.4.2.tgz 1423ms (cache miss)
7120 http fetch GET 200 https://registry.npmjs.org/event-target-shim/-/event-target-shim-5.0.1.tgz 1436ms (cache miss)
7121 http fetch GET 200 https://registry.npmjs.org/@egjs/hammerjs/-/hammerjs-2.0.17.tgz 1448ms (cache miss)
7122 http fetch GET 200 https://registry.npmjs.org/@types/babel__core/-/babel__core-7.20.5.tgz 1438ms (cache miss)
7123 http fetch GET 200 https://registry.npmjs.org/@types/babel__generator/-/babel__generator-7.27.0.tgz 1440ms (cache miss)
7124 http fetch GET 200 https://registry.npmjs.org/serve-static/-/serve-static-1.16.3.tgz 1439ms (cache miss)
7125 http fetch GET 200 https://registry.npmjs.org/@jest/transform/-/transform-29.7.0.tgz 1441ms (cache miss)
7126 http fetch GET 200 https://registry.npmjs.org/babel-jest/-/babel-jest-29.7.0.tgz 1443ms (cache miss)
7127 http fetch GET 200 https://registry.npmjs.org/jest-haste-map/-/jest-haste-map-29.7.0.tgz 1447ms (cache miss)
7128 http fetch GET 200 https://registry.npmjs.org/chromium-edge-launcher/-/chromium-edge-launcher-0.2.0.tgz 1447ms (cache miss)
7129 http fetch GET 200 https://registry.npmjs.org/chrome-launcher/-/chrome-launcher-0.15.2.tgz 1450ms (cache miss)
7130 http fetch GET 200 https://registry.npmjs.org/undici/-/undici-6.25.0.tgz 1484ms (cache miss)
7131 http fetch GET 200 https://registry.npmjs.org/css-select/-/css-select-5.2.2.tgz 1468ms (cache miss)
7132 http fetch GET 200 https://registry.npmjs.org/promise/-/promise-8.3.0.tgz 1457ms (cache miss)
7133 http fetch GET 200 https://registry.npmjs.org/regenerator-runtime/-/regenerator-runtime-0.13.11.tgz 1456ms (cache miss)
7134 http fetch GET 200 https://registry.npmjs.org/@isaacs/ttlcache/-/ttlcache-1.4.1.tgz 1457ms (cache miss)
7135 http fetch GET 200 https://registry.npmjs.org/jest-environment-node/-/jest-environment-node-29.7.0.tgz 1463ms (cache miss)
7136 http fetch GET 200 https://registry.npmjs.org/memoize-one/-/memoize-one-5.2.1.tgz 1467ms (cache miss)
7137 http fetch GET 200 https://registry.npmjs.org/abort-controller/-/abort-controller-3.0.0.tgz 1467ms (cache miss)
7138 http fetch GET 200 https://registry.npmjs.org/fbjs/-/fbjs-3.0.5.tgz 1483ms (cache miss)
7139 http fetch GET 200 https://registry.npmjs.org/css-tree/-/css-tree-1.1.3.tgz 1488ms (cache miss)
7140 http fetch GET 200 https://registry.npmjs.org/ansi-regex/-/ansi-regex-5.0.1.tgz 1474ms (cache miss)
7141 http fetch GET 200 https://registry.npmjs.org/scheduler/-/scheduler-0.26.0.tgz 1496ms (cache miss)
7142 http fetch GET 200 https://registry.npmjs.org/@react-native/dev-middleware/-/dev-middleware-0.81.5.tgz 1499ms (cache miss)
7143 http fetch GET 200 https://registry.npmjs.org/strict-uri-encode/-/strict-uri-encode-2.0.0.tgz 1511ms (cache miss)
7144 http fetch GET 200 https://registry.npmjs.org/decode-uri-component/-/decode-uri-component-0.2.2.tgz 1514ms (cache miss)
7145 http fetch GET 200 https://registry.npmjs.org/vlq/-/vlq-1.0.1.tgz 1517ms (cache miss)
7146 http fetch GET 200 https://registry.npmjs.org/tar/-/tar-7.5.13.tgz 1552ms (cache miss)
7147 http fetch GET 200 https://registry.npmjs.org/@jest/create-cache-key-function/-/create-cache-key-function-29.7.0.tgz 1526ms (cache miss)
7148 http fetch GET 200 https://registry.npmjs.org/filter-obj/-/filter-obj-1.1.0.tgz 1528ms (cache miss)
7149 http fetch GET 200 https://registry.npmjs.org/pngjs/-/pngjs-3.4.0.tgz 1546ms (cache miss)
7150 http fetch GET 200 https://registry.npmjs.org/@react-native/js-polyfills/-/js-polyfills-0.81.5.tgz 1547ms (cache miss)
7151 http fetch GET 200 https://registry.npmjs.org/bser/-/bser-2.1.1.tgz 1616ms (cache miss)
7152 http fetch GET 200 https://registry.npmjs.org/jest-validate/-/jest-validate-29.7.0.tgz 1616ms (cache miss)
7153 http fetch GET 200 https://registry.npmjs.org/@react-native/assets-registry/-/assets-registry-0.81.5.tgz 1619ms (cache miss)
7154 http fetch GET 200 https://registry.npmjs.org/walker/-/walker-1.0.8.tgz 1618ms (cache miss)
7155 http fetch GET 200 https://registry.npmjs.org/camelcase/-/camelcase-6.3.0.tgz 1617ms (cache miss)
7156 http fetch GET 200 https://registry.npmjs.org/fb-watchman/-/fb-watchman-2.0.2.tgz 1618ms (cache miss)
7157 http fetch GET 200 https://registry.npmjs.org/ob1/-/ob1-0.83.3.tgz 1618ms (cache miss)
7158 http fetch GET 200 https://registry.npmjs.org/leven/-/leven-3.1.0.tgz 1618ms (cache miss)
7159 http fetch GET 200 https://registry.npmjs.org/micromatch/-/micromatch-4.0.8.tgz 1619ms (cache miss)
7160 http fetch GET 200 https://registry.npmjs.org/regenerate-unicode-properties/-/regenerate-unicode-properties-10.2.2.tgz 1649ms (cache miss)
7161 http fetch GET 200 https://registry.npmjs.org/https-proxy-agent/-/https-proxy-agent-7.0.6.tgz 1643ms (cache miss)
7162 http fetch GET 200 https://registry.npmjs.org/jest-get-type/-/jest-get-type-29.6.3.tgz 1646ms (cache miss)
7163 http fetch GET 200 https://registry.npmjs.org/@types/istanbul-lib-report/-/istanbul-lib-report-3.0.3.tgz 1653ms (cache miss)
7164 http fetch GET 200 https://registry.npmjs.org/@types/istanbul-reports/-/istanbul-reports-3.0.4.tgz 1655ms (cache miss)
7165 http fetch GET 200 https://registry.npmjs.org/@react-native/community-cli-plugin/-/community-cli-plugin-0.81.5.tgz 1666ms (cache miss)
7166 http fetch GET 200 https://registry.npmjs.org/split-on-first/-/split-on-first-1.1.0.tgz 1674ms (cache miss)
7167 http fetch GET 200 https://registry.npmjs.org/@types/istanbul-lib-coverage/-/istanbul-lib-coverage-2.0.6.tgz 1672ms (cache miss)
7168 http fetch GET 200 https://registry.npmjs.org/@jest/schemas/-/schemas-29.6.3.tgz 1675ms (cache miss)
7169 http fetch GET 200 https://registry.npmjs.org/@types/yargs/-/yargs-17.0.35.tgz 1676ms (cache miss)
7170 http fetch GET 200 https://registry.npmjs.org/@types/yargs-parser/-/yargs-parser-21.0.3.tgz 1675ms (cache miss)
7171 http fetch GET 200 https://registry.npmjs.org/jest-util/-/jest-util-29.7.0.tgz 1675ms (cache miss)
7172 http fetch GET 200 https://registry.npmjs.org/queue/-/queue-6.0.2.tgz 1683ms (cache miss)
7173 http fetch GET 200 https://registry.npmjs.org/merge-stream/-/merge-stream-2.0.0.tgz 1693ms (cache miss)
7174 http fetch GET 200 https://registry.npmjs.org/@sinclair/typebox/-/typebox-0.27.10.tgz 1704ms (cache miss)
7175 http fetch GET 200 https://registry.npmjs.org/on-finished/-/on-finished-2.3.0.tgz 1704ms (cache miss)
7176 http fetch GET 200 https://registry.npmjs.org/encodeurl/-/encodeurl-1.0.2.tgz 1715ms (cache miss)
7177 http fetch GET 200 https://registry.npmjs.org/finalhandler/-/finalhandler-1.1.2.tgz 1724ms (cache miss)
7178 http fetch GET 200 https://registry.npmjs.org/@jest/types/-/types-29.6.3.tgz 1744ms (cache miss)
7179 http fetch GET 200 https://registry.npmjs.org/stackframe/-/stackframe-1.3.4.tgz 1743ms (cache miss)
7180 http fetch GET 200 https://registry.npmjs.org/statuses/-/statuses-1.5.0.tgz 1745ms (cache miss)
7181 http fetch GET 200 https://registry.npmjs.org/terser/-/terser-5.46.1.tgz 1749ms (cache miss)
7182 http fetch GET 200 https://registry.npmjs.org/throat/-/throat-5.0.0.tgz 1747ms (cache miss)
7183 http fetch GET 200 https://registry.npmjs.org/exponential-backoff/-/exponential-backoff-3.1.3.tgz 1753ms (cache miss)
7184 http fetch GET 200 https://registry.npmjs.org/ws/-/ws-7.5.10.tgz 1755ms (cache miss)
7185 http fetch GET 200 https://registry.npmjs.org/jest-worker/-/jest-worker-29.7.0.tgz 1757ms (cache miss)
7186 http fetch GET 200 https://registry.npmjs.org/source-map/-/source-map-0.5.7.tgz 1769ms (cache miss)
7187 http fetch GET 200 https://registry.npmjs.org/error-stack-parser/-/error-stack-parser-2.1.4.tgz 1837ms (cache miss)
7188 http fetch GET 200 https://registry.npmjs.org/serialize-error/-/serialize-error-2.1.0.tgz 1838ms (cache miss)
7189 http fetch GET 200 https://registry.npmjs.org/loose-envify/-/loose-envify-1.4.0.tgz 1837ms (cache miss)
7190 http fetch GET 200 https://registry.npmjs.org/utils-merge/-/utils-merge-1.0.1.tgz 1839ms (cache miss)
7191 http fetch GET 200 https://registry.npmjs.org/set-function-name/-/set-function-name-2.0.2.tgz 1838ms (cache miss)
7192 http fetch GET 200 https://registry.npmjs.org/graceful-fs/-/graceful-fs-4.2.11.tgz 1838ms (cache miss)
7193 http fetch GET 200 https://registry.npmjs.org/flow-enums-runtime/-/flow-enums-runtime-0.0.6.tgz 1838ms (cache miss)
7194 http fetch GET 200 https://registry.npmjs.org/lodash.throttle/-/lodash.throttle-4.1.1.tgz 1839ms (cache miss)
7195 http fetch GET 200 https://registry.npmjs.org/ci-info/-/ci-info-2.0.0.tgz 1838ms (cache miss)
7196 http fetch GET 200 https://registry.npmjs.org/connect/-/connect-3.7.0.tgz 1839ms (cache miss)
7197 http fetch GET 200 https://registry.npmjs.org/react-devtools-core/-/react-devtools-core-6.1.5.tgz 1852ms (cache miss)
7198 http fetch GET 200 https://registry.npmjs.org/minipass/-/minipass-7.1.3.tgz 1850ms (cache miss)
7199 http fetch GET 200 https://registry.npmjs.org/hermes-estree/-/hermes-estree-0.29.1.tgz 1851ms (cache miss)
7200 http fetch GET 200 https://registry.npmjs.org/resolve-pkg-maps/-/resolve-pkg-maps-1.0.0.tgz 1876ms (cache miss)
7201 http fetch GET 200 https://registry.npmjs.org/warn-once/-/warn-once-0.1.1.tgz 1875ms (cache miss)
7202 http fetch GET 200 https://registry.npmjs.org/shallowequal/-/shallowequal-1.1.0.tgz 1875ms (cache miss)
7203 http fetch GET 200 https://registry.npmjs.org/react-native-is-edge-to-edge/-/react-native-is-edge-to-edge-1.3.1.tgz 1875ms (cache miss)
7204 http fetch GET 200 https://registry.npmjs.org/stacktrace-parser/-/stacktrace-parser-0.1.11.tgz 1875ms (cache miss)
7205 http fetch GET 200 https://registry.npmjs.org/react-fast-compare/-/react-fast-compare-3.2.2.tgz 1874ms (cache miss)
7206 http fetch GET 200 https://registry.npmjs.org/anser/-/anser-1.4.10.tgz 1876ms (cache miss)
7207 http fetch GET 200 https://registry.npmjs.org/server-only/-/server-only-0.0.1.tgz 1876ms (cache miss)
7208 http fetch GET 200 https://registry.npmjs.org/image-size/-/image-size-1.2.1.tgz 1884ms (cache miss)
7209 http fetch GET 200 https://registry.npmjs.org/vaul/-/vaul-1.1.2.tgz 1881ms (cache miss)
7210 http fetch GET 200 https://registry.npmjs.org/whatwg-fetch/-/whatwg-fetch-3.6.20.tgz 1882ms (cache miss)
7211 http fetch GET 200 https://registry.npmjs.org/path-scurry/-/path-scurry-2.0.2.tgz 1887ms (cache miss)
7212 http fetch GET 200 https://registry.npmjs.org/@radix-ui/react-compose-refs/-/react-compose-refs-1.1.2.tgz 1903ms (cache miss)
7213 http fetch GET 200 https://registry.npmjs.org/@react-native/normalize-colors/-/normalize-colors-0.81.5.tgz 1903ms (cache miss)
7214 http fetch GET 200 https://registry.npmjs.org/functions-have-names/-/functions-have-names-1.2.3.tgz 1904ms (cache miss)
7215 http fetch GET 200 https://registry.npmjs.org/client-only/-/client-only-0.0.1.tgz 1922ms (cache miss)
7216 http fetch GET 200 https://registry.npmjs.org/fontfaceobserver/-/fontfaceobserver-2.3.0.tgz 1922ms (cache miss)
7217 http fetch GET 200 https://registry.npmjs.org/@react-native/gradle-plugin/-/gradle-plugin-0.81.5.tgz 1936ms (cache miss)
7218 http fetch GET 200 https://registry.npmjs.org/@expo/schema-utils/-/schema-utils-0.1.8.tgz 1941ms (cache miss)
7219 http fetch GET 200 https://registry.npmjs.org/@expo/require-utils/-/require-utils-55.0.4.tgz 1944ms (cache miss)
7220 http fetch GET 200 https://registry.npmjs.org/commander/-/commander-7.2.0.tgz 1948ms (cache miss)
7221 http fetch GET 200 https://registry.npmjs.org/nullthrows/-/nullthrows-1.1.1.tgz 1965ms (cache miss)
7222 http fetch GET 200 https://registry.npmjs.org/parse-png/-/parse-png-2.1.0.tgz 1970ms (cache miss)
7223 http fetch GET 200 https://registry.npmjs.org/core-js-compat/-/core-js-compat-3.49.0.tgz 1970ms (cache miss)
7224 http fetch GET 200 https://registry.npmjs.org/regexpu-core/-/regexpu-core-6.4.0.tgz 1975ms (cache miss)
7225 http fetch GET 200 https://registry.npmjs.org/@expo/image-utils/-/image-utils-0.8.13.tgz 1979ms (cache miss)
7226 http fetch GET 200 https://registry.npmjs.org/@babel/helper-define-polyfill-provider/-/helper-define-polyfill-provider-0.6.8.tgz 1986ms (cache miss)
7227 http fetch GET 200 https://registry.npmjs.org/@babel/helper-wrap-function/-/helper-wrap-function-7.28.6.tgz 1988ms (cache miss)
7228 http fetch GET 200 https://registry.npmjs.org/jimp-compact/-/jimp-compact-0.16.1.tgz 1989ms (cache miss)
7229 http fetch GET 200 https://registry.npmjs.org/yaml/-/yaml-2.8.3.tgz 2001ms (cache miss)
7230 http fetch GET 200 https://registry.npmjs.org/@babel/helper-create-regexp-features-plugin/-/helper-create-regexp-features-plugin-7.28.5.tgz 1998ms (cache miss)
7231 http fetch GET 200 https://registry.npmjs.org/@radix-ui/react-slot/-/react-slot-1.2.0.tgz 2002ms (cache miss)
7232 http fetch GET 200 https://registry.npmjs.org/lodash.debounce/-/lodash.debounce-4.0.8.tgz 2001ms (cache miss)
7233 http fetch GET 200 https://registry.npmjs.org/invariant/-/invariant-2.2.4.tgz 2008ms (cache miss)
7234 http fetch GET 200 https://registry.npmjs.org/@react-native/babel-plugin-codegen/-/babel-plugin-codegen-0.81.5.tgz 2008ms (cache miss)
7235 http fetch GET 200 https://registry.npmjs.org/@babel/plugin-transform-spread/-/plugin-transform-spread-7.28.6.tgz 2021ms (cache miss)
7236 http fetch GET 200 https://registry.npmjs.org/@babel/plugin-transform-unicode-regex/-/plugin-transform-unicode-regex-7.27.1.tgz 2023ms (cache miss)
7237 http fetch GET 200 https://registry.npmjs.org/@babel/plugin-transform-react-jsx-self/-/plugin-transform-react-jsx-self-7.27.1.tgz 2032ms (cache miss)
7238 http fetch GET 200 https://registry.npmjs.org/yargs/-/yargs-17.7.2.tgz 2038ms (cache miss)
7239 http fetch GET 200 https://registry.npmjs.org/@babel/helper-remap-async-to-generator/-/helper-remap-async-to-generator-7.27.1.tgz 2037ms (cache miss)
7240 http fetch GET 200 https://registry.npmjs.org/@babel/plugin-transform-shorthand-properties/-/plugin-transform-shorthand-properties-7.27.1.tgz 2038ms (cache miss)
7241 http fetch GET 200 https://registry.npmjs.org/@babel/plugin-transform-regenerator/-/plugin-transform-regenerator-7.29.0.tgz 2043ms (cache miss)
7242 http fetch GET 200 https://registry.npmjs.org/@babel/plugin-transform-react-jsx-source/-/plugin-transform-react-jsx-source-7.27.1.tgz 2048ms (cache miss)
7243 http fetch GET 200 https://registry.npmjs.org/@babel/plugin-transform-sticky-regex/-/plugin-transform-sticky-regex-7.27.1.tgz 2048ms (cache miss)
7244 http fetch GET 200 https://registry.npmjs.org/@babel/plugin-transform-optional-chaining/-/plugin-transform-optional-chaining-7.28.6.tgz 2051ms (cache miss)
7245 http fetch GET 200 https://registry.npmjs.org/@babel/plugin-transform-nullish-coalescing-operator/-/plugin-transform-nullish-coalescing-operator-7.28.6.tgz 2051ms (cache miss)
7246 http fetch GET 200 https://registry.npmjs.org/@babel/plugin-transform-for-of/-/plugin-transform-for-of-7.27.1.tgz 2058ms (cache miss)
7247 http fetch GET 200 https://registry.npmjs.org/@react-navigation/native-stack/-/native-stack-7.14.11.tgz 2070ms (cache miss)
7248 http fetch GET 200 https://registry.npmjs.org/@babel/plugin-transform-numeric-separator/-/plugin-transform-numeric-separator-7.28.6.tgz 2069ms (cache miss)
7249 http fetch GET 200 https://registry.npmjs.org/@babel/plugin-transform-optional-catch-binding/-/plugin-transform-optional-catch-binding-7.28.6.tgz 2068ms (cache miss)
7250 http fetch GET 200 https://registry.npmjs.org/@babel/plugin-transform-logical-assignment-operators/-/plugin-transform-logical-assignment-operators-7.28.6.tgz 2068ms (cache miss)
7251 http fetch GET 200 https://registry.npmjs.org/@babel/plugin-transform-computed-properties/-/plugin-transform-computed-properties-7.28.6.tgz 2083ms (cache miss)
7252 http fetch GET 200 https://registry.npmjs.org/@babel/plugin-transform-function-name/-/plugin-transform-function-name-7.27.1.tgz 2088ms (cache miss)
7253 http fetch GET 200 https://registry.npmjs.org/@babel/plugin-transform-literals/-/plugin-transform-literals-7.27.1.tgz 2089ms (cache miss)
7254 http fetch GET 200 https://registry.npmjs.org/@babel/plugin-transform-async-to-generator/-/plugin-transform-async-to-generator-7.28.6.tgz 2092ms (cache miss)
7255 http fetch GET 200 https://registry.npmjs.org/@babel/plugin-transform-arrow-functions/-/plugin-transform-arrow-functions-7.27.1.tgz 2092ms (cache miss)
7256 http fetch GET 200 https://registry.npmjs.org/@babel/plugin-transform-named-capturing-groups-regex/-/plugin-transform-named-capturing-groups-regex-7.29.0.tgz 2093ms (cache miss)
7257 http fetch GET 200 https://registry.npmjs.org/@babel/plugin-syntax-optional-chaining/-/plugin-syntax-optional-chaining-7.8.3.tgz 2098ms (cache miss)
7258 http fetch GET 200 https://registry.npmjs.org/@babel/plugin-transform-block-scoping/-/plugin-transform-block-scoping-7.28.6.tgz 2099ms (cache miss)
7259 http fetch GET 200 https://registry.npmjs.org/@babel/plugin-transform-class-properties/-/plugin-transform-class-properties-7.28.6.tgz 2102ms (cache miss)
7260 http fetch GET 200 https://registry.npmjs.org/@babel/plugin-transform-classes/-/plugin-transform-classes-7.28.6.tgz 2111ms (cache miss)
7261 http fetch GET 200 https://registry.npmjs.org/@babel/plugin-transform-async-generator-functions/-/plugin-transform-async-generator-functions-7.29.0.tgz 2117ms (cache miss)
7262 http fetch GET 200 https://registry.npmjs.org/@babel/plugin-syntax-nullish-coalescing-operator/-/plugin-syntax-nullish-coalescing-operator-7.8.3.tgz 2117ms (cache miss)
7263 http fetch GET 200 https://registry.npmjs.org/@babel/plugin-transform-react-jsx-development/-/plugin-transform-react-jsx-development-7.27.1.tgz 2118ms (cache miss)
7264 http fetch GET 200 https://registry.npmjs.org/@babel/plugin-syntax-dynamic-import/-/plugin-syntax-dynamic-import-7.8.3.tgz 2125ms (cache miss)
7265 http fetch GET 200 https://registry.npmjs.org/@babel/plugin-syntax-jsx/-/plugin-syntax-jsx-7.28.6.tgz 2126ms (cache miss)
7266 http fetch GET 200 https://registry.npmjs.org/@babel/plugin-syntax-typescript/-/plugin-syntax-typescript-7.28.6.tgz 2135ms (cache miss)
7267 http fetch GET 200 https://registry.npmjs.org/@babel/plugin-transform-react-display-name/-/plugin-transform-react-display-name-7.28.0.tgz 2136ms (cache miss)
7268 http fetch GET 200 https://registry.npmjs.org/babel-plugin-polyfill-regenerator/-/babel-plugin-polyfill-regenerator-0.6.8.tgz 2137ms (cache miss)
7269 http fetch GET 200 https://registry.npmjs.org/@babel/plugin-transform-typescript/-/plugin-transform-typescript-7.28.6.tgz 2140ms (cache miss)
7270 http fetch GET 200 https://registry.npmjs.org/babel-plugin-polyfill-corejs3/-/babel-plugin-polyfill-corejs3-0.13.0.tgz 2142ms (cache miss)
7271 http fetch GET 200 https://registry.npmjs.org/@babel/plugin-transform-react-jsx/-/plugin-transform-react-jsx-7.28.6.tgz 2149ms (cache miss)
7272 http fetch GET 200 https://registry.npmjs.org/node-int64/-/node-int64-0.4.0.tgz 2153ms (cache miss)
7273 http fetch GET 200 https://registry.npmjs.org/@babel/plugin-transform-react-pure-annotations/-/plugin-transform-react-pure-annotations-7.27.1.tgz 2154ms (cache miss)
7274 http fetch GET 200 https://registry.npmjs.org/@babel/helper-skip-transparent-expression-wrappers/-/helper-skip-transparent-expression-wrappers-7.27.1.tgz 2154ms (cache miss)
7275 http fetch GET 200 https://registry.npmjs.org/@babel/plugin-transform-destructuring/-/plugin-transform-destructuring-7.28.5.tgz 2165ms (cache miss)
7276 http fetch GET 200 https://registry.npmjs.org/@expo/metro-runtime/-/metro-runtime-6.1.2.tgz 2184ms (cache miss)
7277 http fetch GET 200 https://registry.npmjs.org/@babel/helper-annotate-as-pure/-/helper-annotate-as-pure-7.27.3.tgz 2176ms (cache miss)
7278 http fetch GET 200 https://registry.npmjs.org/@babel/helper-member-expression-to-functions/-/helper-member-expression-to-functions-7.28.5.tgz 2184ms (cache miss)
7279 http fetch GET 200 https://registry.npmjs.org/@babel/helper-replace-supers/-/helper-replace-supers-7.28.6.tgz 2185ms (cache miss)
7280 http fetch GET 200 https://registry.npmjs.org/expo-server/-/expo-server-1.0.5.tgz 2195ms (cache miss)
7281 http fetch GET 200 https://registry.npmjs.org/babel-plugin-syntax-hermes-parser/-/babel-plugin-syntax-hermes-parser-0.29.1.tgz 2195ms (cache miss)
7282 http fetch GET 200 https://registry.npmjs.org/@babel/plugin-syntax-decorators/-/plugin-syntax-decorators-7.28.6.tgz 2196ms (cache miss)
7283 http fetch GET 200 https://registry.npmjs.org/babel-plugin-react-native-web/-/babel-plugin-react-native-web-0.21.2.tgz 2198ms (cache miss)
7284 http fetch GET 200 https://registry.npmjs.org/babel-plugin-transform-flow-enums/-/babel-plugin-transform-flow-enums-0.0.2.tgz 2197ms (cache miss)
7285 http fetch GET 200 https://registry.npmjs.org/babel-plugin-polyfill-corejs2/-/babel-plugin-polyfill-corejs2-0.4.17.tgz 2210ms (cache miss)
7286 http fetch GET 200 https://registry.npmjs.org/@babel/helper-optimise-call-expression/-/helper-optimise-call-expression-7.27.1.tgz 2211ms (cache miss)
7287 http fetch GET 200 https://registry.npmjs.org/@babel/plugin-syntax-flow/-/plugin-syntax-flow-7.28.6.tgz 2212ms (cache miss)
7288 http fetch GET 200 https://registry.npmjs.org/@babel/helper-plugin-utils/-/helper-plugin-utils-7.28.6.tgz 2212ms (cache miss)
7289 http fetch GET 200 https://registry.npmjs.org/@react-native/babel-preset/-/babel-preset-0.81.5.tgz 2211ms (cache miss)
7290 http fetch GET 200 https://registry.npmjs.org/@babel/preset-typescript/-/preset-typescript-7.28.5.tgz 2211ms (cache miss)
7291 http fetch GET 200 https://registry.npmjs.org/@babel/helper-create-class-features-plugin/-/helper-create-class-features-plugin-7.28.6.tgz 2217ms (cache miss)
7292 http fetch GET 200 https://registry.npmjs.org/@expo/prebuild-config/-/prebuild-config-54.0.8.tgz 2236ms (cache miss)
7293 http fetch GET 200 https://registry.npmjs.org/@babel/plugin-transform-private-property-in-object/-/plugin-transform-private-property-in-object-7.28.6.tgz 2234ms (cache miss)
7294 http fetch GET 200 https://registry.npmjs.org/@babel/plugin-transform-runtime/-/plugin-transform-runtime-7.29.0.tgz 2240ms (cache miss)
7295 http fetch GET 200 https://registry.npmjs.org/@react-native/codegen/-/codegen-0.81.5.tgz 2259ms (cache miss)
7296 http fetch GET 200 https://registry.npmjs.org/@babel/preset-react/-/preset-react-7.28.5.tgz 2330ms (cache miss)
7297 http fetch GET 200 https://registry.npmjs.org/@babel/plugin-transform-modules-commonjs/-/plugin-transform-modules-commonjs-7.28.6.tgz 2342ms (cache miss)
7298 http fetch GET 200 https://registry.npmjs.org/@babel/plugin-transform-private-methods/-/plugin-transform-private-methods-7.28.6.tgz 2344ms (cache miss)
7299 http fetch GET 200 https://registry.npmjs.org/@babel/plugin-transform-flow-strip-types/-/plugin-transform-flow-strip-types-7.27.1.tgz 2346ms (cache miss)
7300 http fetch GET 200 https://registry.npmjs.org/@babel/plugin-transform-export-namespace-from/-/plugin-transform-export-namespace-from-7.27.1.tgz 2346ms (cache miss)
7301 http fetch GET 200 https://registry.npmjs.org/@babel/plugin-syntax-export-default-from/-/plugin-syntax-export-default-from-7.28.6.tgz 2346ms (cache miss)
7302 http fetch GET 200 https://registry.npmjs.org/@babel/plugin-proposal-decorators/-/plugin-proposal-decorators-7.29.0.tgz 2345ms (cache miss)
7303 http fetch GET 200 https://registry.npmjs.org/@babel/plugin-transform-object-rest-spread/-/plugin-transform-object-rest-spread-7.28.6.tgz 2346ms (cache miss)
7304 http fetch GET 200 https://registry.npmjs.org/@babel/plugin-proposal-export-default-from/-/plugin-proposal-export-default-from-7.27.1.tgz 2346ms (cache miss)
7305 http fetch GET 200 https://registry.npmjs.org/base64-js/-/base64-js-1.5.1.tgz 2346ms (cache miss)
7306 http fetch GET 200 https://registry.npmjs.org/@babel/plugin-transform-class-static-block/-/plugin-transform-class-static-block-7.28.6.tgz 2347ms (cache miss)
7307 http fetch GET 200 https://registry.npmjs.org/@babel/plugin-transform-parameters/-/plugin-transform-parameters-7.27.7.tgz 2353ms (cache miss)
7308 http fetch GET 200 https://registry.npmjs.org/xmlbuilder/-/xmlbuilder-15.1.1.tgz 2369ms (cache miss)
7309 http fetch GET 200 https://registry.npmjs.org/postcss/-/postcss-8.4.49.tgz 2370ms (cache miss)
7310 http fetch GET 200 https://registry.npmjs.org/babel-plugin-react-compiler/-/babel-plugin-react-compiler-1.0.0.tgz 2372ms (cache miss)
7311 http fetch GET 200 https://registry.npmjs.org/dotenv-expand/-/dotenv-expand-11.0.7.tgz 2377ms (cache miss)
7312 http fetch GET 200 https://registry.npmjs.org/metro-transform-plugins/-/metro-transform-plugins-0.83.3.tgz 2381ms (cache miss)
7313 http fetch GET 200 https://registry.npmjs.org/dotenv/-/dotenv-16.4.7.tgz 2391ms (cache miss)
7314 http fetch GET 200 https://registry.npmjs.org/jsc-safe-url/-/jsc-safe-url-0.2.4.tgz 2403ms (cache miss)
7315 http fetch GET 200 https://registry.npmjs.org/metro-minify-terser/-/metro-minify-terser-0.83.3.tgz 2403ms (cache miss)
7316 http fetch GET 200 https://registry.npmjs.org/metro-transform-worker/-/metro-transform-worker-0.83.3.tgz 2406ms (cache miss)
7317 http fetch GET 200 https://registry.npmjs.org/agent-base/-/agent-base-7.1.4.tgz 2407ms (cache miss)
7318 http fetch GET 200 https://registry.npmjs.org/metro-symbolicate/-/metro-symbolicate-0.83.3.tgz 2409ms (cache miss)
7319 http fetch GET 200 https://registry.npmjs.org/@expo/env/-/env-2.0.11.tgz 2417ms (cache miss)
7320 http fetch GET 200 https://registry.npmjs.org/@xmldom/xmldom/-/xmldom-0.8.13.tgz 2418ms (cache miss)
7321 http fetch GET 200 https://registry.npmjs.org/metro-runtime/-/metro-runtime-0.83.3.tgz 2421ms (cache miss)
7322 http fetch GET 200 https://registry.npmjs.org/metro-core/-/metro-core-0.83.3.tgz 2429ms (cache miss)
7323 http fetch GET 200 https://registry.npmjs.org/metro-cache-key/-/metro-cache-key-0.83.3.tgz 2441ms (cache miss)
7324 http fetch GET 200 https://registry.npmjs.org/metro-cache/-/metro-cache-0.83.3.tgz 2444ms (cache miss)
7325 http fetch GET 200 https://registry.npmjs.org/arg/-/arg-5.0.2.tgz 2469ms (cache miss)
7326 http fetch GET 200 https://registry.npmjs.org/metro-babel-transformer/-/metro-babel-transformer-0.83.3.tgz 2474ms (cache miss)
7327 http fetch GET 200 https://registry.npmjs.org/slash/-/slash-3.0.0.tgz 2475ms (cache miss)
7328 http fetch GET 200 https://registry.npmjs.org/slugify/-/slugify-1.6.9.tgz 2476ms (cache miss)
7329 http fetch GET 200 https://registry.npmjs.org/@expo/spawn-async/-/spawn-async-1.7.2.tgz 2476ms (cache miss)
7330 http fetch GET 200 https://registry.npmjs.org/xml2js/-/xml2js-0.6.0.tgz 2481ms (cache miss)
7331 http fetch GET 200 https://registry.npmjs.org/resolve-from/-/resolve-from-5.0.0.tgz 2480ms (cache miss)
7332 http fetch GET 200 https://registry.npmjs.org/@expo/plist/-/plist-0.4.8.tgz 2481ms (cache miss)
7333 http fetch GET 200 https://registry.npmjs.org/resolve-workspace-root/-/resolve-workspace-root-2.0.1.tgz 2481ms (cache miss)
7334 http fetch GET 200 https://registry.npmjs.org/@expo/sdk-runtime-versions/-/sdk-runtime-versions-1.0.0.tgz 2483ms (cache miss)
7335 http fetch GET 200 https://registry.npmjs.org/xcode/-/xcode-3.0.1.tgz 2486ms (cache miss)
7336 http fetch GET 200 https://registry.npmjs.org/require-from-string/-/require-from-string-2.0.2.tgz 2486ms (cache miss)
7337 http fetch GET 200 https://registry.npmjs.org/metro-source-map/-/metro-source-map-0.83.3.tgz 2490ms (cache miss)
7338 http fetch GET 200 https://registry.npmjs.org/getenv/-/getenv-2.0.0.tgz 2494ms (cache miss)
7339 http fetch GET 200 https://registry.npmjs.org/deepmerge/-/deepmerge-4.3.1.tgz 2496ms (cache miss)
7340 http fetch GET 200 https://registry.npmjs.org/metro-resolver/-/metro-resolver-0.83.3.tgz 2498ms (cache miss)
7341 http fetch GET 200 https://registry.npmjs.org/@expo/json-file/-/json-file-10.0.13.tgz 2504ms (cache miss)
7342 http fetch GET 200 https://registry.npmjs.org/@expo/config-types/-/config-types-54.0.10.tgz 2507ms (cache miss)
7343 http fetch GET 200 https://registry.npmjs.org/metro-config/-/metro-config-0.83.3.tgz 2516ms (cache miss)
7344 http fetch GET 200 https://registry.npmjs.org/whatwg-url-without-unicode/-/whatwg-url-without-unicode-8.0.0-3.tgz 2517ms (cache miss)
7345 http fetch GET 200 https://registry.npmjs.org/pretty-format/-/pretty-format-29.7.0.tgz 2516ms (cache miss)
7346 http fetch GET 200 https://registry.npmjs.org/hermes-parser/-/hermes-parser-0.29.1.tgz 2528ms (cache miss)
7347 http fetch GET 200 https://registry.npmjs.org/metro-file-map/-/metro-file-map-0.83.3.tgz 2569ms (cache miss)
7348 http fetch GET 200 https://registry.npmjs.org/@ungap/structured-clone/-/structured-clone-1.3.0.tgz 2569ms (cache miss)
7349 http fetch GET 200 https://registry.npmjs.org/iterator.prototype/-/iterator.prototype-1.1.5.tgz 2570ms (cache miss)
7350 http fetch GET 200 https://registry.npmjs.org/string.prototype.repeat/-/string.prototype.repeat-1.0.0.tgz 2571ms (cache miss)
7351 http fetch GET 200 https://registry.npmjs.org/babel-preset-expo/-/babel-preset-expo-54.0.10.tgz 2582ms (cache miss)
7352 http fetch GET 200 https://registry.npmjs.org/object.entries/-/object.entries-1.1.9.tgz 2593ms (cache miss)
7353 http fetch GET 200 https://registry.npmjs.org/string.prototype.matchall/-/string.prototype.matchall-4.0.12.tgz 2594ms (cache miss)
7354 http fetch GET 200 https://registry.npmjs.org/prop-types/-/prop-types-15.8.1.tgz 2596ms (cache miss)
7355 http fetch GET 200 https://registry.npmjs.org/array.prototype.findlast/-/array.prototype.findlast-1.2.5.tgz 2618ms (cache miss)
7356 http fetch GET 200 https://registry.npmjs.org/is-date-object/-/is-date-object-1.1.0.tgz 2626ms (cache miss)
7357 http fetch GET 200 https://registry.npmjs.org/is-symbol/-/is-symbol-1.1.1.tgz 2627ms (cache miss)
7358 http fetch GET 200 https://registry.npmjs.org/unbox-primitive/-/unbox-primitive-1.1.0.tgz 2631ms (cache miss)
7359 http fetch GET 200 https://registry.npmjs.org/array.prototype.tosorted/-/array.prototype.tosorted-1.1.4.tgz 2633ms (cache miss)
7360 http fetch GET 200 https://registry.npmjs.org/which-typed-array/-/which-typed-array-1.1.20.tgz 2632ms (cache miss)
7361 http fetch GET 200 https://registry.npmjs.org/possible-typed-array-names/-/possible-typed-array-names-1.1.0.tgz 2632ms (cache miss)
7362 http fetch GET 200 https://registry.npmjs.org/typed-array-length/-/typed-array-length-1.0.7.tgz 2640ms (cache miss)
7363 http fetch GET 200 https://registry.npmjs.org/typed-array-byte-offset/-/typed-array-byte-offset-1.0.4.tgz 2644ms (cache miss)
7364 http fetch GET 200 https://registry.npmjs.org/react-refresh/-/react-refresh-0.14.2.tgz 2648ms (cache miss)
7365 http fetch GET 200 https://registry.npmjs.org/string.prototype.trimstart/-/string.prototype.trimstart-1.0.8.tgz 2645ms (cache miss)
7366 http fetch GET 200 https://registry.npmjs.org/typed-array-buffer/-/typed-array-buffer-1.0.3.tgz 2648ms (cache miss)
7367 http fetch GET 200 https://registry.npmjs.org/typed-array-byte-length/-/typed-array-byte-length-1.0.3.tgz 2652ms (cache miss)
7368 http fetch GET 200 https://registry.npmjs.org/stop-iteration-iterator/-/stop-iteration-iterator-1.1.0.tgz 2660ms (cache miss)
7369 http fetch GET 200 https://registry.npmjs.org/glob/-/glob-13.0.6.tgz 2669ms (cache miss)
7370 http fetch GET 200 https://registry.npmjs.org/string.prototype.trim/-/string.prototype.trim-1.2.10.tgz 2665ms (cache miss)
7371 http fetch GET 200 https://registry.npmjs.org/@expo/devtools/-/devtools-0.1.8.tgz 2668ms (cache miss)
7372 http fetch GET 200 https://registry.npmjs.org/safe-push-apply/-/safe-push-apply-1.0.0.tgz 2699ms (cache miss)
7373 http fetch GET 200 https://registry.npmjs.org/safe-array-concat/-/safe-array-concat-1.1.3.tgz 2700ms (cache miss)
7374 http fetch GET 200 https://registry.npmjs.org/@expo/config/-/config-12.0.13.tgz 2708ms (cache miss)
7375 http fetch GET 200 https://registry.npmjs.org/is-typed-array/-/is-typed-array-1.1.15.tgz 2704ms (cache miss)
7376 http fetch GET 200 https://registry.npmjs.org/set-proto/-/set-proto-1.0.0.tgz 2706ms (cache miss)
7377 http fetch GET 200 https://registry.npmjs.org/safe-regex-test/-/safe-regex-test-1.1.0.tgz 2706ms (cache miss)
7378 http fetch GET 200 https://registry.npmjs.org/is-shared-array-buffer/-/is-shared-array-buffer-1.0.4.tgz 2708ms (cache miss)
7379 http fetch GET 200 https://registry.npmjs.org/is-weakref/-/is-weakref-1.1.1.tgz 2709ms (cache miss)
7380 http fetch GET 200 https://registry.npmjs.org/is-data-view/-/is-data-view-1.0.2.tgz 2709ms (cache miss)
7381 http fetch GET 200 https://registry.npmjs.org/is-set/-/is-set-2.0.3.tgz 2711ms (cache miss)
7382 http fetch GET 200 https://registry.npmjs.org/is-callable/-/is-callable-1.2.7.tgz 2711ms (cache miss)
7383 http fetch GET 200 https://registry.npmjs.org/is-regex/-/is-regex-1.2.1.tgz 2715ms (cache miss)
7384 http fetch GET 200 https://registry.npmjs.org/regexp.prototype.flags/-/regexp.prototype.flags-1.5.4.tgz 2716ms (cache miss)
7385 http fetch GET 200 https://registry.npmjs.org/is-array-buffer/-/is-array-buffer-3.0.5.tgz 2733ms (cache miss)
7386 http fetch GET 200 https://registry.npmjs.org/object.assign/-/object.assign-4.1.7.tgz 2737ms (cache miss)
7387 http fetch GET 200 https://registry.npmjs.org/is-negative-zero/-/is-negative-zero-2.0.3.tgz 2739ms (cache miss)
7388 http fetch GET 200 https://registry.npmjs.org/internal-slot/-/internal-slot-1.1.0.tgz 2740ms (cache miss)
7389 http fetch GET 200 https://registry.npmjs.org/function.prototype.name/-/function.prototype.name-1.1.8.tgz 2746ms (cache miss)
7390 http fetch GET 200 https://registry.npmjs.org/has-proto/-/has-proto-1.2.0.tgz 2747ms (cache miss)
7391 http fetch GET 200 https://registry.npmjs.org/data-view-byte-offset/-/data-view-byte-offset-1.0.1.tgz 2750ms (cache miss)
7392 http fetch GET 200 https://registry.npmjs.org/data-view-byte-length/-/data-view-byte-length-1.0.2.tgz 2750ms (cache miss)
7393 http fetch GET 200 https://registry.npmjs.org/data-view-buffer/-/data-view-buffer-1.0.2.tgz 2755ms (cache miss)
7394 http fetch GET 200 https://registry.npmjs.org/globalthis/-/globalthis-1.0.4.tgz 2769ms (cache miss)
7395 http fetch GET 200 https://registry.npmjs.org/available-typed-arrays/-/available-typed-arrays-1.0.7.tgz 2771ms (cache miss)
7396 http fetch GET 200 https://registry.npmjs.org/arraybuffer.prototype.slice/-/arraybuffer.prototype.slice-1.0.4.tgz 2771ms (cache miss)
7397 http fetch GET 200 https://registry.npmjs.org/expo-keep-awake/-/expo-keep-awake-15.0.8.tgz 2784ms (cache miss)
7398 http fetch GET 200 https://registry.npmjs.org/es-to-primitive/-/es-to-primitive-1.3.0.tgz 2778ms (cache miss)
7399 http fetch GET 200 https://registry.npmjs.org/@expo/fingerprint/-/fingerprint-0.15.4.tgz 2820ms (cache miss)
7400 http fetch GET 200 https://registry.npmjs.org/es-iterator-helpers/-/es-iterator-helpers-1.3.2.tgz 2847ms (cache miss)
7401 http fetch GET 200 https://registry.npmjs.org/define-data-property/-/define-data-property-1.1.4.tgz 2859ms (cache miss)
7402 http fetch GET 200 https://registry.npmjs.org/es-shim-unscopables/-/es-shim-unscopables-1.1.0.tgz 2860ms (cache miss)
7403 http fetch GET 200 https://registry.npmjs.org/define-properties/-/define-properties-1.2.1.tgz 2860ms (cache miss)
7404 http fetch GET 200 https://registry.npmjs.org/array-buffer-byte-length/-/array-buffer-byte-length-1.0.2.tgz 2861ms (cache miss)
7405 http fetch GET 200 https://registry.npmjs.org/set-function-length/-/set-function-length-1.2.2.tgz 2861ms (cache miss)
7406 http fetch GET 200 https://registry.npmjs.org/is-string/-/is-string-1.1.1.tgz 2861ms (cache miss)
7407 http fetch GET 200 https://registry.npmjs.org/has-property-descriptors/-/has-property-descriptors-1.0.2.tgz 2862ms (cache miss)
7408 http fetch GET 200 https://registry.npmjs.org/object-keys/-/object-keys-1.1.1.tgz 2862ms (cache miss)
7409 http fetch GET 200 https://registry.npmjs.org/call-bind/-/call-bind-1.0.9.tgz 2862ms (cache miss)
7410 http fetch GET 200 https://registry.npmjs.org/get-symbol-description/-/get-symbol-description-1.1.0.tgz 2865ms (cache miss)
7411 http fetch GET 200 https://registry.npmjs.org/jsx-ast-utils/-/jsx-ast-utils-3.3.5.tgz 2882ms (cache miss)
7412 http fetch GET 200 https://registry.npmjs.org/string.prototype.trimend/-/string.prototype.trimend-1.0.9.tgz 2885ms (cache miss)
7413 http fetch GET 200 https://registry.npmjs.org/is-core-module/-/is-core-module-2.16.1.tgz 2919ms (cache miss)
7414 http fetch GET 200 https://registry.npmjs.org/object.fromentries/-/object.fromentries-2.0.8.tgz 2920ms (cache miss)
7415 http fetch GET 200 https://registry.npmjs.org/eslint-import-resolver-node/-/eslint-import-resolver-node-0.3.10.tgz 2920ms (cache miss)
7416 http fetch GET 200 https://registry.npmjs.org/array.prototype.flat/-/array.prototype.flat-1.3.3.tgz 2921ms (cache miss)
7417 http fetch GET 200 https://registry.npmjs.org/array.prototype.flatmap/-/array.prototype.flatmap-1.3.3.tgz 2921ms (cache miss)
7418 http fetch GET 200 https://registry.npmjs.org/doctrine/-/doctrine-2.1.0.tgz 2925ms (cache miss)
7419 http fetch GET 200 https://registry.npmjs.org/object.groupby/-/object.groupby-1.0.3.tgz 2929ms (cache miss)
7420 http fetch GET 200 https://registry.npmjs.org/array.prototype.findlastindex/-/array.prototype.findlastindex-1.2.6.tgz 2929ms (cache miss)
7421 http fetch GET 200 https://registry.npmjs.org/object.values/-/object.values-1.2.1.tgz 2937ms (cache miss)
7422 http fetch GET 200 https://registry.npmjs.org/array-includes/-/array-includes-3.1.9.tgz 2937ms (cache miss)
7423 http fetch GET 200 https://registry.npmjs.org/@rtsao/scc/-/scc-1.1.0.tgz 2938ms (cache miss)
7424 http fetch GET 200 https://registry.npmjs.org/eslint-module-utils/-/eslint-module-utils-2.12.1.tgz 2939ms (cache miss)
7425 http fetch GET 200 https://registry.npmjs.org/resolve/-/resolve-2.0.0-next.6.tgz 2946ms (cache miss)
7426 http fetch GET 200 https://registry.npmjs.org/stable-hash/-/stable-hash-0.0.5.tgz 2952ms (cache miss)
7427 http fetch GET 200 https://registry.npmjs.org/unrs-resolver/-/unrs-resolver-1.11.1.tgz 2964ms (cache miss)
7428 http fetch GET 200 https://registry.npmjs.org/expo-asset/-/expo-asset-12.0.12.tgz 2981ms (cache miss)
7429 http fetch GET 200 https://registry.npmjs.org/@nolyfill/is-core-module/-/is-core-module-1.0.39.tgz 2973ms (cache miss)
7430 http fetch GET 200 https://registry.npmjs.org/@typescript-eslint/tsconfig-utils/-/tsconfig-utils-8.58.2.tgz 2979ms (cache miss)
7431 http fetch GET 200 https://registry.npmjs.org/is-bun-module/-/is-bun-module-2.0.0.tgz 2980ms (cache miss)
7432 http fetch GET 200 https://registry.npmjs.org/@typescript-eslint/visitor-keys/-/visitor-keys-8.58.2.tgz 2980ms (cache miss)
7433 http fetch GET 200 https://registry.npmjs.org/ts-api-utils/-/ts-api-utils-2.5.0.tgz 2991ms (cache miss)
7434 http fetch GET 200 https://registry.npmjs.org/get-tsconfig/-/get-tsconfig-4.14.0.tgz 2993ms (cache miss)
7435 http fetch GET 200 https://registry.npmjs.org/@typescript-eslint/project-service/-/project-service-8.58.2.tgz 2994ms (cache miss)
7436 http fetch GET 200 https://registry.npmjs.org/@typescript-eslint/types/-/types-8.58.2.tgz 2999ms (cache miss)
7437 http fetch GET 200 https://registry.npmjs.org/eslint-plugin-expo/-/eslint-plugin-expo-1.0.0.tgz 3017ms (cache miss)
7438 http fetch GET 200 https://registry.npmjs.org/eslint-plugin-react-hooks/-/eslint-plugin-react-hooks-5.2.0.tgz 3021ms (cache miss)
7439 http fetch GET 200 https://registry.npmjs.org/eslint-import-resolver-typescript/-/eslint-import-resolver-typescript-3.10.1.tgz 3023ms (cache miss)
7440 http fetch GET 200 https://registry.npmjs.org/simple-swizzle/-/simple-swizzle-0.2.4.tgz 3024ms (cache miss)
7441 http fetch GET 200 https://registry.npmjs.org/@expo/metro-config/-/metro-config-54.0.14.tgz 3039ms (cache miss)
7442 http fetch GET 200 https://registry.npmjs.org/color-string/-/color-string-1.9.1.tgz 3033ms (cache miss)
7443 http fetch GET 200 https://registry.npmjs.org/own-keys/-/own-keys-1.0.1.tgz 3051ms (cache miss)
7444 http fetch GET 200 https://registry.npmjs.org/tsconfig-paths/-/tsconfig-paths-3.15.0.tgz 3054ms (cache miss)
7445 http fetch GET 200 https://registry.npmjs.org/use-latest-callback/-/use-latest-callback-0.2.6.tgz 3049ms (cache miss)
7446 http fetch GET 200 https://registry.npmjs.org/react-is/-/react-is-19.2.5.tgz 3049ms (cache miss)
7447 http fetch GET 200 https://registry.npmjs.org/query-string/-/query-string-7.1.3.tgz 3049ms (cache miss)
7448 http fetch GET 200 https://registry.npmjs.org/@typescript-eslint/parser/-/parser-8.58.2.tgz 3051ms (cache miss)
7449 http fetch GET 200 https://registry.npmjs.org/color/-/color-4.2.3.tgz 3059ms (cache miss)
7450 http fetch GET 200 https://registry.npmjs.org/use-sync-external-store/-/use-sync-external-store-1.6.0.tgz 3068ms (cache miss)
7451 http fetch GET 200 https://registry.npmjs.org/@typescript-eslint/type-utils/-/type-utils-8.58.2.tgz 3075ms (cache miss)
7452 http fetch GET 200 https://registry.npmjs.org/sf-symbols-typescript/-/sf-symbols-typescript-2.2.0.tgz 3080ms (cache miss)
7453 http fetch GET 200 https://registry.npmjs.org/expo-symbols/-/expo-symbols-1.0.8.tgz 3138ms (cache miss)
7454 http fetch GET 200 https://registry.npmjs.org/sucrase/-/sucrase-3.35.1.tgz 3185ms (cache miss)
7455 http fetch GET 200 https://registry.npmjs.org/expo-status-bar/-/expo-status-bar-3.0.9.tgz 3177ms (cache miss)
7456 http fetch GET 200 https://registry.npmjs.org/expo-file-system/-/expo-file-system-19.0.21.tgz 3253ms (cache miss)
7457 http fetch GET 200 https://registry.npmjs.org/@typescript-eslint/typescript-estree/-/typescript-estree-8.58.2.tgz 3271ms (cache miss)
7458 http fetch GET 200 https://registry.npmjs.org/eslint-config-expo/-/eslint-config-expo-10.0.0.tgz 3288ms (cache miss)
7459 http fetch GET 200 https://registry.npmjs.org/@typescript-eslint/utils/-/utils-8.58.2.tgz 3303ms (cache miss)
7460 http fetch GET 200 https://registry.npmjs.org/expo-modules-autolinking/-/expo-modules-autolinking-3.0.24.tgz 3340ms (cache miss)
7461 http fetch GET 200 https://registry.npmjs.org/@react-navigation/routers/-/routers-7.5.3.tgz 3339ms (cache miss)
7462 http fetch GET 200 https://registry.npmjs.org/expo-constants/-/expo-constants-18.0.13.tgz 3370ms (cache miss)
7463 http fetch GET 200 https://registry.npmjs.org/strip-json-comments/-/strip-json-comments-2.0.1.tgz 3433ms (cache miss)
7464 http fetch GET 200 https://registry.npmjs.org/escape-string-regexp/-/escape-string-regexp-1.0.5.tgz 3474ms (cache miss)
7465 http fetch GET 200 https://registry.npmjs.org/chalk/-/chalk-2.4.2.tgz 3480ms (cache miss)
7466 http fetch GET 200 https://registry.npmjs.org/ansi-styles/-/ansi-styles-3.2.1.tgz 3480ms (cache miss)
7467 http fetch GET 200 https://registry.npmjs.org/color-convert/-/color-convert-1.9.3.tgz 3481ms (cache miss)
7468 http fetch GET 200 https://registry.npmjs.org/react/-/react-19.1.0.tgz 3491ms (cache miss)
7469 http fetch GET 200 https://registry.npmjs.org/expo-splash-screen/-/expo-splash-screen-31.0.13.tgz 3494ms (cache miss)
7470 http fetch GET 200 https://registry.npmjs.org/@expo/config-plugins/-/config-plugins-54.0.4.tgz 3512ms (cache miss)
7471 http fetch GET 200 https://registry.npmjs.org/expo-haptics/-/expo-haptics-15.0.8.tgz 3512ms (cache miss)
7472 http fetch GET 200 https://registry.npmjs.org/expo-system-ui/-/expo-system-ui-6.0.9.tgz 3528ms (cache miss)
7473 http fetch GET 200 https://registry.npmjs.org/react-dom/-/react-dom-19.1.0.tgz 3532ms (cache miss)
7474 http fetch GET 200 https://registry.npmjs.org/ansi-regex/-/ansi-regex-4.1.1.tgz 3533ms (cache miss)
7475 http fetch GET 200 https://registry.npmjs.org/color-name/-/color-name-1.1.3.tgz 3535ms (cache miss)
7476 http fetch GET 200 https://registry.npmjs.org/yallist/-/yallist-5.0.0.tgz 3535ms (cache miss)
7477 http fetch GET 200 https://registry.npmjs.org/escape-string-regexp/-/escape-string-regexp-1.0.5.tgz 3535ms (cache miss)
7478 http fetch GET 200 https://registry.npmjs.org/chalk/-/chalk-2.4.2.tgz 3537ms (cache miss)
7479 http fetch GET 200 https://registry.npmjs.org/color-convert/-/color-convert-1.9.3.tgz 3537ms (cache miss)
7480 http fetch GET 200 https://registry.npmjs.org/expo-web-browser/-/expo-web-browser-15.0.10.tgz 3549ms (cache miss)
7481 http fetch GET 200 https://registry.npmjs.org/@types/react/-/react-19.1.17.tgz 3591ms (cache miss)
7482 http fetch GET 200 https://registry.npmjs.org/eslint-plugin-import/-/eslint-plugin-import-2.32.0.tgz 3603ms (cache miss)
7483 http fetch GET 200 https://registry.npmjs.org/ansi-styles/-/ansi-styles-3.2.1.tgz 3601ms (cache miss)
7484 http fetch GET 200 https://registry.npmjs.org/color-name/-/color-name-1.1.3.tgz 3626ms (cache miss)
7485 http fetch GET 200 https://registry.npmjs.org/strip-ansi/-/strip-ansi-5.2.0.tgz 3627ms (cache miss)
7486 http fetch GET 200 https://registry.npmjs.org/ms/-/ms-2.0.0.tgz 3628ms (cache miss)
7487 http fetch GET 200 https://registry.npmjs.org/ansi-styles/-/ansi-styles-3.2.1.tgz 3627ms (cache miss)
7488 http fetch GET 200 https://registry.npmjs.org/color-convert/-/color-convert-1.9.3.tgz 3627ms (cache miss)
7489 http fetch GET 200 https://registry.npmjs.org/color-name/-/color-name-1.1.3.tgz 3631ms (cache miss)
7490 http fetch GET 200 https://registry.npmjs.org/negotiator/-/negotiator-0.6.4.tgz 3632ms (cache miss)
7491 http fetch GET 200 https://registry.npmjs.org/open/-/open-8.4.2.tgz 3632ms (cache miss)
7492 http fetch GET 200 https://registry.npmjs.org/debug/-/debug-3.2.7.tgz 3635ms (cache miss)
7493 http fetch GET 200 https://registry.npmjs.org/escape-string-regexp/-/escape-string-regexp-1.0.5.tgz 3644ms (cache miss)
7494 http fetch GET 200 https://registry.npmjs.org/ms/-/ms-2.0.0.tgz 3644ms (cache miss)
7495 http fetch GET 200 https://registry.npmjs.org/ms/-/ms-2.0.0.tgz 3644ms (cache miss)
7496 http fetch GET 200 https://registry.npmjs.org/chalk/-/chalk-2.4.2.tgz 3645ms (cache miss)
7497 http fetch GET 200 https://registry.npmjs.org/glob/-/glob-7.2.3.tgz 3651ms (cache miss)
7498 warn deprecated glob@7.2.3: Old versions of glob are not supported, and contain widely publicized security vulnerabilities, which have been fixed in the current version. Please update. Support for old versions may be purchased (at exorbitant rates) by contacting i@izs.me
7499 http fetch GET 200 https://registry.npmjs.org/debug/-/debug-2.6.9.tgz 3653ms (cache miss)
7500 http fetch GET 200 https://registry.npmjs.org/react-is/-/react-is-16.13.1.tgz 3655ms (cache miss)
7501 http fetch GET 200 https://registry.npmjs.org/glob/-/glob-7.2.3.tgz 3657ms (cache miss)
7502 warn deprecated glob@7.2.3: Old versions of glob are not supported, and contain widely publicized security vulnerabilities, which have been fixed in the current version. Please update. Support for old versions may be purchased (at exorbitant rates) by contacting i@izs.me
7503 http fetch GET 200 https://registry.npmjs.org/debug/-/debug-2.6.9.tgz 3658ms (cache miss)
7504 http fetch GET 200 https://registry.npmjs.org/debug/-/debug-2.6.9.tgz 3705ms (cache miss)
7505 http fetch GET 200 https://registry.npmjs.org/p-locate/-/p-locate-4.1.0.tgz 3706ms (cache miss)
7506 http fetch GET 200 https://registry.npmjs.org/camelcase/-/camelcase-5.3.1.tgz 3707ms (cache miss)
7507 http fetch GET 200 https://registry.npmjs.org/escape-string-regexp/-/escape-string-regexp-2.0.0.tgz 3707ms (cache miss)
7508 http fetch GET 200 https://registry.npmjs.org/locate-path/-/locate-path-5.0.0.tgz 3707ms (cache miss)
7509 http fetch GET 200 https://registry.npmjs.org/find-up/-/find-up-4.1.0.tgz 3707ms (cache miss)
7510 http fetch GET 200 https://registry.npmjs.org/p-limit/-/p-limit-2.3.0.tgz 3707ms (cache miss)
7511 http fetch GET 200 https://registry.npmjs.org/lru-cache/-/lru-cache-10.4.3.tgz 3720ms (cache miss)
7512 http fetch GET 200 https://registry.npmjs.org/ws/-/ws-6.2.3.tgz 3733ms (cache miss)
7513 http fetch GET 200 https://registry.npmjs.org/source-map/-/source-map-0.6.1.tgz 3739ms (cache miss)
7514 http fetch GET 200 https://registry.npmjs.org/source-map/-/source-map-0.6.1.tgz 3741ms (cache miss)
7515 http fetch GET 200 https://registry.npmjs.org/promise/-/promise-7.3.1.tgz 3742ms (cache miss)
7516 http fetch GET 200 https://registry.npmjs.org/ci-info/-/ci-info-3.9.0.tgz 3745ms (cache miss)
7517 http fetch GET 200 https://registry.npmjs.org/ms/-/ms-2.0.0.tgz 3745ms (cache miss)
7518 http fetch GET 200 https://registry.npmjs.org/expo-linking/-/expo-linking-8.0.11.tgz 3759ms (cache miss)
7519 http fetch GET 200 https://registry.npmjs.org/debug/-/debug-2.6.9.tgz 3757ms (cache miss)
7520 http fetch GET 200 https://registry.npmjs.org/commander/-/commander-2.20.3.tgz 3761ms (cache miss)
7521 http fetch GET 200 https://registry.npmjs.org/ms/-/ms-2.0.0.tgz 3771ms (cache miss)
7522 http fetch GET 200 https://registry.npmjs.org/debug/-/debug-2.6.9.tgz 3782ms (cache miss)
7523 http fetch GET 200 https://registry.npmjs.org/supports-color/-/supports-color-8.1.1.tgz 3786ms (cache miss)
7524 http fetch GET 200 https://registry.npmjs.org/@radix-ui/react-presence/-/react-presence-1.1.5.tgz 3787ms (cache miss)
7525 http fetch GET 200 https://registry.npmjs.org/@radix-ui/react-dismissable-layer/-/react-dismissable-layer-1.1.11.tgz 3787ms (cache miss)
7526 http fetch GET 200 https://registry.npmjs.org/@radix-ui/react-primitive/-/react-primitive-2.1.3.tgz 3787ms (cache miss)
7527 http fetch GET 200 https://registry.npmjs.org/@radix-ui/react-portal/-/react-portal-1.1.9.tgz 3789ms (cache miss)
7528 http fetch GET 200 https://registry.npmjs.org/@radix-ui/react-slot/-/react-slot-1.2.3.tgz 3795ms (cache miss)
7529 http fetch GET 200 https://registry.npmjs.org/argparse/-/argparse-1.0.10.tgz 3803ms (cache miss)
7530 http fetch GET 200 https://registry.npmjs.org/type-fest/-/type-fest-0.21.3.tgz 3828ms (cache miss)
7531 http fetch GET 200 https://registry.npmjs.org/js-yaml/-/js-yaml-3.14.2.tgz 3860ms (cache miss)
7532 http fetch GET 200 https://registry.npmjs.org/resolve/-/resolve-1.7.1.tgz 3873ms (cache miss)
7533 http fetch GET 200 https://registry.npmjs.org/metro/-/metro-0.83.3.tgz 3942ms (cache miss)
7534 http fetch GET 200 https://registry.npmjs.org/brace-expansion/-/brace-expansion-2.1.0.tgz 3945ms (cache miss)
7535 http fetch GET 200 https://registry.npmjs.org/react-is/-/react-is-18.3.1.tgz 3947ms (cache miss)
7536 http fetch GET 200 https://registry.npmjs.org/brace-expansion/-/brace-expansion-2.1.0.tgz 3972ms (cache miss)
7537 http fetch GET 200 https://registry.npmjs.org/ansi-styles/-/ansi-styles-5.2.0.tgz 3972ms (cache miss)
7538 http fetch GET 200 https://registry.npmjs.org/webidl-conversions/-/webidl-conversions-5.0.0.tgz 4012ms (cache miss)
7539 http fetch GET 200 https://registry.npmjs.org/@radix-ui/react-dialog/-/react-dialog-1.1.15.tgz 4013ms (cache miss)
7540 http fetch GET 200 https://registry.npmjs.org/glob/-/glob-7.2.3.tgz 4014ms (cache miss)
7541 warn deprecated glob@7.2.3: Old versions of glob are not supported, and contain widely publicized security vulnerabilities, which have been fixed in the current version. Please update. Support for old versions may be purchased (at exorbitant rates) by contacting i@izs.me
7542 http fetch GET 200 https://registry.npmjs.org/expo-font/-/expo-font-14.0.11.tgz 4024ms (cache miss)
7543 http fetch GET 200 https://registry.npmjs.org/@radix-ui/react-focus-scope/-/react-focus-scope-1.1.7.tgz 4080ms (cache miss)
7544 http fetch GET 200 https://registry.npmjs.org/@babel/code-frame/-/code-frame-7.10.4.tgz 4086ms (cache miss)
7545 http fetch GET 200 https://registry.npmjs.org/react-is/-/react-is-16.13.1.tgz 4087ms (cache miss)
7546 http fetch GET 200 https://registry.npmjs.org/lru-cache/-/lru-cache-11.3.5.tgz 4090ms (cache miss)
7547 http fetch GET 200 https://registry.npmjs.org/commander/-/commander-4.1.1.tgz 4088ms (cache miss)
7548 http fetch GET 200 https://registry.npmjs.org/ignore/-/ignore-7.0.5.tgz 4088ms (cache miss)
7549 http fetch GET 200 https://registry.npmjs.org/eslint-visitor-keys/-/eslint-visitor-keys-5.0.1.tgz 4091ms (cache miss)
7550 http fetch GET 200 https://registry.npmjs.org/debug/-/debug-3.2.7.tgz 4092ms (cache miss)
7551 http fetch GET 200 https://registry.npmjs.org/json5/-/json5-1.0.2.tgz 4100ms (cache miss)
7552 http fetch GET 200 https://registry.npmjs.org/memoize-one/-/memoize-one-6.0.0.tgz 4157ms (cache miss)
7553 http fetch GET 200 https://registry.npmjs.org/debug/-/debug-3.2.7.tgz 4163ms (cache miss)
7554 http fetch GET 200 https://registry.npmjs.org/@react-native/normalize-colors/-/normalize-colors-0.74.89.tgz 4167ms (cache miss)
7555 http fetch GET 200 https://registry.npmjs.org/debug/-/debug-3.2.7.tgz 4172ms (cache miss)
7556 http fetch GET 200 https://registry.npmjs.org/@radix-ui/react-slot/-/react-slot-1.2.3.tgz 4175ms (cache miss)
7557 http fetch GET 200 https://registry.npmjs.org/@radix-ui/react-primitive/-/react-primitive-2.1.3.tgz 4179ms (cache miss)
7558 http fetch GET 200 https://registry.npmjs.org/@expo/metro/-/metro-54.2.0.tgz 4209ms (cache miss)
7559 http fetch GET 200 https://registry.npmjs.org/@radix-ui/react-presence/-/react-presence-1.1.5.tgz 4183ms (cache miss)
7560 http fetch GET 200 https://registry.npmjs.org/@radix-ui/react-slot/-/react-slot-1.2.3.tgz 4185ms (cache miss)
7561 http fetch GET 200 https://registry.npmjs.org/@radix-ui/react-collection/-/react-collection-1.1.7.tgz 4193ms (cache miss)
7562 http fetch GET 200 https://registry.npmjs.org/glob/-/glob-7.2.3.tgz 4196ms (cache miss)
7563 warn deprecated glob@7.2.3: Old versions of glob are not supported, and contain widely publicized security vulnerabilities, which have been fixed in the current version. Please update. Support for old versions may be purchased (at exorbitant rates) by contacting i@izs.me
7564 http fetch GET 200 https://registry.npmjs.org/brace-expansion/-/brace-expansion-2.1.0.tgz 4201ms (cache miss)
7565 http fetch GET 200 https://registry.npmjs.org/@radix-ui/react-tabs/-/react-tabs-1.1.13.tgz 4202ms (cache miss)
7566 http fetch GET 200 https://registry.npmjs.org/hermes-estree/-/hermes-estree-0.32.0.tgz 4208ms (cache miss)
7567 http fetch GET 200 https://registry.npmjs.org/hermes-estree/-/hermes-estree-0.32.0.tgz 4210ms (cache miss)
7568 http fetch GET 200 https://registry.npmjs.org/xmlbuilder/-/xmlbuilder-11.0.1.tgz 4223ms (cache miss)
7569 http fetch GET 200 https://registry.npmjs.org/ws/-/ws-6.2.3.tgz 4233ms (cache miss)
7570 http fetch GET 200 https://registry.npmjs.org/commander/-/commander-12.1.0.tgz 4235ms (cache miss)
7571 http fetch GET 200 https://registry.npmjs.org/ci-info/-/ci-info-3.9.0.tgz 4233ms (cache miss)
7572 http fetch GET 200 https://registry.npmjs.org/@radix-ui/react-roving-focus/-/react-roving-focus-1.1.11.tgz 4257ms (cache miss)
7573 http fetch GET 200 https://registry.npmjs.org/picomatch/-/picomatch-3.0.2.tgz 4280ms (cache miss)
7574 http fetch GET 200 https://registry.npmjs.org/globals/-/globals-16.5.0.tgz 4298ms (cache miss)
7575 http fetch GET 200 https://registry.npmjs.org/@react-navigation/native/-/native-7.2.2.tgz 4311ms (cache miss)
7576 http fetch GET 200 https://registry.npmjs.org/semver/-/semver-7.6.3.tgz 4311ms (cache miss)
7577 http fetch GET 200 https://registry.npmjs.org/ws/-/ws-8.20.0.tgz 4310ms (cache miss)
7578 http fetch GET 200 https://registry.npmjs.org/semver/-/semver-7.7.2.tgz 4317ms (cache miss)
7579 http fetch GET 200 https://registry.npmjs.org/react-native-safe-area-context/-/react-native-safe-area-context-5.6.2.tgz 4330ms (cache miss)
7580 http fetch GET 200 https://registry.npmjs.org/@react-native/virtualized-lists/-/virtualized-lists-0.81.5.tgz 4349ms (cache miss)
7581 http fetch GET 200 https://registry.npmjs.org/minimatch/-/minimatch-9.0.9.tgz 4378ms (cache miss)
7582 http fetch GET 200 https://registry.npmjs.org/minimatch/-/minimatch-9.0.9.tgz 4384ms (cache miss)
7583 http fetch GET 200 https://registry.npmjs.org/@react-navigation/bottom-tabs/-/bottom-tabs-7.15.9.tgz 4447ms (cache miss)
7584 http fetch GET 200 https://registry.npmjs.org/minimatch/-/minimatch-9.0.9.tgz 4535ms (cache miss)
7585 http fetch GET 200 https://registry.npmjs.org/@typescript-eslint/scope-manager/-/scope-manager-8.58.2.tgz 4581ms (cache miss)
7586 http fetch GET 200 https://registry.npmjs.org/resolve/-/resolve-1.22.12.tgz 4575ms (cache miss)
7587 http fetch GET 200 https://registry.npmjs.org/resolve/-/resolve-1.22.12.tgz 4606ms (cache miss)
7588 http fetch GET 200 https://registry.npmjs.org/@react-navigation/elements/-/elements-2.9.14.tgz 4693ms (cache miss)
7589 http fetch GET 200 https://registry.npmjs.org/eslint-plugin-react/-/eslint-plugin-react-7.37.5.tgz 4716ms (cache miss)
7590 http fetch GET 200 https://registry.npmjs.org/@expo/vector-icons/-/vector-icons-15.1.1.tgz 4731ms (cache miss)
7591 http fetch GET 200 https://registry.npmjs.org/expo-image/-/expo-image-3.0.11.tgz 4766ms (cache miss)
7592 http fetch GET 200 https://registry.npmjs.org/typescript/-/typescript-5.9.3.tgz 4776ms (cache miss)
7593 http fetch GET 200 https://registry.npmjs.org/@react-native/debugger-frontend/-/debugger-frontend-0.81.5.tgz 4850ms (cache miss)
7594 http fetch GET 200 https://registry.npmjs.org/@react-navigation/core/-/core-7.17.2.tgz 4818ms (cache miss)
7595 http fetch GET 200 https://registry.npmjs.org/hermes-parser/-/hermes-parser-0.32.0.tgz 4807ms (cache miss)
7596 http fetch GET 200 https://registry.npmjs.org/react-native-worklets/-/react-native-worklets-0.5.1.tgz 4895ms (cache miss)
7597 http fetch GET 200 https://registry.npmjs.org/expo/-/expo-54.0.33.tgz 4923ms (cache miss)
7598 http fetch GET 200 https://registry.npmjs.org/@typescript-eslint/eslint-plugin/-/eslint-plugin-8.58.2.tgz 4976ms (cache miss)
7599 http fetch GET 200 https://registry.npmjs.org/hermes-parser/-/hermes-parser-0.32.0.tgz 5886ms (cache miss)
7600 http fetch GET 200 https://registry.npmjs.org/expo-router/-/expo-router-6.0.23.tgz 6336ms (cache miss)
7601 http fetch GET 200 https://registry.npmjs.org/expo-modules-core/-/expo-modules-core-3.0.29.tgz 8529ms (cache miss)
7602 http fetch GET 200 https://registry.npmjs.org/react-native-web/-/react-native-web-0.21.2.tgz 8569ms (cache miss)
7603 http fetch GET 200 https://registry.npmjs.org/es-abstract/-/es-abstract-1.24.2.tgz 8759ms (cache miss)
7604 http fetch GET 200 https://registry.npmjs.org/react-native-screens/-/react-native-screens-4.16.0.tgz 9613ms (cache miss)
7605 http fetch GET 200 https://registry.npmjs.org/react-native-gesture-handler/-/react-native-gesture-handler-2.28.0.tgz 9752ms (cache miss)
7606 http fetch GET 200 https://registry.npmjs.org/@expo/cli/-/cli-54.0.23.tgz 9791ms (cache miss)
7607 http fetch GET 200 https://registry.npmjs.org/react-native-svg/-/react-native-svg-15.15.4.tgz 9970ms (cache miss)
7608 http fetch GET 200 https://registry.npmjs.org/react-native-reanimated/-/react-native-reanimated-4.1.7.tgz 10638ms (cache miss)
7609 http fetch GET 200 https://registry.npmjs.org/lucide-react-native/-/lucide-react-native-1.8.0.tgz 12313ms (cache miss)
7610 http fetch GET 200 https://registry.npmjs.org/react-native/-/react-native-0.81.5.tgz 12332ms (cache miss)
7611 info run fsevents@2.3.3 install node_modules/fsevents node-gyp rebuild
7612 info run fsevents@2.3.3 install { code: 1, signal: null }
7613 verbose reify failed optional dependency /Users/dhyey/Documents/GitHub/GlobeHack/driver-app/node_modules/fsevents
7614 silly reify mark deleted [
7614 silly reify   '/Users/dhyey/Documents/GitHub/GlobeHack/driver-app/node_modules/fsevents'
7614 silly reify ]
7615 info run unrs-resolver@1.11.1 postinstall node_modules/unrs-resolver napi-postinstall unrs-resolver 1.11.1 check
7616 info run unrs-resolver@1.11.1 postinstall { code: 0, signal: null }
7617 silly ADD node_modules/@radix-ui/react-use-escape-keydown
7618 silly ADD node_modules/detect-node-es
7619 silly ADD node_modules/get-nonce
7620 silly ADD node_modules/use-sidecar
7621 silly ADD node_modules/use-callback-ref
7622 silly ADD node_modules/react-style-singleton
7623 silly ADD node_modules/react-remove-scroll-bar
7624 silly ADD node_modules/react-remove-scroll
7625 silly ADD node_modules/aria-hidden
7626 silly ADD node_modules/@radix-ui/react-focus-guards
7627 silly ADD node_modules/define-lazy-prop
7628 silly ADD node_modules/clone
7629 silly ADD node_modules/defaults
7630 silly ADD node_modules/supports-hyperlinks
7631 silly ADD node_modules/ansi-escapes
7632 silly ADD node_modules/ansi-escapes/node_modules/type-fest
7633 silly ADD node_modules/minizlib
7634 silly ADD node_modules/chownr
7635 silly ADD node_modules/@isaacs/fs-minipass
7636 silly ADD node_modules/mimic-fn
7637 silly ADD node_modules/onetime
7638 silly ADD node_modules/ini
7639 silly ADD node_modules/deep-extend
7640 silly ADD node_modules/rc
7641 silly ADD node_modules/rc/node_modules/strip-json-comments
7642 silly ADD node_modules/nested-error-stacks
7643 silly ADD node_modules/sisteransi
7644 silly ADD node_modules/kleur
7645 silly ADD node_modules/restore-cursor
7646 silly ADD node_modules/wcwidth
7647 silly ADD node_modules/log-symbols
7648 silly ADD node_modules/log-symbols/node_modules/has-flag
7649 silly ADD node_modules/log-symbols/node_modules/color-name
7650 silly ADD node_modules/log-symbols/node_modules/color-convert
7651 silly ADD node_modules/log-symbols/node_modules/supports-color
7652 silly ADD node_modules/log-symbols/node_modules/escape-string-regexp
7653 silly ADD node_modules/log-symbols/node_modules/ansi-styles
7654 silly ADD node_modules/log-symbols/node_modules/chalk
7655 silly ADD node_modules/cli-spinners
7656 silly ADD node_modules/cli-cursor
7657 silly ADD node_modules/validate-npm-package-name
7658 silly ADD node_modules/proc-log
7659 silly ADD node_modules/hosted-git-info
7660 silly ADD node_modules/hosted-git-info/node_modules/lru-cache
7661 silly ADD node_modules/vary
7662 silly ADD node_modules/safe-buffer
7663 silly ADD node_modules/on-headers
7664 silly ADD node_modules/compressible
7665 silly ADD node_modules/bytes
7666 silly ADD node_modules/wonka
7667 silly ADD node_modules/@expo/sudo-prompt
7668 silly ADD node_modules/undici
7669 silly ADD node_modules/terminal-link
7670 silly ADD node_modules/tar
7671 silly ADD node_modules/tar/node_modules/yallist
7672 silly ADD node_modules/structured-headers
7673 silly ADD node_modules/resolve.exports
7674 silly ADD node_modules/requireg
7675 silly ADD node_modules/requireg/node_modules/resolve
7676 silly ADD node_modules/qrcode-terminal
7677 silly ADD node_modules/prompts
7678 silly ADD node_modules/progress
7679 silly ADD node_modules/pretty-bytes
7680 silly ADD node_modules/ora
7681 silly ADD node_modules/ora/node_modules/has-flag
7682 silly ADD node_modules/ora/node_modules/ansi-regex
7683 silly ADD node_modules/ora/node_modules/color-name
7684 silly ADD node_modules/ora/node_modules/color-convert
7685 silly ADD node_modules/ora/node_modules/supports-color
7686 silly ADD node_modules/ora/node_modules/escape-string-regexp
7687 silly ADD node_modules/ora/node_modules/ansi-styles
7688 silly ADD node_modules/ora/node_modules/strip-ansi
7689 silly ADD node_modules/ora/node_modules/chalk
7690 silly ADD node_modules/npm-package-arg
7691 silly ADD node_modules/npm-package-arg/node_modules/semver
7692 silly ADD node_modules/node-forge
7693 silly ADD node_modules/lan-network
7694 silly ADD node_modules/freeport-async
7695 silly ADD node_modules/env-editor
7696 silly ADD node_modules/compression
7697 silly ADD node_modules/compression/node_modules/ms
7698 silly ADD node_modules/compression/node_modules/negotiator
7699 silly ADD node_modules/compression/node_modules/debug
7700 silly ADD node_modules/better-opn
7701 silly ADD node_modules/better-opn/node_modules/open
7702 silly ADD node_modules/@urql/exchange-retry
7703 silly ADD node_modules/@urql/core
7704 silly ADD node_modules/@expo/xcpretty
7705 silly ADD node_modules/@expo/ws-tunnel
7706 silly ADD node_modules/@expo/package-manager
7707 silly ADD node_modules/@expo/osascript
7708 silly ADD node_modules/@expo/devcert
7709 silly ADD node_modules/@expo/devcert/node_modules/debug
7710 silly ADD node_modules/@expo/code-signing-certificates
7711 silly ADD node_modules/@0no-co/graphql.web
7712 silly ADD node_modules/@radix-ui/react-use-callback-ref
7713 silly ADD node_modules/@radix-ui/react-use-effect-event
7714 silly ADD node_modules/@radix-ui/react-use-layout-effect
7715 silly ADD node_modules/@radix-ui/react-use-controllable-state
7716 silly ADD node_modules/@radix-ui/react-id
7717 silly ADD node_modules/@radix-ui/react-direction
7718 silly ADD node_modules/@radix-ui/react-context
7719 silly ADD node_modules/@radix-ui/primitive
7720 silly ADD node_modules/async-limiter
7721 silly ADD node_modules/wrappy
7722 silly ADD node_modules/path-is-absolute
7723 silly ADD node_modules/once
7724 silly ADD node_modules/inflight
7725 silly ADD node_modules/fs.realpath
7726 silly ADD node_modules/p-try
7727 silly ADD node_modules/sprintf-js
7728 silly ADD node_modules/esprima
7729 silly ADD node_modules/@babel/highlight
7730 silly ADD node_modules/@babel/highlight/node_modules/has-flag
7731 silly ADD node_modules/@babel/highlight/node_modules/color-name
7732 silly ADD node_modules/@babel/highlight/node_modules/color-convert
7733 silly ADD node_modules/@babel/highlight/node_modules/supports-color
7734 silly ADD node_modules/@babel/highlight/node_modules/escape-string-regexp
7735 silly ADD node_modules/@babel/highlight/node_modules/ansi-styles
7736 silly ADD node_modules/@babel/highlight/node_modules/chalk
7737 silly ADD node_modules/is-fullwidth-code-point
7738 silly ADD node_modules/emoji-regex
7739 silly ADD node_modules/wrap-ansi
7740 silly ADD node_modules/strip-ansi
7741 silly ADD node_modules/yargs-parser
7742 silly ADD node_modules/y18n
7743 silly ADD node_modules/string-width
7744 silly ADD node_modules/require-directory
7745 silly ADD node_modules/get-caller-file
7746 silly ADD node_modules/cliui
7747 silly ADD node_modules/sax
7748 silly ADD node_modules/big-integer
7749 silly ADD node_modules/stream-buffers
7750 silly ADD node_modules/plist
7751 silly ADD node_modules/bplist-parser
7752 silly ADD node_modules/bplist-creator
7753 silly ADD node_modules/uuid
7754 silly ADD node_modules/simple-plist
7755 silly ADD node_modules/signal-exit
7756 silly ADD node_modules/is-weakset
7757 silly ADD node_modules/is-weakmap
7758 silly ADD node_modules/is-map
7759 silly ADD node_modules/generator-function
7760 silly ADD node_modules/async-function
7761 silly ADD node_modules/which-collection
7762 silly ADD node_modules/is-generator-function
7763 silly ADD node_modules/is-finalizationregistry
7764 silly ADD node_modules/is-async-function
7765 silly ADD node_modules/is-number-object
7766 silly ADD node_modules/is-boolean-object
7767 silly ADD node_modules/is-bigint
7768 silly ADD node_modules/isexe
7769 silly ADD node_modules/ieee754
7770 silly ADD node_modules/buffer
7771 silly ADD node_modules/webidl-conversions
7772 silly ADD node_modules/tr46
7773 silly ADD node_modules/tmpl
7774 silly ADD node_modules/makeerror
7775 silly ADD node_modules/punycode
7776 silly ADD node_modules/escalade
7777 silly ADD node_modules/tslib
7778 silly ADD node_modules/napi-postinstall
7779 silly ADD node_modules/@unrs/resolver-binding-darwin-arm64
7780 silly ADD node_modules/unicode-property-aliases-ecmascript
7781 silly ADD node_modules/unicode-canonical-property-names-ecmascript
7782 silly ADD node_modules/which-boxed-primitive
7783 silly ADD node_modules/has-bigints
7784 silly ADD node_modules/which-builtin-type
7785 silly ADD node_modules/reflect.getprototypeof
7786 silly ADD node_modules/for-each
7787 silly ADD node_modules/strip-bom
7788 silly ADD node_modules/minimist
7789 silly ADD node_modules/@types/json5
7790 silly ADD node_modules/is-number
7791 silly ADD node_modules/thenify
7792 silly ADD node_modules/buffer-from
7793 silly ADD node_modules/source-map-support
7794 silly ADD node_modules/source-map-support/node_modules/source-map
7795 silly ADD node_modules/@jridgewell/source-map
7796 silly ADD node_modules/has-flag
7797 silly ADD node_modules/thenify-all
7798 silly ADD node_modules/any-promise
7799 silly ADD node_modules/ts-interface-checker
7800 silly ADD node_modules/mz
7801 silly ADD node_modules/lines-and-columns
7802 silly ADD node_modules/type-fest
7803 silly ADD node_modules/xmlhttprequest-ssl
7804 silly ADD node_modules/engine.io-parser
7805 silly ADD node_modules/socket.io-parser
7806 silly ADD node_modules/engine.io-client
7807 silly ADD node_modules/engine.io-client/node_modules/ws
7808 silly ADD node_modules/@socket.io/component-emitter
7809 silly ADD node_modules/is-arrayish
7810 silly ADD node_modules/side-channel-weakmap
7811 silly ADD node_modules/side-channel-map
7812 silly ADD node_modules/side-channel-list
7813 silly ADD node_modules/shebang-regex
7814 silly ADD node_modules/toidentifier
7815 silly ADD node_modules/setprototypeof
7816 silly ADD node_modules/range-parser
7817 silly ADD node_modules/mime
7818 silly ADD node_modules/http-errors
7819 silly ADD node_modules/http-errors/node_modules/statuses
7820 silly ADD node_modules/fresh
7821 silly ADD node_modules/etag
7822 silly ADD node_modules/destroy
7823 silly ADD node_modules/depd
7824 silly ADD node_modules/send
7825 silly ADD node_modules/send/node_modules/statuses
7826 silly ADD node_modules/send/node_modules/on-finished
7827 silly ADD node_modules/send/node_modules/encodeurl
7828 silly ADD node_modules/send/node_modules/debug
7829 silly ADD node_modules/send/node_modules/debug/node_modules/ms
7830 silly ADD node_modules/isarray
7831 silly ADD node_modules/supports-preserve-symlinks-flag
7832 silly ADD node_modules/path-parse
7833 silly ADD node_modules/node-exports-info
7834 silly ADD node_modules/unicode-match-property-value-ecmascript
7835 silly ADD node_modules/unicode-match-property-ecmascript
7836 silly ADD node_modules/regjsparser
7837 silly ADD node_modules/regjsgen
7838 silly ADD node_modules/regenerate-unicode-properties
7839 silly ADD node_modules/regenerate
7840 silly ADD node_modules/@babel/plugin-transform-template-literals
7841 silly ADD node_modules/whatwg-url
7842 silly ADD node_modules/hyphenate-style-name
7843 silly ADD node_modules/css-in-js-utils
7844 silly ADD node_modules/node-fetch
7845 silly ADD node_modules/ua-parser-js
7846 silly ADD node_modules/setimmediate
7847 silly ADD node_modules/fbjs-css-vars
7848 silly ADD node_modules/cross-fetch
7849 silly ADD node_modules/styleq
7850 silly ADD node_modules/postcss-value-parser
7851 silly ADD node_modules/inline-style-prefixer
7852 silly ADD node_modules/fbjs
7853 silly ADD node_modules/fbjs/node_modules/promise
7854 silly ADD node_modules/entities
7855 silly ADD node_modules/dom-serializer
7856 silly ADD node_modules/domelementtype
7857 silly ADD node_modules/mdn-data
7858 silly ADD node_modules/nth-check
7859 silly ADD node_modules/domutils
7860 silly ADD node_modules/domhandler
7861 silly ADD node_modules/css-what
7862 silly ADD node_modules/boolbase
7863 silly ADD node_modules/css-tree
7864 silly ADD node_modules/css-tree/node_modules/source-map
7865 silly ADD node_modules/css-select
7866 silly ADD node_modules/react-freeze
7867 silly ADD node_modules/@types/hammerjs
7868 silly ADD node_modules/hoist-non-react-statics
7869 silly ADD node_modules/hoist-non-react-statics/node_modules/react-is
7870 silly ADD node_modules/@egjs/hammerjs
7871 silly ADD node_modules/shell-quote
7872 silly ADD node_modules/asap
7873 silly ADD node_modules/marky
7874 silly ADD node_modules/stack-utils
7875 silly ADD node_modules/stack-utils/node_modules/escape-string-regexp
7876 silly ADD node_modules/@types/stack-utils
7877 silly ADD node_modules/normalize-path
7878 silly ADD
7879 silly ADD node_modules/anymatch
7880 silly ADD node_modules/@types/graceful-fs
7881 silly ADD node_modules/type-detect
7882 silly ADD node_modules/@sinonjs/commons
7883 silly ADD node_modules/jest-message-util
7884 silly ADD node_modules/@sinonjs/fake-timers
7885 silly ADD node_modules/jest-mock
7886 silly ADD node_modules/@jest/fake-timers
7887 silly ADD node_modules/@jest/environment
7888 silly ADD node_modules/istanbul-lib-coverage
7889 silly ADD node_modules/is-docker
7890 silly ADD node_modules/rimraf
7891 silly ADD node_modules/rimraf/node_modules/glob
7892 silly ADD node_modules/mkdirp
7893 silly ADD node_modules/lighthouse-logger
7894 silly ADD node_modules/lighthouse-logger/node_modules/ms
7895 silly ADD node_modules/lighthouse-logger/node_modules/debug
7896 silly ADD node_modules/is-wsl
7897 silly ADD node_modules/@babel/plugin-syntax-top-level-await
7898 silly ADD node_modules/@babel/plugin-syntax-private-property-in-object
7899 silly ADD node_modules/@babel/plugin-syntax-optional-catch-binding
7900 silly ADD node_modules/@babel/plugin-syntax-object-rest-spread
7901 silly ADD node_modules/@babel/plugin-syntax-numeric-separator
7902 silly ADD node_modules/@babel/plugin-syntax-logical-assignment-operators
7903 silly ADD node_modules/@babel/plugin-syntax-json-strings
7904 silly ADD node_modules/@babel/plugin-syntax-import-meta
7905 silly ADD node_modules/@babel/plugin-syntax-import-attributes
7906 silly ADD node_modules/@babel/plugin-syntax-class-static-block
7907 silly ADD node_modules/@babel/plugin-syntax-class-properties
7908 silly ADD node_modules/@babel/plugin-syntax-bigint
7909 silly ADD node_modules/@babel/plugin-syntax-async-generators
7910 silly ADD node_modules/babel-preset-current-node-syntax
7911 silly ADD node_modules/babel-plugin-jest-hoist
7912 silly ADD node_modules/get-package-type
7913 silly ADD node_modules/test-exclude
7914 silly ADD node_modules/test-exclude/node_modules/glob
7915 silly ADD node_modules/istanbul-lib-instrument
7916 silly ADD node_modules/@istanbuljs/schema
7917 silly ADD node_modules/@istanbuljs/load-nyc-config
7918 silly ADD node_modules/@istanbuljs/load-nyc-config/node_modules/p-limit
7919 silly ADD node_modules/@istanbuljs/load-nyc-config/node_modules/p-locate
7920 silly ADD node_modules/@istanbuljs/load-nyc-config/node_modules/argparse
7921 silly ADD node_modules/@istanbuljs/load-nyc-config/node_modules/locate-path
7922 silly ADD node_modules/@istanbuljs/load-nyc-config/node_modules/js-yaml
7923 silly ADD node_modules/@istanbuljs/load-nyc-config/node_modules/find-up
7924 silly ADD node_modules/@istanbuljs/load-nyc-config/node_modules/camelcase
7925 silly ADD node_modules/@types/babel__traverse
7926 silly ADD node_modules/@types/babel__template
7927 silly ADD node_modules/@types/babel__generator
7928 silly ADD node_modules/write-file-atomic
7929 silly ADD node_modules/pirates
7930 silly ADD node_modules/jest-regex-util
7931 silly ADD node_modules/jest-haste-map
7932 silly ADD node_modules/babel-preset-jest
7933 silly ADD node_modules/babel-plugin-istanbul
7934 silly ADD node_modules/@types/babel__core
7935 silly ADD node_modules/@jest/transform
7936 silly ADD node_modules/event-target-shim
7937 silly ADD node_modules/serve-static
7938 silly ADD node_modules/serve-static/node_modules/encodeurl
7939 silly ADD node_modules/open
7940 silly ADD node_modules/chromium-edge-launcher
7941 silly ADD node_modules/chrome-launcher
7942 silly ADD node_modules/@react-native/debugger-frontend
7943 silly ADD node_modules/@isaacs/ttlcache
7944 silly ADD node_modules/@react-native/dev-middleware
7945 silly ADD node_modules/@react-native/dev-middleware/node_modules/ws
7946 silly ADD node_modules/regenerator-runtime
7947 silly ADD node_modules/react-devtools-core
7948 silly ADD node_modules/promise
7949 silly ADD node_modules/memoize-one
7950 silly ADD node_modules/jest-environment-node
7951 silly ADD node_modules/babel-jest
7952 silly ADD node_modules/ansi-regex
7953 silly ADD node_modules/abort-controller
7954 silly ADD node_modules/@react-native/js-polyfills
7955 silly ADD node_modules/@react-native/gradle-plugin
7956 silly ADD node_modules/@react-native/community-cli-plugin
7957 silly ADD node_modules/@react-native/community-cli-plugin/node_modules/semver
7958 silly ADD node_modules/@react-native/assets-registry
7959 silly ADD node_modules/@jest/create-cache-key-function
7960 silly ADD node_modules/scheduler
7961 silly ADD node_modules/inherits
7962 silly ADD node_modules/strict-uri-encode
7963 silly ADD node_modules/split-on-first
7964 silly ADD node_modules/filter-obj
7965 silly ADD node_modules/decode-uri-component
7966 silly ADD node_modules/object-assign
7967 silly ADD node_modules/source-map-js
7968 silly ADD node_modules/pngjs
7969 silly ADD node_modules/callsites
7970 silly ADD node_modules/yocto-queue
7971 silly ADD node_modules/word-wrap
7972 silly ADD node_modules/fast-levenshtein
7973 silly ADD node_modules/deep-is
7974 silly ADD node_modules/ee-first
7975 silly ADD node_modules/concat-map
7976 silly ADD node_modules/balanced-match
7977 silly ADD node_modules/brace-expansion
7978 silly ADD node_modules/mime-db
7979 silly ADD node_modules/to-regex-range
7980 silly ADD node_modules/fill-range
7981 silly ADD node_modules/braces
7982 silly ADD node_modules/vlq
7983 silly ADD node_modules/ob1
7984 silly ADD node_modules/@babel/traverse--for-generate-function-map
7985 silly ADD node_modules/terser
7986 silly ADD node_modules/terser/node_modules/commander
7987 silly ADD node_modules/node-int64
7988 silly ADD node_modules/bser
7989 silly ADD node_modules/walker
7990 silly ADD node_modules/micromatch
7991 silly ADD node_modules/fb-watchman
7992 silly ADD node_modules/leven
7993 silly ADD node_modules/jest-get-type
7994 silly ADD node_modules/camelcase
7995 silly ADD node_modules/yaml
7996 silly ADD node_modules/jest-validate
7997 silly ADD node_modules/agent-base
7998 silly ADD node_modules/https-proxy-agent
7999 silly ADD node_modules/exponential-backoff
8000 silly ADD node_modules/@types/yargs-parser
8001 silly ADD node_modules/@types/istanbul-lib-report
8002 silly ADD node_modules/@sinclair/typebox
8003 silly ADD node_modules/@types/yargs
8004 silly ADD node_modules/@types/istanbul-reports
8005 silly ADD node_modules/@types/istanbul-lib-coverage
8006 silly ADD node_modules/@jest/schemas
8007 silly ADD node_modules/picomatch
8008 silly ADD node_modules/@jest/types
8009 silly ADD node_modules/undici-types
8010 silly ADD node_modules/merge-stream
8011 silly ADD node_modules/jest-util
8012 silly ADD node_modules/jest-util/node_modules/ci-info
8013 silly ADD node_modules/@types/node
8014 silly ADD node_modules/queue
8015 silly ADD node_modules/unpipe
8016 silly ADD node_modules/statuses
8017 silly ADD node_modules/on-finished
8018 silly ADD node_modules/escape-html
8019 silly ADD node_modules/encodeurl
8020 silly ADD node_modules/stackframe
8021 silly ADD node_modules/utils-merge
8022 silly ADD node_modules/parseurl
8023 silly ADD node_modules/finalhandler
8024 silly ADD node_modules/finalhandler/node_modules/ms
8025 silly ADD node_modules/finalhandler/node_modules/debug
8026 silly ADD node_modules/negotiator
8027 silly ADD node_modules/ws
8028 silly ADD node_modules/throat
8029 silly ADD node_modules/source-map
8030 silly ADD node_modules/serialize-error
8031 silly ADD node_modules/mime-types
8032 silly ADD node_modules/lodash.throttle
8033 silly ADD node_modules/jest-worker
8034 silly ADD node_modules/jest-worker/node_modules/supports-color
8035 silly ADD node_modules/image-size
8036 silly ADD node_modules/graceful-fs
8037 silly ADD node_modules/flow-enums-runtime
8038 silly ADD node_modules/error-stack-parser
8039 silly ADD node_modules/connect
8040 silly ADD node_modules/connect/node_modules/ms
8041 silly ADD node_modules/connect/node_modules/debug
8042 silly ADD node_modules/ci-info
8043 silly ADD node_modules/accepts
8044 silly ADD node_modules/yallist
8045 silly ADD node_modules/p-locate
8046 silly ADD node_modules/lightningcss-darwin-arm64
8047 silly ADD node_modules/detect-libc
8048 silly ADD node_modules/type-check
8049 silly ADD node_modules/prelude-ls
8050 silly ADD node_modules/json-buffer
8051 silly ADD node_modules/argparse
8052 silly ADD node_modules/set-function-name
8053 silly ADD node_modules/is-extglob
8054 silly ADD node_modules/loose-envify
8055 silly ADD node_modules/side-channel
8056 silly ADD node_modules/parent-module
8057 silly ADD node_modules/hermes-estree
8058 silly ADD node_modules/path-scurry
8059 silly ADD node_modules/path-scurry/node_modules/lru-cache
8060 silly ADD node_modules/minipass
8061 silly ADD node_modules/resolve-pkg-maps
8062 silly ADD node_modules/dunder-proto
8063 silly ADD node_modules/functions-have-names
8064 silly ADD node_modules/keyv
8065 silly ADD node_modules/flatted
8066 silly ADD node_modules/path-exists
8067 silly ADD node_modules/locate-path
8068 silly ADD node_modules/flat-cache
8069 silly ADD node_modules/@react-native/normalize-colors
8070 silly ADD node_modules/@expo/prebuild-config
8071 silly ADD node_modules/@expo/prebuild-config/node_modules/semver
8072 silly ADD node_modules/warn-once
8073 silly ADD node_modules/@radix-ui/react-compose-refs
8074 silly ADD node_modules/whatwg-fetch
8075 silly ADD node_modules/stacktrace-parser
8076 silly ADD node_modules/anser
8077 silly ADD node_modules/vaul
8078 silly ADD node_modules/vaul/node_modules/@radix-ui/react-slot
8079 silly ADD node_modules/vaul/node_modules/@radix-ui/react-primitive
8080 silly ADD node_modules/vaul/node_modules/@radix-ui/react-presence
8081 silly ADD node_modules/vaul/node_modules/@radix-ui/react-portal
8082 silly ADD node_modules/vaul/node_modules/@radix-ui/react-focus-scope
8083 silly ADD node_modules/vaul/node_modules/@radix-ui/react-dismissable-layer
8084 silly ADD node_modules/vaul/node_modules/@radix-ui/react-dialog
8085 silly ADD node_modules/shallowequal
8086 silly ADD node_modules/server-only
8087 silly ADD node_modules/react-native-is-edge-to-edge
8088 silly ADD node_modules/react-fast-compare
8089 silly ADD node_modules/expo-server
8090 silly ADD node_modules/client-only
8091 silly ADD node_modules/@react-navigation/native-stack
8092 silly ADD node_modules/@radix-ui/react-slot
8093 silly ADD node_modules/@expo/schema-utils
8094 silly ADD node_modules/@expo/metro-runtime
8095 silly ADD node_modules/commander
8096 silly ADD node_modules/fontfaceobserver
8097 silly ADD node_modules/parse-png
8098 silly ADD node_modules/jimp-compact
8099 silly ADD node_modules/@expo/require-utils
8100 silly ADD node_modules/@expo/image-utils
8101 silly ADD node_modules/@expo/image-utils/node_modules/semver
8102 silly ADD node_modules/core-js-compat
8103 silly ADD node_modules/lodash.debounce
8104 silly ADD node_modules/@babel/helper-define-polyfill-provider
8105 silly ADD node_modules/@babel/helper-define-polyfill-provider/node_modules/resolve
8106 silly ADD node_modules/yargs
8107 silly ADD node_modules/nullthrows
8108 silly ADD node_modules/invariant
8109 silly ADD node_modules/@react-native/codegen
8110 silly ADD node_modules/@react-native/codegen/node_modules/glob
8111 silly ADD node_modules/regexpu-core
8112 silly ADD node_modules/@babel/helper-create-regexp-features-plugin
8113 silly ADD node_modules/@babel/helper-wrap-function
8114 silly ADD node_modules/@babel/helper-remap-async-to-generator
8115 silly ADD node_modules/@react-native/babel-plugin-codegen
8116 silly ADD node_modules/@babel/plugin-transform-unicode-regex
8117 silly ADD node_modules/@babel/plugin-transform-sticky-regex
8118 silly ADD node_modules/@babel/plugin-transform-spread
8119 silly ADD node_modules/@babel/plugin-transform-shorthand-properties
8120 silly ADD node_modules/@babel/plugin-transform-regenerator
8121 silly ADD node_modules/@babel/plugin-transform-react-jsx-source
8122 silly ADD node_modules/@babel/plugin-transform-react-jsx-self
8123 silly ADD node_modules/@babel/plugin-transform-optional-chaining
8124 silly ADD node_modules/@babel/plugin-transform-optional-catch-binding
8125 silly ADD node_modules/@babel/plugin-transform-numeric-separator
8126 silly ADD node_modules/@babel/plugin-transform-nullish-coalescing-operator
8127 silly ADD node_modules/@babel/plugin-transform-named-capturing-groups-regex
8128 silly ADD node_modules/@babel/plugin-transform-logical-assignment-operators
8129 silly ADD node_modules/@babel/plugin-transform-literals
8130 silly ADD node_modules/@babel/plugin-transform-function-name
8131 silly ADD node_modules/@babel/plugin-transform-for-of
8132 silly ADD node_modules/@babel/plugin-transform-computed-properties
8133 silly ADD node_modules/@babel/plugin-transform-classes
8134 silly ADD node_modules/@babel/plugin-transform-class-properties
8135 silly ADD node_modules/@babel/plugin-transform-block-scoping
8136 silly ADD node_modules/@babel/plugin-transform-async-to-generator
8137 silly ADD node_modules/@babel/plugin-transform-async-generator-functions
8138 silly ADD node_modules/@babel/plugin-transform-arrow-functions
8139 silly ADD node_modules/@babel/plugin-syntax-optional-chaining
8140 silly ADD node_modules/@babel/plugin-syntax-nullish-coalescing-operator
8141 silly ADD node_modules/@babel/plugin-syntax-dynamic-import
8142 silly ADD node_modules/@babel/plugin-syntax-typescript
8143 silly ADD node_modules/@babel/plugin-transform-typescript
8144 silly ADD node_modules/@babel/plugin-syntax-jsx
8145 silly ADD node_modules/@babel/plugin-transform-react-pure-annotations
8146 silly ADD node_modules/@babel/plugin-transform-react-jsx-development
8147 silly ADD node_modules/@babel/plugin-transform-react-jsx
8148 silly ADD node_modules/@babel/plugin-transform-react-display-name
8149 silly ADD node_modules/babel-plugin-polyfill-regenerator
8150 silly ADD node_modules/babel-plugin-polyfill-corejs3
8151 silly ADD node_modules/babel-plugin-polyfill-corejs2
8152 silly ADD node_modules/@babel/plugin-transform-destructuring
8153 silly ADD node_modules/@babel/plugin-syntax-flow
8154 silly ADD node_modules/@babel/helper-skip-transparent-expression-wrappers
8155 silly ADD node_modules/@babel/helper-replace-supers
8156 silly ADD node_modules/@babel/helper-optimise-call-expression
8157 silly ADD node_modules/@babel/helper-member-expression-to-functions
8158 silly ADD node_modules/@babel/helper-annotate-as-pure
8159 silly ADD node_modules/@babel/plugin-syntax-decorators
8160 silly ADD node_modules/@babel/helper-plugin-utils
8161 silly ADD node_modules/@babel/helper-create-class-features-plugin
8162 silly ADD node_modules/babel-plugin-transform-flow-enums
8163 silly ADD node_modules/babel-plugin-syntax-hermes-parser
8164 silly ADD node_modules/babel-plugin-react-native-web
8165 silly ADD node_modules/babel-plugin-react-compiler
8166 silly ADD node_modules/@react-native/babel-preset
8167 silly ADD node_modules/@babel/preset-typescript
8168 silly ADD node_modules/@babel/preset-react
8169 silly ADD node_modules/@babel/plugin-transform-runtime
8170 silly ADD node_modules/@babel/plugin-transform-private-property-in-object
8171 silly ADD node_modules/@babel/plugin-transform-private-methods
8172 silly ADD node_modules/@babel/plugin-transform-parameters
8173 silly ADD node_modules/@babel/plugin-transform-object-rest-spread
8174 silly ADD node_modules/@babel/plugin-transform-modules-commonjs
8175 silly ADD node_modules/@babel/plugin-transform-flow-strip-types
8176 silly ADD node_modules/@babel/plugin-transform-export-namespace-from
8177 silly ADD node_modules/@babel/plugin-transform-class-static-block
8178 silly ADD node_modules/@babel/plugin-syntax-export-default-from
8179 silly ADD node_modules/@babel/plugin-proposal-export-default-from
8180 silly ADD node_modules/@babel/plugin-proposal-decorators
8181 silly ADD node_modules/xmlbuilder
8182 silly ADD node_modules/base64-js
8183 silly ADD node_modules/@xmldom/xmldom
8184 silly ADD node_modules/postcss
8185 silly ADD node_modules/lightningcss
8186 silly ADD node_modules/jsc-safe-url
8187 silly ADD node_modules/hermes-parser
8188 silly ADD node_modules/dotenv-expand
8189 silly ADD node_modules/dotenv
8190 silly ADD node_modules/@expo/env
8191 silly ADD node_modules/metro-transform-worker
8192 silly ADD node_modules/metro-transform-plugins
8193 silly ADD node_modules/metro-symbolicate
8194 silly ADD node_modules/metro-source-map
8195 silly ADD node_modules/metro-runtime
8196 silly ADD node_modules/metro-resolver
8197 silly ADD node_modules/metro-minify-terser
8198 silly ADD node_modules/metro-file-map
8199 silly ADD node_modules/metro-core
8200 silly ADD node_modules/metro-config
8201 silly ADD node_modules/metro-cache-key
8202 silly ADD node_modules/metro-cache
8203 silly ADD node_modules/metro-babel-transformer
8204 silly ADD node_modules/metro-babel-transformer/node_modules/hermes-estree
8205 silly ADD node_modules/metro-babel-transformer/node_modules/hermes-parser
8206 silly ADD node_modules/metro
8207 silly ADD node_modules/metro/node_modules/hermes-estree
8208 silly ADD node_modules/metro/node_modules/hermes-parser
8209 silly ADD node_modules/p-limit
8210 silly ADD node_modules/arg
8211 silly ADD node_modules/@expo/spawn-async
8212 silly ADD node_modules/xml2js
8213 silly ADD node_modules/xml2js/node_modules/xmlbuilder
8214 silly ADD node_modules/xcode
8215 silly ADD node_modules/slash
8216 silly ADD node_modules/@expo/sdk-runtime-versions
8217 silly ADD node_modules/@expo/plist
8218 silly ADD node_modules/sucrase
8219 silly ADD node_modules/sucrase/node_modules/commander
8220 silly ADD node_modules/slugify
8221 silly ADD node_modules/resolve-workspace-root
8222 silly ADD node_modules/resolve-from
8223 silly ADD node_modules/require-from-string
8224 silly ADD node_modules/glob
8225 silly ADD node_modules/glob/node_modules/balanced-match
8226 silly ADD node_modules/glob/node_modules/brace-expansion
8227 silly ADD node_modules/glob/node_modules/minimatch
8228 silly ADD node_modules/getenv
8229 silly ADD node_modules/deepmerge
8230 silly ADD node_modules/@expo/json-file
8231 silly ADD node_modules/@expo/config-types
8232 silly ADD node_modules/whatwg-url-without-unicode
8233 silly ADD node_modules/whatwg-url-without-unicode/node_modules/webidl-conversions
8234 silly ADD node_modules/pretty-format
8235 silly ADD node_modules/pretty-format/node_modules/react-is
8236 silly ADD node_modules/pretty-format/node_modules/ansi-styles
8237 silly ADD node_modules/expo-modules-core
8238 silly ADD node_modules/expo-modules-autolinking
8239 silly ADD node_modules/expo-keep-awake
8240 silly ADD node_modules/expo-file-system
8241 silly ADD node_modules/expo-asset
8242 silly ADD node_modules/react-refresh
8243 silly ADD node_modules/babel-preset-expo
8244 silly ADD node_modules/@ungap/structured-clone
8245 silly ADD node_modules/@expo/metro-config
8246 silly ADD node_modules/@expo/metro-config/node_modules/brace-expansion
8247 silly ADD node_modules/@expo/metro-config/node_modules/minimatch
8248 silly ADD node_modules/@expo/metro
8249 silly ADD node_modules/@expo/fingerprint
8250 silly ADD node_modules/@expo/fingerprint/node_modules/brace-expansion
8251 silly ADD node_modules/@expo/fingerprint/node_modules/semver
8252 silly ADD node_modules/@expo/fingerprint/node_modules/minimatch
8253 silly ADD node_modules/@expo/devtools
8254 silly ADD node_modules/@expo/config-plugins
8255 silly ADD node_modules/@expo/config-plugins/node_modules/semver
8256 silly ADD node_modules/@expo/config
8257 silly ADD node_modules/@expo/config/node_modules/semver
8258 silly ADD node_modules/@expo/config/node_modules/@babel/code-frame
8259 silly ADD node_modules/@babel/runtime
8260 silly ADD node_modules/acorn-jsx
8261 silly ADD node_modules/acorn
8262 silly ADD node_modules/esrecurse
8263 silly ADD node_modules/iterator.prototype
8264 silly ADD node_modules/string.prototype.repeat
8265 silly ADD node_modules/string.prototype.matchall
8266 silly ADD node_modules/prop-types
8267 silly ADD node_modules/prop-types/node_modules/react-is
8268 silly ADD node_modules/object.entries
8269 silly ADD node_modules/jsx-ast-utils
8270 silly ADD node_modules/estraverse
8271 silly ADD node_modules/es-iterator-helpers
8272 silly ADD node_modules/array.prototype.tosorted
8273 silly ADD node_modules/array.prototype.findlast
8274 silly ADD node_modules/resolve
8275 silly ADD node_modules/is-symbol
8276 silly ADD node_modules/is-date-object
8277 silly ADD node_modules/has-tostringtag
8278 silly ADD node_modules/possible-typed-array-names
8279 silly ADD node_modules/which-typed-array
8280 silly ADD node_modules/unbox-primitive
8281 silly ADD node_modules/typed-array-length
8282 silly ADD node_modules/typed-array-byte-offset
8283 silly ADD node_modules/typed-array-byte-length
8284 silly ADD node_modules/typed-array-buffer
8285 silly ADD node_modules/string.prototype.trimstart
8286 silly ADD node_modules/string.prototype.trim
8287 silly ADD node_modules/stop-iteration-iterator
8288 silly ADD node_modules/set-proto
8289 silly ADD node_modules/safe-regex-test
8290 silly ADD node_modules/safe-push-apply
8291 silly ADD node_modules/safe-array-concat
8292 silly ADD node_modules/regexp.prototype.flags
8293 silly ADD node_modules/own-keys
8294 silly ADD node_modules/object.assign
8295 silly ADD node_modules/object-inspect
8296 silly ADD node_modules/is-weakref
8297 silly ADD node_modules/is-typed-array
8298 silly ADD node_modules/is-shared-array-buffer
8299 silly ADD node_modules/is-set
8300 silly ADD node_modules/is-regex
8301 silly ADD node_modules/is-negative-zero
8302 silly ADD node_modules/is-data-view
8303 silly ADD node_modules/is-callable
8304 silly ADD node_modules/is-array-buffer
8305 silly ADD node_modules/internal-slot
8306 silly ADD node_modules/has-symbols
8307 silly ADD node_modules/has-proto
8308 silly ADD node_modules/globalthis
8309 silly ADD node_modules/get-symbol-description
8310 silly ADD node_modules/get-proto
8311 silly ADD node_modules/function.prototype.name
8312 silly ADD node_modules/es-to-primitive
8313 silly ADD node_modules/es-set-tostringtag
8314 silly ADD node_modules/data-view-byte-offset
8315 silly ADD node_modules/data-view-byte-length
8316 silly ADD node_modules/data-view-buffer
8317 silly ADD node_modules/available-typed-arrays
8318 silly ADD node_modules/arraybuffer.prototype.slice
8319 silly ADD node_modules/array-buffer-byte-length
8320 silly ADD node_modules/gopd
8321 silly ADD node_modules/object-keys
8322 silly ADD node_modules/has-property-descriptors
8323 silly ADD node_modules/define-data-property
8324 silly ADD node_modules/function-bind
8325 silly ADD node_modules/set-function-length
8326 silly ADD node_modules/es-define-property
8327 silly ADD node_modules/call-bind-apply-helpers
8328 silly ADD node_modules/es-shim-unscopables
8329 silly ADD node_modules/es-errors
8330 silly ADD node_modules/math-intrinsics
8331 silly ADD node_modules/is-string
8332 silly ADD node_modules/get-intrinsic
8333 silly ADD node_modules/es-object-atoms
8334 silly ADD node_modules/es-abstract
8335 silly ADD node_modules/define-properties
8336 silly ADD node_modules/call-bound
8337 silly ADD node_modules/call-bind
8338 silly ADD node_modules/tsconfig-paths
8339 silly ADD node_modules/tsconfig-paths/node_modules/json5
8340 silly ADD node_modules/string.prototype.trimend
8341 silly ADD node_modules/object.values
8342 silly ADD node_modules/object.groupby
8343 silly ADD node_modules/object.fromentries
8344 silly ADD node_modules/is-core-module
8345 silly ADD node_modules/hasown
8346 silly ADD node_modules/eslint-module-utils
8347 silly ADD node_modules/eslint-module-utils/node_modules/debug
8348 silly ADD node_modules/eslint-import-resolver-node
8349 silly ADD node_modules/eslint-import-resolver-node/node_modules/debug
8350 silly ADD node_modules/doctrine
8351 silly ADD node_modules/array.prototype.flatmap
8352 silly ADD node_modules/array.prototype.flat
8353 silly ADD node_modules/array.prototype.findlastindex
8354 silly ADD node_modules/array-includes
8355 silly ADD node_modules/@rtsao/scc
8356 silly ADD node_modules/unrs-resolver
8357 silly ADD node_modules/stable-hash
8358 silly ADD node_modules/is-bun-module
8359 silly ADD node_modules/is-bun-module/node_modules/semver
8360 silly ADD node_modules/get-tsconfig
8361 silly ADD node_modules/@nolyfill/is-core-module
8362 silly ADD node_modules/tinyglobby
8363 silly ADD node_modules/tinyglobby/node_modules/picomatch
8364 silly ADD node_modules/tinyglobby/node_modules/fdir
8365 silly ADD node_modules/@typescript-eslint/tsconfig-utils
8366 silly ADD node_modules/@typescript-eslint/project-service
8367 silly ADD node_modules/@typescript-eslint/typescript-estree
8368 silly ADD node_modules/@typescript-eslint/typescript-estree/node_modules/balanced-match
8369 silly ADD node_modules/@typescript-eslint/typescript-estree/node_modules/brace-expansion
8370 silly ADD node_modules/@typescript-eslint/typescript-estree/node_modules/semver
8371 silly ADD node_modules/@typescript-eslint/typescript-estree/node_modules/minimatch
8372 silly ADD node_modules/@typescript-eslint/types
8373 silly ADD node_modules/ts-api-utils
8374 silly ADD node_modules/@typescript-eslint/visitor-keys
8375 silly ADD node_modules/@typescript-eslint/visitor-keys/node_modules/eslint-visitor-keys
8376 silly ADD node_modules/@typescript-eslint/utils
8377 silly ADD node_modules/@typescript-eslint/type-utils
8378 silly ADD node_modules/@typescript-eslint/scope-manager
8379 silly ADD node_modules/eslint-plugin-react-hooks
8380 silly ADD node_modules/eslint-plugin-react
8381 silly ADD node_modules/eslint-plugin-import
8382 silly ADD node_modules/eslint-plugin-import/node_modules/debug
8383 silly ADD node_modules/eslint-plugin-expo
8384 silly ADD node_modules/eslint-import-resolver-typescript
8385 silly ADD node_modules/@typescript-eslint/parser
8386 silly ADD node_modules/@typescript-eslint/eslint-plugin
8387 silly ADD node_modules/@typescript-eslint/eslint-plugin/node_modules/ignore
8388 silly ADD node_modules/which
8389 silly ADD node_modules/shebang-command
8390 silly ADD node_modules/path-key
8391 silly ADD node_modules/supports-color
8392 silly ADD node_modules/ansi-styles
8393 silly ADD node_modules/uri-js
8394 silly ADD node_modules/json-schema-traverse
8395 silly ADD node_modules/fast-json-stable-stringify
8396 silly ADD node_modules/@humanfs/types
8397 silly ADD node_modules/@humanfs/core
8398 silly ADD node_modules/levn
8399 silly ADD node_modules/strip-json-comments
8400 silly ADD node_modules/js-yaml
8401 silly ADD node_modules/import-fresh
8402 silly ADD node_modules/import-fresh/node_modules/resolve-from
8403 silly ADD node_modules/globals
8404 silly ADD node_modules/@types/json-schema
8405 silly ADD node_modules/@eslint/object-schema
8406 silly ADD node_modules/optionator
8407 silly ADD node_modules/natural-compare
8408 silly ADD node_modules/minimatch
8409 silly ADD node_modules/lodash.merge
8410 silly ADD node_modules/json-stable-stringify-without-jsonify
8411 silly ADD node_modules/is-glob
8412 silly ADD node_modules/imurmurhash
8413 silly ADD node_modules/ignore
8414 silly ADD node_modules/glob-parent
8415 silly ADD node_modules/find-up
8416 silly ADD node_modules/file-entry-cache
8417 silly ADD node_modules/esutils
8418 silly ADD node_modules/esquery
8419 silly ADD node_modules/espree
8420 silly ADD node_modules/eslint-visitor-keys
8421 silly ADD node_modules/eslint-scope
8422 silly ADD node_modules/cross-spawn
8423 silly ADD node_modules/chalk
8424 silly ADD node_modules/ajv
8425 silly ADD node_modules/@types/estree
8426 silly ADD node_modules/@humanwhocodes/retry
8427 silly ADD node_modules/@humanwhocodes/module-importer
8428 silly ADD node_modules/@humanfs/node
8429 silly ADD node_modules/@eslint/plugin-kit
8430 silly ADD node_modules/@eslint/js
8431 silly ADD node_modules/@eslint/eslintrc
8432 silly ADD node_modules/@eslint/core
8433 silly ADD node_modules/@eslint/config-helpers
8434 silly ADD node_modules/@eslint/config-array
8435 silly ADD node_modules/@eslint-community/regexpp
8436 silly ADD node_modules/@eslint-community/eslint-utils
8437 silly ADD node_modules/@eslint-community/eslint-utils/node_modules/eslint-visitor-keys
8438 silly ADD node_modules/ms
8439 silly ADD node_modules/simple-swizzle
8440 silly ADD node_modules/color-name
8441 silly ADD node_modules/color-string
8442 silly ADD node_modules/color-convert
8443 silly ADD node_modules/update-browserslist-db
8444 silly ADD node_modules/node-releases
8445 silly ADD node_modules/electron-to-chromium
8446 silly ADD node_modules/caniuse-lite
8447 silly ADD node_modules/baseline-browser-mapping
8448 silly ADD node_modules/csstype
8449 silly ADD node_modules/react-is
8450 silly ADD node_modules/query-string
8451 silly ADD node_modules/@react-navigation/routers
8452 silly ADD node_modules/nanoid
8453 silly ADD node_modules/fast-deep-equal
8454 silly ADD node_modules/escape-string-regexp
8455 silly ADD node_modules/@react-navigation/core
8456 silly ADD node_modules/use-sync-external-store
8457 silly ADD node_modules/use-latest-callback
8458 silly ADD node_modules/sf-symbols-typescript
8459 silly ADD node_modules/color
8460 silly ADD node_modules/@jridgewell/resolve-uri
8461 silly ADD node_modules/@jridgewell/sourcemap-codec
8462 silly ADD node_modules/@babel/helper-string-parser
8463 silly ADD node_modules/@babel/helper-globals
8464 silly ADD node_modules/@babel/helper-module-imports
8465 silly ADD node_modules/lru-cache
8466 silly ADD node_modules/browserslist
8467 silly ADD node_modules/@babel/helper-validator-option
8468 silly ADD node_modules/@babel/compat-data
8469 silly ADD node_modules/jsesc
8470 silly ADD node_modules/@jridgewell/trace-mapping
8471 silly ADD node_modules/@jridgewell/gen-mapping
8472 silly ADD node_modules/picocolors
8473 silly ADD node_modules/js-tokens
8474 silly ADD node_modules/@babel/helper-validator-identifier
8475 silly ADD node_modules/semver
8476 silly ADD node_modules/json5
8477 silly ADD node_modules/gensync
8478 silly ADD node_modules/debug
8479 silly ADD node_modules/convert-source-map
8480 silly ADD node_modules/@jridgewell/remapping
8481 silly ADD node_modules/@babel/types
8482 silly ADD node_modules/@babel/traverse
8483 silly ADD node_modules/@babel/template
8484 silly ADD node_modules/@babel/parser
8485 silly ADD node_modules/@babel/helpers
8486 silly ADD node_modules/@babel/helper-module-transforms
8487 silly ADD node_modules/@babel/helper-compilation-targets
8488 silly ADD node_modules/@babel/generator
8489 silly ADD node_modules/@babel/code-frame
8490 silly ADD node_modules/typescript
8491 silly ADD node_modules/socket.io-client
8492 silly ADD node_modules/react-native-web
8493 silly ADD node_modules/react-native-web/node_modules/memoize-one
8494 silly ADD node_modules/react-native-web/node_modules/@react-native/normalize-colors
8495 silly ADD node_modules/@babel/core
8496 silly ADD node_modules/react-native-worklets
8497 silly ADD node_modules/react-native-worklets/node_modules/semver
8498 silly ADD node_modules/react-native-reanimated
8499 silly ADD node_modules/react-native-reanimated/node_modules/semver
8500 silly ADD node_modules/react-native-gesture-handler
8501 silly ADD node_modules/react-dom
8502 silly ADD node_modules/react-native-svg
8503 silly ADD node_modules/lucide-react-native
8504 silly ADD node_modules/expo-web-browser
8505 silly ADD node_modules/expo-system-ui
8506 silly ADD node_modules/expo-symbols
8507 silly ADD node_modules/expo-status-bar
8508 silly ADD node_modules/expo-splash-screen
8509 silly ADD node_modules/expo-router
8510 silly ADD node_modules/expo-router/node_modules/@radix-ui/react-collection
8511 silly ADD node_modules/expo-router/node_modules/@radix-ui/react-collection/node_modules/@radix-ui/react-slot
8512 silly ADD node_modules/expo-router/node_modules/@radix-ui/react-roving-focus
8513 silly ADD node_modules/expo-router/node_modules/@radix-ui/react-primitive
8514 silly ADD node_modules/expo-router/node_modules/@radix-ui/react-primitive/node_modules/@radix-ui/react-slot
8515 silly ADD node_modules/expo-router/node_modules/@radix-ui/react-presence
8516 silly ADD node_modules/expo-router/node_modules/semver
8517 silly ADD node_modules/expo-router/node_modules/@radix-ui/react-tabs
8518 silly ADD node_modules/expo-linking
8519 silly ADD node_modules/expo-image
8520 silly ADD node_modules/expo-haptics
8521 silly ADD node_modules/expo-constants
8522 silly ADD node_modules/eslint-config-expo
8523 silly ADD node_modules/eslint-config-expo/node_modules/globals
8524 silly ADD node_modules/eslint
8525 silly ADD node_modules/@types/react
8526 silly ADD node_modules/@react-navigation/elements
8527 silly ADD node_modules/react-native-safe-area-context
8528 silly ADD node_modules/@react-navigation/native
8529 silly ADD node_modules/react-native-screens
8530 silly ADD node_modules/@react-navigation/bottom-tabs
8531 silly ADD node_modules/react-native
8532 silly ADD node_modules/react-native/node_modules/ws
8533 silly ADD node_modules/react-native/node_modules/semver
8534 silly ADD node_modules/react-native/node_modules/glob
8535 silly ADD node_modules/react-native/node_modules/commander
8536 silly ADD node_modules/react-native/node_modules/@react-native/virtualized-lists
8537 silly ADD node_modules/expo
8538 silly ADD node_modules/expo/node_modules/brace-expansion
8539 silly ADD node_modules/expo/node_modules/ws
8540 silly ADD node_modules/expo/node_modules/semver
8541 silly ADD node_modules/expo/node_modules/resolve
8542 silly ADD node_modules/expo/node_modules/picomatch
8543 silly ADD node_modules/expo/node_modules/minimatch
8544 silly ADD node_modules/expo/node_modules/ci-info
8545 silly ADD node_modules/expo/node_modules/@expo/cli
8546 silly ADD node_modules/expo-font
8547 silly ADD node_modules/react
8548 silly ADD node_modules/@expo/vector-icons
8549 verbose cwd /Users/dhyey/Documents/GitHub/GlobeHack/driver-app
8550 verbose os Darwin 25.3.0
8551 verbose node v24.14.1
8552 verbose npm  v11.11.0
8553 verbose exit 0
8554 info ok
