0 verbose cli /usr/local/bin/node /usr/local/bin/npm
1 info using npm@11.11.0
2 info using node@v24.14.1
3 silly config load:file:/usr/local/lib/node_modules/npm/npmrc
4 silly config load:file:/Users/dhyey/Documents/GitHub/GlobeHack/driver-app/.npmrc
5 silly config load:file:/Users/dhyey/.npmrc
6 silly config load:file:/usr/local/etc/npmrc
7 verbose title npm install
8 verbose argv "install" "--cache" "../server/.npm-cache"
9 verbose logfile logs-max:10 dir:/Users/dhyey/Documents/GitHub/GlobeHack/server/.npm-cache/_logs/2026-04-18T23_26_46_768Z-
10 verbose logfile /Users/dhyey/Documents/GitHub/GlobeHack/server/.npm-cache/_logs/2026-04-18T23_26_46_768Z-debug-0.log
11 silly logfile done cleaning log files
12 silly packumentCache heap:4496293888 maxSize:1124073472 maxEntrySize:562036736
13 silly idealTree buildDeps
14 silly fetch manifest @expo/vector-icons@^15.0.3
15 silly packumentCache full:https://registry.npmjs.org/@expo%2fvector-icons cache-miss
16 http cache https://registry.npmjs.org/@expo%2fvector-icons 6ms (cache hit)
17 silly packumentCache full:https://registry.npmjs.org/@expo%2fvector-icons set size:222427 disposed:false
18 silly fetch manifest expo-font@~14.0.11
19 silly packumentCache full:https://registry.npmjs.org/expo-font cache-miss
20 http cache https://registry.npmjs.org/expo-font 3ms (cache hit)
21 silly packumentCache full:https://registry.npmjs.org/expo-font set size:841633 disposed:false
22 silly fetch manifest expo@~54.0.33
23 silly packumentCache full:https://registry.npmjs.org/expo cache-miss
24 http cache https://registry.npmjs.org/expo 4ms (cache hit)
25 silly packumentCache full:https://registry.npmjs.org/expo set size:3631121 disposed:false
26 silly fetch manifest @expo/dom-webview@*
27 silly packumentCache full:https://registry.npmjs.org/@expo%2fdom-webview cache-miss
28 http cache https://registry.npmjs.org/@expo%2fdom-webview 2ms (cache hit)
29 silly packumentCache full:https://registry.npmjs.org/@expo%2fdom-webview set size:353315 disposed:false
30 silly fetch manifest react@19.1.0
31 silly packumentCache full:https://registry.npmjs.org/react cache-miss
32 http cache https://registry.npmjs.org/react 6ms (cache hit)
33 silly packumentCache full:https://registry.npmjs.org/react set size:6613874 disposed:false
34 silly fetch manifest react-native@0.81.5
35 silly packumentCache full:https://registry.npmjs.org/react-native cache-miss
36 http cache https://registry.npmjs.org/react-native 17ms (cache hit)
37 silly packumentCache full:https://registry.npmjs.org/react-native set size:15135231 disposed:false
38 silly fetch manifest @types/react@~19.1.0
39 silly packumentCache full:https://registry.npmjs.org/@types%2freact cache-miss
40 http cache https://registry.npmjs.org/@types%2freact 8ms (cache hit)
41 silly packumentCache full:https://registry.npmjs.org/@types%2freact set size:2588964 disposed:false
42 silly fetch manifest @expo/metro-runtime@*
43 silly packumentCache full:https://registry.npmjs.org/@expo%2fmetro-runtime cache-miss
44 http cache https://registry.npmjs.org/@expo%2fmetro-runtime 3ms (cache hit)
45 silly packumentCache full:https://registry.npmjs.org/@expo%2fmetro-runtime set size:620260 disposed:false
46 silly fetch manifest react-dom@19.1.0
47 silly packumentCache full:https://registry.npmjs.org/react-dom cache-miss
48 http cache https://registry.npmjs.org/react-dom 8ms (cache hit)
49 silly packumentCache full:https://registry.npmjs.org/react-dom set size:8805723 disposed:false
50 silly fetch manifest react-native-webview@*
51 silly packumentCache full:https://registry.npmjs.org/react-native-webview cache-miss
52 http cache https://registry.npmjs.org/react-native-webview 3ms (cache hit)
53 silly packumentCache full:https://registry.npmjs.org/react-native-webview set size:1355349 disposed:false
54 silly fetch manifest @react-navigation/bottom-tabs@^7.4.0
55 silly packumentCache full:https://registry.npmjs.org/@react-navigation%2fbottom-tabs cache-miss
56 http cache https://registry.npmjs.org/@react-navigation%2fbottom-tabs 3ms (cache hit)
57 silly packumentCache full:https://registry.npmjs.org/@react-navigation%2fbottom-tabs set size:1148150 disposed:false
58 silly fetch manifest @react-navigation/native@^7.1.8
59 silly packumentCache full:https://registry.npmjs.org/@react-navigation%2fnative cache-miss
60 http cache https://registry.npmjs.org/@react-navigation%2fnative 5ms (cache hit)
61 silly packumentCache full:https://registry.npmjs.org/@react-navigation%2fnative set size:1074065 disposed:false
62 silly fetch manifest react-native-safe-area-context@~5.6.0
63 silly packumentCache full:https://registry.npmjs.org/react-native-safe-area-context cache-miss
64 http cache https://registry.npmjs.org/react-native-safe-area-context 2ms (cache hit)
65 silly packumentCache full:https://registry.npmjs.org/react-native-safe-area-context set size:662443 disposed:false
66 silly fetch manifest react-native-screens@~4.16.0
67 silly packumentCache full:https://registry.npmjs.org/react-native-screens cache-miss
68 http cache https://registry.npmjs.org/react-native-screens 4ms (cache hit)
69 silly packumentCache full:https://registry.npmjs.org/react-native-screens set size:3757676 disposed:false
70 silly fetch manifest @react-navigation/elements@^2.6.3
71 silly packumentCache full:https://registry.npmjs.org/@react-navigation%2felements cache-miss
72 http cache https://registry.npmjs.org/@react-navigation%2felements 2ms (cache hit)
73 silly packumentCache full:https://registry.npmjs.org/@react-navigation%2felements set size:619146 disposed:false
74 silly fetch manifest @react-native-masked-view/masked-view@>= 0.2.0
75 silly packumentCache full:https://registry.npmjs.org/@react-native-masked-view%2fmasked-view cache-miss
76 http cache https://registry.npmjs.org/@react-native-masked-view%2fmasked-view 1ms (cache hit)
77 silly packumentCache full:https://registry.npmjs.org/@react-native-masked-view%2fmasked-view set size:42980 disposed:false
78 silly fetch manifest expo-constants@~18.0.13
79 silly packumentCache full:https://registry.npmjs.org/expo-constants cache-miss
80 http cache https://registry.npmjs.org/expo-constants 26ms (cache hit)
81 silly packumentCache full:https://registry.npmjs.org/expo-constants set size:966169 disposed:false
82 silly fetch manifest expo-haptics@~15.0.8
83 silly packumentCache full:https://registry.npmjs.org/expo-haptics cache-miss
84 http cache https://registry.npmjs.org/expo-haptics 2ms (cache hit)
85 silly packumentCache full:https://registry.npmjs.org/expo-haptics set size:637274 disposed:false
86 silly fetch manifest expo-image@~3.0.11
87 silly packumentCache full:https://registry.npmjs.org/expo-image cache-miss
88 http cache https://registry.npmjs.org/expo-image 2ms (cache hit)
89 silly packumentCache full:https://registry.npmjs.org/expo-image set size:790627 disposed:false
90 silly fetch manifest react-native-web@~0.21.0
91 silly packumentCache full:https://registry.npmjs.org/react-native-web cache-miss
92 http cache https://registry.npmjs.org/react-native-web 2ms (cache hit)
93 silly packumentCache full:https://registry.npmjs.org/react-native-web set size:1090363 disposed:false
94 silly fetch manifest expo-linking@~8.0.11
95 silly packumentCache full:https://registry.npmjs.org/expo-linking cache-miss
96 http cache https://registry.npmjs.org/expo-linking 2ms (cache hit)
97 silly packumentCache full:https://registry.npmjs.org/expo-linking set size:693270 disposed:false
98 silly fetch manifest expo-router@~6.0.23
99 silly packumentCache full:https://registry.npmjs.org/expo-router cache-miss
100 http cache https://registry.npmjs.org/expo-router 2ms (cache hit)
101 silly packumentCache full:https://registry.npmjs.org/expo-router set size:1674961 disposed:false
102 silly fetch manifest @react-navigation/drawer@^7.5.0
103 silly packumentCache full:https://registry.npmjs.org/@react-navigation%2fdrawer cache-miss
104 http cache https://registry.npmjs.org/@react-navigation%2fdrawer 3ms (cache hit)
105 silly packumentCache full:https://registry.npmjs.org/@react-navigation%2fdrawer set size:1218846 disposed:false
106 silly fetch manifest react-native-gesture-handler@~2.28.0
107 silly packumentCache full:https://registry.npmjs.org/react-native-gesture-handler cache-miss
108 http cache https://registry.npmjs.org/react-native-gesture-handler 2ms (cache hit)
109 silly packumentCache full:https://registry.npmjs.org/react-native-gesture-handler set size:916636 disposed:false
110 silly fetch manifest react-native-reanimated@~4.1.1
111 silly packumentCache full:https://registry.npmjs.org/react-native-reanimated cache-miss
112 http cache https://registry.npmjs.org/react-native-reanimated 10ms (cache hit)
113 silly packumentCache full:https://registry.npmjs.org/react-native-reanimated set size:10666794 disposed:false
114 silly fetch manifest react-native-worklets@0.5.1
115 silly packumentCache full:https://registry.npmjs.org/react-native-worklets cache-miss
116 http cache https://registry.npmjs.org/react-native-worklets 4ms (cache hit)
117 silly packumentCache full:https://registry.npmjs.org/react-native-worklets set size:2503720 disposed:false
118 silly fetch manifest @babel/core@^7.0.0-0
119 silly packumentCache full:https://registry.npmjs.org/@babel%2fcore cache-miss
120 http cache https://registry.npmjs.org/@babel%2fcore 5ms (cache hit)
121 silly packumentCache full:https://registry.npmjs.org/@babel%2fcore set size:760113 disposed:false
122 silly fetch manifest @testing-library/react-native@>= 12.0.0
123 silly packumentCache full:https://registry.npmjs.org/@testing-library%2freact-native cache-miss
124 http cache https://registry.npmjs.org/@testing-library%2freact-native 1ms (cache hit)
125 silly packumentCache full:https://registry.npmjs.org/@testing-library%2freact-native set size:580317 disposed:false
126 silly fetch manifest jest@>=29.0.0
127 silly packumentCache full:https://registry.npmjs.org/jest cache-miss
128 http cache https://registry.npmjs.org/jest 2ms (cache hit)
129 silly packumentCache full:https://registry.npmjs.org/jest set size:855903 disposed:false
130 silly fetch manifest node-notifier@^8.0.1 || ^9.0.0 || ^10.0.0
131 silly packumentCache full:https://registry.npmjs.org/node-notifier cache-miss
132 http cache https://registry.npmjs.org/node-notifier 1ms (cache hit)
133 silly packumentCache full:https://registry.npmjs.org/node-notifier set size:171533 disposed:false
134 silly fetch manifest react-test-renderer@>=18.2.0
135 silly packumentCache full:https://registry.npmjs.org/react-test-renderer cache-miss
136 http cache https://registry.npmjs.org/react-test-renderer 8ms (cache hit)
137 silly packumentCache full:https://registry.npmjs.org/react-test-renderer set size:6342360 disposed:false
138 silly fetch manifest react@^19.2.5
139 silly packumentCache full:https://registry.npmjs.org/react cache-miss
140 http cache https://registry.npmjs.org/react 6ms (cache hit)
141 silly packumentCache full:https://registry.npmjs.org/react set size:6613874 disposed:false
142 silly fetch manifest react-server-dom-webpack@~19.0.4 || ~19.1.5 || ~19.2.4
143 silly packumentCache full:https://registry.npmjs.org/react-server-dom-webpack cache-miss
144 http cache https://registry.npmjs.org/react-server-dom-webpack 10ms (cache hit)
145 silly packumentCache full:https://registry.npmjs.org/react-server-dom-webpack set size:7138532 disposed:false
146 silly fetch manifest react-dom@^19.2.5
147 silly packumentCache full:https://registry.npmjs.org/react-dom cache-miss
148 http cache https://registry.npmjs.org/react-dom 8ms (cache hit)
149 silly packumentCache full:https://registry.npmjs.org/react-dom set size:8805723 disposed:false
150 silly fetch manifest webpack@^5.59.0
151 silly packumentCache full:https://registry.npmjs.org/webpack cache-miss
152 http cache https://registry.npmjs.org/webpack 12ms (cache hit)
153 silly packumentCache full:https://registry.npmjs.org/webpack set size:5004069 disposed:false
154 silly fetch manifest expo-splash-screen@~31.0.13
155 silly packumentCache full:https://registry.npmjs.org/expo-splash-screen cache-miss
156 http cache https://registry.npmjs.org/expo-splash-screen 2ms (cache hit)
157 silly packumentCache full:https://registry.npmjs.org/expo-splash-screen set size:948114 disposed:false
158 silly fetch manifest expo-status-bar@~3.0.9
159 silly packumentCache full:https://registry.npmjs.org/expo-status-bar cache-miss
160 http cache https://registry.npmjs.org/expo-status-bar 1ms (cache hit)
161 silly packumentCache full:https://registry.npmjs.org/expo-status-bar set size:638271 disposed:false
162 silly fetch manifest expo-symbols@~1.0.8
163 silly packumentCache full:https://registry.npmjs.org/expo-symbols cache-miss
164 http cache https://registry.npmjs.org/expo-symbols 2ms (cache hit)
165 silly packumentCache full:https://registry.npmjs.org/expo-symbols set size:492877 disposed:false
166 silly fetch manifest expo-system-ui@~6.0.9
167 silly packumentCache full:https://registry.npmjs.org/expo-system-ui cache-miss
168 http cache https://registry.npmjs.org/expo-system-ui 2ms (cache hit)
169 silly packumentCache full:https://registry.npmjs.org/expo-system-ui set size:665173 disposed:false
170 silly fetch manifest expo-web-browser@~15.0.10
171 silly packumentCache full:https://registry.npmjs.org/expo-web-browser cache-miss
172 http cache https://registry.npmjs.org/expo-web-browser 2ms (cache hit)
173 silly packumentCache full:https://registry.npmjs.org/expo-web-browser set size:765803 disposed:false
174 silly fetch manifest lucide-react-native@^1.8.0
175 silly packumentCache full:https://registry.npmjs.org/lucide-react-native cache-miss
176 http cache https://registry.npmjs.org/lucide-react-native 3ms (cache hit)
177 silly packumentCache full:https://registry.npmjs.org/lucide-react-native set size:1741927 disposed:false
178 silly fetch manifest react-native-svg@^12.0.0 || ^13.0.0 || ^14.0.0 || ^15.0.0
179 silly packumentCache full:https://registry.npmjs.org/react-native-svg cache-miss
180 http cache https://registry.npmjs.org/react-native-svg 2ms (cache hit)
181 silly packumentCache full:https://registry.npmjs.org/react-native-svg set size:787577 disposed:false
182 silly fetch manifest socket.io-client@^4.8.3
183 silly packumentCache full:https://registry.npmjs.org/socket.io-client cache-miss
184 http cache https://registry.npmjs.org/socket.io-client 1ms (cache hit)
185 silly packumentCache full:https://registry.npmjs.org/socket.io-client set size:410355 disposed:false
186 silly fetch manifest eslint@^9.25.0
187 silly packumentCache full:https://registry.npmjs.org/eslint cache-miss
188 http cache https://registry.npmjs.org/eslint 4ms (cache hit)
189 silly packumentCache full:https://registry.npmjs.org/eslint set size:1983515 disposed:false
190 silly fetch manifest jiti@*
191 silly packumentCache full:https://registry.npmjs.org/jiti cache-miss
192 http cache https://registry.npmjs.org/jiti 2ms (cache hit)
193 silly packumentCache full:https://registry.npmjs.org/jiti set size:382310 disposed:false
194 silly fetch manifest eslint-config-expo@~10.0.0
195 silly packumentCache full:https://registry.npmjs.org/eslint-config-expo cache-miss
196 http cache https://registry.npmjs.org/eslint-config-expo 1ms (cache hit)
197 silly packumentCache full:https://registry.npmjs.org/eslint-config-expo set size:392584 disposed:false
198 silly fetch manifest typescript@~5.9.2
199 silly packumentCache full:https://registry.npmjs.org/typescript cache-miss
200 http cache https://registry.npmjs.org/typescript 13ms (cache hit)
201 silly packumentCache full:https://registry.npmjs.org/typescript set size:15409943 disposed:false
202 silly placeDep ROOT @expo/vector-icons@15.1.1 OK for: driver-app@1.0.0 want: ^15.0.3
203 silly placeDep ROOT react@19.1.0 OK for: @expo/vector-icons@15.1.1 want: *
204 silly placeDep ROOT expo-font@14.0.11 OK for: @expo/vector-icons@15.1.1 want: >=14.0.4
205 silly placeDep ROOT expo@54.0.33 OK for: expo-font@14.0.11 want: *
206 silly placeDep ROOT react-native@0.81.5 OK for: expo@54.0.33 want: *
207 silly placeDep ROOT @react-navigation/bottom-tabs@7.15.9 OK for: driver-app@1.0.0 want: ^7.4.0
208 silly placeDep ROOT react-native-screens@4.16.0 OK for: @react-navigation/bottom-tabs@7.15.9 want: >= 4.0.0
209 silly placeDep ROOT @react-navigation/native@7.2.2 OK for: @react-navigation/bottom-tabs@7.15.9 want: ^7.2.2
210 silly placeDep ROOT react-native-safe-area-context@5.6.2 OK for: @react-navigation/bottom-tabs@7.15.9 want: >= 4.0.0
211 silly placeDep ROOT @react-navigation/elements@2.9.14 OK for: driver-app@1.0.0 want: ^2.6.3
212 silly placeDep ROOT @types/react@19.1.17 OK for: driver-app@1.0.0 want: ~19.1.0
213 silly placeDep ROOT eslint@9.39.4 OK for: driver-app@1.0.0 want: ^9.25.0
214 silly placeDep ROOT eslint-config-expo@10.0.0 OK for: driver-app@1.0.0 want: ~10.0.0
215 silly placeDep ROOT expo-constants@18.0.13 OK for: driver-app@1.0.0 want: ~18.0.13
216 silly placeDep ROOT expo-haptics@15.0.8 OK for: driver-app@1.0.0 want: ~15.0.8
217 silly placeDep ROOT expo-image@3.0.11 OK for: driver-app@1.0.0 want: ~3.0.11
218 silly placeDep ROOT expo-linking@8.0.11 OK for: driver-app@1.0.0 want: ~8.0.11
219 silly placeDep ROOT expo-router@6.0.23 OK for: driver-app@1.0.0 want: ~6.0.23
220 silly placeDep ROOT expo-splash-screen@31.0.13 OK for: driver-app@1.0.0 want: ~31.0.13
221 silly placeDep ROOT expo-status-bar@3.0.9 OK for: driver-app@1.0.0 want: ~3.0.9
222 silly placeDep ROOT expo-symbols@1.0.8 OK for: driver-app@1.0.0 want: ~1.0.8
223 silly placeDep ROOT expo-system-ui@6.0.9 OK for: driver-app@1.0.0 want: ~6.0.9
224 silly placeDep ROOT expo-web-browser@15.0.10 OK for: driver-app@1.0.0 want: ~15.0.10
225 silly placeDep ROOT lucide-react-native@1.8.0 OK for: driver-app@1.0.0 want: ^1.8.0
226 silly placeDep ROOT react-native-svg@15.15.4 OK for: lucide-react-native@1.8.0 want: ^12.0.0 || ^13.0.0 || ^14.0.0 || ^15.0.0
227 silly placeDep ROOT react-dom@19.1.0 OK for: driver-app@1.0.0 want: 19.1.0
228 silly placeDep ROOT react-native-gesture-handler@2.28.0 OK for: driver-app@1.0.0 want: ~2.28.0
229 silly placeDep ROOT react-native-reanimated@4.1.7 OK for: driver-app@1.0.0 want: ~4.1.1
230 silly placeDep ROOT react-native-worklets@0.5.1 OK for: react-native-reanimated@4.1.7 want: 0.5 - 0.8
231 silly placeDep ROOT @babel/core@7.29.0 OK for: react-native-worklets@0.5.1 want: ^7.0.0-0
232 silly placeDep ROOT react-native-web@0.21.2 OK for: driver-app@1.0.0 want: ~0.21.0
233 silly placeDep ROOT socket.io-client@4.8.3 OK for: driver-app@1.0.0 want: ^4.8.3
234 silly placeDep ROOT typescript@5.9.3 OK for: driver-app@1.0.0 want: ~5.9.2
235 silly fetch manifest fontfaceobserver@^2.1.0
236 silly packumentCache full:https://registry.npmjs.org/fontfaceobserver cache-miss
237 silly fetch manifest @expo/cli@54.0.23
238 silly packumentCache full:https://registry.npmjs.org/@expo%2fcli cache-miss
239 silly fetch manifest expo-asset@~12.0.12
240 silly packumentCache full:https://registry.npmjs.org/expo-asset cache-miss
241 silly fetch manifest @expo/metro@~54.2.0
242 silly packumentCache full:https://registry.npmjs.org/@expo%2fmetro cache-miss
243 silly fetch manifest @expo/config@~12.0.13
244 silly packumentCache full:https://registry.npmjs.org/@expo%2fconfig cache-miss
245 silly fetch manifest pretty-format@^29.7.0
246 silly packumentCache full:https://registry.npmjs.org/pretty-format cache-miss
247 silly fetch manifest react-refresh@^0.14.2
248 silly packumentCache full:https://registry.npmjs.org/react-refresh cache-miss
249 http cache https://registry.npmjs.org/fontfaceobserver 3ms (cache hit)
250 silly packumentCache full:https://registry.npmjs.org/fontfaceobserver set size:113480 disposed:false
251 silly fetch manifest @babel/runtime@^7.20.0
252 silly packumentCache full:https://registry.npmjs.org/@babel%2fruntime cache-miss
253 http cache https://registry.npmjs.org/@expo%2fmetro 4ms (cache hit)
254 silly packumentCache full:https://registry.npmjs.org/@expo%2fmetro set size:52025 disposed:false
255 silly fetch manifest @expo/devtools@0.1.8
256 silly packumentCache full:https://registry.npmjs.org/@expo%2fdevtools cache-miss
257 http cache https://registry.npmjs.org/pretty-format 6ms (cache hit)
258 silly packumentCache full:https://registry.npmjs.org/pretty-format set size:593858 disposed:false
259 silly fetch manifest expo-keep-awake@~15.0.8
260 silly packumentCache full:https://registry.npmjs.org/expo-keep-awake cache-miss
261 http cache https://registry.npmjs.org/@expo%2fcli 10ms (cache hit)
262 silly packumentCache full:https://registry.npmjs.org/@expo%2fcli set size:2447633 disposed:false
263 silly fetch manifest expo-file-system@~19.0.21
264 silly packumentCache full:https://registry.npmjs.org/expo-file-system cache-miss
265 http cache https://registry.npmjs.org/@expo%2fconfig 18ms (cache hit)
266 silly packumentCache full:https://registry.npmjs.org/@expo%2fconfig set size:1386983 disposed:false
267 silly fetch manifest @expo/fingerprint@0.15.4
268 silly packumentCache full:https://registry.npmjs.org/@expo%2ffingerprint cache-miss
269 http cache https://registry.npmjs.org/react-refresh 26ms (cache hit)
270 silly packumentCache full:https://registry.npmjs.org/react-refresh set size:6300571 disposed:false
271 silly fetch manifest babel-preset-expo@~54.0.10
272 silly packumentCache full:https://registry.npmjs.org/babel-preset-expo cache-miss
273 http cache https://registry.npmjs.org/expo-asset 44ms (cache hit)
274 silly packumentCache full:https://registry.npmjs.org/expo-asset set size:942071 disposed:false
275 silly fetch manifest expo-modules-core@3.0.29
276 silly packumentCache full:https://registry.npmjs.org/expo-modules-core cache-miss
277 http cache https://registry.npmjs.org/@expo%2fdevtools 44ms (cache hit)
278 silly packumentCache full:https://registry.npmjs.org/@expo%2fdevtools set size:177515 disposed:false
279 silly fetch manifest @expo/metro-config@54.0.14
280 silly packumentCache full:https://registry.npmjs.org/@expo%2fmetro-config cache-miss
281 http cache https://registry.npmjs.org/babel-preset-expo 7ms (cache hit)
282 silly packumentCache full:https://registry.npmjs.org/babel-preset-expo set size:1078897 disposed:false
283 silly fetch manifest @expo/config-plugins@~54.0.4
284 silly packumentCache full:https://registry.npmjs.org/@expo%2fconfig-plugins cache-miss
285 http cache https://registry.npmjs.org/expo-file-system 38ms (cache hit)
286 silly packumentCache full:https://registry.npmjs.org/expo-file-system set size:990270 disposed:false
287 silly fetch manifest @ungap/structured-clone@^1.3.0
288 silly packumentCache full:https://registry.npmjs.org/@ungap%2fstructured-clone cache-miss
289 http cache https://registry.npmjs.org/@babel%2fruntime 56ms (cache hit)
290 silly packumentCache full:https://registry.npmjs.org/@babel%2fruntime set size:3372292 disposed:false
291 silly fetch manifest expo-modules-autolinking@3.0.24
292 silly packumentCache full:https://registry.npmjs.org/expo-modules-autolinking cache-miss
293 http cache https://registry.npmjs.org/@expo%2ffingerprint 47ms (cache hit)
294 silly packumentCache full:https://registry.npmjs.org/@expo%2ffingerprint set size:663867 disposed:false
295 silly fetch manifest whatwg-url-without-unicode@8.0.0-3
296 silly packumentCache full:https://registry.npmjs.org/whatwg-url-without-unicode cache-miss
297 http cache https://registry.npmjs.org/expo-modules-core 26ms (cache hit)
298 silly packumentCache full:https://registry.npmjs.org/expo-modules-core set size:1200805 disposed:false
299 silly fetch manifest ws@^6.2.3
300 silly packumentCache full:https://registry.npmjs.org/ws cache-miss
301 http cache https://registry.npmjs.org/expo-keep-awake 67ms (cache hit)
302 silly packumentCache full:https://registry.npmjs.org/expo-keep-awake set size:675491 disposed:false
303 silly fetch manifest glob@^7.1.1
304 silly packumentCache full:https://registry.npmjs.org/glob cache-miss
305 http cache https://registry.npmjs.org/@expo%2fconfig-plugins 28ms (cache hit)
306 silly packumentCache full:https://registry.npmjs.org/@expo%2fconfig-plugins set size:1147001 disposed:false
307 silly fetch manifest anser@^1.4.9
308 silly packumentCache full:https://registry.npmjs.org/anser cache-miss
309 http cache https://registry.npmjs.org/whatwg-url-without-unicode 14ms (cache hit)
310 silly packumentCache full:https://registry.npmjs.org/whatwg-url-without-unicode set size:35141 disposed:false
311 silly fetch manifest yargs@^17.6.2
312 silly packumentCache full:https://registry.npmjs.org/yargs cache-miss
313 http cache https://registry.npmjs.org/@ungap%2fstructured-clone 28ms (cache hit)
314 silly packumentCache full:https://registry.npmjs.org/@ungap%2fstructured-clone set size:55958 disposed:false
315 silly fetch manifest semver@^7.1.3
316 silly packumentCache full:https://registry.npmjs.org/semver cache-miss
317 http cache https://registry.npmjs.org/ws 12ms (cache hit)
318 silly packumentCache full:https://registry.npmjs.org/ws set size:415737 disposed:false
319 silly fetch manifest promise@^8.3.0
320 silly packumentCache full:https://registry.npmjs.org/promise cache-miss
321 http cache https://registry.npmjs.org/glob 12ms (cache hit)
322 silly packumentCache full:https://registry.npmjs.org/glob set size:469465 disposed:false
323 silly fetch manifest base64-js@^1.5.1
324 silly packumentCache full:https://registry.npmjs.org/base64-js cache-miss
325 http cache https://registry.npmjs.org/@expo%2fmetro-config 42ms (cache hit)
326 silly packumentCache full:https://registry.npmjs.org/@expo%2fmetro-config set size:1411109 disposed:false
327 silly fetch manifest commander@^12.0.0
328 silly packumentCache full:https://registry.npmjs.org/commander cache-miss
329 http cache https://registry.npmjs.org/expo-modules-autolinking 27ms (cache hit)
330 silly packumentCache full:https://registry.npmjs.org/expo-modules-autolinking set size:859836 disposed:false
331 silly fetch manifest invariant@^2.2.4
332 silly packumentCache full:https://registry.npmjs.org/invariant cache-miss
333 http cache https://registry.npmjs.org/anser 15ms (cache hit)
334 silly packumentCache full:https://registry.npmjs.org/anser set size:109321 disposed:false
335 silly fetch manifest scheduler@0.26.0
336 silly packumentCache full:https://registry.npmjs.org/scheduler cache-miss
337 http cache https://registry.npmjs.org/base64-js 10ms (cache hit)
338 silly packumentCache full:https://registry.npmjs.org/base64-js set size:41270 disposed:false
339 silly fetch manifest ansi-regex@^5.0.0
340 silly packumentCache full:https://registry.npmjs.org/ansi-regex cache-miss
341 http cache https://registry.npmjs.org/promise 13ms (cache hit)
342 silly packumentCache full:https://registry.npmjs.org/promise set size:112704 disposed:false
343 silly fetch manifest babel-jest@^29.7.0
344 silly packumentCache full:https://registry.npmjs.org/babel-jest cache-miss
345 http cache https://registry.npmjs.org/semver 16ms (cache hit)
346 silly packumentCache full:https://registry.npmjs.org/semver set size:229620 disposed:false
347 silly fetch manifest nullthrows@^1.1.1
348 silly packumentCache full:https://registry.npmjs.org/nullthrows cache-miss
349 http cache https://registry.npmjs.org/commander 8ms (cache hit)
350 silly packumentCache full:https://registry.npmjs.org/commander set size:306325 disposed:false
351 silly fetch manifest memoize-one@^5.0.0
352 silly packumentCache full:https://registry.npmjs.org/memoize-one cache-miss
353 http cache https://registry.npmjs.org/yargs 19ms (cache hit)
354 silly packumentCache full:https://registry.npmjs.org/yargs set size:743056 disposed:false
355 silly fetch manifest whatwg-fetch@^3.0.0
356 silly packumentCache full:https://registry.npmjs.org/whatwg-fetch cache-miss
357 http cache https://registry.npmjs.org/invariant 10ms (cache hit)
358 silly packumentCache full:https://registry.npmjs.org/invariant set size:22008 disposed:false
359 silly fetch manifest metro-runtime@^0.83.1
360 silly packumentCache full:https://registry.npmjs.org/metro-runtime cache-miss
361 http cache https://registry.npmjs.org/nullthrows 7ms (cache hit)
362 silly packumentCache full:https://registry.npmjs.org/nullthrows set size:14885 disposed:false
363 silly fetch manifest react-refresh@^0.14.0
364 silly packumentCache full:https://registry.npmjs.org/react-refresh cache-miss
365 http cache https://registry.npmjs.org/ansi-regex 12ms (cache hit)
366 silly packumentCache full:https://registry.npmjs.org/ansi-regex set size:43572 disposed:false
367 silly fetch manifest abort-controller@^3.0.0
368 silly packumentCache full:https://registry.npmjs.org/abort-controller cache-miss
369 http cache https://registry.npmjs.org/babel-jest 12ms (cache hit)
370 silly packumentCache full:https://registry.npmjs.org/babel-jest set size:686500 disposed:false
371 silly fetch manifest metro-source-map@^0.83.1
372 silly packumentCache full:https://registry.npmjs.org/metro-source-map cache-miss
373 http cache https://registry.npmjs.org/scheduler 19ms (cache hit)
374 silly packumentCache full:https://registry.npmjs.org/scheduler set size:5480996 disposed:false
375 silly fetch manifest stacktrace-parser@^0.1.10
376 silly packumentCache full:https://registry.npmjs.org/stacktrace-parser cache-miss
377 http cache https://registry.npmjs.org/whatwg-fetch 25ms (cache hit)
378 silly packumentCache full:https://registry.npmjs.org/whatwg-fetch set size:120970 disposed:false
379 silly fetch manifest flow-enums-runtime@^0.0.6
380 silly packumentCache full:https://registry.npmjs.org/flow-enums-runtime cache-miss
381 http cache https://registry.npmjs.org/metro-runtime 25ms (cache hit)
382 silly packumentCache full:https://registry.npmjs.org/metro-runtime set size:212197 disposed:false
383 silly fetch manifest react-devtools-core@^6.1.5
384 silly packumentCache full:https://registry.npmjs.org/react-devtools-core cache-miss
385 http cache https://registry.npmjs.org/memoize-one 31ms (cache hit)
386 silly packumentCache full:https://registry.npmjs.org/memoize-one set size:217155 disposed:false
387 silly fetch manifest regenerator-runtime@^0.13.2
388 silly packumentCache full:https://registry.npmjs.org/regenerator-runtime cache-miss
389 http cache https://registry.npmjs.org/metro-source-map 28ms (cache hit)
390 silly packumentCache full:https://registry.npmjs.org/metro-source-map set size:419987 disposed:false
391 silly fetch manifest @react-native/codegen@0.81.5
392 silly packumentCache full:https://registry.npmjs.org/@react-native%2fcodegen cache-miss
393 http cache https://registry.npmjs.org/abort-controller 32ms (cache hit)
394 silly packumentCache full:https://registry.npmjs.org/abort-controller set size:47272 disposed:false
395 silly fetch manifest jest-environment-node@^29.7.0
396 silly packumentCache full:https://registry.npmjs.org/jest-environment-node cache-miss
397 http cache https://registry.npmjs.org/stacktrace-parser 13ms (cache hit)
398 silly packumentCache full:https://registry.npmjs.org/stacktrace-parser set size:31168 disposed:false
399 silly fetch manifest @react-native/js-polyfills@0.81.5
400 silly packumentCache full:https://registry.npmjs.org/@react-native%2fjs-polyfills cache-miss
401 http cache https://registry.npmjs.org/react-refresh 41ms (cache hit)
402 silly packumentCache full:https://registry.npmjs.org/react-refresh set size:6300571 disposed:false
403 silly fetch manifest @react-native/gradle-plugin@0.81.5
404 silly packumentCache full:https://registry.npmjs.org/@react-native%2fgradle-plugin cache-miss
405 http cache https://registry.npmjs.org/regenerator-runtime 30ms (cache hit)
406 silly packumentCache full:https://registry.npmjs.org/regenerator-runtime set size:59671 disposed:false
407 silly fetch manifest @react-native/assets-registry@0.81.5
408 silly packumentCache full:https://registry.npmjs.org/@react-native%2fassets-registry cache-miss
409 http cache https://registry.npmjs.org/react-devtools-core 33ms (cache hit)
410 silly packumentCache full:https://registry.npmjs.org/react-devtools-core set size:459848 disposed:false
411 silly fetch manifest @react-native/normalize-colors@0.81.5
412 silly packumentCache full:https://registry.npmjs.org/@react-native%2fnormalize-colors cache-miss
413 http cache https://registry.npmjs.org/flow-enums-runtime 36ms (cache hit)
414 silly packumentCache full:https://registry.npmjs.org/flow-enums-runtime set size:20749 disposed:false
415 silly fetch manifest @jest/create-cache-key-function@^29.7.0
416 silly packumentCache full:https://registry.npmjs.org/@jest%2fcreate-cache-key-function cache-miss
417 http cache https://registry.npmjs.org/@react-native%2fassets-registry 8ms (cache hit)
418 silly packumentCache full:https://registry.npmjs.org/@react-native%2fassets-registry set size:1810460 disposed:false
419 silly fetch manifest @react-native/virtualized-lists@0.81.5
420 silly packumentCache full:https://registry.npmjs.org/@react-native%2fvirtualized-lists cache-miss
421 http cache https://registry.npmjs.org/@react-native%2fcodegen 37ms (cache hit)
422 silly packumentCache full:https://registry.npmjs.org/@react-native%2fcodegen set size:2757552 disposed:false
423 silly fetch manifest babel-plugin-syntax-hermes-parser@0.29.1
424 silly packumentCache full:https://registry.npmjs.org/babel-plugin-syntax-hermes-parser cache-miss
425 http cache https://registry.npmjs.org/jest-environment-node 43ms (cache hit)
426 silly packumentCache full:https://registry.npmjs.org/jest-environment-node set size:643853 disposed:false
427 silly fetch manifest @react-native/community-cli-plugin@0.81.5
428 silly packumentCache full:https://registry.npmjs.org/@react-native%2fcommunity-cli-plugin cache-miss
429 http cache https://registry.npmjs.org/@react-native%2fjs-polyfills 46ms (cache hit)
430 silly packumentCache full:https://registry.npmjs.org/@react-native%2fjs-polyfills set size:1805763 disposed:false
431 silly fetch manifest color@^4.2.3
432 silly packumentCache full:https://registry.npmjs.org/color cache-miss
433 http cache https://registry.npmjs.org/@react-native%2fgradle-plugin 30ms (cache hit)
434 silly packumentCache full:https://registry.npmjs.org/@react-native%2fgradle-plugin set size:1953989 disposed:false
435 silly fetch manifest sf-symbols-typescript@^2.1.0
436 silly packumentCache full:https://registry.npmjs.org/sf-symbols-typescript cache-miss
437 http cache https://registry.npmjs.org/@react-native%2fnormalize-colors 34ms (cache hit)
438 silly packumentCache full:https://registry.npmjs.org/@react-native%2fnormalize-colors set size:1819045 disposed:false
439 silly fetch manifest @react-navigation/elements@^2.9.14
440 silly packumentCache full:https://registry.npmjs.org/@react-navigation%2felements cache-hit
441 silly fetch manifest nanoid@^3.3.11
442 silly packumentCache full:https://registry.npmjs.org/nanoid cache-miss
443 http cache https://registry.npmjs.org/@jest%2fcreate-cache-key-function 38ms (cache hit)
444 silly packumentCache full:https://registry.npmjs.org/@jest%2fcreate-cache-key-function set size:227866 disposed:false
445 silly fetch manifest fast-deep-equal@^3.1.3
446 silly packumentCache full:https://registry.npmjs.org/fast-deep-equal cache-miss
447 http cache https://registry.npmjs.org/@react-native%2fvirtualized-lists 32ms (cache hit)
448 silly packumentCache full:https://registry.npmjs.org/@react-native%2fvirtualized-lists set size:2235760 disposed:false
449 silly fetch manifest use-latest-callback@^0.2.4
450 silly packumentCache full:https://registry.npmjs.org/use-latest-callback cache-miss
451 http cache https://registry.npmjs.org/babel-plugin-syntax-hermes-parser 28ms (cache hit)
452 silly packumentCache full:https://registry.npmjs.org/babel-plugin-syntax-hermes-parser set size:100651 disposed:false
453 silly fetch manifest escape-string-regexp@^4.0.0
454 silly packumentCache full:https://registry.npmjs.org/escape-string-regexp cache-miss
455 http cache https://registry.npmjs.org/color 21ms (cache hit)
456 silly packumentCache full:https://registry.npmjs.org/color set size:98234 disposed:false
457 silly fetch manifest @react-navigation/core@^7.17.2
458 silly packumentCache full:https://registry.npmjs.org/@react-navigation%2fcore cache-miss
459 http cache https://registry.npmjs.org/sf-symbols-typescript 16ms (cache hit)
460 silly packumentCache full:https://registry.npmjs.org/sf-symbols-typescript set size:18602 disposed:false
461 silly fetch manifest warn-once@^0.1.0
462 silly packumentCache full:https://registry.npmjs.org/warn-once cache-miss
463 http cache https://registry.npmjs.org/@react-native%2fcommunity-cli-plugin 30ms (cache hit)
464 silly packumentCache full:https://registry.npmjs.org/@react-native%2fcommunity-cli-plugin set size:2410087 disposed:false
465 silly fetch manifest react-freeze@^1.0.0
466 silly packumentCache full:https://registry.npmjs.org/react-freeze cache-miss
467 http cache https://registry.npmjs.org/nanoid 26ms (cache hit)
468 silly packumentCache full:https://registry.npmjs.org/nanoid set size:304025 disposed:false
469 silly fetch manifest react-native-is-edge-to-edge@^1.2.1
470 silly packumentCache full:https://registry.npmjs.org/react-native-is-edge-to-edge cache-miss
471 http cache https://registry.npmjs.org/@react-navigation%2fcore 20ms (cache hit)
472 silly packumentCache full:https://registry.npmjs.org/@react-navigation%2fcore set size:1016158 disposed:false
473 silly fetch manifest use-latest-callback@^0.2.4
474 silly packumentCache full:https://registry.npmjs.org/use-latest-callback cache-miss
475 http cache https://registry.npmjs.org/fast-deep-equal 30ms (cache hit)
476 silly packumentCache full:https://registry.npmjs.org/fast-deep-equal set size:48634 disposed:false
477 silly fetch manifest use-sync-external-store@^1.5.0
478 silly packumentCache full:https://registry.npmjs.org/use-sync-external-store cache-miss
479 http cache https://registry.npmjs.org/use-latest-callback 24ms (cache hit)
480 silly packumentCache full:https://registry.npmjs.org/use-latest-callback set size:64855 disposed:false
481 silly fetch manifest csstype@^3.0.2
482 silly packumentCache full:https://registry.npmjs.org/csstype cache-miss
483 http cache https://registry.npmjs.org/escape-string-regexp 24ms (cache hit)
484 silly packumentCache full:https://registry.npmjs.org/escape-string-regexp set size:22244 disposed:false
485 silly fetch manifest ajv@^6.14.0
486 silly packumentCache full:https://registry.npmjs.org/ajv cache-miss
487 http cache https://registry.npmjs.org/warn-once 24ms (cache hit)
488 silly packumentCache full:https://registry.npmjs.org/warn-once set size:8138 disposed:false
489 silly fetch manifest chalk@^4.0.0
490 silly packumentCache full:https://registry.npmjs.org/chalk cache-miss
491 http cache https://registry.npmjs.org/react-freeze 14ms (cache hit)
492 silly packumentCache full:https://registry.npmjs.org/react-freeze set size:30139 disposed:false
493 silly fetch manifest debug@^4.3.2
494 silly packumentCache full:https://registry.npmjs.org/debug cache-miss
495 http cache https://registry.npmjs.org/use-latest-callback 4ms (cache hit)
496 silly packumentCache full:https://registry.npmjs.org/use-latest-callback set size:64855 disposed:false
497 silly packumentCache full:https://registry.npmjs.org/use-latest-callback dispose
498 silly fetch manifest espree@^10.4.0
499 silly packumentCache full:https://registry.npmjs.org/espree cache-miss
500 http cache https://registry.npmjs.org/react-native-is-edge-to-edge 8ms (cache hit)
501 silly packumentCache full:https://registry.npmjs.org/react-native-is-edge-to-edge set size:36085 disposed:false
502 silly fetch manifest ignore@^5.2.0
503 silly packumentCache full:https://registry.npmjs.org/ignore cache-miss
504 http cache https://registry.npmjs.org/csstype 4ms (cache hit)
505 silly packumentCache full:https://registry.npmjs.org/csstype set size:274189 disposed:false
506 silly fetch manifest esquery@^1.5.0
507 silly packumentCache full:https://registry.npmjs.org/esquery cache-miss
508 http cache https://registry.npmjs.org/ajv 5ms (cache hit)
509 silly packumentCache full:https://registry.npmjs.org/ajv set size:1120197 disposed:false
510 silly fetch manifest esutils@^2.0.2
511 silly packumentCache full:https://registry.npmjs.org/esutils cache-miss
512 http cache https://registry.npmjs.org/use-sync-external-store 13ms (cache hit)
513 silly packumentCache full:https://registry.npmjs.org/use-sync-external-store set size:4639755 disposed:false
514 silly fetch manifest find-up@^5.0.0
515 silly packumentCache full:https://registry.npmjs.org/find-up cache-miss
516 http cache https://registry.npmjs.org/chalk 21ms (cache hit)
517 silly packumentCache full:https://registry.npmjs.org/chalk set size:117861 disposed:false
518 silly fetch manifest is-glob@^4.0.0
519 silly packumentCache full:https://registry.npmjs.org/is-glob cache-miss
520 http cache https://registry.npmjs.org/debug 22ms (cache hit)
521 silly packumentCache full:https://registry.npmjs.org/debug set size:195840 disposed:false
522 silly fetch manifest minimatch@^3.1.5
523 silly packumentCache full:https://registry.npmjs.org/minimatch cache-miss
524 http cache https://registry.npmjs.org/esutils 17ms (cache hit)
525 silly packumentCache full:https://registry.npmjs.org/esutils set size:29522 disposed:false
526 silly fetch manifest @eslint/js@9.39.4
527 silly packumentCache full:https://registry.npmjs.org/@eslint%2fjs cache-miss
528 http cache https://registry.npmjs.org/espree 24ms (cache hit)
529 silly packumentCache full:https://registry.npmjs.org/espree set size:326080 disposed:false
530 silly fetch manifest optionator@^0.9.3
531 silly packumentCache full:https://registry.npmjs.org/optionator cache-miss
532 http cache https://registry.npmjs.org/esquery 24ms (cache hit)
533 silly packumentCache full:https://registry.npmjs.org/esquery set size:48888 disposed:false
534 silly fetch manifest cross-spawn@^7.0.6
535 silly packumentCache full:https://registry.npmjs.org/cross-spawn cache-miss
536 http cache https://registry.npmjs.org/find-up 9ms (cache hit)
537 silly packumentCache full:https://registry.npmjs.org/find-up set size:42620 disposed:false
538 silly fetch manifest glob-parent@^6.0.2
539 silly packumentCache full:https://registry.npmjs.org/glob-parent cache-miss
540 http cache https://registry.npmjs.org/ignore 26ms (cache hit)
541 silly packumentCache full:https://registry.npmjs.org/ignore set size:237380 disposed:false
542 silly fetch manifest imurmurhash@^0.1.4
543 silly packumentCache full:https://registry.npmjs.org/imurmurhash cache-miss
544 http cache https://registry.npmjs.org/is-glob 9ms (cache hit)
545 silly packumentCache full:https://registry.npmjs.org/is-glob set size:40530 disposed:false
546 silly fetch manifest @eslint/core@^0.17.0
547 silly packumentCache full:https://registry.npmjs.org/@eslint%2fcore cache-miss
548 http cache https://registry.npmjs.org/minimatch 9ms (cache hit)
549 silly packumentCache full:https://registry.npmjs.org/minimatch set size:375282 disposed:false
550 silly fetch manifest eslint-scope@^8.4.0
551 silly packumentCache full:https://registry.npmjs.org/eslint-scope cache-miss
552 http cache https://registry.npmjs.org/@eslint%2fjs 9ms (cache hit)
553 silly packumentCache full:https://registry.npmjs.org/@eslint%2fjs set size:140022 disposed:false
554 silly fetch manifest lodash.merge@^4.6.2
555 silly packumentCache full:https://registry.npmjs.org/lodash.merge cache-miss
556 http cache https://registry.npmjs.org/cross-spawn 7ms (cache hit)
557 silly packumentCache full:https://registry.npmjs.org/cross-spawn set size:109066 disposed:false
558 silly fetch manifest @humanfs/node@^0.16.6
559 silly packumentCache full:https://registry.npmjs.org/@humanfs%2fnode cache-miss
560 http cache https://registry.npmjs.org/imurmurhash 6ms (cache hit)
561 silly packumentCache full:https://registry.npmjs.org/imurmurhash set size:35819 disposed:false
562 silly fetch manifest @types/estree@^1.0.6
563 silly packumentCache full:https://registry.npmjs.org/@types%2festree cache-miss
564 http cache https://registry.npmjs.org/optionator 9ms (cache hit)
565 silly packumentCache full:https://registry.npmjs.org/optionator set size:49651 disposed:false
566 silly fetch manifest natural-compare@^1.4.0
567 silly packumentCache full:https://registry.npmjs.org/natural-compare cache-miss
568 http cache https://registry.npmjs.org/glob-parent 8ms (cache hit)
569 silly packumentCache full:https://registry.npmjs.org/glob-parent set size:42445 disposed:false
570 silly fetch manifest @eslint/eslintrc@^3.3.5
571 silly packumentCache full:https://registry.npmjs.org/@eslint%2feslintrc cache-miss
572 http cache https://registry.npmjs.org/@eslint%2fcore 7ms (cache hit)
573 silly packumentCache full:https://registry.npmjs.org/@eslint%2fcore set size:58023 disposed:false
574 silly fetch manifest file-entry-cache@^8.0.0
575 silly packumentCache full:https://registry.npmjs.org/file-entry-cache cache-miss
576 http cache https://registry.npmjs.org/eslint-scope 5ms (cache hit)
577 silly packumentCache full:https://registry.npmjs.org/eslint-scope set size:98867 disposed:false
578 silly fetch manifest @eslint/plugin-kit@^0.4.1
579 silly packumentCache full:https://registry.npmjs.org/@eslint%2fplugin-kit cache-miss
580 http cache https://registry.npmjs.org/@humanfs%2fnode 5ms (cache hit)
581 silly packumentCache full:https://registry.npmjs.org/@humanfs%2fnode set size:39629 disposed:false
582 silly fetch manifest eslint-visitor-keys@^4.2.1
583 silly packumentCache full:https://registry.npmjs.org/eslint-visitor-keys cache-miss
584 http cache https://registry.npmjs.org/lodash.merge 7ms (cache hit)
585 silly packumentCache full:https://registry.npmjs.org/lodash.merge set size:78575 disposed:false
586 silly fetch manifest @eslint/config-array@^0.21.2
587 silly packumentCache full:https://registry.npmjs.org/@eslint%2fconfig-array cache-miss
588 http cache https://registry.npmjs.org/@types%2festree 6ms (cache hit)
589 silly packumentCache full:https://registry.npmjs.org/@types%2festree set size:74091 disposed:false
590 silly fetch manifest @humanwhocodes/retry@^0.4.2
591 silly packumentCache full:https://registry.npmjs.org/@humanwhocodes%2fretry cache-miss
592 http cache https://registry.npmjs.org/natural-compare 7ms (cache hit)
593 silly packumentCache full:https://registry.npmjs.org/natural-compare set size:7852 disposed:false
594 silly fetch manifest @eslint/config-helpers@^0.4.2
595 silly packumentCache full:https://registry.npmjs.org/@eslint%2fconfig-helpers cache-miss
596 http cache https://registry.npmjs.org/@eslint%2feslintrc 6ms (cache hit)
597 silly packumentCache full:https://registry.npmjs.org/@eslint%2feslintrc set size:168674 disposed:false
598 silly fetch manifest @eslint-community/regexpp@^4.12.1
599 silly packumentCache full:https://registry.npmjs.org/@eslint-community%2fregexpp cache-miss
600 http cache https://registry.npmjs.org/file-entry-cache 7ms (cache hit)
601 silly packumentCache full:https://registry.npmjs.org/file-entry-cache set size:151480 disposed:false
602 silly fetch manifest @eslint-community/eslint-utils@^4.8.0
603 silly packumentCache full:https://registry.npmjs.org/@eslint-community%2feslint-utils cache-miss
604 http cache https://registry.npmjs.org/@eslint%2fplugin-kit 6ms (cache hit)
605 silly packumentCache full:https://registry.npmjs.org/@eslint%2fplugin-kit set size:73270 disposed:false
606 silly fetch manifest @humanwhocodes/module-importer@^1.0.1
607 silly packumentCache full:https://registry.npmjs.org/@humanwhocodes%2fmodule-importer cache-miss
608 http cache https://registry.npmjs.org/eslint-visitor-keys 7ms (cache hit)
609 silly packumentCache full:https://registry.npmjs.org/eslint-visitor-keys set size:69949 disposed:false
610 silly fetch manifest json-stable-stringify-without-jsonify@^1.0.1
611 silly packumentCache full:https://registry.npmjs.org/json-stable-stringify-without-jsonify cache-miss
612 http cache https://registry.npmjs.org/@eslint%2fconfig-array 6ms (cache hit)
613 silly packumentCache full:https://registry.npmjs.org/@eslint%2fconfig-array set size:74140 disposed:false
614 silly fetch manifest globals@^16.0.0
615 silly packumentCache full:https://registry.npmjs.org/globals cache-miss
616 http cache https://registry.npmjs.org/@eslint%2fconfig-helpers 5ms (cache hit)
617 silly packumentCache full:https://registry.npmjs.org/@eslint%2fconfig-helpers set size:47979 disposed:false
618 silly fetch manifest eslint-plugin-expo@^1.0.0
619 silly packumentCache full:https://registry.npmjs.org/eslint-plugin-expo cache-miss
620 http cache https://registry.npmjs.org/@humanwhocodes%2fretry 6ms (cache hit)
621 silly packumentCache full:https://registry.npmjs.org/@humanwhocodes%2fretry set size:42348 disposed:false
622 silly fetch manifest eslint-plugin-react@^7.37.3
623 silly packumentCache full:https://registry.npmjs.org/eslint-plugin-react cache-miss
624 http cache https://registry.npmjs.org/@eslint-community%2fregexpp 5ms (cache hit)
625 silly packumentCache full:https://registry.npmjs.org/@eslint-community%2fregexpp set size:106609 disposed:false
626 silly fetch manifest eslint-plugin-import@^2.30.0
627 silly packumentCache full:https://registry.npmjs.org/eslint-plugin-import cache-miss
628 http cache https://registry.npmjs.org/@humanwhocodes%2fmodule-importer 4ms (cache hit)
629 silly packumentCache full:https://registry.npmjs.org/@humanwhocodes%2fmodule-importer set size:9516 disposed:false
630 silly fetch manifest @typescript-eslint/parser@^8.18.2
631 silly packumentCache full:https://registry.npmjs.org/@typescript-eslint%2fparser cache-miss
632 http cache https://registry.npmjs.org/globals 4ms (cache hit)
633 silly packumentCache full:https://registry.npmjs.org/globals set size:312297 disposed:false
634 silly fetch manifest eslint-plugin-react-hooks@^5.1.0
635 silly packumentCache full:https://registry.npmjs.org/eslint-plugin-react-hooks cache-miss
636 http cache https://registry.npmjs.org/@eslint-community%2feslint-utils 7ms (cache hit)
637 silly packumentCache full:https://registry.npmjs.org/@eslint-community%2feslint-utils set size:93301 disposed:false
638 silly fetch manifest @typescript-eslint/eslint-plugin@^8.18.2
639 silly packumentCache full:https://registry.npmjs.org/@typescript-eslint%2feslint-plugin cache-miss
640 http cache https://registry.npmjs.org/json-stable-stringify-without-jsonify 7ms (cache hit)
641 silly packumentCache full:https://registry.npmjs.org/json-stable-stringify-without-jsonify set size:5808 disposed:false
642 silly fetch manifest eslint-import-resolver-typescript@^3.6.3
643 silly packumentCache full:https://registry.npmjs.org/eslint-import-resolver-typescript cache-miss
644 http cache https://registry.npmjs.org/eslint-plugin-expo 6ms (cache hit)
645 silly packumentCache full:https://registry.npmjs.org/eslint-plugin-expo set size:353958 disposed:false
646 silly fetch manifest @expo/env@~2.0.8
647 silly packumentCache full:https://registry.npmjs.org/@expo%2fenv cache-miss
648 http cache https://registry.npmjs.org/eslint-plugin-import 7ms (cache hit)
649 silly packumentCache full:https://registry.npmjs.org/eslint-plugin-import set size:484928 disposed:false
650 silly fetch manifest vaul@^1.1.2
651 silly packumentCache full:https://registry.npmjs.org/vaul cache-miss
652 http cache https://registry.npmjs.org/eslint-plugin-react 11ms (cache hit)
653 silly packumentCache full:https://registry.npmjs.org/eslint-plugin-react set size:646827 disposed:false
654 silly fetch manifest debug@^4.3.4
655 silly packumentCache full:https://registry.npmjs.org/debug cache-hit
656 silly fetch manifest nanoid@^3.3.8
657 silly packumentCache full:https://registry.npmjs.org/nanoid cache-hit
658 silly fetch manifest semver@~7.6.3
659 silly packumentCache full:https://registry.npmjs.org/semver cache-hit
660 silly fetch manifest client-only@^0.0.1
661 silly packumentCache full:https://registry.npmjs.org/client-only cache-miss
662 http cache https://registry.npmjs.org/eslint-import-resolver-typescript 22ms (cache hit)
663 silly packumentCache full:https://registry.npmjs.org/eslint-import-resolver-typescript set size:334387 disposed:false
664 silly fetch manifest expo-server@^1.0.5
665 silly packumentCache full:https://registry.npmjs.org/expo-server cache-miss
666 http cache https://registry.npmjs.org/eslint-plugin-react-hooks 35ms (cache hit)
667 silly packumentCache full:https://registry.npmjs.org/eslint-plugin-react-hooks set size:7332785 disposed:false
668 silly fetch manifest server-only@^0.0.1
669 silly packumentCache full:https://registry.npmjs.org/server-only cache-miss
670 http cache https://registry.npmjs.org/@typescript-eslint%2fparser 67ms (cache hit)
671 silly packumentCache full:https://registry.npmjs.org/@typescript-eslint%2fparser set size:15034609 disposed:false
672 silly fetch manifest query-string@^7.1.3
673 silly packumentCache full:https://registry.npmjs.org/query-string cache-miss
674 http cache https://registry.npmjs.org/client-only 84ms (cache hit)
675 silly packumentCache full:https://registry.npmjs.org/client-only set size:2750 disposed:false
676 silly fetch manifest shallowequal@^1.1.0
677 silly packumentCache full:https://registry.npmjs.org/shallowequal cache-miss
678 http cache https://registry.npmjs.org/@typescript-eslint%2feslint-plugin 105ms (cache hit)
679 silly packumentCache full:https://registry.npmjs.org/@typescript-eslint%2feslint-plugin set size:17719383 disposed:false
680 silly fetch manifest @expo/schema-utils@^0.1.8
681 silly packumentCache full:https://registry.npmjs.org/@expo%2fschema-utils cache-miss
682 http cache https://registry.npmjs.org/vaul 145ms (cache hit)
683 silly packumentCache full:https://registry.npmjs.org/vaul set size:132229 disposed:false
684 silly fetch manifest react-fast-compare@^3.2.2
685 silly packumentCache full:https://registry.npmjs.org/react-fast-compare cache-miss
686 http cache https://registry.npmjs.org/@expo%2fenv 149ms (cache hit)
687 silly packumentCache full:https://registry.npmjs.org/@expo%2fenv set size:515149 disposed:false
688 silly fetch manifest @expo/metro-runtime@^6.1.2
689 silly packumentCache full:https://registry.npmjs.org/@expo%2fmetro-runtime cache-hit
690 silly fetch manifest use-latest-callback@^0.2.1
691 silly packumentCache full:https://registry.npmjs.org/use-latest-callback cache-hit
692 silly fetch manifest @radix-ui/react-slot@1.2.0
693 silly packumentCache full:https://registry.npmjs.org/@radix-ui%2freact-slot cache-miss
694 http cache https://registry.npmjs.org/expo-server 138ms (cache hit)
695 silly packumentCache full:https://registry.npmjs.org/expo-server set size:191538 disposed:false
696 silly fetch manifest @radix-ui/react-tabs@^1.1.12
697 silly packumentCache full:https://registry.npmjs.org/@radix-ui%2freact-tabs cache-miss
698 http cache https://registry.npmjs.org/shallowequal 71ms (cache hit)
699 silly packumentCache full:https://registry.npmjs.org/shallowequal set size:18619 disposed:false
700 silly fetch manifest react-native-is-edge-to-edge@^1.1.6
701 silly packumentCache full:https://registry.npmjs.org/react-native-is-edge-to-edge cache-hit
702 silly fetch manifest @react-navigation/native-stack@^7.3.16
703 silly packumentCache full:https://registry.npmjs.org/@react-navigation%2fnative-stack cache-miss
704 http cache https://registry.npmjs.org/react-fast-compare 13ms (cache hit)
705 silly packumentCache full:https://registry.npmjs.org/react-fast-compare set size:94506 disposed:false
706 silly fetch manifest @expo/prebuild-config@^54.0.8
707 silly packumentCache full:https://registry.npmjs.org/@expo%2fprebuild-config cache-miss
708 http cache https://registry.npmjs.org/@expo%2fschema-utils 15ms (cache hit)
709 silly packumentCache full:https://registry.npmjs.org/@expo%2fschema-utils set size:173591 disposed:false
710 silly fetch manifest sf-symbols-typescript@^2.0.0
711 silly packumentCache full:https://registry.npmjs.org/sf-symbols-typescript cache-hit
712 silly fetch manifest css-select@^5.1.0
713 silly packumentCache full:https://registry.npmjs.org/css-select cache-miss
714 http cache https://registry.npmjs.org/@radix-ui%2freact-slot 12ms (cache hit)
715 silly packumentCache full:https://registry.npmjs.org/@radix-ui%2freact-slot set size:387271 disposed:false
716 silly fetch manifest css-tree@^1.1.3
717 silly packumentCache full:https://registry.npmjs.org/css-tree cache-miss
718 http cache https://registry.npmjs.org/query-string 75ms (cache hit)
719 silly packumentCache full:https://registry.npmjs.org/query-string set size:217776 disposed:false
720 silly fetch manifest warn-once@0.1.1
721 silly packumentCache full:https://registry.npmjs.org/warn-once cache-hit
722 silly fetch manifest scheduler@^0.26.0
723 silly packumentCache full:https://registry.npmjs.org/scheduler cache-miss
724 http cache https://registry.npmjs.org/server-only 115ms (cache hit)
725 silly packumentCache full:https://registry.npmjs.org/server-only set size:2750 disposed:false
726 silly fetch manifest @egjs/hammerjs@^2.0.17
727 silly packumentCache full:https://registry.npmjs.org/@egjs%2fhammerjs cache-miss
728 http cache https://registry.npmjs.org/@radix-ui%2freact-tabs 9ms (cache hit)
729 silly packumentCache full:https://registry.npmjs.org/@radix-ui%2freact-tabs set size:855865 disposed:false
730 silly fetch manifest hoist-non-react-statics@^3.3.0
731 silly packumentCache full:https://registry.npmjs.org/hoist-non-react-statics cache-miss
732 http cache https://registry.npmjs.org/scheduler 9ms (cache hit)
733 silly packumentCache full:https://registry.npmjs.org/scheduler set size:5480996 disposed:false
734 silly fetch manifest semver@^7.7.2
735 silly packumentCache full:https://registry.npmjs.org/semver cache-hit
736 silly fetch manifest semver@7.7.2
737 silly packumentCache full:https://registry.npmjs.org/semver cache-hit
738 silly fetch manifest convert-source-map@^2.0.0
739 silly packumentCache full:https://registry.npmjs.org/convert-source-map cache-miss
740 http cache https://registry.npmjs.org/@react-navigation%2fnative-stack 29ms (cache hit)
741 silly packumentCache full:https://registry.npmjs.org/@react-navigation%2fnative-stack set size:844521 disposed:false
742 silly fetch manifest @babel/preset-typescript@^7.16.7
743 silly packumentCache full:https://registry.npmjs.org/@babel%2fpreset-typescript cache-miss
744 http cache https://registry.npmjs.org/@expo%2fprebuild-config 31ms (cache hit)
745 silly packumentCache full:https://registry.npmjs.org/@expo%2fprebuild-config set size:1063840 disposed:false
746 silly fetch manifest @babel/plugin-transform-classes@^7.0.0-0
747 silly packumentCache full:https://registry.npmjs.org/@babel%2fplugin-transform-classes cache-miss
748 http cache https://registry.npmjs.org/css-select 33ms (cache hit)
749 silly packumentCache full:https://registry.npmjs.org/css-select set size:111202 disposed:false
750 silly fetch manifest @babel/plugin-transform-unicode-regex@^7.0.0-0
751 silly packumentCache full:https://registry.npmjs.org/@babel%2fplugin-transform-unicode-regex cache-miss
752 http cache https://registry.npmjs.org/@egjs%2fhammerjs 32ms (cache hit)
753 silly packumentCache full:https://registry.npmjs.org/@egjs%2fhammerjs set size:49632 disposed:false
754 silly fetch manifest @babel/plugin-transform-arrow-functions@^7.0.0-0
755 silly packumentCache full:https://registry.npmjs.org/@babel%2fplugin-transform-arrow-functions cache-miss
756 http cache https://registry.npmjs.org/css-tree 35ms (cache hit)
757 silly packumentCache full:https://registry.npmjs.org/css-tree set size:229638 disposed:false
758 silly fetch manifest @babel/plugin-transform-class-properties@^7.0.0-0
759 silly packumentCache full:https://registry.npmjs.org/@babel%2fplugin-transform-class-properties cache-miss
760 http cache https://registry.npmjs.org/hoist-non-react-statics 30ms (cache hit)
761 silly packumentCache full:https://registry.npmjs.org/hoist-non-react-statics set size:97044 disposed:false
762 silly fetch manifest @babel/plugin-transform-optional-chaining@^7.0.0-0
763 silly packumentCache full:https://registry.npmjs.org/@babel%2fplugin-transform-optional-chaining cache-miss
764 http cache https://registry.npmjs.org/@babel%2fpreset-typescript 9ms (cache hit)
765 silly packumentCache full:https://registry.npmjs.org/@babel%2fpreset-typescript set size:257348 disposed:false
766 silly fetch manifest @babel/plugin-transform-template-literals@^7.0.0-0
767 silly packumentCache full:https://registry.npmjs.org/@babel%2fplugin-transform-template-literals cache-miss
768 http cache https://registry.npmjs.org/@babel%2fplugin-transform-classes 8ms (cache hit)
769 silly packumentCache full:https://registry.npmjs.org/@babel%2fplugin-transform-classes set size:326173 disposed:false
770 silly fetch manifest @babel/plugin-transform-shorthand-properties@^7.0.0-0
771 silly packumentCache full:https://registry.npmjs.org/@babel%2fplugin-transform-shorthand-properties cache-miss
772 http cache https://registry.npmjs.org/convert-source-map 15ms (cache hit)
773 silly packumentCache full:https://registry.npmjs.org/convert-source-map set size:66997 disposed:false
774 silly fetch manifest @babel/plugin-transform-nullish-coalescing-operator@^7.0.0-0
775 silly packumentCache full:https://registry.npmjs.org/@babel%2fplugin-transform-nullish-coalescing-operator cache-miss
776 http cache https://registry.npmjs.org/@babel%2fplugin-transform-unicode-regex 9ms (cache hit)
777 silly packumentCache full:https://registry.npmjs.org/@babel%2fplugin-transform-unicode-regex set size:207625 disposed:false
778 silly fetch manifest debug@^4.1.0
779 silly packumentCache full:https://registry.npmjs.org/debug cache-hit
780 silly fetch manifest json5@^2.2.3
781 silly packumentCache full:https://registry.npmjs.org/json5 cache-miss
782 http cache https://registry.npmjs.org/@babel%2fplugin-transform-arrow-functions 9ms (cache hit)
783 silly packumentCache full:https://registry.npmjs.org/@babel%2fplugin-transform-arrow-functions set size:205700 disposed:false
784 silly fetch manifest semver@^6.3.1
785 silly packumentCache full:https://registry.npmjs.org/semver cache-hit
786 silly fetch manifest gensync@^1.0.0-beta.2
787 silly packumentCache full:https://registry.npmjs.org/gensync cache-miss
788 http cache https://registry.npmjs.org/@babel%2fplugin-transform-class-properties 9ms (cache hit)
789 silly packumentCache full:https://registry.npmjs.org/@babel%2fplugin-transform-class-properties set size:81346 disposed:false
790 silly fetch manifest @babel/types@^7.29.0
791 silly packumentCache full:https://registry.npmjs.org/@babel%2ftypes cache-miss
792 http cache https://registry.npmjs.org/@babel%2fplugin-transform-template-literals 7ms (cache hit)
793 silly packumentCache full:https://registry.npmjs.org/@babel%2fplugin-transform-template-literals set size:216465 disposed:false
794 silly fetch manifest @babel/parser@^7.29.0
795 silly packumentCache full:https://registry.npmjs.org/@babel%2fparser cache-miss
796 http cache https://registry.npmjs.org/@babel%2fplugin-transform-optional-chaining 9ms (cache hit)
797 silly packumentCache full:https://registry.npmjs.org/@babel%2fplugin-transform-optional-chaining set size:104559 disposed:false
798 silly fetch manifest @babel/helpers@^7.28.6
799 silly packumentCache full:https://registry.npmjs.org/@babel%2fhelpers cache-miss
800 http cache https://registry.npmjs.org/@babel%2fplugin-transform-shorthand-properties 7ms (cache hit)
801 silly packumentCache full:https://registry.npmjs.org/@babel%2fplugin-transform-shorthand-properties set size:193713 disposed:false
802 silly fetch manifest @babel/template@^7.28.6
803 silly packumentCache full:https://registry.npmjs.org/@babel%2ftemplate cache-miss
804 http cache https://registry.npmjs.org/@babel%2fplugin-transform-nullish-coalescing-operator 7ms (cache hit)
805 silly packumentCache full:https://registry.npmjs.org/@babel%2fplugin-transform-nullish-coalescing-operator set size:87324 disposed:false
806 silly fetch manifest @babel/traverse@^7.29.0
807 silly packumentCache full:https://registry.npmjs.org/@babel%2ftraverse cache-miss
808 http cache https://registry.npmjs.org/json5 6ms (cache hit)
809 silly packumentCache full:https://registry.npmjs.org/json5 set size:86136 disposed:false
810 silly fetch manifest @babel/generator@^7.29.0
811 silly packumentCache full:https://registry.npmjs.org/@babel%2fgenerator cache-miss
812 http cache https://registry.npmjs.org/@babel%2ftypes 5ms (cache hit)
813 silly packumentCache full:https://registry.npmjs.org/@babel%2ftypes set size:487885 disposed:false
814 silly fetch manifest @babel/code-frame@^7.29.0
815 silly packumentCache full:https://registry.npmjs.org/@babel%2fcode-frame cache-miss
816 http cache https://registry.npmjs.org/gensync 8ms (cache hit)
817 silly packumentCache full:https://registry.npmjs.org/gensync set size:15068 disposed:false
818 silly fetch manifest @jridgewell/remapping@^2.3.5
819 silly packumentCache full:https://registry.npmjs.org/@jridgewell%2fremapping cache-miss
820 http cache https://registry.npmjs.org/@babel%2fparser 7ms (cache hit)
821 silly packumentCache full:https://registry.npmjs.org/@babel%2fparser set size:718758 disposed:false
822 silly fetch manifest @babel/helper-module-transforms@^7.28.6
823 silly packumentCache full:https://registry.npmjs.org/@babel%2fhelper-module-transforms cache-miss
824 http cache https://registry.npmjs.org/@babel%2fhelpers 9ms (cache hit)
825 silly packumentCache full:https://registry.npmjs.org/@babel%2fhelpers set size:388224 disposed:false
826 silly fetch manifest @babel/helper-compilation-targets@^7.28.6
827 silly packumentCache full:https://registry.npmjs.org/@babel%2fhelper-compilation-targets cache-miss
828 http cache https://registry.npmjs.org/@babel%2ftemplate 10ms (cache hit)
829 silly packumentCache full:https://registry.npmjs.org/@babel%2ftemplate set size:227169 disposed:false
830 silly fetch manifest @babel/runtime@^7.18.6
831 silly packumentCache full:https://registry.npmjs.org/@babel%2fruntime cache-miss
832 http cache https://registry.npmjs.org/@babel%2ftraverse 11ms (cache hit)
833 silly packumentCache full:https://registry.npmjs.org/@babel%2ftraverse set size:548722 disposed:false
834 silly fetch manifest @react-native/normalize-colors@^0.74.1
835 silly packumentCache full:https://registry.npmjs.org/@react-native%2fnormalize-colors cache-miss
836 http cache https://registry.npmjs.org/@jridgewell%2fremapping 9ms (cache hit)
837 silly packumentCache full:https://registry.npmjs.org/@jridgewell%2fremapping set size:23809 disposed:false
838 silly fetch manifest fbjs@^3.0.4
839 silly packumentCache full:https://registry.npmjs.org/fbjs cache-miss
840 http cache https://registry.npmjs.org/@babel%2fgenerator 13ms (cache hit)
841 silly packumentCache full:https://registry.npmjs.org/@babel%2fgenerator set size:507107 disposed:false
842 silly fetch manifest inline-style-prefixer@^7.0.1
843 silly packumentCache full:https://registry.npmjs.org/inline-style-prefixer cache-miss
844 http cache https://registry.npmjs.org/@babel%2fcode-frame 11ms (cache hit)
845 silly packumentCache full:https://registry.npmjs.org/@babel%2fcode-frame set size:196196 disposed:false
846 silly fetch manifest memoize-one@^6.0.0
847 silly packumentCache full:https://registry.npmjs.org/memoize-one cache-hit
848 silly fetch manifest postcss-value-parser@^4.2.0
849 silly packumentCache full:https://registry.npmjs.org/postcss-value-parser cache-miss
850 http cache https://registry.npmjs.org/@babel%2fruntime 9ms (cache hit)
851 silly packumentCache full:https://registry.npmjs.org/@babel%2fruntime set size:3372292 disposed:false
852 silly fetch manifest styleq@^0.1.3
853 silly packumentCache full:https://registry.npmjs.org/styleq cache-miss
854 http cache https://registry.npmjs.org/@babel%2fhelper-module-transforms 20ms (cache hit)
855 silly packumentCache full:https://registry.npmjs.org/@babel%2fhelper-module-transforms set size:333553 disposed:false
856 silly fetch manifest @socket.io/component-emitter@~3.1.0
857 silly packumentCache full:https://registry.npmjs.org/@socket.io%2fcomponent-emitter cache-miss
858 http cache https://registry.npmjs.org/@babel%2fhelper-compilation-targets 20ms (cache hit)
859 silly packumentCache full:https://registry.npmjs.org/@babel%2fhelper-compilation-targets set size:218757 disposed:false
860 silly fetch manifest debug@~4.4.1
861 silly packumentCache full:https://registry.npmjs.org/debug cache-hit
862 silly fetch manifest engine.io-client@~6.6.1
863 silly packumentCache full:https://registry.npmjs.org/engine.io-client cache-miss
864 http cache https://registry.npmjs.org/@react-native%2fnormalize-colors 20ms (cache hit)
865 silly packumentCache full:https://registry.npmjs.org/@react-native%2fnormalize-colors set size:1819045 disposed:false
866 silly fetch manifest socket.io-parser@~4.2.4
867 silly packumentCache full:https://registry.npmjs.org/socket.io-parser cache-miss
868 http cache https://registry.npmjs.org/inline-style-prefixer 24ms (cache hit)
869 silly packumentCache full:https://registry.npmjs.org/inline-style-prefixer set size:232334 disposed:false
870 http cache https://registry.npmjs.org/fbjs 28ms (cache hit)
871 silly packumentCache full:https://registry.npmjs.org/fbjs set size:175593 disposed:false
872 http cache https://registry.npmjs.org/postcss-value-parser 26ms (cache hit)
873 silly packumentCache full:https://registry.npmjs.org/postcss-value-parser set size:73484 disposed:false
874 http cache https://registry.npmjs.org/styleq 16ms (cache hit)
875 silly packumentCache full:https://registry.npmjs.org/styleq set size:67761 disposed:false
876 http cache https://registry.npmjs.org/engine.io-client 15ms (cache hit)
877 silly packumentCache full:https://registry.npmjs.org/engine.io-client set size:469044 disposed:false
878 http cache https://registry.npmjs.org/@socket.io%2fcomponent-emitter 17ms (cache hit)
879 silly packumentCache full:https://registry.npmjs.org/@socket.io%2fcomponent-emitter set size:14099 disposed:false
880 http cache https://registry.npmjs.org/socket.io-parser 9ms (cache hit)
881 silly packumentCache full:https://registry.npmjs.org/socket.io-parser set size:124220 disposed:false
882 silly fetch manifest @babel/core@^7.0.0
883 silly packumentCache full:https://registry.npmjs.org/@babel%2fcore cache-hit
884 silly placeDep ROOT @babel/code-frame@7.29.0 OK for: @babel/core@7.29.0 want: ^7.29.0
885 silly placeDep ROOT @babel/generator@7.29.1 OK for: @babel/core@7.29.0 want: ^7.29.0
886 silly placeDep ROOT @babel/helper-compilation-targets@7.28.6 OK for: @babel/core@7.29.0 want: ^7.28.6
887 silly placeDep ROOT @babel/helper-module-transforms@7.28.6 OK for: @babel/core@7.29.0 want: ^7.28.6
888 silly placeDep ROOT @babel/helpers@7.29.2 OK for: @babel/core@7.29.0 want: ^7.28.6
889 silly placeDep ROOT @babel/parser@7.29.2 OK for: @babel/core@7.29.0 want: ^7.29.0
890 silly placeDep ROOT @babel/template@7.28.6 OK for: @babel/core@7.29.0 want: ^7.28.6
891 silly placeDep ROOT @babel/traverse@7.29.0 OK for: @babel/core@7.29.0 want: ^7.29.0
892 silly placeDep ROOT @babel/types@7.29.0 OK for: @babel/core@7.29.0 want: ^7.29.0
893 silly placeDep ROOT @jridgewell/remapping@2.3.5 OK for: @babel/core@7.29.0 want: ^2.3.5
894 silly placeDep ROOT convert-source-map@2.0.0 OK for: @babel/core@7.29.0 want: ^2.0.0
895 silly placeDep ROOT debug@4.4.3 OK for: @babel/core@7.29.0 want: ^4.1.0
896 silly placeDep ROOT gensync@1.0.0-beta.2 OK for: @babel/core@7.29.0 want: ^1.0.0-beta.2
897 silly placeDep ROOT json5@2.2.3 OK for: @babel/core@7.29.0 want: ^2.2.3
898 silly placeDep ROOT semver@6.3.1 OK for: @babel/core@7.29.0 want: ^6.3.1
899 silly fetch manifest js-tokens@^4.0.0
900 silly packumentCache full:https://registry.npmjs.org/js-tokens cache-miss
901 silly fetch manifest picocolors@^1.1.1
902 silly packumentCache full:https://registry.npmjs.org/picocolors cache-miss
903 silly fetch manifest @babel/helper-validator-identifier@^7.28.5
904 silly packumentCache full:https://registry.npmjs.org/@babel%2fhelper-validator-identifier cache-miss
905 silly fetch manifest jsesc@^3.0.2
906 silly packumentCache full:https://registry.npmjs.org/jsesc cache-miss
907 silly fetch manifest @jridgewell/gen-mapping@^0.3.12
908 silly packumentCache full:https://registry.npmjs.org/@jridgewell%2fgen-mapping cache-miss
909 silly fetch manifest @jridgewell/trace-mapping@^0.3.28
910 silly packumentCache full:https://registry.npmjs.org/@jridgewell%2ftrace-mapping cache-miss
911 silly fetch manifest lru-cache@^5.1.1
912 silly packumentCache full:https://registry.npmjs.org/lru-cache cache-miss
913 http cache https://registry.npmjs.org/js-tokens 3ms (cache hit)
914 silly packumentCache full:https://registry.npmjs.org/js-tokens set size:41947 disposed:false
915 silly fetch manifest browserslist@^4.24.0
916 silly packumentCache full:https://registry.npmjs.org/browserslist cache-miss
917 http cache https://registry.npmjs.org/picocolors 3ms (cache hit)
918 silly packumentCache full:https://registry.npmjs.org/picocolors set size:16648 disposed:false
919 silly fetch manifest @babel/compat-data@^7.28.6
920 silly packumentCache full:https://registry.npmjs.org/@babel%2fcompat-data cache-miss
921 http cache https://registry.npmjs.org/@babel%2fhelper-validator-identifier 4ms (cache hit)
922 silly packumentCache full:https://registry.npmjs.org/@babel%2fhelper-validator-identifier set size:116299 disposed:false
923 silly fetch manifest @babel/helper-validator-option@^7.27.1
924 silly packumentCache full:https://registry.npmjs.org/@babel%2fhelper-validator-option cache-miss
925 http cache https://registry.npmjs.org/jsesc 4ms (cache hit)
926 silly packumentCache full:https://registry.npmjs.org/jsesc set size:61512 disposed:false
927 silly fetch manifest @babel/traverse@^7.28.6
928 silly packumentCache full:https://registry.npmjs.org/@babel%2ftraverse cache-hit
929 silly fetch manifest @babel/helper-module-imports@^7.28.6
930 silly packumentCache full:https://registry.npmjs.org/@babel%2fhelper-module-imports cache-miss
931 http cache https://registry.npmjs.org/lru-cache 4ms (cache hit)
932 silly packumentCache full:https://registry.npmjs.org/lru-cache set size:439357 disposed:false
933 silly fetch manifest @babel/types@^7.28.6
934 silly packumentCache full:https://registry.npmjs.org/@babel%2ftypes cache-hit
935 silly fetch manifest debug@^4.3.1
936 silly packumentCache full:https://registry.npmjs.org/debug cache-hit
937 silly fetch manifest @babel/helper-globals@^7.28.0
938 silly packumentCache full:https://registry.npmjs.org/@babel%2fhelper-globals cache-miss
939 http cache https://registry.npmjs.org/@jridgewell%2ftrace-mapping 7ms (cache hit)
940 silly packumentCache full:https://registry.npmjs.org/@jridgewell%2ftrace-mapping set size:170909 disposed:false
941 silly fetch manifest @babel/helper-string-parser@^7.27.1
942 silly packumentCache full:https://registry.npmjs.org/@babel%2fhelper-string-parser cache-miss
943 http cache https://registry.npmjs.org/@jridgewell%2fgen-mapping 8ms (cache hit)
944 silly packumentCache full:https://registry.npmjs.org/@jridgewell%2fgen-mapping set size:80719 disposed:false
945 silly fetch manifest @jridgewell/gen-mapping@^0.3.5
946 silly packumentCache full:https://registry.npmjs.org/@jridgewell%2fgen-mapping cache-hit
947 silly fetch manifest @jridgewell/trace-mapping@^0.3.24
948 silly packumentCache full:https://registry.npmjs.org/@jridgewell%2ftrace-mapping cache-hit
949 silly fetch manifest ms@^2.1.3
950 silly packumentCache full:https://registry.npmjs.org/ms cache-miss
951 http cache https://registry.npmjs.org/browserslist 8ms (cache hit)
952 silly packumentCache full:https://registry.npmjs.org/browserslist set size:504681 disposed:false
953 http cache https://registry.npmjs.org/@babel%2fhelper-validator-option 9ms (cache hit)
954 silly packumentCache full:https://registry.npmjs.org/@babel%2fhelper-validator-option set size:92248 disposed:false
955 http cache https://registry.npmjs.org/@babel%2fcompat-data 11ms (cache hit)
956 silly packumentCache full:https://registry.npmjs.org/@babel%2fcompat-data set size:305632 disposed:false
957 http cache https://registry.npmjs.org/@babel%2fhelper-module-imports 10ms (cache hit)
958 silly packumentCache full:https://registry.npmjs.org/@babel%2fhelper-module-imports set size:193449 disposed:false
959 http cache https://registry.npmjs.org/@babel%2fhelper-globals 8ms (cache hit)
960 silly packumentCache full:https://registry.npmjs.org/@babel%2fhelper-globals set size:15475 disposed:false
961 http cache https://registry.npmjs.org/ms 6ms (cache hit)
962 silly packumentCache full:https://registry.npmjs.org/ms set size:92208 disposed:false
963 http cache https://registry.npmjs.org/@babel%2fhelper-string-parser 8ms (cache hit)
964 silly packumentCache full:https://registry.npmjs.org/@babel%2fhelper-string-parser set size:82028 disposed:false
965 silly placeDep ROOT @babel/helper-validator-identifier@7.28.5 OK for: @babel/code-frame@7.29.0 want: ^7.28.5
966 silly placeDep ROOT js-tokens@4.0.0 OK for: @babel/code-frame@7.29.0 want: ^4.0.0
967 silly placeDep ROOT picocolors@1.1.1 OK for: @babel/code-frame@7.29.0 want: ^1.1.1
968 silly placeDep ROOT @jridgewell/gen-mapping@0.3.13 OK for: @babel/generator@7.29.1 want: ^0.3.12
969 silly placeDep ROOT @jridgewell/trace-mapping@0.3.31 OK for: @babel/generator@7.29.1 want: ^0.3.28
970 silly placeDep ROOT jsesc@3.1.0 OK for: @babel/generator@7.29.1 want: ^3.0.2
971 silly fetch manifest @jridgewell/sourcemap-codec@^1.5.0
972 silly packumentCache full:https://registry.npmjs.org/@jridgewell%2fsourcemap-codec cache-miss
973 silly fetch manifest @jridgewell/resolve-uri@^3.1.0
974 silly packumentCache full:https://registry.npmjs.org/@jridgewell%2fresolve-uri cache-miss
975 silly fetch manifest @jridgewell/sourcemap-codec@^1.4.14
976 silly packumentCache full:https://registry.npmjs.org/@jridgewell%2fsourcemap-codec cache-miss
977 http cache https://registry.npmjs.org/@jridgewell%2fresolve-uri 2ms (cache hit)
978 silly packumentCache full:https://registry.npmjs.org/@jridgewell%2fresolve-uri set size:57361 disposed:false
979 http cache https://registry.npmjs.org/@jridgewell%2fsourcemap-codec 2ms (cache hit)
980 silly packumentCache full:https://registry.npmjs.org/@jridgewell%2fsourcemap-codec set size:59275 disposed:false
981 http cache https://registry.npmjs.org/@jridgewell%2fsourcemap-codec 3ms (cache hit)
982 silly packumentCache full:https://registry.npmjs.org/@jridgewell%2fsourcemap-codec set size:59275 disposed:false
983 silly packumentCache full:https://registry.npmjs.org/@jridgewell%2fsourcemap-codec dispose
984 silly placeDep ROOT @babel/compat-data@7.29.0 OK for: @babel/helper-compilation-targets@7.28.6 want: ^7.28.6
985 silly placeDep ROOT @babel/helper-validator-option@7.27.1 OK for: @babel/helper-compilation-targets@7.28.6 want: ^7.27.1
986 silly placeDep ROOT browserslist@4.28.2 OK for: @babel/helper-compilation-targets@7.28.6 want: ^4.24.0
987 silly placeDep ROOT lru-cache@5.1.1 OK for: @babel/helper-compilation-targets@7.28.6 want: ^5.1.1
988 silly fetch manifest baseline-browser-mapping@^2.10.12
989 silly packumentCache full:https://registry.npmjs.org/baseline-browser-mapping cache-miss
990 silly fetch manifest caniuse-lite@^1.0.30001782
991 silly packumentCache full:https://registry.npmjs.org/caniuse-lite cache-miss
992 silly fetch manifest electron-to-chromium@^1.5.328
993 silly packumentCache full:https://registry.npmjs.org/electron-to-chromium cache-miss
994 silly fetch manifest node-releases@^2.0.36
995 silly packumentCache full:https://registry.npmjs.org/node-releases cache-miss
996 silly fetch manifest update-browserslist-db@^1.2.3
997 silly packumentCache full:https://registry.npmjs.org/update-browserslist-db cache-miss
998 silly fetch manifest yallist@^3.0.2
999 silly packumentCache full:https://registry.npmjs.org/yallist cache-miss
1000 http cache https://registry.npmjs.org/baseline-browser-mapping 3ms (cache hit)
1001 silly packumentCache full:https://registry.npmjs.org/baseline-browser-mapping set size:448101 disposed:false
1002 http cache https://registry.npmjs.org/node-releases 4ms (cache hit)
1003 silly packumentCache full:https://registry.npmjs.org/node-releases set size:272120 disposed:false
1004 http cache https://registry.npmjs.org/yallist 5ms (cache hit)
1005 silly packumentCache full:https://registry.npmjs.org/yallist set size:34610 disposed:false
1006 http cache https://registry.npmjs.org/caniuse-lite 8ms (cache hit)
1007 silly packumentCache full:https://registry.npmjs.org/caniuse-lite set size:2285165 disposed:false
1008 http cache https://registry.npmjs.org/electron-to-chromium 16ms (cache hit)
1009 silly packumentCache full:https://registry.npmjs.org/electron-to-chromium set size:4761682 disposed:false
1010 http cache https://registry.npmjs.org/update-browserslist-db 26ms (cache hit)
1011 silly packumentCache full:https://registry.npmjs.org/update-browserslist-db set size:62000 disposed:false
1012 silly placeDep ROOT @babel/helper-module-imports@7.28.6 OK for: @babel/helper-module-transforms@7.28.6 want: ^7.28.6
1013 silly placeDep ROOT @babel/helper-globals@7.28.0 OK for: @babel/traverse@7.29.0 want: ^7.28.0
1014 silly placeDep ROOT @babel/helper-string-parser@7.27.1 OK for: @babel/types@7.29.0 want: ^7.27.1
1015 silly placeDep ROOT @jridgewell/sourcemap-codec@1.5.5 OK for: @jridgewell/gen-mapping@0.3.13 want: ^1.5.0
1016 silly placeDep ROOT @jridgewell/resolve-uri@3.1.2 OK for: @jridgewell/trace-mapping@0.3.31 want: ^3.1.0
1017 silly placeDep ROOT color@4.2.3 OK for: @react-navigation/bottom-tabs@7.15.9 want: ^4.2.3
1018 silly placeDep ROOT sf-symbols-typescript@2.2.0 OK for: @react-navigation/bottom-tabs@7.15.9 want: ^2.1.0
1019 silly fetch manifest color-string@^1.9.0
1020 silly packumentCache full:https://registry.npmjs.org/color-string cache-miss
1021 silly fetch manifest color-convert@^2.0.1
1022 silly packumentCache full:https://registry.npmjs.org/color-convert cache-miss
1023 http cache https://registry.npmjs.org/color-convert 2ms (cache hit)
1024 silly packumentCache full:https://registry.npmjs.org/color-convert set size:72663 disposed:false
1025 http cache https://registry.npmjs.org/color-string 2ms (cache hit)
1026 silly packumentCache full:https://registry.npmjs.org/color-string set size:84418 disposed:false
1027 silly fetch manifest react@>= 18.2.0
1028 silly packumentCache full:https://registry.npmjs.org/react cache-miss
1029 http cache https://registry.npmjs.org/react 8ms (cache hit)
1030 silly packumentCache full:https://registry.npmjs.org/react set size:6613874 disposed:false
1031 silly placeDep ROOT use-latest-callback@0.2.6 OK for: @react-navigation/elements@2.9.14 want: ^0.2.4
1032 silly placeDep ROOT use-sync-external-store@1.6.0 OK for: @react-navigation/elements@2.9.14 want: ^1.5.0
1033 silly placeDep ROOT @react-navigation/core@7.17.2 OK for: @react-navigation/native@7.2.2 want: ^7.17.2
1034 silly placeDep ROOT escape-string-regexp@4.0.0 OK for: @react-navigation/native@7.2.2 want: ^4.0.0
1035 silly placeDep ROOT fast-deep-equal@3.1.3 OK for: @react-navigation/native@7.2.2 want: ^3.1.3
1036 silly placeDep ROOT nanoid@3.3.11 OK for: @react-navigation/native@7.2.2 want: ^3.3.11
1037 silly fetch manifest react-is@^19.1.0
1038 silly packumentCache full:https://registry.npmjs.org/react-is cache-miss
1039 silly fetch manifest @react-navigation/routers@^7.5.3
1040 silly packumentCache full:https://registry.npmjs.org/@react-navigation%2frouters cache-miss
1041 http cache https://registry.npmjs.org/@react-navigation%2frouters 8ms (cache hit)
1042 silly packumentCache full:https://registry.npmjs.org/@react-navigation%2frouters set size:353163 disposed:false
1043 http cache https://registry.npmjs.org/react-is 13ms (cache hit)
1044 silly packumentCache full:https://registry.npmjs.org/react-is set size:5352319 disposed:false
1045 silly placeDep ROOT @react-navigation/routers@7.5.3 OK for: @react-navigation/core@7.17.2 want: ^7.5.3
1046 silly placeDep ROOT query-string@7.1.3 OK for: @react-navigation/core@7.17.2 want: ^7.1.3
1047 silly placeDep ROOT react-is@19.2.5 OK for: @react-navigation/core@7.17.2 want: ^19.1.0
1048 silly fetch manifest filter-obj@^1.1.0
1049 silly packumentCache full:https://registry.npmjs.org/filter-obj cache-miss
1050 silly fetch manifest split-on-first@^1.0.0
1051 silly packumentCache full:https://registry.npmjs.org/split-on-first cache-miss
1052 silly fetch manifest strict-uri-encode@^2.0.0
1053 silly packumentCache full:https://registry.npmjs.org/strict-uri-encode cache-miss
1054 silly fetch manifest decode-uri-component@^0.2.2
1055 silly packumentCache full:https://registry.npmjs.org/decode-uri-component cache-miss
1056 http cache https://registry.npmjs.org/strict-uri-encode 2ms (cache hit)
1057 silly packumentCache full:https://registry.npmjs.org/strict-uri-encode set size:8716 disposed:false
1058 http cache https://registry.npmjs.org/split-on-first 2ms (cache hit)
1059 silly packumentCache full:https://registry.npmjs.org/split-on-first set size:16494 disposed:false
1060 http cache https://registry.npmjs.org/decode-uri-component 2ms (cache hit)
1061 silly packumentCache full:https://registry.npmjs.org/decode-uri-component set size:20325 disposed:false
1062 http cache https://registry.npmjs.org/filter-obj 2ms (cache hit)
1063 silly packumentCache full:https://registry.npmjs.org/filter-obj set size:26902 disposed:false
1064 silly placeDep ROOT csstype@3.2.3 OK for: @types/react@19.1.17 want: ^3.0.2
1065 silly fetch manifest browserslist@>= 4.21.0
1066 silly packumentCache full:https://registry.npmjs.org/browserslist cache-hit
1067 silly placeDep ROOT baseline-browser-mapping@2.10.20 OK for: browserslist@4.28.2 want: ^2.10.12
1068 silly placeDep ROOT caniuse-lite@1.0.30001788 OK for: browserslist@4.28.2 want: ^1.0.30001782
1069 silly placeDep ROOT electron-to-chromium@1.5.340 OK for: browserslist@4.28.2 want: ^1.5.328
1070 silly placeDep ROOT node-releases@2.0.37 OK for: browserslist@4.28.2 want: ^2.0.36
1071 silly placeDep ROOT update-browserslist-db@1.2.3 OK for: browserslist@4.28.2 want: ^1.2.3
1072 silly fetch manifest escalade@^3.2.0
1073 silly packumentCache full:https://registry.npmjs.org/escalade cache-miss
1074 http cache https://registry.npmjs.org/escalade 1ms (cache hit)
1075 silly packumentCache full:https://registry.npmjs.org/escalade set size:33724 disposed:false
1076 silly placeDep ROOT color-convert@2.0.1 OK for: color@4.2.3 want: ^2.0.1
1077 silly placeDep ROOT color-string@1.9.1 OK for: color@4.2.3 want: ^1.9.0
1078 silly fetch manifest color-name@~1.1.4
1079 silly packumentCache full:https://registry.npmjs.org/color-name cache-miss
1080 silly fetch manifest color-name@^1.0.0
1081 silly packumentCache full:https://registry.npmjs.org/color-name cache-miss
1082 silly fetch manifest simple-swizzle@^0.2.2
1083 silly packumentCache full:https://registry.npmjs.org/simple-swizzle cache-miss
1084 http cache https://registry.npmjs.org/color-name 1ms (cache hit)
1085 silly packumentCache full:https://registry.npmjs.org/color-name set size:19467 disposed:false
1086 http cache https://registry.npmjs.org/color-name 2ms (cache hit)
1087 silly packumentCache full:https://registry.npmjs.org/color-name set size:19467 disposed:false
1088 silly packumentCache full:https://registry.npmjs.org/color-name dispose
1089 http cache https://registry.npmjs.org/simple-swizzle 2ms (cache hit)
1090 silly packumentCache full:https://registry.npmjs.org/simple-swizzle set size:10651 disposed:false
1091 silly placeDep ROOT color-name@1.1.4 OK for: color-convert@2.0.1 want: ~1.1.4
1092 silly placeDep ROOT simple-swizzle@0.2.4 OK for: color-string@1.9.1 want: ^0.2.2
1093 silly fetch manifest is-arrayish@^0.3.1
1094 silly packumentCache full:https://registry.npmjs.org/is-arrayish cache-miss
1095 http cache https://registry.npmjs.org/is-arrayish 1ms (cache hit)
1096 silly packumentCache full:https://registry.npmjs.org/is-arrayish set size:15371 disposed:false
1097 silly placeDep ROOT ms@2.1.3 OK for: debug@4.4.3 want: ^2.1.3
1098 silly fetch manifest eslint@^6.0.0 || ^7.0.0 || >=8.0.0
1099 silly packumentCache full:https://registry.npmjs.org/eslint cache-miss
1100 http cache https://registry.npmjs.org/eslint 2ms (cache hit)
1101 silly packumentCache full:https://registry.npmjs.org/eslint set size:1983515 disposed:false
1102 silly placeDep ROOT @eslint-community/eslint-utils@4.9.1 OK for: eslint@9.39.4 want: ^4.8.0
1103 silly placeDep ROOT @eslint-community/regexpp@4.12.2 OK for: eslint@9.39.4 want: ^4.12.1
1104 silly placeDep ROOT @eslint/config-array@0.21.2 OK for: eslint@9.39.4 want: ^0.21.2
1105 silly placeDep ROOT @eslint/config-helpers@0.4.2 OK for: eslint@9.39.4 want: ^0.4.2
1106 silly placeDep ROOT @eslint/core@0.17.0 OK for: eslint@9.39.4 want: ^0.17.0
1107 silly placeDep ROOT @eslint/eslintrc@3.3.5 OK for: eslint@9.39.4 want: ^3.3.5
1108 silly placeDep ROOT @eslint/js@9.39.4 OK for: eslint@9.39.4 want: 9.39.4
1109 silly placeDep ROOT @eslint/plugin-kit@0.4.1 OK for: eslint@9.39.4 want: ^0.4.1
1110 silly placeDep ROOT @humanfs/node@0.16.8 OK for: eslint@9.39.4 want: ^0.16.6
1111 silly placeDep ROOT @humanwhocodes/module-importer@1.0.1 OK for: eslint@9.39.4 want: ^1.0.1
1112 silly placeDep ROOT @humanwhocodes/retry@0.4.3 OK for: eslint@9.39.4 want: ^0.4.2
1113 silly placeDep ROOT @types/estree@1.0.8 OK for: eslint@9.39.4 want: ^1.0.6
1114 silly placeDep ROOT ajv@6.14.0 OK for: eslint@9.39.4 want: ^6.14.0
1115 silly placeDep ROOT chalk@4.1.2 OK for: eslint@9.39.4 want: ^4.0.0
1116 silly placeDep ROOT cross-spawn@7.0.6 OK for: eslint@9.39.4 want: ^7.0.6
1117 silly placeDep ROOT eslint-scope@8.4.0 OK for: eslint@9.39.4 want: ^8.4.0
1118 silly placeDep ROOT eslint-visitor-keys@4.2.1 OK for: eslint@9.39.4 want: ^4.2.1
1119 silly placeDep ROOT espree@10.4.0 OK for: eslint@9.39.4 want: ^10.4.0
1120 silly placeDep ROOT esquery@1.7.0 OK for: eslint@9.39.4 want: ^1.5.0
1121 silly placeDep ROOT esutils@2.0.3 OK for: eslint@9.39.4 want: ^2.0.2
1122 silly placeDep ROOT file-entry-cache@8.0.0 OK for: eslint@9.39.4 want: ^8.0.0
1123 silly placeDep ROOT find-up@5.0.0 OK for: eslint@9.39.4 want: ^5.0.0
1124 silly placeDep ROOT glob-parent@6.0.2 OK for: eslint@9.39.4 want: ^6.0.2
1125 silly placeDep ROOT ignore@5.3.2 OK for: eslint@9.39.4 want: ^5.2.0
1126 silly placeDep ROOT imurmurhash@0.1.4 OK for: eslint@9.39.4 want: ^0.1.4
1127 silly placeDep ROOT is-glob@4.0.3 OK for: eslint@9.39.4 want: ^4.0.0
1128 silly placeDep ROOT json-stable-stringify-without-jsonify@1.0.1 OK for: eslint@9.39.4 want: ^1.0.1
1129 silly placeDep ROOT lodash.merge@4.6.2 OK for: eslint@9.39.4 want: ^4.6.2
1130 silly placeDep ROOT minimatch@3.1.5 OK for: eslint@9.39.4 want: ^3.1.5
1131 silly placeDep ROOT natural-compare@1.4.0 OK for: eslint@9.39.4 want: ^1.4.0
1132 silly placeDep ROOT optionator@0.9.4 OK for: eslint@9.39.4 want: ^0.9.3
1133 silly fetch manifest eslint-visitor-keys@^3.4.3
1134 silly packumentCache full:https://registry.npmjs.org/eslint-visitor-keys cache-hit
1135 silly fetch manifest @eslint/object-schema@^2.1.7
1136 silly packumentCache full:https://registry.npmjs.org/@eslint%2fobject-schema cache-miss
1137 silly fetch manifest @types/json-schema@^7.0.15
1138 silly packumentCache full:https://registry.npmjs.org/@types%2fjson-schema cache-miss
1139 silly fetch manifest espree@^10.0.1
1140 silly packumentCache full:https://registry.npmjs.org/espree cache-hit
1141 silly fetch manifest globals@^14.0.0
1142 silly packumentCache full:https://registry.npmjs.org/globals cache-hit
1143 silly fetch manifest import-fresh@^3.2.1
1144 silly packumentCache full:https://registry.npmjs.org/import-fresh cache-miss
1145 silly fetch manifest js-yaml@^4.1.1
1146 silly packumentCache full:https://registry.npmjs.org/js-yaml cache-miss
1147 silly fetch manifest strip-json-comments@^3.1.1
1148 silly packumentCache full:https://registry.npmjs.org/strip-json-comments cache-miss
1149 silly fetch manifest levn@^0.4.1
1150 silly packumentCache full:https://registry.npmjs.org/levn cache-miss
1151 silly fetch manifest @humanwhocodes/retry@^0.4.0
1152 silly packumentCache full:https://registry.npmjs.org/@humanwhocodes%2fretry cache-hit
1153 silly fetch manifest @humanfs/core@^0.19.2
1154 silly packumentCache full:https://registry.npmjs.org/@humanfs%2fcore cache-miss
1155 http cache https://registry.npmjs.org/@eslint%2fobject-schema 3ms (cache hit)
1156 silly packumentCache full:https://registry.npmjs.org/@eslint%2fobject-schema set size:38535 disposed:false
1157 silly fetch manifest @humanfs/types@^0.15.0
1158 silly packumentCache full:https://registry.npmjs.org/@humanfs%2ftypes cache-miss
1159 http cache https://registry.npmjs.org/levn 3ms (cache hit)
1160 silly packumentCache full:https://registry.npmjs.org/levn set size:28223 disposed:false
1161 silly fetch manifest fast-json-stable-stringify@^2.0.0
1162 silly packumentCache full:https://registry.npmjs.org/fast-json-stable-stringify cache-miss
1163 http cache https://registry.npmjs.org/js-yaml 3ms (cache hit)
1164 silly packumentCache full:https://registry.npmjs.org/js-yaml set size:152232 disposed:false
1165 silly fetch manifest json-schema-traverse@^0.4.1
1166 silly packumentCache full:https://registry.npmjs.org/json-schema-traverse cache-miss
1167 http cache https://registry.npmjs.org/@humanfs%2fcore 4ms (cache hit)
1168 silly packumentCache full:https://registry.npmjs.org/@humanfs%2fcore set size:37261 disposed:false
1169 silly fetch manifest uri-js@^4.2.2
1170 silly packumentCache full:https://registry.npmjs.org/uri-js cache-miss
1171 http cache https://registry.npmjs.org/strip-json-comments 5ms (cache hit)
1172 silly packumentCache full:https://registry.npmjs.org/strip-json-comments set size:43569 disposed:false
1173 silly fetch manifest ansi-styles@^4.1.0
1174 silly packumentCache full:https://registry.npmjs.org/ansi-styles cache-miss
1175 http cache https://registry.npmjs.org/@types%2fjson-schema 6ms (cache hit)
1176 silly packumentCache full:https://registry.npmjs.org/@types%2fjson-schema set size:44704 disposed:false
1177 silly fetch manifest supports-color@^7.1.0
1178 silly packumentCache full:https://registry.npmjs.org/supports-color cache-miss
1179 http cache https://registry.npmjs.org/import-fresh 6ms (cache hit)
1180 silly packumentCache full:https://registry.npmjs.org/import-fresh set size:24604 disposed:false
1181 silly fetch manifest which@^2.0.1
1182 silly packumentCache full:https://registry.npmjs.org/which cache-miss
1183 http cache https://registry.npmjs.org/fast-json-stable-stringify 5ms (cache hit)
1184 silly packumentCache full:https://registry.npmjs.org/fast-json-stable-stringify set size:11337 disposed:false
1185 silly fetch manifest path-key@^3.1.0
1186 silly packumentCache full:https://registry.npmjs.org/path-key cache-miss
1187 http cache https://registry.npmjs.org/uri-js 3ms (cache hit)
1188 silly packumentCache full:https://registry.npmjs.org/uri-js set size:42559 disposed:false
1189 silly fetch manifest shebang-command@^2.0.0
1190 silly packumentCache full:https://registry.npmjs.org/shebang-command cache-miss
1191 http cache https://registry.npmjs.org/@humanfs%2ftypes 5ms (cache hit)
1192 silly packumentCache full:https://registry.npmjs.org/@humanfs%2ftypes set size:19212 disposed:false
1193 silly fetch manifest esrecurse@^4.3.0
1194 silly packumentCache full:https://registry.npmjs.org/esrecurse cache-miss
1195 http cache https://registry.npmjs.org/which 3ms (cache hit)
1196 silly packumentCache full:https://registry.npmjs.org/which set size:67747 disposed:false
1197 silly fetch manifest estraverse@^5.2.0
1198 silly packumentCache full:https://registry.npmjs.org/estraverse cache-miss
1199 http cache https://registry.npmjs.org/json-schema-traverse 5ms (cache hit)
1200 silly packumentCache full:https://registry.npmjs.org/json-schema-traverse set size:23537 disposed:false
1201 silly fetch manifest acorn@^8.15.0
1202 silly packumentCache full:https://registry.npmjs.org/acorn cache-miss
1203 http cache https://registry.npmjs.org/supports-color 4ms (cache hit)
1204 silly packumentCache full:https://registry.npmjs.org/supports-color set size:118680 disposed:false
1205 silly fetch manifest acorn-jsx@^5.3.2
1206 silly packumentCache full:https://registry.npmjs.org/acorn-jsx cache-miss
1207 http cache https://registry.npmjs.org/ansi-styles 5ms (cache hit)
1208 silly packumentCache full:https://registry.npmjs.org/ansi-styles set size:63233 disposed:false
1209 silly fetch manifest estraverse@^5.1.0
1210 silly packumentCache full:https://registry.npmjs.org/estraverse cache-miss
1211 http cache https://registry.npmjs.org/shebang-command 5ms (cache hit)
1212 silly packumentCache full:https://registry.npmjs.org/shebang-command set size:8525 disposed:false
1213 silly fetch manifest flat-cache@^4.0.0
1214 silly packumentCache full:https://registry.npmjs.org/flat-cache cache-miss
1215 http cache https://registry.npmjs.org/esrecurse 4ms (cache hit)
1216 silly packumentCache full:https://registry.npmjs.org/esrecurse set size:29005 disposed:false
1217 silly fetch manifest locate-path@^6.0.0
1218 silly packumentCache full:https://registry.npmjs.org/locate-path cache-miss
1219 http cache https://registry.npmjs.org/path-key 6ms (cache hit)
1220 silly packumentCache full:https://registry.npmjs.org/path-key set size:16975 disposed:false
1221 silly fetch manifest path-exists@^4.0.0
1222 silly packumentCache full:https://registry.npmjs.org/path-exists cache-miss
1223 http cache https://registry.npmjs.org/acorn 5ms (cache hit)
1224 silly packumentCache full:https://registry.npmjs.org/acorn set size:379626 disposed:false
1225 silly fetch manifest is-glob@^4.0.3
1226 silly packumentCache full:https://registry.npmjs.org/is-glob cache-hit
1227 silly fetch manifest is-extglob@^2.1.1
1228 silly packumentCache full:https://registry.npmjs.org/is-extglob cache-miss
1229 http cache https://registry.npmjs.org/estraverse 7ms (cache hit)
1230 silly packumentCache full:https://registry.npmjs.org/estraverse set size:62412 disposed:false
1231 silly fetch manifest brace-expansion@^1.1.7
1232 silly packumentCache full:https://registry.npmjs.org/brace-expansion cache-miss
1233 http cache https://registry.npmjs.org/acorn-jsx 7ms (cache hit)
1234 silly packumentCache full:https://registry.npmjs.org/acorn-jsx set size:71068 disposed:false
1235 silly fetch manifest prelude-ls@^1.2.1
1236 silly packumentCache full:https://registry.npmjs.org/prelude-ls cache-miss
1237 http cache https://registry.npmjs.org/estraverse 6ms (cache hit)
1238 silly packumentCache full:https://registry.npmjs.org/estraverse set size:62412 disposed:false
1239 silly packumentCache full:https://registry.npmjs.org/estraverse dispose
1240 silly fetch manifest deep-is@^0.1.3
1241 silly packumentCache full:https://registry.npmjs.org/deep-is cache-miss
1242 http cache https://registry.npmjs.org/flat-cache 6ms (cache hit)
1243 silly packumentCache full:https://registry.npmjs.org/flat-cache set size:169582 disposed:false
1244 silly fetch manifest word-wrap@^1.2.5
1245 silly packumentCache full:https://registry.npmjs.org/word-wrap cache-miss
1246 http cache https://registry.npmjs.org/path-exists 6ms (cache hit)
1247 silly packumentCache full:https://registry.npmjs.org/path-exists set size:13704 disposed:false
1248 silly fetch manifest type-check@^0.4.0
1249 silly packumentCache full:https://registry.npmjs.org/type-check cache-miss
1250 http cache https://registry.npmjs.org/brace-expansion 4ms (cache hit)
1251 silly packumentCache full:https://registry.npmjs.org/brace-expansion set size:65768 disposed:false
1252 silly fetch manifest fast-levenshtein@^2.0.6
1253 silly packumentCache full:https://registry.npmjs.org/fast-levenshtein cache-miss
1254 http cache https://registry.npmjs.org/locate-path 7ms (cache hit)
1255 silly packumentCache full:https://registry.npmjs.org/locate-path set size:31329 disposed:false
1256 http cache https://registry.npmjs.org/deep-is 3ms (cache hit)
1257 silly packumentCache full:https://registry.npmjs.org/deep-is set size:10205 disposed:false
1258 http cache https://registry.npmjs.org/prelude-ls 5ms (cache hit)
1259 silly packumentCache full:https://registry.npmjs.org/prelude-ls set size:25777 disposed:false
1260 http cache https://registry.npmjs.org/is-extglob 6ms (cache hit)
1261 silly packumentCache full:https://registry.npmjs.org/is-extglob set size:11766 disposed:false
1262 http cache https://registry.npmjs.org/word-wrap 3ms (cache hit)
1263 silly packumentCache full:https://registry.npmjs.org/word-wrap set size:37835 disposed:false
1264 http cache https://registry.npmjs.org/type-check 2ms (cache hit)
1265 silly packumentCache full:https://registry.npmjs.org/type-check set size:21221 disposed:false
1266 http cache https://registry.npmjs.org/fast-levenshtein 2ms (cache hit)
1267 silly packumentCache full:https://registry.npmjs.org/fast-levenshtein set size:39317 disposed:false
1268 silly placeDep node_modules/@eslint-community/eslint-utils eslint-visitor-keys@3.4.3 OK for: @eslint-community/eslint-utils@4.9.1 want: ^3.4.3
1269 silly placeDep ROOT @eslint/object-schema@2.1.7 OK for: @eslint/config-array@0.21.2 want: ^2.1.7
1270 silly placeDep ROOT @types/json-schema@7.0.15 OK for: @eslint/core@0.17.0 want: ^7.0.15
1271 silly placeDep ROOT globals@14.0.0 OK for: @eslint/eslintrc@3.3.5 want: ^14.0.0
1272 silly placeDep ROOT import-fresh@3.3.1 OK for: @eslint/eslintrc@3.3.5 want: ^3.2.1
1273 silly placeDep ROOT js-yaml@4.1.1 OK for: @eslint/eslintrc@3.3.5 want: ^4.1.1
1274 silly placeDep ROOT strip-json-comments@3.1.1 OK for: @eslint/eslintrc@3.3.5 want: ^3.1.1
1275 silly fetch manifest resolve-from@^4.0.0
1276 silly packumentCache full:https://registry.npmjs.org/resolve-from cache-miss
1277 silly fetch manifest parent-module@^1.0.0
1278 silly packumentCache full:https://registry.npmjs.org/parent-module cache-miss
1279 silly fetch manifest argparse@^2.0.1
1280 silly packumentCache full:https://registry.npmjs.org/argparse cache-miss
1281 http cache https://registry.npmjs.org/parent-module 1ms (cache hit)
1282 silly packumentCache full:https://registry.npmjs.org/parent-module set size:18255 disposed:false
1283 http cache https://registry.npmjs.org/resolve-from 2ms (cache hit)
1284 silly packumentCache full:https://registry.npmjs.org/resolve-from set size:12911 disposed:false
1285 http cache https://registry.npmjs.org/argparse 2ms (cache hit)
1286 silly packumentCache full:https://registry.npmjs.org/argparse set size:49266 disposed:false
1287 silly placeDep ROOT levn@0.4.1 OK for: @eslint/plugin-kit@0.4.1 want: ^0.4.1
1288 silly fetch manifest type-check@~0.4.0
1289 silly packumentCache full:https://registry.npmjs.org/type-check cache-hit
1290 silly placeDep ROOT @humanfs/core@0.19.2 OK for: @humanfs/node@0.16.8 want: ^0.19.2
1291 silly placeDep ROOT @humanfs/types@0.15.0 OK for: @humanfs/node@0.16.8 want: ^0.15.0
1292 silly placeDep ROOT fast-json-stable-stringify@2.1.0 OK for: ajv@6.14.0 want: ^2.0.0
1293 silly placeDep ROOT json-schema-traverse@0.4.1 OK for: ajv@6.14.0 want: ^0.4.1
1294 silly placeDep ROOT uri-js@4.4.1 OK for: ajv@6.14.0 want: ^4.2.2
1295 silly fetch manifest punycode@^2.1.0
1296 silly packumentCache full:https://registry.npmjs.org/punycode cache-miss
1297 http cache https://registry.npmjs.org/punycode 1ms (cache hit)
1298 silly packumentCache full:https://registry.npmjs.org/punycode set size:61302 disposed:false
1299 silly placeDep ROOT ansi-styles@4.3.0 OK for: chalk@4.1.2 want: ^4.1.0
1300 silly placeDep ROOT supports-color@7.2.0 OK for: chalk@4.1.2 want: ^7.1.0
1301 silly fetch manifest has-flag@^4.0.0
1302 silly packumentCache full:https://registry.npmjs.org/has-flag cache-miss
1303 http cache https://registry.npmjs.org/has-flag 1ms (cache hit)
1304 silly packumentCache full:https://registry.npmjs.org/has-flag set size:15180 disposed:false
1305 silly placeDep ROOT path-key@3.1.1 OK for: cross-spawn@7.0.6 want: ^3.1.0
1306 silly placeDep ROOT shebang-command@2.0.0 OK for: cross-spawn@7.0.6 want: ^2.0.0
1307 silly placeDep ROOT which@2.0.2 OK for: cross-spawn@7.0.6 want: ^2.0.1
1308 silly fetch manifest shebang-regex@^3.0.0
1309 silly packumentCache full:https://registry.npmjs.org/shebang-regex cache-miss
1310 silly fetch manifest isexe@^2.0.0
1311 silly packumentCache full:https://registry.npmjs.org/isexe cache-miss
1312 http cache https://registry.npmjs.org/shebang-regex 1ms (cache hit)
1313 silly packumentCache full:https://registry.npmjs.org/shebang-regex set size:9763 disposed:false
1314 http cache https://registry.npmjs.org/isexe 1ms (cache hit)
1315 silly packumentCache full:https://registry.npmjs.org/isexe set size:31756 disposed:false
1316 silly fetch manifest eslint@>=8.10
1317 silly packumentCache full:https://registry.npmjs.org/eslint cache-miss
1318 http cache https://registry.npmjs.org/eslint 2ms (cache hit)
1319 silly packumentCache full:https://registry.npmjs.org/eslint set size:1983515 disposed:false
1320 silly fetch manifest eslint@^3 || ^4 || ^5 || ^6 || ^7 || ^8 || ^9.7
1321 silly packumentCache full:https://registry.npmjs.org/eslint cache-miss
1322 http cache https://registry.npmjs.org/eslint 3ms (cache hit)
1323 silly packumentCache full:https://registry.npmjs.org/eslint set size:1983515 disposed:false
1324 silly fetch manifest eslint@^2 || ^3 || ^4 || ^5 || ^6 || ^7.2.0 || ^8 || ^9
1325 silly packumentCache full:https://registry.npmjs.org/eslint cache-miss
1326 http cache https://registry.npmjs.org/eslint 5ms (cache hit)
1327 silly packumentCache full:https://registry.npmjs.org/eslint set size:1983515 disposed:false
1328 silly fetch manifest typescript@>=4.8.4 <6.1.0
1329 silly packumentCache full:https://registry.npmjs.org/typescript cache-miss
1330 http cache https://registry.npmjs.org/typescript 13ms (cache hit)
1331 silly packumentCache full:https://registry.npmjs.org/typescript set size:15409943 disposed:false
1332 silly fetch manifest eslint@^3.0.0 || ^4.0.0 || ^5.0.0 || ^6.0.0 || ^7.0.0 || ^8.0.0-0 || ^9.0.0
1333 silly packumentCache full:https://registry.npmjs.org/eslint cache-miss
1334 http cache https://registry.npmjs.org/eslint 8ms (cache hit)
1335 silly packumentCache full:https://registry.npmjs.org/eslint set size:1983515 disposed:false
1336 silly fetch manifest eslint-plugin-import-x@*
1337 silly packumentCache full:https://registry.npmjs.org/eslint-plugin-import-x cache-miss
1338 http cache https://registry.npmjs.org/eslint-plugin-import-x 2ms (cache hit)
1339 silly packumentCache full:https://registry.npmjs.org/eslint-plugin-import-x set size:270770 disposed:false
1340 silly fetch manifest @typescript-eslint/utils@^8.56.0
1341 silly packumentCache full:https://registry.npmjs.org/@typescript-eslint%2futils cache-miss
1342 http cache https://registry.npmjs.org/@typescript-eslint%2futils 14ms (cache hit)
1343 silly packumentCache full:https://registry.npmjs.org/@typescript-eslint%2futils set size:9971849 disposed:false
1344 silly fetch manifest eslint-import-resolver-node@*
1345 silly packumentCache full:https://registry.npmjs.org/eslint-import-resolver-node cache-miss
1346 http cache https://registry.npmjs.org/eslint-import-resolver-node 1ms (cache hit)
1347 silly packumentCache full:https://registry.npmjs.org/eslint-import-resolver-node set size:37178 disposed:false
1348 silly placeDep ROOT @typescript-eslint/eslint-plugin@8.58.2 OK for: eslint-config-expo@10.0.0 want: ^8.18.2
1349 silly placeDep ROOT @typescript-eslint/parser@8.58.2 OK for: @typescript-eslint/eslint-plugin@8.58.2 want: ^8.58.2
1350 silly placeDep ROOT eslint-import-resolver-typescript@3.10.1 OK for: eslint-config-expo@10.0.0 want: ^3.6.3
1351 silly placeDep ROOT eslint-plugin-expo@1.0.0 OK for: eslint-config-expo@10.0.0 want: ^1.0.0
1352 silly placeDep ROOT eslint-plugin-import@2.32.0 OK for: eslint-config-expo@10.0.0 want: ^2.30.0
1353 silly placeDep ROOT eslint-plugin-react@7.37.5 OK for: eslint-config-expo@10.0.0 want: ^7.37.3
1354 silly placeDep ROOT eslint-plugin-react-hooks@5.2.0 OK for: eslint-config-expo@10.0.0 want: ^5.1.0
1355 silly placeDep node_modules/eslint-config-expo globals@16.5.0 OK for: eslint-config-expo@10.0.0 want: ^16.0.0
1356 silly fetch manifest ignore@^7.0.5
1357 silly packumentCache full:https://registry.npmjs.org/ignore cache-hit
1358 silly fetch manifest ts-api-utils@^2.5.0
1359 silly packumentCache full:https://registry.npmjs.org/ts-api-utils cache-miss
1360 silly fetch manifest @typescript-eslint/utils@8.58.2
1361 silly packumentCache full:https://registry.npmjs.org/@typescript-eslint%2futils cache-miss
1362 silly fetch manifest @typescript-eslint/type-utils@8.58.2
1363 silly packumentCache full:https://registry.npmjs.org/@typescript-eslint%2ftype-utils cache-miss
1364 silly fetch manifest @typescript-eslint/visitor-keys@8.58.2
1365 silly packumentCache full:https://registry.npmjs.org/@typescript-eslint%2fvisitor-keys cache-miss
1366 silly fetch manifest @typescript-eslint/scope-manager@8.58.2
1367 silly packumentCache full:https://registry.npmjs.org/@typescript-eslint%2fscope-manager cache-miss
1368 silly fetch manifest @typescript-eslint/types@8.58.2
1369 silly packumentCache full:https://registry.npmjs.org/@typescript-eslint%2ftypes cache-miss
1370 silly fetch manifest @typescript-eslint/visitor-keys@8.58.2
1371 silly packumentCache full:https://registry.npmjs.org/@typescript-eslint%2fvisitor-keys cache-miss
1372 http cache https://registry.npmjs.org/@typescript-eslint%2futils 12ms (cache hit)
1373 silly packumentCache full:https://registry.npmjs.org/@typescript-eslint%2futils set size:9971849 disposed:false
1374 silly fetch manifest @typescript-eslint/scope-manager@8.58.2
1375 silly packumentCache full:https://registry.npmjs.org/@typescript-eslint%2fscope-manager cache-miss
1376 http cache https://registry.npmjs.org/ts-api-utils 43ms (cache hit)
1377 silly packumentCache full:https://registry.npmjs.org/ts-api-utils set size:226785 disposed:false
1378 silly fetch manifest @typescript-eslint/typescript-estree@8.58.2
1379 silly packumentCache full:https://registry.npmjs.org/@typescript-eslint%2ftypescript-estree cache-miss
1380 http cache https://registry.npmjs.org/@typescript-eslint%2ftype-utils 51ms (cache hit)
1381 silly packumentCache full:https://registry.npmjs.org/@typescript-eslint%2ftype-utils set size:9155513 disposed:false
1382 silly fetch manifest tinyglobby@^0.2.13
1383 silly packumentCache full:https://registry.npmjs.org/tinyglobby cache-miss
1384 http cache https://registry.npmjs.org/@typescript-eslint%2fvisitor-keys 78ms (cache hit)
1385 silly packumentCache full:https://registry.npmjs.org/@typescript-eslint%2fvisitor-keys set size:11694500 disposed:false
1386 silly fetch manifest stable-hash@^0.0.5
1387 silly packumentCache full:https://registry.npmjs.org/stable-hash cache-miss
1388 http cache https://registry.npmjs.org/@typescript-eslint%2ftypes 108ms (cache hit)
1389 silly packumentCache full:https://registry.npmjs.org/@typescript-eslint%2ftypes set size:12087896 disposed:false
1390 silly fetch manifest get-tsconfig@^4.10.0
1391 silly packumentCache full:https://registry.npmjs.org/get-tsconfig cache-miss
1392 http cache https://registry.npmjs.org/@typescript-eslint%2fscope-manager 153ms (cache hit)
1393 silly packumentCache full:https://registry.npmjs.org/@typescript-eslint%2fscope-manager set size:12278687 disposed:false
1394 silly fetch manifest is-bun-module@^2.0.0
1395 silly packumentCache full:https://registry.npmjs.org/is-bun-module cache-miss
1396 http cache https://registry.npmjs.org/@typescript-eslint%2fvisitor-keys 183ms (cache hit)
1397 silly packumentCache full:https://registry.npmjs.org/@typescript-eslint%2fvisitor-keys set size:11694500 disposed:false
1398 silly fetch manifest unrs-resolver@^1.6.2
1399 silly packumentCache full:https://registry.npmjs.org/unrs-resolver cache-miss
1400 http cache https://registry.npmjs.org/tinyglobby 142ms (cache hit)
1401 silly packumentCache full:https://registry.npmjs.org/tinyglobby set size:52660 disposed:false
1402 silly fetch manifest @nolyfill/is-core-module@1.0.39
1403 silly packumentCache full:https://registry.npmjs.org/@nolyfill%2fis-core-module cache-miss
1404 http cache https://registry.npmjs.org/get-tsconfig 72ms (cache hit)
1405 silly packumentCache full:https://registry.npmjs.org/get-tsconfig set size:125877 disposed:false
1406 silly fetch manifest @typescript-eslint/types@^8.29.1
1407 silly packumentCache full:https://registry.npmjs.org/@typescript-eslint%2ftypes cache-miss
1408 http cache https://registry.npmjs.org/stable-hash 114ms (cache hit)
1409 silly packumentCache full:https://registry.npmjs.org/stable-hash set size:18359 disposed:false
1410 silly fetch manifest @typescript-eslint/utils@^8.29.1
1411 silly packumentCache full:https://registry.npmjs.org/@typescript-eslint%2futils cache-miss
1412 http cache https://registry.npmjs.org/@typescript-eslint%2fscope-manager 184ms (cache hit)
1413 silly packumentCache full:https://registry.npmjs.org/@typescript-eslint%2fscope-manager set size:12278687 disposed:false
1414 silly fetch manifest @rtsao/scc@^1.1.0
1415 silly packumentCache full:https://registry.npmjs.org/@rtsao%2fscc cache-miss
1416 http cache https://registry.npmjs.org/unrs-resolver 51ms (cache hit)
1417 silly packumentCache full:https://registry.npmjs.org/unrs-resolver set size:142730 disposed:false
1418 silly fetch manifest array-includes@^3.1.9
1419 silly packumentCache full:https://registry.npmjs.org/array-includes cache-miss
1420 http cache https://registry.npmjs.org/is-bun-module 83ms (cache hit)
1421 silly packumentCache full:https://registry.npmjs.org/is-bun-module set size:19768 disposed:false
1422 silly fetch manifest array.prototype.findlastindex@^1.2.6
1423 silly packumentCache full:https://registry.npmjs.org/array.prototype.findlastindex cache-miss
1424 http cache https://registry.npmjs.org/@typescript-eslint%2ftypescript-estree 227ms (cache hit)
1425 silly packumentCache full:https://registry.npmjs.org/@typescript-eslint%2ftypescript-estree set size:16218885 disposed:false
1426 silly fetch manifest array.prototype.flat@^1.3.3
1427 silly packumentCache full:https://registry.npmjs.org/array.prototype.flat cache-miss
1428 http cache https://registry.npmjs.org/@nolyfill%2fis-core-module 93ms (cache hit)
1429 silly packumentCache full:https://registry.npmjs.org/@nolyfill%2fis-core-module set size:10461 disposed:false
1430 silly fetch manifest array.prototype.flatmap@^1.3.3
1431 silly packumentCache full:https://registry.npmjs.org/array.prototype.flatmap cache-miss
1432 http cache https://registry.npmjs.org/array-includes 46ms (cache hit)
1433 silly packumentCache full:https://registry.npmjs.org/array-includes set size:77143 disposed:false
1434 silly fetch manifest debug@^3.2.7
1435 silly packumentCache full:https://registry.npmjs.org/debug cache-hit
1436 silly fetch manifest doctrine@^2.1.0
1437 silly packumentCache full:https://registry.npmjs.org/doctrine cache-miss
1438 http cache https://registry.npmjs.org/@rtsao%2fscc 51ms (cache hit)
1439 silly packumentCache full:https://registry.npmjs.org/@rtsao%2fscc set size:6332 disposed:false
1440 silly fetch manifest eslint-import-resolver-node@^0.3.9
1441 silly packumentCache full:https://registry.npmjs.org/eslint-import-resolver-node cache-hit
1442 silly fetch manifest eslint-module-utils@^2.12.1
1443 silly packumentCache full:https://registry.npmjs.org/eslint-module-utils cache-miss
1444 http cache https://registry.npmjs.org/@typescript-eslint%2futils 99ms (cache hit)
1445 silly packumentCache full:https://registry.npmjs.org/@typescript-eslint%2futils set size:9971849 disposed:false
1446 silly fetch manifest hasown@^2.0.2
1447 silly packumentCache full:https://registry.npmjs.org/hasown cache-miss
1448 http cache https://registry.npmjs.org/@typescript-eslint%2ftypes 138ms (cache hit)
1449 silly packumentCache full:https://registry.npmjs.org/@typescript-eslint%2ftypes set size:12087896 disposed:false
1450 silly fetch manifest is-core-module@^2.16.1
1451 silly packumentCache full:https://registry.npmjs.org/is-core-module cache-miss
1452 http cache https://registry.npmjs.org/array.prototype.flat 86ms (cache hit)
1453 silly packumentCache full:https://registry.npmjs.org/array.prototype.flat set size:38327 disposed:false
1454 silly fetch manifest object.fromentries@^2.0.8
1455 silly packumentCache full:https://registry.npmjs.org/object.fromentries cache-miss
1456 http cache https://registry.npmjs.org/array.prototype.findlastindex 129ms (cache hit)
1457 silly packumentCache full:https://registry.npmjs.org/array.prototype.findlastindex set size:44828 disposed:false
1458 silly fetch manifest object.groupby@^1.0.3
1459 silly packumentCache full:https://registry.npmjs.org/object.groupby cache-miss
1460 http cache https://registry.npmjs.org/array.prototype.flatmap 87ms (cache hit)
1461 silly packumentCache full:https://registry.npmjs.org/array.prototype.flatmap set size:51458 disposed:false
1462 silly fetch manifest object.values@^1.2.1
1463 silly packumentCache full:https://registry.npmjs.org/object.values cache-miss
1464 http cache https://registry.npmjs.org/hasown 48ms (cache hit)
1465 silly packumentCache full:https://registry.npmjs.org/hasown set size:15429 disposed:false
1466 silly fetch manifest string.prototype.trimend@^1.0.9
1467 silly packumentCache full:https://registry.npmjs.org/string.prototype.trimend cache-miss
1468 http cache https://registry.npmjs.org/doctrine 87ms (cache hit)
1469 silly packumentCache full:https://registry.npmjs.org/doctrine set size:64052 disposed:false
1470 silly fetch manifest tsconfig-paths@^3.15.0
1471 silly packumentCache full:https://registry.npmjs.org/tsconfig-paths cache-miss
1472 http cache https://registry.npmjs.org/eslint-module-utils 87ms (cache hit)
1473 silly packumentCache full:https://registry.npmjs.org/eslint-module-utils set size:77496 disposed:false
1474 silly fetch manifest array-includes@^3.1.8
1475 silly packumentCache full:https://registry.npmjs.org/array-includes cache-hit
1476 silly fetch manifest array.prototype.findlast@^1.2.5
1477 silly packumentCache full:https://registry.npmjs.org/array.prototype.findlast cache-miss
1478 http cache https://registry.npmjs.org/is-core-module 7ms (cache hit)
1479 silly packumentCache full:https://registry.npmjs.org/is-core-module set size:71788 disposed:false
1480 silly fetch manifest array.prototype.tosorted@^1.1.4
1481 silly packumentCache full:https://registry.npmjs.org/array.prototype.tosorted cache-miss
1482 http cache https://registry.npmjs.org/object.groupby 5ms (cache hit)
1483 silly packumentCache full:https://registry.npmjs.org/object.groupby set size:15504 disposed:false
1484 silly fetch manifest es-iterator-helpers@^1.2.1
1485 silly packumentCache full:https://registry.npmjs.org/es-iterator-helpers cache-miss
1486 http cache https://registry.npmjs.org/object.fromentries 7ms (cache hit)
1487 silly packumentCache full:https://registry.npmjs.org/object.fromentries set size:37686 disposed:false
1488 silly fetch manifest estraverse@^5.3.0
1489 silly packumentCache full:https://registry.npmjs.org/estraverse cache-hit
1490 silly fetch manifest jsx-ast-utils@^2.4.1 || ^3.0.0
1491 silly packumentCache full:https://registry.npmjs.org/jsx-ast-utils cache-miss
1492 http cache https://registry.npmjs.org/object.values 5ms (cache hit)
1493 silly packumentCache full:https://registry.npmjs.org/object.values set size:49009 disposed:false
1494 silly fetch manifest object.entries@^1.1.9
1495 silly packumentCache full:https://registry.npmjs.org/object.entries cache-miss
1496 http cache https://registry.npmjs.org/string.prototype.trimend 5ms (cache hit)
1497 silly packumentCache full:https://registry.npmjs.org/string.prototype.trimend set size:41090 disposed:false
1498 silly fetch manifest prop-types@^15.8.1
1499 silly packumentCache full:https://registry.npmjs.org/prop-types cache-miss
1500 http cache https://registry.npmjs.org/tsconfig-paths 5ms (cache hit)
1501 silly packumentCache full:https://registry.npmjs.org/tsconfig-paths set size:192565 disposed:false
1502 silly fetch manifest resolve@^2.0.0-next.5
1503 silly packumentCache full:https://registry.npmjs.org/resolve cache-miss
1504 http cache https://registry.npmjs.org/array.prototype.tosorted 5ms (cache hit)
1505 silly packumentCache full:https://registry.npmjs.org/array.prototype.tosorted set size:24661 disposed:false
1506 silly fetch manifest string.prototype.matchall@^4.0.12
1507 silly packumentCache full:https://registry.npmjs.org/string.prototype.matchall cache-miss
1508 http cache https://registry.npmjs.org/array.prototype.findlast 6ms (cache hit)
1509 silly packumentCache full:https://registry.npmjs.org/array.prototype.findlast set size:40323 disposed:false
1510 silly fetch manifest string.prototype.repeat@^1.0.0
1511 silly packumentCache full:https://registry.npmjs.org/string.prototype.repeat cache-miss
1512 http cache https://registry.npmjs.org/es-iterator-helpers 5ms (cache hit)
1513 silly packumentCache full:https://registry.npmjs.org/es-iterator-helpers set size:258484 disposed:false
1514 http cache https://registry.npmjs.org/jsx-ast-utils 6ms (cache hit)
1515 silly packumentCache full:https://registry.npmjs.org/jsx-ast-utils set size:115998 disposed:false
1516 http cache https://registry.npmjs.org/object.entries 5ms (cache hit)
1517 silly packumentCache full:https://registry.npmjs.org/object.entries set size:50037 disposed:false
1518 http cache https://registry.npmjs.org/prop-types 6ms (cache hit)
1519 silly packumentCache full:https://registry.npmjs.org/prop-types set size:76747 disposed:false
1520 http cache https://registry.npmjs.org/resolve 5ms (cache hit)
1521 silly packumentCache full:https://registry.npmjs.org/resolve set size:252941 disposed:false
1522 http cache https://registry.npmjs.org/string.prototype.matchall 6ms (cache hit)
1523 silly packumentCache full:https://registry.npmjs.org/string.prototype.matchall set size:63239 disposed:false
1524 http cache https://registry.npmjs.org/string.prototype.repeat 6ms (cache hit)
1525 silly packumentCache full:https://registry.npmjs.org/string.prototype.repeat set size:8608 disposed:false
1526 silly fetch manifest eslint@^8.57.0 || ^9.0.0 || ^10.0.0
1527 silly packumentCache full:https://registry.npmjs.org/eslint cache-miss
1528 http cache https://registry.npmjs.org/eslint 2ms (cache hit)
1529 silly packumentCache full:https://registry.npmjs.org/eslint set size:1983515 disposed:false
1530 silly placeDep ROOT @typescript-eslint/scope-manager@8.58.2 OK for: @typescript-eslint/eslint-plugin@8.58.2 want: 8.58.2
1531 silly placeDep ROOT @typescript-eslint/type-utils@8.58.2 OK for: @typescript-eslint/eslint-plugin@8.58.2 want: 8.58.2
1532 silly placeDep ROOT @typescript-eslint/utils@8.58.2 OK for: @typescript-eslint/eslint-plugin@8.58.2 want: 8.58.2
1533 silly placeDep ROOT @typescript-eslint/visitor-keys@8.58.2 OK for: @typescript-eslint/eslint-plugin@8.58.2 want: 8.58.2
1534 silly placeDep node_modules/@typescript-eslint/eslint-plugin ignore@7.0.5 OK for: @typescript-eslint/eslint-plugin@8.58.2 want: ^7.0.5
1535 silly placeDep ROOT ts-api-utils@2.5.0 OK for: @typescript-eslint/eslint-plugin@8.58.2 want: ^2.5.0
1536 silly fetch manifest eslint-visitor-keys@^5.0.0
1537 silly packumentCache full:https://registry.npmjs.org/eslint-visitor-keys cache-hit
1538 silly placeDep ROOT @typescript-eslint/types@8.58.2 OK for: @typescript-eslint/parser@8.58.2 want: 8.58.2
1539 silly placeDep ROOT @typescript-eslint/typescript-estree@8.58.2 OK for: @typescript-eslint/parser@8.58.2 want: 8.58.2
1540 silly fetch manifest semver@^7.7.3
1541 silly packumentCache full:https://registry.npmjs.org/semver cache-hit
1542 silly fetch manifest minimatch@^10.2.2
1543 silly packumentCache full:https://registry.npmjs.org/minimatch cache-hit
1544 silly fetch manifest tinyglobby@^0.2.15
1545 silly packumentCache full:https://registry.npmjs.org/tinyglobby cache-hit
1546 silly fetch manifest @typescript-eslint/tsconfig-utils@8.58.2
1547 silly packumentCache full:https://registry.npmjs.org/@typescript-eslint%2ftsconfig-utils cache-miss
1548 silly fetch manifest @typescript-eslint/project-service@8.58.2
1549 silly packumentCache full:https://registry.npmjs.org/@typescript-eslint%2fproject-service cache-miss
1550 http cache https://registry.npmjs.org/@typescript-eslint%2ftsconfig-utils 2ms (cache hit)
1551 silly packumentCache full:https://registry.npmjs.org/@typescript-eslint%2ftsconfig-utils set size:1103598 disposed:false
1552 http cache https://registry.npmjs.org/@typescript-eslint%2fproject-service 5ms (cache hit)
1553 silly packumentCache full:https://registry.npmjs.org/@typescript-eslint%2fproject-service set size:1172284 disposed:false
1554 silly placeDep ROOT @typescript-eslint/project-service@8.58.2 OK for: @typescript-eslint/typescript-estree@8.58.2 want: 8.58.2
1555 silly placeDep ROOT @typescript-eslint/tsconfig-utils@8.58.2 OK for: @typescript-eslint/typescript-estree@8.58.2 want: 8.58.2
1556 silly placeDep node_modules/@typescript-eslint/typescript-estree minimatch@10.2.5 OK for: @typescript-eslint/typescript-estree@8.58.2 want: ^10.2.2
1557 silly placeDep node_modules/@typescript-eslint/typescript-estree semver@7.7.4 OK for: @typescript-eslint/typescript-estree@8.58.2 want: ^7.7.3
1558 silly placeDep ROOT tinyglobby@0.2.16 OK for: @typescript-eslint/typescript-estree@8.58.2 want: ^0.2.15
1559 silly fetch manifest @typescript-eslint/tsconfig-utils@^8.58.2
1560 silly packumentCache full:https://registry.npmjs.org/@typescript-eslint%2ftsconfig-utils cache-miss
1561 silly fetch manifest brace-expansion@^5.0.5
1562 silly packumentCache full:https://registry.npmjs.org/brace-expansion cache-hit
1563 silly fetch manifest fdir@^6.5.0
1564 silly packumentCache full:https://registry.npmjs.org/fdir cache-miss
1565 silly fetch manifest picomatch@^4.0.4
1566 silly packumentCache full:https://registry.npmjs.org/picomatch cache-miss
1567 http cache https://registry.npmjs.org/@typescript-eslint%2ftsconfig-utils 2ms (cache hit)
1568 silly packumentCache full:https://registry.npmjs.org/@typescript-eslint%2ftsconfig-utils set size:1103598 disposed:false
1569 http cache https://registry.npmjs.org/fdir 5ms (cache hit)
1570 silly packumentCache full:https://registry.npmjs.org/fdir set size:136182 disposed:false
1571 http cache https://registry.npmjs.org/picomatch 5ms (cache hit)
1572 silly packumentCache full:https://registry.npmjs.org/picomatch set size:126376 disposed:false
1573 silly placeDep node_modules/@typescript-eslint/visitor-keys eslint-visitor-keys@5.0.1 OK for: @typescript-eslint/visitor-keys@8.58.2 want: ^5.0.0
1574 silly placeDep ROOT @nolyfill/is-core-module@1.0.39 OK for: eslint-import-resolver-typescript@3.10.1 want: 1.0.39
1575 silly placeDep ROOT get-tsconfig@4.14.0 OK for: eslint-import-resolver-typescript@3.10.1 want: ^4.10.0
1576 silly placeDep ROOT is-bun-module@2.0.0 OK for: eslint-import-resolver-typescript@3.10.1 want: ^2.0.0
1577 silly placeDep ROOT stable-hash@0.0.5 OK for: eslint-import-resolver-typescript@3.10.1 want: ^0.0.5
1578 silly placeDep ROOT unrs-resolver@1.11.1 OK for: eslint-import-resolver-typescript@3.10.1 want: ^1.6.2
1579 silly fetch manifest resolve-pkg-maps@^1.0.0
1580 silly packumentCache full:https://registry.npmjs.org/resolve-pkg-maps cache-miss
1581 silly fetch manifest semver@^7.7.1
1582 silly packumentCache full:https://registry.npmjs.org/semver cache-hit
1583 silly fetch manifest napi-postinstall@^0.3.0
1584 silly packumentCache full:https://registry.npmjs.org/napi-postinstall cache-miss
1585 silly fetch manifest @unrs/resolver-binding-win32-x64-msvc@1.11.1
1586 silly packumentCache full:https://registry.npmjs.org/@unrs%2fresolver-binding-win32-x64-msvc cache-miss
1587 silly fetch manifest @unrs/resolver-binding-win32-arm64-msvc@1.11.1
1588 silly packumentCache full:https://registry.npmjs.org/@unrs%2fresolver-binding-win32-arm64-msvc cache-miss
1589 silly fetch manifest @unrs/resolver-binding-win32-ia32-msvc@1.11.1
1590 silly packumentCache full:https://registry.npmjs.org/@unrs%2fresolver-binding-win32-ia32-msvc cache-miss
1591 silly fetch manifest @unrs/resolver-binding-linux-x64-gnu@1.11.1
1592 silly packumentCache full:https://registry.npmjs.org/@unrs%2fresolver-binding-linux-x64-gnu cache-miss
1593 silly fetch manifest @unrs/resolver-binding-linux-x64-musl@1.11.1
1594 silly packumentCache full:https://registry.npmjs.org/@unrs%2fresolver-binding-linux-x64-musl cache-miss
1595 http cache https://registry.npmjs.org/@unrs%2fresolver-binding-win32-x64-msvc 3ms (cache hit)
1596 silly packumentCache full:https://registry.npmjs.org/@unrs%2fresolver-binding-win32-x64-msvc set size:58760 disposed:false
1597 silly fetch manifest @unrs/resolver-binding-freebsd-x64@1.11.1
1598 silly packumentCache full:https://registry.npmjs.org/@unrs%2fresolver-binding-freebsd-x64 cache-miss
1599 http cache https://registry.npmjs.org/@unrs%2fresolver-binding-linux-x64-gnu 3ms (cache hit)
1600 silly packumentCache full:https://registry.npmjs.org/@unrs%2fresolver-binding-linux-x64-gnu set size:59167 disposed:false
1601 silly fetch manifest @unrs/resolver-binding-android-arm64@1.11.1
1602 silly packumentCache full:https://registry.npmjs.org/@unrs%2fresolver-binding-android-arm64 cache-miss
1603 http cache https://registry.npmjs.org/resolve-pkg-maps 3ms (cache hit)
1604 silly packumentCache full:https://registry.npmjs.org/resolve-pkg-maps set size:11615 disposed:false
1605 silly fetch manifest @unrs/resolver-binding-linux-arm64-gnu@1.11.1
1606 silly packumentCache full:https://registry.npmjs.org/@unrs%2fresolver-binding-linux-arm64-gnu cache-miss
1607 http cache https://registry.npmjs.org/@unrs%2fresolver-binding-win32-arm64-msvc 4ms (cache hit)
1608 silly packumentCache full:https://registry.npmjs.org/@unrs%2fresolver-binding-win32-arm64-msvc set size:59292 disposed:false
1609 silly fetch manifest @unrs/resolver-binding-linux-arm64-musl@1.11.1
1610 silly packumentCache full:https://registry.npmjs.org/@unrs%2fresolver-binding-linux-arm64-musl cache-miss
1611 http cache https://registry.npmjs.org/@unrs%2fresolver-binding-win32-ia32-msvc 4ms (cache hit)
1612 silly packumentCache full:https://registry.npmjs.org/@unrs%2fresolver-binding-win32-ia32-msvc set size:59023 disposed:false
1613 silly fetch manifest @unrs/resolver-binding-android-arm-eabi@1.11.1
1614 silly packumentCache full:https://registry.npmjs.org/@unrs%2fresolver-binding-android-arm-eabi cache-miss
1615 http cache https://registry.npmjs.org/napi-postinstall 5ms (cache hit)
1616 silly packumentCache full:https://registry.npmjs.org/napi-postinstall set size:41400 disposed:false
1617 silly fetch manifest @unrs/resolver-binding-linux-arm-gnueabihf@1.11.1
1618 silly packumentCache full:https://registry.npmjs.org/@unrs%2fresolver-binding-linux-arm-gnueabihf cache-miss
1619 http cache https://registry.npmjs.org/@unrs%2fresolver-binding-linux-x64-musl 4ms (cache hit)
1620 silly packumentCache full:https://registry.npmjs.org/@unrs%2fresolver-binding-linux-x64-musl set size:59364 disposed:false
1621 silly fetch manifest @unrs/resolver-binding-linux-arm-musleabihf@1.11.1
1622 silly packumentCache full:https://registry.npmjs.org/@unrs%2fresolver-binding-linux-arm-musleabihf cache-miss
1623 http cache https://registry.npmjs.org/@unrs%2fresolver-binding-android-arm64 4ms (cache hit)
1624 silly packumentCache full:https://registry.npmjs.org/@unrs%2fresolver-binding-android-arm64 set size:12351 disposed:false
1625 silly fetch manifest @unrs/resolver-binding-linux-ppc64-gnu@1.11.1
1626 silly packumentCache full:https://registry.npmjs.org/@unrs%2fresolver-binding-linux-ppc64-gnu cache-miss
1627 http cache https://registry.npmjs.org/@unrs%2fresolver-binding-linux-arm64-gnu 3ms (cache hit)
1628 silly packumentCache full:https://registry.npmjs.org/@unrs%2fresolver-binding-linux-arm64-gnu set size:59697 disposed:false
1629 silly fetch manifest @unrs/resolver-binding-linux-riscv64-gnu@1.11.1
1630 silly packumentCache full:https://registry.npmjs.org/@unrs%2fresolver-binding-linux-riscv64-gnu cache-miss
1631 http cache https://registry.npmjs.org/@unrs%2fresolver-binding-freebsd-x64 5ms (cache hit)
1632 silly packumentCache full:https://registry.npmjs.org/@unrs%2fresolver-binding-freebsd-x64 set size:58172 disposed:false
1633 silly fetch manifest @unrs/resolver-binding-linux-riscv64-musl@1.11.1
1634 silly packumentCache full:https://registry.npmjs.org/@unrs%2fresolver-binding-linux-riscv64-musl cache-miss
1635 http cache https://registry.npmjs.org/@unrs%2fresolver-binding-linux-arm64-musl 4ms (cache hit)
1636 silly packumentCache full:https://registry.npmjs.org/@unrs%2fresolver-binding-linux-arm64-musl set size:59889 disposed:false
1637 silly fetch manifest @unrs/resolver-binding-linux-s390x-gnu@1.11.1
1638 silly packumentCache full:https://registry.npmjs.org/@unrs%2fresolver-binding-linux-s390x-gnu cache-miss
1639 http cache https://registry.npmjs.org/@unrs%2fresolver-binding-linux-arm-gnueabihf 3ms (cache hit)
1640 silly packumentCache full:https://registry.npmjs.org/@unrs%2fresolver-binding-linux-arm-gnueabihf set size:59902 disposed:false
1641 silly fetch manifest @unrs/resolver-binding-darwin-x64@1.11.1
1642 silly packumentCache full:https://registry.npmjs.org/@unrs%2fresolver-binding-darwin-x64 cache-miss
1643 http cache https://registry.npmjs.org/@unrs%2fresolver-binding-android-arm-eabi 5ms (cache hit)
1644 silly packumentCache full:https://registry.npmjs.org/@unrs%2fresolver-binding-android-arm-eabi set size:12473 disposed:false
1645 silly fetch manifest @unrs/resolver-binding-darwin-arm64@1.11.1
1646 silly packumentCache full:https://registry.npmjs.org/@unrs%2fresolver-binding-darwin-arm64 cache-miss
1647 http cache https://registry.npmjs.org/@unrs%2fresolver-binding-linux-arm-musleabihf 4ms (cache hit)
1648 silly packumentCache full:https://registry.npmjs.org/@unrs%2fresolver-binding-linux-arm-musleabihf set size:60135 disposed:false
1649 silly fetch manifest @unrs/resolver-binding-wasm32-wasi@1.11.1
1650 silly packumentCache full:https://registry.npmjs.org/@unrs%2fresolver-binding-wasm32-wasi cache-miss
1651 http cache https://registry.npmjs.org/@unrs%2fresolver-binding-linux-ppc64-gnu 4ms (cache hit)
1652 silly packumentCache full:https://registry.npmjs.org/@unrs%2fresolver-binding-linux-ppc64-gnu set size:59704 disposed:false
1653 http cache https://registry.npmjs.org/@unrs%2fresolver-binding-linux-riscv64-musl 3ms (cache hit)
1654 silly packumentCache full:https://registry.npmjs.org/@unrs%2fresolver-binding-linux-riscv64-musl set size:40293 disposed:false
1655 http cache https://registry.npmjs.org/@unrs%2fresolver-binding-linux-riscv64-gnu 5ms (cache hit)
1656 silly packumentCache full:https://registry.npmjs.org/@unrs%2fresolver-binding-linux-riscv64-gnu set size:50987 disposed:false
1657 http cache https://registry.npmjs.org/@unrs%2fresolver-binding-linux-s390x-gnu 4ms (cache hit)
1658 silly packumentCache full:https://registry.npmjs.org/@unrs%2fresolver-binding-linux-s390x-gnu set size:59697 disposed:false
1659 http cache https://registry.npmjs.org/@unrs%2fresolver-binding-darwin-arm64 3ms (cache hit)
1660 silly packumentCache full:https://registry.npmjs.org/@unrs%2fresolver-binding-darwin-arm64 set size:58434 disposed:false
1661 http cache https://registry.npmjs.org/@unrs%2fresolver-binding-wasm32-wasi 4ms (cache hit)
1662 silly packumentCache full:https://registry.npmjs.org/@unrs%2fresolver-binding-wasm32-wasi set size:61704 disposed:false
1663 http cache https://registry.npmjs.org/@unrs%2fresolver-binding-darwin-x64 4ms (cache hit)
1664 silly packumentCache full:https://registry.npmjs.org/@unrs%2fresolver-binding-darwin-x64 set size:57901 disposed:false
1665 silly placeDep ROOT @rtsao/scc@1.1.0 OK for: eslint-plugin-import@2.32.0 want: ^1.1.0
1666 silly placeDep ROOT array-includes@3.1.9 OK for: eslint-plugin-import@2.32.0 want: ^3.1.9
1667 silly placeDep ROOT array.prototype.findlastindex@1.2.6 OK for: eslint-plugin-import@2.32.0 want: ^1.2.6
1668 silly placeDep ROOT array.prototype.flat@1.3.3 OK for: eslint-plugin-import@2.32.0 want: ^1.3.3
1669 silly placeDep ROOT array.prototype.flatmap@1.3.3 OK for: eslint-plugin-import@2.32.0 want: ^1.3.3
1670 silly placeDep node_modules/eslint-plugin-import debug@3.2.7 OK for: eslint-plugin-import@2.32.0 want: ^3.2.7
1671 silly placeDep ROOT doctrine@2.1.0 OK for: eslint-plugin-import@2.32.0 want: ^2.1.0
1672 silly placeDep ROOT eslint-import-resolver-node@0.3.10 OK for: eslint-plugin-import@2.32.0 want: ^0.3.9
1673 silly placeDep ROOT eslint-module-utils@2.12.1 OK for: eslint-plugin-import@2.32.0 want: ^2.12.1
1674 silly placeDep ROOT hasown@2.0.3 OK for: eslint-plugin-import@2.32.0 want: ^2.0.2
1675 silly placeDep ROOT is-core-module@2.16.1 OK for: eslint-plugin-import@2.32.0 want: ^2.16.1
1676 silly placeDep ROOT object.fromentries@2.0.8 OK for: eslint-plugin-import@2.32.0 want: ^2.0.8
1677 silly placeDep ROOT object.groupby@1.0.3 OK for: eslint-plugin-import@2.32.0 want: ^1.0.3
1678 silly placeDep ROOT object.values@1.2.1 OK for: eslint-plugin-import@2.32.0 want: ^1.2.1
1679 silly placeDep ROOT string.prototype.trimend@1.0.9 OK for: eslint-plugin-import@2.32.0 want: ^1.0.9
1680 silly placeDep ROOT tsconfig-paths@3.15.0 OK for: eslint-plugin-import@2.32.0 want: ^3.15.0
1681 silly fetch manifest call-bind@^1.0.8
1682 silly packumentCache full:https://registry.npmjs.org/call-bind cache-miss
1683 silly fetch manifest call-bound@^1.0.4
1684 silly packumentCache full:https://registry.npmjs.org/call-bound cache-miss
1685 silly fetch manifest define-properties@^1.2.1
1686 silly packumentCache full:https://registry.npmjs.org/define-properties cache-miss
1687 silly fetch manifest es-abstract@^1.24.0
1688 silly packumentCache full:https://registry.npmjs.org/es-abstract cache-miss
1689 silly fetch manifest es-object-atoms@^1.1.1
1690 silly packumentCache full:https://registry.npmjs.org/es-object-atoms cache-miss
1691 silly fetch manifest get-intrinsic@^1.3.0
1692 silly packumentCache full:https://registry.npmjs.org/get-intrinsic cache-miss
1693 silly fetch manifest is-string@^1.1.1
1694 silly packumentCache full:https://registry.npmjs.org/is-string cache-miss
1695 http cache https://registry.npmjs.org/call-bound 2ms (cache hit)
1696 silly packumentCache full:https://registry.npmjs.org/call-bound set size:15317 disposed:false
1697 silly fetch manifest math-intrinsics@^1.1.0
1698 silly packumentCache full:https://registry.npmjs.org/math-intrinsics cache-miss
1699 http cache https://registry.npmjs.org/call-bind 4ms (cache hit)
1700 silly packumentCache full:https://registry.npmjs.org/call-bind set size:32985 disposed:false
1701 silly fetch manifest define-properties@^1.2.1
1702 silly packumentCache full:https://registry.npmjs.org/define-properties cache-miss
1703 http cache https://registry.npmjs.org/get-intrinsic 3ms (cache hit)
1704 silly packumentCache full:https://registry.npmjs.org/get-intrinsic set size:60985 disposed:false
1705 silly fetch manifest es-abstract@^1.23.9
1706 silly packumentCache full:https://registry.npmjs.org/es-abstract cache-miss
1707 http cache https://registry.npmjs.org/define-properties 4ms (cache hit)
1708 silly packumentCache full:https://registry.npmjs.org/define-properties set size:31491 disposed:false
1709 silly fetch manifest es-errors@^1.3.0
1710 silly packumentCache full:https://registry.npmjs.org/es-errors cache-miss
1711 http cache https://registry.npmjs.org/es-object-atoms 4ms (cache hit)
1712 silly packumentCache full:https://registry.npmjs.org/es-object-atoms set size:15304 disposed:false
1713 silly fetch manifest es-shim-unscopables@^1.1.0
1714 silly packumentCache full:https://registry.npmjs.org/es-shim-unscopables cache-miss
1715 http cache https://registry.npmjs.org/es-abstract 5ms (cache hit)
1716 silly packumentCache full:https://registry.npmjs.org/es-abstract set size:384124 disposed:false
1717 silly fetch manifest es-abstract@^1.23.5
1718 silly packumentCache full:https://registry.npmjs.org/es-abstract cache-hit
1719 silly fetch manifest es-shim-unscopables@^1.0.2
1720 silly packumentCache full:https://registry.npmjs.org/es-shim-unscopables cache-miss
1721 http cache https://registry.npmjs.org/is-string 6ms (cache hit)
1722 silly packumentCache full:https://registry.npmjs.org/is-string set size:29636 disposed:false
1723 silly fetch manifest es-shim-unscopables@^1.0.2
1724 silly packumentCache full:https://registry.npmjs.org/es-shim-unscopables cache-miss
1725 http cache https://registry.npmjs.org/es-shim-unscopables 4ms (cache hit)
1726 silly packumentCache full:https://registry.npmjs.org/es-shim-unscopables set size:13965 disposed:false
1727 silly fetch manifest resolve@^2.0.0-next.6
1728 silly packumentCache full:https://registry.npmjs.org/resolve cache-hit
1729 silly fetch manifest function-bind@^1.1.2
1730 silly packumentCache full:https://registry.npmjs.org/function-bind cache-miss
1731 http cache https://registry.npmjs.org/define-properties 6ms (cache hit)
1732 silly packumentCache full:https://registry.npmjs.org/define-properties set size:31491 disposed:false
1733 silly packumentCache full:https://registry.npmjs.org/define-properties dispose
1734 silly fetch manifest call-bind@^1.0.7
1735 silly packumentCache full:https://registry.npmjs.org/call-bind cache-hit
1736 silly fetch manifest es-abstract@^1.23.2
1737 silly packumentCache full:https://registry.npmjs.org/es-abstract cache-hit
1738 silly fetch manifest es-object-atoms@^1.0.0
1739 silly packumentCache full:https://registry.npmjs.org/es-object-atoms cache-hit
1740 silly fetch manifest call-bound@^1.0.3
1741 silly packumentCache full:https://registry.npmjs.org/call-bound cache-hit
1742 silly fetch manifest call-bound@^1.0.2
1743 silly packumentCache full:https://registry.npmjs.org/call-bound cache-hit
1744 silly fetch manifest json5@^1.0.2
1745 silly packumentCache full:https://registry.npmjs.org/json5 cache-hit
1746 silly fetch manifest minimist@^1.2.6
1747 silly packumentCache full:https://registry.npmjs.org/minimist cache-miss
1748 http cache https://registry.npmjs.org/es-shim-unscopables 4ms (cache hit)
1749 silly packumentCache full:https://registry.npmjs.org/es-shim-unscopables set size:13965 disposed:false
1750 silly packumentCache full:https://registry.npmjs.org/es-shim-unscopables dispose
1751 silly fetch manifest strip-bom@^3.0.0
1752 silly packumentCache full:https://registry.npmjs.org/strip-bom cache-miss
1753 http cache https://registry.npmjs.org/es-errors 6ms (cache hit)
1754 silly packumentCache full:https://registry.npmjs.org/es-errors set size:16918 disposed:false
1755 silly fetch manifest @types/json5@^0.0.29
1756 silly packumentCache full:https://registry.npmjs.org/@types%2fjson5 cache-miss
1757 http cache https://registry.npmjs.org/es-shim-unscopables 4ms (cache hit)
1758 silly packumentCache full:https://registry.npmjs.org/es-shim-unscopables set size:13965 disposed:true
1759 silly packumentCache full:https://registry.npmjs.org/es-shim-unscopables dispose
1760 http cache https://registry.npmjs.org/math-intrinsics 9ms (cache hit)
1761 silly packumentCache full:https://registry.npmjs.org/math-intrinsics set size:9265 disposed:false
1762 http cache https://registry.npmjs.org/es-abstract 8ms (cache hit)
1763 silly packumentCache full:https://registry.npmjs.org/es-abstract set size:384124 disposed:false
1764 silly packumentCache full:https://registry.npmjs.org/es-abstract dispose
1765 http cache https://registry.npmjs.org/function-bind 4ms (cache hit)
1766 silly packumentCache full:https://registry.npmjs.org/function-bind set size:15733 disposed:false
1767 http cache https://registry.npmjs.org/minimist 3ms (cache hit)
1768 silly packumentCache full:https://registry.npmjs.org/minimist set size:77063 disposed:false
1769 http cache https://registry.npmjs.org/@types%2fjson5 3ms (cache hit)
1770 silly packumentCache full:https://registry.npmjs.org/@types%2fjson5 set size:19581 disposed:false
1771 http cache https://registry.npmjs.org/strip-bom 4ms (cache hit)
1772 silly packumentCache full:https://registry.npmjs.org/strip-bom set size:19359 disposed:false
1773 silly placeDep ROOT call-bind@1.0.9 OK for: array-includes@3.1.9 want: ^1.0.8
1774 silly placeDep ROOT call-bound@1.0.4 OK for: array-includes@3.1.9 want: ^1.0.4
1775 silly placeDep ROOT define-properties@1.2.1 OK for: array-includes@3.1.9 want: ^1.2.1
1776 silly placeDep ROOT es-abstract@1.24.2 OK for: array-includes@3.1.9 want: ^1.24.0
1777 silly placeDep ROOT es-object-atoms@1.1.1 OK for: array-includes@3.1.9 want: ^1.1.1
1778 silly placeDep ROOT get-intrinsic@1.3.0 OK for: array-includes@3.1.9 want: ^1.3.0
1779 silly placeDep ROOT is-string@1.1.1 OK for: array-includes@3.1.9 want: ^1.1.1
1780 silly placeDep ROOT math-intrinsics@1.1.0 OK for: array-includes@3.1.9 want: ^1.1.0
1781 silly fetch manifest call-bind-apply-helpers@^1.0.2
1782 silly packumentCache full:https://registry.npmjs.org/call-bind-apply-helpers cache-miss
1783 silly fetch manifest es-define-property@^1.0.1
1784 silly packumentCache full:https://registry.npmjs.org/es-define-property cache-miss
1785 silly fetch manifest set-function-length@^1.2.2
1786 silly packumentCache full:https://registry.npmjs.org/set-function-length cache-miss
1787 silly fetch manifest call-bind-apply-helpers@^1.0.2
1788 silly packumentCache full:https://registry.npmjs.org/call-bind-apply-helpers cache-miss
1789 silly fetch manifest define-data-property@^1.0.1
1790 silly packumentCache full:https://registry.npmjs.org/define-data-property cache-miss
1791 silly fetch manifest has-property-descriptors@^1.0.0
1792 silly packumentCache full:https://registry.npmjs.org/has-property-descriptors cache-miss
1793 silly fetch manifest object-keys@^1.1.1
1794 silly packumentCache full:https://registry.npmjs.org/object-keys cache-miss
1795 http cache https://registry.npmjs.org/call-bind-apply-helpers 2ms (cache hit)
1796 silly packumentCache full:https://registry.npmjs.org/call-bind-apply-helpers set size:12744 disposed:false
1797 silly fetch manifest array-buffer-byte-length@^1.0.2
1798 silly packumentCache full:https://registry.npmjs.org/array-buffer-byte-length cache-miss
1799 http cache https://registry.npmjs.org/define-data-property 3ms (cache hit)
1800 silly packumentCache full:https://registry.npmjs.org/define-data-property set size:28048 disposed:false
1801 silly fetch manifest arraybuffer.prototype.slice@^1.0.4
1802 silly packumentCache full:https://registry.npmjs.org/arraybuffer.prototype.slice cache-miss
1803 http cache https://registry.npmjs.org/has-property-descriptors 3ms (cache hit)
1804 silly packumentCache full:https://registry.npmjs.org/has-property-descriptors set size:12452 disposed:false
1805 silly fetch manifest available-typed-arrays@^1.0.7
1806 silly packumentCache full:https://registry.npmjs.org/available-typed-arrays cache-miss
1807 http cache https://registry.npmjs.org/es-define-property 3ms (cache hit)
1808 silly packumentCache full:https://registry.npmjs.org/es-define-property set size:8542 disposed:false
1809 silly fetch manifest data-view-buffer@^1.0.2
1810 silly packumentCache full:https://registry.npmjs.org/data-view-buffer cache-miss
1811 http cache https://registry.npmjs.org/set-function-length 4ms (cache hit)
1812 silly packumentCache full:https://registry.npmjs.org/set-function-length set size:24261 disposed:false
1813 silly fetch manifest data-view-byte-length@^1.0.2
1814 silly packumentCache full:https://registry.npmjs.org/data-view-byte-length cache-miss
1815 http cache https://registry.npmjs.org/call-bind-apply-helpers 5ms (cache hit)
1816 silly packumentCache full:https://registry.npmjs.org/call-bind-apply-helpers set size:12744 disposed:false
1817 silly packumentCache full:https://registry.npmjs.org/call-bind-apply-helpers dispose
1818 silly fetch manifest data-view-byte-offset@^1.0.1
1819 silly packumentCache full:https://registry.npmjs.org/data-view-byte-offset cache-miss
1820 http cache https://registry.npmjs.org/object-keys 5ms (cache hit)
1821 silly packumentCache full:https://registry.npmjs.org/object-keys set size:67744 disposed:false
1822 silly fetch manifest es-set-tostringtag@^2.1.0
1823 silly packumentCache full:https://registry.npmjs.org/es-set-tostringtag cache-miss
1824 http cache https://registry.npmjs.org/array-buffer-byte-length 6ms (cache hit)
1825 silly packumentCache full:https://registry.npmjs.org/array-buffer-byte-length set size:13099 disposed:false
1826 silly fetch manifest es-to-primitive@^1.3.0
1827 silly packumentCache full:https://registry.npmjs.org/es-to-primitive cache-miss
1828 http cache https://registry.npmjs.org/arraybuffer.prototype.slice 6ms (cache hit)
1829 silly packumentCache full:https://registry.npmjs.org/arraybuffer.prototype.slice set size:20917 disposed:false
1830 silly fetch manifest function.prototype.name@^1.1.8
1831 silly packumentCache full:https://registry.npmjs.org/function.prototype.name cache-miss
1832 http cache https://registry.npmjs.org/available-typed-arrays 6ms (cache hit)
1833 silly packumentCache full:https://registry.npmjs.org/available-typed-arrays set size:31390 disposed:false
1834 silly fetch manifest get-proto@^1.0.1
1835 silly packumentCache full:https://registry.npmjs.org/get-proto cache-miss
1836 http cache https://registry.npmjs.org/data-view-byte-offset 3ms (cache hit)
1837 silly packumentCache full:https://registry.npmjs.org/data-view-byte-offset set size:9200 disposed:false
1838 silly fetch manifest get-symbol-description@^1.1.0
1839 silly packumentCache full:https://registry.npmjs.org/get-symbol-description cache-miss
1840 http cache https://registry.npmjs.org/data-view-byte-length 6ms (cache hit)
1841 silly packumentCache full:https://registry.npmjs.org/data-view-byte-length set size:12269 disposed:false
1842 silly fetch manifest globalthis@^1.0.4
1843 silly packumentCache full:https://registry.npmjs.org/globalthis cache-miss
1844 http cache https://registry.npmjs.org/data-view-buffer 7ms (cache hit)
1845 silly packumentCache full:https://registry.npmjs.org/data-view-buffer set size:11789 disposed:false
1846 silly fetch manifest gopd@^1.2.0
1847 silly packumentCache full:https://registry.npmjs.org/gopd cache-miss
1848 http cache https://registry.npmjs.org/es-set-tostringtag 4ms (cache hit)
1849 silly packumentCache full:https://registry.npmjs.org/es-set-tostringtag set size:22094 disposed:false
1850 silly fetch manifest has-property-descriptors@^1.0.2
1851 silly packumentCache full:https://registry.npmjs.org/has-property-descriptors cache-hit
1852 silly fetch manifest has-proto@^1.2.0
1853 silly packumentCache full:https://registry.npmjs.org/has-proto cache-miss
1854 http cache https://registry.npmjs.org/function.prototype.name 3ms (cache hit)
1855 silly packumentCache full:https://registry.npmjs.org/function.prototype.name set size:44756 disposed:false
1856 silly fetch manifest has-symbols@^1.1.0
1857 silly packumentCache full:https://registry.npmjs.org/has-symbols cache-miss
1858 http cache https://registry.npmjs.org/get-symbol-description 3ms (cache hit)
1859 silly packumentCache full:https://registry.npmjs.org/get-symbol-description set size:15540 disposed:false
1860 silly fetch manifest internal-slot@^1.1.0
1861 silly packumentCache full:https://registry.npmjs.org/internal-slot cache-miss
1862 http cache https://registry.npmjs.org/get-proto 4ms (cache hit)
1863 silly packumentCache full:https://registry.npmjs.org/get-proto set size:8300 disposed:false
1864 silly fetch manifest is-array-buffer@^3.0.5
1865 silly packumentCache full:https://registry.npmjs.org/is-array-buffer cache-miss
1866 http cache https://registry.npmjs.org/es-to-primitive 5ms (cache hit)
1867 silly packumentCache full:https://registry.npmjs.org/es-to-primitive set size:22465 disposed:false
1868 silly fetch manifest is-callable@^1.2.7
1869 silly packumentCache full:https://registry.npmjs.org/is-callable cache-miss
1870 http cache https://registry.npmjs.org/globalthis 4ms (cache hit)
1871 silly packumentCache full:https://registry.npmjs.org/globalthis set size:22522 disposed:false
1872 silly fetch manifest is-data-view@^1.0.2
1873 silly packumentCache full:https://registry.npmjs.org/is-data-view cache-miss
1874 http cache https://registry.npmjs.org/gopd 4ms (cache hit)
1875 silly packumentCache full:https://registry.npmjs.org/gopd set size:11458 disposed:false
1876 silly fetch manifest is-negative-zero@^2.0.3
1877 silly packumentCache full:https://registry.npmjs.org/is-negative-zero cache-miss
1878 http cache https://registry.npmjs.org/has-proto 4ms (cache hit)
1879 silly packumentCache full:https://registry.npmjs.org/has-proto set size:21527 disposed:false
1880 silly fetch manifest is-regex@^1.2.1
1881 silly packumentCache full:https://registry.npmjs.org/is-regex cache-miss
1882 http cache https://registry.npmjs.org/has-symbols 3ms (cache hit)
1883 silly packumentCache full:https://registry.npmjs.org/has-symbols set size:21550 disposed:false
1884 silly fetch manifest is-set@^2.0.3
1885 silly packumentCache full:https://registry.npmjs.org/is-set cache-miss
1886 http cache https://registry.npmjs.org/internal-slot 4ms (cache hit)
1887 silly packumentCache full:https://registry.npmjs.org/internal-slot set size:30267 disposed:false
1888 silly fetch manifest is-shared-array-buffer@^1.0.4
1889 silly packumentCache full:https://registry.npmjs.org/is-shared-array-buffer cache-miss
1890 http cache https://registry.npmjs.org/is-data-view 3ms (cache hit)
1891 silly packumentCache full:https://registry.npmjs.org/is-data-view set size:13756 disposed:false
1892 silly fetch manifest is-typed-array@^1.1.15
1893 silly packumentCache full:https://registry.npmjs.org/is-typed-array cache-miss
1894 http cache https://registry.npmjs.org/is-array-buffer 4ms (cache hit)
1895 silly packumentCache full:https://registry.npmjs.org/is-array-buffer set size:33562 disposed:false
1896 silly fetch manifest is-weakref@^1.1.1
1897 silly packumentCache full:https://registry.npmjs.org/is-weakref cache-miss
1898 http cache https://registry.npmjs.org/is-callable 4ms (cache hit)
1899 silly packumentCache full:https://registry.npmjs.org/is-callable set size:66606 disposed:false
1900 silly fetch manifest object-inspect@^1.13.4
1901 silly packumentCache full:https://registry.npmjs.org/object-inspect cache-miss
1902 http cache https://registry.npmjs.org/is-negative-zero 4ms (cache hit)
1903 silly packumentCache full:https://registry.npmjs.org/is-negative-zero set size:22152 disposed:false
1904 silly fetch manifest object.assign@^4.1.7
1905 silly packumentCache full:https://registry.npmjs.org/object.assign cache-miss
1906 http cache https://registry.npmjs.org/is-regex 5ms (cache hit)
1907 silly packumentCache full:https://registry.npmjs.org/is-regex set size:42924 disposed:false
1908 silly fetch manifest own-keys@^1.0.1
1909 silly packumentCache full:https://registry.npmjs.org/own-keys cache-miss
1910 http cache https://registry.npmjs.org/is-set 5ms (cache hit)
1911 silly packumentCache full:https://registry.npmjs.org/is-set set size:16614 disposed:false
1912 silly fetch manifest regexp.prototype.flags@^1.5.4
1913 silly packumentCache full:https://registry.npmjs.org/regexp.prototype.flags cache-miss
1914 http cache https://registry.npmjs.org/is-shared-array-buffer 5ms (cache hit)
1915 silly packumentCache full:https://registry.npmjs.org/is-shared-array-buffer set size:19880 disposed:false
1916 silly fetch manifest safe-array-concat@^1.1.3
1917 silly packumentCache full:https://registry.npmjs.org/safe-array-concat cache-miss
1918 http cache https://registry.npmjs.org/is-weakref 4ms (cache hit)
1919 silly packumentCache full:https://registry.npmjs.org/is-weakref set size:18473 disposed:false
1920 silly fetch manifest safe-push-apply@^1.0.0
1921 silly packumentCache full:https://registry.npmjs.org/safe-push-apply cache-miss
1922 http cache https://registry.npmjs.org/object-inspect 4ms (cache hit)
1923 silly packumentCache full:https://registry.npmjs.org/object-inspect set size:101912 disposed:false
1924 silly fetch manifest safe-regex-test@^1.1.0
1925 silly packumentCache full:https://registry.npmjs.org/safe-regex-test cache-miss
1926 http cache https://registry.npmjs.org/is-typed-array 6ms (cache hit)
1927 silly packumentCache full:https://registry.npmjs.org/is-typed-array set size:79965 disposed:false
1928 silly fetch manifest set-proto@^1.0.0
1929 silly packumentCache full:https://registry.npmjs.org/set-proto cache-miss
1930 http cache https://registry.npmjs.org/object.assign 5ms (cache hit)
1931 silly packumentCache full:https://registry.npmjs.org/object.assign set size:85907 disposed:false
1932 silly fetch manifest stop-iteration-iterator@^1.1.0
1933 silly packumentCache full:https://registry.npmjs.org/stop-iteration-iterator cache-miss
1934 http cache https://registry.npmjs.org/own-keys 5ms (cache hit)
1935 silly packumentCache full:https://registry.npmjs.org/own-keys set size:8735 disposed:false
1936 silly fetch manifest string.prototype.trim@^1.2.10
1937 silly packumentCache full:https://registry.npmjs.org/string.prototype.trim cache-miss
1938 http cache https://registry.npmjs.org/regexp.prototype.flags 5ms (cache hit)
1939 silly packumentCache full:https://registry.npmjs.org/regexp.prototype.flags set size:60621 disposed:false
1940 silly fetch manifest string.prototype.trimstart@^1.0.8
1941 silly packumentCache full:https://registry.npmjs.org/string.prototype.trimstart cache-miss
1942 http cache https://registry.npmjs.org/set-proto 4ms (cache hit)
1943 silly packumentCache full:https://registry.npmjs.org/set-proto set size:5334 disposed:false
1944 silly fetch manifest typed-array-buffer@^1.0.3
1945 silly packumentCache full:https://registry.npmjs.org/typed-array-buffer cache-miss
1946 http cache https://registry.npmjs.org/safe-push-apply 5ms (cache hit)
1947 silly packumentCache full:https://registry.npmjs.org/safe-push-apply set size:5759 disposed:false
1948 silly fetch manifest typed-array-byte-length@^1.0.3
1949 silly packumentCache full:https://registry.npmjs.org/typed-array-byte-length cache-miss
1950 http cache https://registry.npmjs.org/safe-regex-test 4ms (cache hit)
1951 silly packumentCache full:https://registry.npmjs.org/safe-regex-test set size:17412 disposed:false
1952 silly fetch manifest typed-array-byte-offset@^1.0.4
1953 silly packumentCache full:https://registry.npmjs.org/typed-array-byte-offset cache-miss
1954 http cache https://registry.npmjs.org/safe-array-concat 6ms (cache hit)
1955 silly packumentCache full:https://registry.npmjs.org/safe-array-concat set size:22426 disposed:false
1956 silly fetch manifest typed-array-length@^1.0.7
1957 silly packumentCache full:https://registry.npmjs.org/typed-array-length cache-miss
1958 http cache https://registry.npmjs.org/stop-iteration-iterator 4ms (cache hit)
1959 silly packumentCache full:https://registry.npmjs.org/stop-iteration-iterator set size:9160 disposed:false
1960 silly fetch manifest unbox-primitive@^1.1.0
1961 silly packumentCache full:https://registry.npmjs.org/unbox-primitive cache-miss
1962 http cache https://registry.npmjs.org/string.prototype.trim 4ms (cache hit)
1963 silly packumentCache full:https://registry.npmjs.org/string.prototype.trim set size:54116 disposed:false
1964 silly fetch manifest which-typed-array@^1.1.19
1965 silly packumentCache full:https://registry.npmjs.org/which-typed-array cache-miss
1966 http cache https://registry.npmjs.org/string.prototype.trimstart 3ms (cache hit)
1967 silly packumentCache full:https://registry.npmjs.org/string.prototype.trimstart set size:38291 disposed:false
1968 silly fetch manifest has-tostringtag@^1.0.2
1969 silly packumentCache full:https://registry.npmjs.org/has-tostringtag cache-miss
1970 http cache https://registry.npmjs.org/typed-array-buffer 4ms (cache hit)
1971 silly packumentCache full:https://registry.npmjs.org/typed-array-buffer set size:14045 disposed:false
1972 http cache https://registry.npmjs.org/typed-array-byte-offset 4ms (cache hit)
1973 silly packumentCache full:https://registry.npmjs.org/typed-array-byte-offset set size:21714 disposed:false
1974 http cache https://registry.npmjs.org/typed-array-byte-length 4ms (cache hit)
1975 silly packumentCache full:https://registry.npmjs.org/typed-array-byte-length set size:18382 disposed:false
1976 http cache https://registry.npmjs.org/unbox-primitive 4ms (cache hit)
1977 silly packumentCache full:https://registry.npmjs.org/unbox-primitive set size:15669 disposed:false
1978 http cache https://registry.npmjs.org/typed-array-length 4ms (cache hit)
1979 silly packumentCache full:https://registry.npmjs.org/typed-array-length set size:32113 disposed:false
1980 http cache https://registry.npmjs.org/which-typed-array 4ms (cache hit)
1981 silly packumentCache full:https://registry.npmjs.org/which-typed-array set size:93605 disposed:false
1982 http cache https://registry.npmjs.org/has-tostringtag 2ms (cache hit)
1983 silly packumentCache full:https://registry.npmjs.org/has-tostringtag set size:13945 disposed:false
1984 silly placeDep ROOT es-errors@1.3.0 OK for: array.prototype.findlastindex@1.2.6 want: ^1.3.0
1985 silly placeDep ROOT es-shim-unscopables@1.1.0 OK for: array.prototype.findlastindex@1.2.6 want: ^1.1.0
1986 silly placeDep ROOT call-bind-apply-helpers@1.0.2 OK for: call-bind@1.0.9 want: ^1.0.2
1987 silly placeDep ROOT es-define-property@1.0.1 OK for: call-bind@1.0.9 want: ^1.0.1
1988 silly placeDep ROOT set-function-length@1.2.2 OK for: call-bind@1.0.9 want: ^1.2.2
1989 silly fetch manifest define-data-property@^1.1.4
1990 silly packumentCache full:https://registry.npmjs.org/define-data-property cache-hit
1991 silly fetch manifest gopd@^1.0.1
1992 silly packumentCache full:https://registry.npmjs.org/gopd cache-hit
1993 silly placeDep ROOT function-bind@1.1.2 OK for: call-bind-apply-helpers@1.0.2 want: ^1.1.2
1994 silly placeDep ROOT define-data-property@1.1.4 OK for: define-properties@1.2.1 want: ^1.0.1
1995 silly placeDep ROOT has-property-descriptors@1.0.2 OK for: define-properties@1.2.1 want: ^1.0.0
1996 silly placeDep ROOT object-keys@1.1.1 OK for: define-properties@1.2.1 want: ^1.1.1
1997 silly placeDep ROOT gopd@1.2.0 OK for: define-data-property@1.1.4 want: ^1.0.1
1998 silly placeDep ROOT array-buffer-byte-length@1.0.2 OK for: es-abstract@1.24.2 want: ^1.0.2
1999 silly placeDep ROOT arraybuffer.prototype.slice@1.0.4 OK for: es-abstract@1.24.2 want: ^1.0.4
2000 silly placeDep ROOT available-typed-arrays@1.0.7 OK for: es-abstract@1.24.2 want: ^1.0.7
2001 silly placeDep ROOT data-view-buffer@1.0.2 OK for: es-abstract@1.24.2 want: ^1.0.2
2002 silly placeDep ROOT data-view-byte-length@1.0.2 OK for: es-abstract@1.24.2 want: ^1.0.2
2003 silly placeDep ROOT data-view-byte-offset@1.0.1 OK for: es-abstract@1.24.2 want: ^1.0.1
2004 silly placeDep ROOT es-set-tostringtag@2.1.0 OK for: es-abstract@1.24.2 want: ^2.1.0
2005 silly placeDep ROOT es-to-primitive@1.3.0 OK for: es-abstract@1.24.2 want: ^1.3.0
2006 silly placeDep ROOT function.prototype.name@1.1.8 OK for: es-abstract@1.24.2 want: ^1.1.8
2007 silly placeDep ROOT get-proto@1.0.1 OK for: es-abstract@1.24.2 want: ^1.0.1
2008 silly placeDep ROOT get-symbol-description@1.1.0 OK for: es-abstract@1.24.2 want: ^1.1.0
2009 silly placeDep ROOT globalthis@1.0.4 OK for: es-abstract@1.24.2 want: ^1.0.4
2010 silly placeDep ROOT has-proto@1.2.0 OK for: es-abstract@1.24.2 want: ^1.2.0
2011 silly placeDep ROOT has-symbols@1.1.0 OK for: es-abstract@1.24.2 want: ^1.1.0
2012 silly placeDep ROOT internal-slot@1.1.0 OK for: es-abstract@1.24.2 want: ^1.1.0
2013 silly placeDep ROOT is-array-buffer@3.0.5 OK for: es-abstract@1.24.2 want: ^3.0.5
2014 silly placeDep ROOT is-callable@1.2.7 OK for: es-abstract@1.24.2 want: ^1.2.7
2015 silly placeDep ROOT is-data-view@1.0.2 OK for: es-abstract@1.24.2 want: ^1.0.2
2016 silly placeDep ROOT is-negative-zero@2.0.3 OK for: es-abstract@1.24.2 want: ^2.0.3
2017 silly placeDep ROOT is-regex@1.2.1 OK for: es-abstract@1.24.2 want: ^1.2.1
2018 silly placeDep ROOT is-set@2.0.3 OK for: es-abstract@1.24.2 want: ^2.0.3
2019 silly placeDep ROOT is-shared-array-buffer@1.0.4 OK for: es-abstract@1.24.2 want: ^1.0.4
2020 silly placeDep ROOT is-typed-array@1.1.15 OK for: es-abstract@1.24.2 want: ^1.1.15
2021 silly placeDep ROOT is-weakref@1.1.1 OK for: es-abstract@1.24.2 want: ^1.1.1
2022 silly placeDep ROOT object-inspect@1.13.4 OK for: es-abstract@1.24.2 want: ^1.13.4
2023 silly placeDep ROOT object.assign@4.1.7 OK for: es-abstract@1.24.2 want: ^4.1.7
2024 silly placeDep ROOT own-keys@1.0.1 OK for: es-abstract@1.24.2 want: ^1.0.1
2025 silly placeDep ROOT regexp.prototype.flags@1.5.4 OK for: es-abstract@1.24.2 want: ^1.5.4
2026 silly placeDep ROOT safe-array-concat@1.1.3 OK for: es-abstract@1.24.2 want: ^1.1.3
2027 silly placeDep ROOT safe-push-apply@1.0.0 OK for: es-abstract@1.24.2 want: ^1.0.0
2028 silly placeDep ROOT safe-regex-test@1.1.0 OK for: es-abstract@1.24.2 want: ^1.1.0
2029 silly placeDep ROOT set-proto@1.0.0 OK for: es-abstract@1.24.2 want: ^1.0.0
2030 silly placeDep ROOT stop-iteration-iterator@1.1.0 OK for: es-abstract@1.24.2 want: ^1.1.0
2031 silly placeDep ROOT string.prototype.trim@1.2.10 OK for: es-abstract@1.24.2 want: ^1.2.10
2032 silly placeDep ROOT string.prototype.trimstart@1.0.8 OK for: es-abstract@1.24.2 want: ^1.0.8
2033 silly placeDep ROOT typed-array-buffer@1.0.3 OK for: es-abstract@1.24.2 want: ^1.0.3
2034 silly placeDep ROOT typed-array-byte-length@1.0.3 OK for: es-abstract@1.24.2 want: ^1.0.3
2035 silly placeDep ROOT typed-array-byte-offset@1.0.4 OK for: es-abstract@1.24.2 want: ^1.0.4
2036 silly placeDep ROOT typed-array-length@1.0.7 OK for: es-abstract@1.24.2 want: ^1.0.7
2037 silly placeDep ROOT unbox-primitive@1.1.0 OK for: es-abstract@1.24.2 want: ^1.1.0
2038 silly placeDep ROOT which-typed-array@1.1.20 OK for: es-abstract@1.24.2 want: ^1.1.19
2039 silly fetch manifest is-array-buffer@^3.0.4
2040 silly packumentCache full:https://registry.npmjs.org/is-array-buffer cache-hit
2041 silly fetch manifest possible-typed-array-names@^1.0.0
2042 silly packumentCache full:https://registry.npmjs.org/possible-typed-array-names cache-miss
2043 silly fetch manifest is-data-view@^1.0.1
2044 silly packumentCache full:https://registry.npmjs.org/is-data-view cache-hit
2045 silly fetch manifest is-date-object@^1.0.5
2046 silly packumentCache full:https://registry.npmjs.org/is-date-object cache-miss
2047 silly fetch manifest is-symbol@^1.0.4
2048 silly packumentCache full:https://registry.npmjs.org/is-symbol cache-miss
2049 silly fetch manifest functions-have-names@^1.2.3
2050 silly packumentCache full:https://registry.npmjs.org/functions-have-names cache-miss
2051 silly fetch manifest dunder-proto@^1.0.1
2052 silly packumentCache full:https://registry.npmjs.org/dunder-proto cache-miss
2053 silly fetch manifest dunder-proto@^1.0.0
2054 silly packumentCache full:https://registry.npmjs.org/dunder-proto cache-miss
2055 silly fetch manifest side-channel@^1.1.0
2056 silly packumentCache full:https://registry.npmjs.org/side-channel cache-miss
2057 http cache https://registry.npmjs.org/dunder-proto 3ms (cache hit)
2058 silly packumentCache full:https://registry.npmjs.org/dunder-proto set size:8256 disposed:false
2059 silly fetch manifest is-typed-array@^1.1.13
2060 silly packumentCache full:https://registry.npmjs.org/is-typed-array cache-hit
2061 silly fetch manifest which-typed-array@^1.1.16
2062 silly packumentCache full:https://registry.npmjs.org/which-typed-array cache-hit
2063 silly fetch manifest set-function-name@^2.0.2
2064 silly packumentCache full:https://registry.npmjs.org/set-function-name cache-miss
2065 http cache https://registry.npmjs.org/is-symbol 4ms (cache hit)
2066 silly packumentCache full:https://registry.npmjs.org/is-symbol set size:22675 disposed:false
2067 silly fetch manifest isarray@^2.0.5
2068 silly packumentCache full:https://registry.npmjs.org/isarray cache-miss
2069 http cache https://registry.npmjs.org/functions-have-names 4ms (cache hit)
2070 silly packumentCache full:https://registry.npmjs.org/functions-have-names set size:24196 disposed:false
2071 silly fetch manifest isarray@^2.0.5
2072 silly packumentCache full:https://registry.npmjs.org/isarray cache-miss
2073 http cache https://registry.npmjs.org/dunder-proto 4ms (cache hit)
2074 silly packumentCache full:https://registry.npmjs.org/dunder-proto set size:8256 disposed:false
2075 silly packumentCache full:https://registry.npmjs.org/dunder-proto dispose
2076 silly fetch manifest for-each@^0.3.3
2077 silly packumentCache full:https://registry.npmjs.org/for-each cache-miss
2078 http cache https://registry.npmjs.org/is-date-object 5ms (cache hit)
2079 silly packumentCache full:https://registry.npmjs.org/is-date-object set size:25050 disposed:false
2080 silly fetch manifest for-each@^0.3.3
2081 silly packumentCache full:https://registry.npmjs.org/for-each cache-miss
2082 http cache https://registry.npmjs.org/side-channel 4ms (cache hit)
2083 silly packumentCache full:https://registry.npmjs.org/side-channel set size:24660 disposed:false
2084 silly fetch manifest reflect.getprototypeof@^1.0.9
2085 silly packumentCache full:https://registry.npmjs.org/reflect.getprototypeof cache-miss
2086 http cache https://registry.npmjs.org/possible-typed-array-names 6ms (cache hit)
2087 silly packumentCache full:https://registry.npmjs.org/possible-typed-array-names set size:9167 disposed:false
2088 silly fetch manifest for-each@^0.3.3
2089 silly packumentCache full:https://registry.npmjs.org/for-each cache-miss
2090 http cache https://registry.npmjs.org/isarray 3ms (cache hit)
2091 silly packumentCache full:https://registry.npmjs.org/isarray set size:17392 disposed:false
2092 silly fetch manifest reflect.getprototypeof@^1.0.6
2093 silly packumentCache full:https://registry.npmjs.org/reflect.getprototypeof cache-miss
2094 http cache https://registry.npmjs.org/set-function-name 4ms (cache hit)
2095 silly packumentCache full:https://registry.npmjs.org/set-function-name set size:13766 disposed:false
2096 silly fetch manifest has-bigints@^1.0.2
2097 silly packumentCache full:https://registry.npmjs.org/has-bigints cache-miss
2098 http cache https://registry.npmjs.org/for-each 3ms (cache hit)
2099 silly packumentCache full:https://registry.npmjs.org/for-each set size:14327 disposed:false
2100 silly fetch manifest which-boxed-primitive@^1.1.1
2101 silly packumentCache full:https://registry.npmjs.org/which-boxed-primitive cache-miss
2102 http cache https://registry.npmjs.org/isarray 4ms (cache hit)
2103 silly packumentCache full:https://registry.npmjs.org/isarray set size:17392 disposed:false
2104 silly packumentCache full:https://registry.npmjs.org/isarray dispose
2105 silly fetch manifest for-each@^0.3.5
2106 silly packumentCache full:https://registry.npmjs.org/for-each cache-hit
2107 http cache https://registry.npmjs.org/for-each 4ms (cache hit)
2108 silly packumentCache full:https://registry.npmjs.org/for-each set size:14327 disposed:false
2109 silly packumentCache full:https://registry.npmjs.org/for-each dispose
2110 http cache https://registry.npmjs.org/for-each 3ms (cache hit)
2111 silly packumentCache full:https://registry.npmjs.org/for-each set size:14327 disposed:true
2112 silly packumentCache full:https://registry.npmjs.org/for-each dispose
2113 http cache https://registry.npmjs.org/reflect.getprototypeof 4ms (cache hit)
2114 silly packumentCache full:https://registry.npmjs.org/reflect.getprototypeof set size:44083 disposed:false
2115 http cache https://registry.npmjs.org/reflect.getprototypeof 3ms (cache hit)
2116 silly packumentCache full:https://registry.npmjs.org/reflect.getprototypeof set size:44083 disposed:false
2117 silly packumentCache full:https://registry.npmjs.org/reflect.getprototypeof dispose
2118 http cache https://registry.npmjs.org/has-bigints 3ms (cache hit)
2119 silly packumentCache full:https://registry.npmjs.org/has-bigints set size:14176 disposed:false
2120 http cache https://registry.npmjs.org/which-boxed-primitive 3ms (cache hit)
2121 silly packumentCache full:https://registry.npmjs.org/which-boxed-primitive set size:19407 disposed:false
2122 silly placeDep ROOT possible-typed-array-names@1.1.0 OK for: available-typed-arrays@1.0.7 want: ^1.0.0
2123 silly placeDep ROOT has-tostringtag@1.0.2 OK for: es-set-tostringtag@2.1.0 want: ^1.0.2
2124 silly placeDep ROOT is-date-object@1.1.0 OK for: es-to-primitive@1.3.0 want: ^1.0.5
2125 silly placeDep ROOT is-symbol@1.1.1 OK for: es-to-primitive@1.3.0 want: ^1.0.4
2126 silly placeDep node_modules/eslint-import-resolver-node debug@3.2.7 OK for: eslint-import-resolver-node@0.3.10 want: ^3.2.7
2127 silly placeDep ROOT resolve@2.0.0-next.6 OK for: eslint-import-resolver-node@0.3.10 want: ^2.0.0-next.6
2128 silly fetch manifest path-parse@^1.0.7
2129 silly packumentCache full:https://registry.npmjs.org/path-parse cache-miss
2130 silly fetch manifest node-exports-info@^1.6.0
2131 silly packumentCache full:https://registry.npmjs.org/node-exports-info cache-miss
2132 silly fetch manifest supports-preserve-symlinks-flag@^1.0.0
2133 silly packumentCache full:https://registry.npmjs.org/supports-preserve-symlinks-flag cache-miss
2134 http cache https://registry.npmjs.org/path-parse 2ms (cache hit)
2135 silly packumentCache full:https://registry.npmjs.org/path-parse set size:14523 disposed:false
2136 http cache https://registry.npmjs.org/node-exports-info 1ms (cache hit)
2137 silly packumentCache full:https://registry.npmjs.org/node-exports-info set size:58723 disposed:false
2138 http cache https://registry.npmjs.org/supports-preserve-symlinks-flag 1ms (cache hit)
2139 silly packumentCache full:https://registry.npmjs.org/supports-preserve-symlinks-flag set size:6802 disposed:false
2140 silly placeDep node_modules/eslint-module-utils debug@3.2.7 OK for: eslint-module-utils@2.12.1 want: ^3.2.7
2141 silly placeDep ROOT array.prototype.findlast@1.2.5 OK for: eslint-plugin-react@7.37.5 want: ^1.2.5
2142 silly placeDep ROOT array.prototype.tosorted@1.1.4 OK for: eslint-plugin-react@7.37.5 want: ^1.1.4
2143 silly placeDep ROOT es-iterator-helpers@1.3.2 OK for: eslint-plugin-react@7.37.5 want: ^1.2.1
2144 silly placeDep ROOT estraverse@5.3.0 OK for: eslint-plugin-react@7.37.5 want: ^5.3.0
2145 silly placeDep ROOT jsx-ast-utils@3.3.5 OK for: eslint-plugin-react@7.37.5 want: ^2.4.1 || ^3.0.0
2146 silly placeDep ROOT object.entries@1.1.9 OK for: eslint-plugin-react@7.37.5 want: ^1.1.9
2147 silly placeDep ROOT prop-types@15.8.1 OK for: eslint-plugin-react@7.37.5 want: ^15.8.1
2148 silly placeDep ROOT string.prototype.matchall@4.0.12 OK for: eslint-plugin-react@7.37.5 want: ^4.0.12
2149 silly placeDep ROOT string.prototype.repeat@1.0.0 OK for: eslint-plugin-react@7.37.5 want: ^1.0.0
2150 silly fetch manifest iterator.prototype@^1.1.5
2151 silly packumentCache full:https://registry.npmjs.org/iterator.prototype cache-miss
2152 silly fetch manifest loose-envify@^1.4.0
2153 silly packumentCache full:https://registry.npmjs.org/loose-envify cache-miss
2154 silly fetch manifest object-assign@^4.1.1
2155 silly packumentCache full:https://registry.npmjs.org/object-assign cache-miss
2156 silly fetch manifest react-is@^16.13.1
2157 silly packumentCache full:https://registry.npmjs.org/react-is cache-miss
2158 http cache https://registry.npmjs.org/iterator.prototype 1ms (cache hit)
2159 silly packumentCache full:https://registry.npmjs.org/iterator.prototype set size:26870 disposed:false
2160 http cache https://registry.npmjs.org/object-assign 2ms (cache hit)
2161 silly packumentCache full:https://registry.npmjs.org/object-assign set size:28988 disposed:false
2162 http cache https://registry.npmjs.org/loose-envify 2ms (cache hit)
2163 silly packumentCache full:https://registry.npmjs.org/loose-envify set size:12559 disposed:false
2164 http cache https://registry.npmjs.org/react-is 6ms (cache hit)
2165 silly packumentCache full:https://registry.npmjs.org/react-is set size:5352319 disposed:false
2166 silly placeDep ROOT iterator.prototype@1.1.5 OK for: es-iterator-helpers@1.3.2 want: ^1.1.5
2167 silly placeDep ROOT esrecurse@4.3.0 OK for: eslint-scope@8.4.0 want: ^4.3.0
2168 silly placeDep ROOT acorn@8.16.0 OK for: espree@10.4.0 want: ^8.15.0
2169 silly placeDep ROOT acorn-jsx@5.3.2 OK for: espree@10.4.0 want: ^5.3.2
2170 silly fetch manifest expo@*
2171 silly packumentCache full:https://registry.npmjs.org/expo cache-miss
2172 http cache https://registry.npmjs.org/expo 7ms (cache hit)
2173 silly packumentCache full:https://registry.npmjs.org/expo set size:3631121 disposed:false
2174 silly fetch manifest react@*
2175 silly packumentCache full:https://registry.npmjs.org/react cache-miss
2176 http cache https://registry.npmjs.org/react 6ms (cache hit)
2177 silly packumentCache full:https://registry.npmjs.org/react set size:6613874 disposed:false
2178 silly fetch manifest react-native@*
2179 silly packumentCache full:https://registry.npmjs.org/react-native cache-miss
2180 http cache https://registry.npmjs.org/react-native 14ms (cache hit)
2181 silly packumentCache full:https://registry.npmjs.org/react-native set size:15135231 disposed:false
2182 silly fetch manifest @react-native/jest-preset@0.85.1
2183 silly packumentCache full:https://registry.npmjs.org/@react-native%2fjest-preset cache-miss
2184 http cache https://registry.npmjs.org/@react-native%2fjest-preset 7ms (cache hit)
2185 silly packumentCache full:https://registry.npmjs.org/@react-native%2fjest-preset set size:116665 disposed:false
2186 silly fetch manifest @types/react@^19.1.1
2187 silly packumentCache full:https://registry.npmjs.org/@types%2freact cache-miss
2188 http cache https://registry.npmjs.org/@types%2freact 4ms (cache hit)
2189 silly packumentCache full:https://registry.npmjs.org/@types%2freact set size:2588964 disposed:false
2190 silly fetch manifest react-dom@*
2191 silly packumentCache full:https://registry.npmjs.org/react-dom cache-miss
2192 http cache https://registry.npmjs.org/react-dom 8ms (cache hit)
2193 silly packumentCache full:https://registry.npmjs.org/react-dom set size:8805723 disposed:false
2194 silly fetch manifest expo-router@*
2195 silly packumentCache full:https://registry.npmjs.org/expo-router cache-miss
2196 http cache https://registry.npmjs.org/expo-router 3ms (cache hit)
2197 silly packumentCache full:https://registry.npmjs.org/expo-router set size:1674961 disposed:false
2198 silly fetch manifest @expo/log-box@55.0.10
2199 silly packumentCache full:https://registry.npmjs.org/@expo%2flog-box cache-miss
2200 http cache https://registry.npmjs.org/@expo%2flog-box 1ms (cache hit)
2201 silly packumentCache full:https://registry.npmjs.org/@expo%2flog-box set size:145862 disposed:false
2202 silly fetch manifest @react-navigation/drawer@^7.9.4
2203 silly packumentCache full:https://registry.npmjs.org/@react-navigation%2fdrawer cache-miss
2204 http cache https://registry.npmjs.org/@react-navigation%2fdrawer 1ms (cache hit)
2205 silly packumentCache full:https://registry.npmjs.org/@react-navigation%2fdrawer set size:1218846 disposed:false
2206 silly fetch manifest @react-navigation/native@^7.2.2
2207 silly packumentCache full:https://registry.npmjs.org/@react-navigation%2fnative cache-miss
2208 http cache https://registry.npmjs.org/@react-navigation%2fnative 2ms (cache hit)
2209 silly packumentCache full:https://registry.npmjs.org/@react-navigation%2fnative set size:1074065 disposed:false
2210 silly fetch manifest react-native-gesture-handler@>= 2.0.0
2211 silly packumentCache full:https://registry.npmjs.org/react-native-gesture-handler cache-hit
2212 silly fetch manifest react-native-reanimated@>= 2.0.0
2213 silly packumentCache full:https://registry.npmjs.org/react-native-reanimated cache-miss
2214 http cache https://registry.npmjs.org/react-native-reanimated 10ms (cache hit)
2215 silly packumentCache full:https://registry.npmjs.org/react-native-reanimated set size:10666794 disposed:false
2216 silly fetch manifest react-native-worklets@0.8.x
2217 silly packumentCache full:https://registry.npmjs.org/react-native-worklets cache-miss
2218 http cache https://registry.npmjs.org/react-native-worklets 10ms (cache hit)
2219 silly packumentCache full:https://registry.npmjs.org/react-native-worklets set size:2503720 disposed:false
2220 silly fetch manifest @babel/core@*
2221 silly packumentCache full:https://registry.npmjs.org/@babel%2fcore cache-hit
2222 silly fetch manifest @react-native/metro-config@*
2223 silly packumentCache full:https://registry.npmjs.org/@react-native%2fmetro-config cache-miss
2224 http cache https://registry.npmjs.org/@react-native%2fmetro-config 4ms (cache hit)
2225 silly packumentCache full:https://registry.npmjs.org/@react-native%2fmetro-config set size:2118962 disposed:false
2226 silly fetch manifest react-native-safe-area-context@>= 4.0.0
2227 silly packumentCache full:https://registry.npmjs.org/react-native-safe-area-context cache-hit
2228 silly fetch manifest react-native-screens@>= 4.0.0
2229 silly packumentCache full:https://registry.npmjs.org/react-native-screens cache-miss
2230 http cache https://registry.npmjs.org/react-native-screens 4ms (cache hit)
2231 silly packumentCache full:https://registry.npmjs.org/react-native-screens set size:3757676 disposed:false
2232 silly fetch manifest @testing-library/react-native@>= 13.2.0
2233 silly packumentCache full:https://registry.npmjs.org/@testing-library%2freact-native cache-hit
2234 silly fetch manifest expo-constants@^55.0.13
2235 silly packumentCache full:https://registry.npmjs.org/expo-constants cache-hit
2236 silly fetch manifest expo-linking@^55.0.12
2237 silly packumentCache full:https://registry.npmjs.org/expo-linking cache-hit
2238 silly fetch manifest react-native-web@*
2239 silly packumentCache full:https://registry.npmjs.org/react-native-web cache-miss
2240 http cache https://registry.npmjs.org/react-native-web 1ms (cache hit)
2241 silly packumentCache full:https://registry.npmjs.org/react-native-web set size:1090363 disposed:false
2242 silly placeDep ROOT @babel/runtime@7.29.2 OK for: expo@54.0.33 want: ^7.20.0
2243 silly placeDep node_modules/expo @expo/cli@54.0.23 CONFLICT for: expo@54.0.33 want: 54.0.23
2244 silly placeDep ROOT @expo/config@12.0.13 OK for: expo@54.0.33 want: ~12.0.13
2245 silly placeDep ROOT @expo/config-plugins@54.0.4 OK for: expo@54.0.33 want: ~54.0.4
2246 silly placeDep ROOT @expo/devtools@0.1.8 OK for: expo@54.0.33 want: 0.1.8
2247 silly placeDep ROOT @expo/fingerprint@0.15.4 OK for: expo@54.0.33 want: 0.15.4
2248 silly placeDep ROOT @expo/metro@54.2.0 OK for: expo@54.0.33 want: ~54.2.0
2249 silly placeDep ROOT @expo/metro-config@54.0.14 OK for: expo@54.0.33 want: 54.0.14
2250 silly placeDep ROOT @ungap/structured-clone@1.3.0 OK for: expo@54.0.33 want: ^1.3.0
2251 silly placeDep ROOT babel-preset-expo@54.0.10 OK for: expo@54.0.33 want: ~54.0.10
2252 silly placeDep ROOT react-refresh@0.14.2 OK for: babel-preset-expo@54.0.10 want: >=0.14.0 <1.0.0
2253 silly placeDep ROOT expo-asset@12.0.12 OK for: expo@54.0.33 want: ~12.0.12
2254 silly placeDep ROOT expo-file-system@19.0.21 OK for: expo@54.0.33 want: ~19.0.21
2255 silly placeDep ROOT expo-keep-awake@15.0.8 OK for: expo@54.0.33 want: ~15.0.8
2256 silly placeDep ROOT expo-modules-autolinking@3.0.24 OK for: expo@54.0.33 want: 3.0.24
2257 silly placeDep ROOT expo-modules-core@3.0.29 OK for: expo@54.0.33 want: 3.0.29
2258 silly placeDep ROOT pretty-format@29.7.0 OK for: expo@54.0.33 want: ^29.7.0
2259 silly placeDep ROOT whatwg-url-without-unicode@8.0.0-3 OK for: expo@54.0.33 want: 8.0.0-3
2260 silly fetch manifest ws@^8.12.1
2261 silly packumentCache full:https://registry.npmjs.org/ws cache-hit
2262 silly fetch manifest arg@^5.0.2
2263 silly packumentCache full:https://registry.npmjs.org/arg cache-miss
2264 silly fetch manifest ora@^3.4.0
2265 silly packumentCache full:https://registry.npmjs.org/ora cache-miss
2266 silly fetch manifest tar@^7.5.2
2267 silly packumentCache full:https://registry.npmjs.org/tar cache-miss
2268 silly fetch manifest glob@^13.0.0
2269 silly packumentCache full:https://registry.npmjs.org/glob cache-hit
2270 silly fetch manifest send@^0.19.0
2271 silly packumentCache full:https://registry.npmjs.org/send cache-miss
2272 silly fetch manifest getenv@^2.0.0
2273 silly packumentCache full:https://registry.npmjs.org/getenv cache-miss
2274 silly fetch manifest semver@^7.6.0
2275 silly packumentCache full:https://registry.npmjs.org/semver cache-hit
2276 silly fetch manifest undici@^6.18.2
2277 silly packumentCache full:https://registry.npmjs.org/undici cache-miss
2278 silly fetch manifest accepts@^1.3.8
2279 silly packumentCache full:https://registry.npmjs.org/accepts cache-miss
2280 http cache https://registry.npmjs.org/ora 3ms (cache hit)
2281 silly packumentCache full:https://registry.npmjs.org/ora set size:142374 disposed:false
2282 silly fetch manifest ci-info@^3.3.0
2283 silly packumentCache full:https://registry.npmjs.org/ci-info cache-miss
2284 http cache https://registry.npmjs.org/undici 5ms (cache hit)
2285 silly packumentCache full:https://registry.npmjs.org/undici set size:1370112 disposed:false
2286 silly fetch manifest connect@^3.7.0
2287 silly packumentCache full:https://registry.npmjs.org/connect cache-miss
2288 http cache https://registry.npmjs.org/accepts 8ms (cache hit)
2289 silly packumentCache full:https://registry.npmjs.org/accepts set size:77054 disposed:false
2290 silly fetch manifest prompts@^2.3.2
2291 silly packumentCache full:https://registry.npmjs.org/prompts cache-miss
2292 http cache https://registry.npmjs.org/tar 10ms (cache hit)
2293 silly packumentCache full:https://registry.npmjs.org/tar set size:531438 disposed:false
2294 silly fetch manifest resolve@^1.22.2
2295 silly packumentCache full:https://registry.npmjs.org/resolve cache-hit
2296 silly fetch manifest slugify@^1.3.4
2297 silly packumentCache full:https://registry.npmjs.org/slugify cache-miss
2298 http cache https://registry.npmjs.org/send 12ms (cache hit)
2299 silly packumentCache full:https://registry.npmjs.org/send set size:152810 disposed:false
2300 silly fetch manifest progress@^2.0.3
2301 silly packumentCache full:https://registry.npmjs.org/progress cache-miss
2302 http cache https://registry.npmjs.org/arg 13ms (cache hit)
2303 silly packumentCache full:https://registry.npmjs.org/arg set size:67036 disposed:false
2304 silly fetch manifest requireg@^0.2.2
2305 silly packumentCache full:https://registry.npmjs.org/requireg cache-miss
2306 http cache https://registry.npmjs.org/getenv 13ms (cache hit)
2307 silly packumentCache full:https://registry.npmjs.org/getenv set size:20110 disposed:false
2308 silly fetch manifest minimatch@^9.0.0
2309 silly packumentCache full:https://registry.npmjs.org/minimatch cache-hit
2310 silly fetch manifest picomatch@^3.0.1
2311 silly packumentCache full:https://registry.npmjs.org/picomatch cache-hit
2312 silly fetch manifest wrap-ansi@^7.0.0
2313 silly packumentCache full:https://registry.npmjs.org/wrap-ansi cache-miss
2314 http cache https://registry.npmjs.org/ci-info 12ms (cache hit)
2315 silly packumentCache full:https://registry.npmjs.org/ci-info set size:91363 disposed:false
2316 silly fetch manifest @urql/core@^5.0.6
2317 silly packumentCache full:https://registry.npmjs.org/@urql%2fcore cache-miss
2318 http cache https://registry.npmjs.org/requireg 4ms (cache hit)
2319 silly packumentCache full:https://registry.npmjs.org/requireg set size:25788 disposed:false
2320 silly fetch manifest better-opn@~3.0.2
2321 silly packumentCache full:https://registry.npmjs.org/better-opn cache-miss
2322 http cache https://registry.npmjs.org/prompts 7ms (cache hit)
2323 silly packumentCache full:https://registry.npmjs.org/prompts set size:115896 disposed:false
2324 silly fetch manifest env-editor@^0.4.1
2325 silly packumentCache full:https://registry.npmjs.org/env-editor cache-miss
2326 http cache https://registry.npmjs.org/progress 5ms (cache hit)
2327 silly packumentCache full:https://registry.npmjs.org/progress set size:34179 disposed:false
2328 silly fetch manifest node-forge@^1.3.3
2329 silly packumentCache full:https://registry.npmjs.org/node-forge cache-miss
2330 http cache https://registry.npmjs.org/connect 10ms (cache hit)
2331 silly packumentCache full:https://registry.npmjs.org/connect set size:438385 disposed:false
2332 silly fetch manifest @expo/plist@^0.4.8
2333 silly packumentCache full:https://registry.npmjs.org/@expo%2fplist cache-miss
2334 http cache https://registry.npmjs.org/wrap-ansi 6ms (cache hit)
2335 silly packumentCache full:https://registry.npmjs.org/wrap-ansi set size:55299 disposed:false
2336 silly fetch manifest compression@^1.7.4
2337 silly packumentCache full:https://registry.npmjs.org/compression cache-miss
2338 http cache https://registry.npmjs.org/slugify 9ms (cache hit)
2339 silly packumentCache full:https://registry.npmjs.org/slugify set size:103522 disposed:false
2340 silly fetch manifest lan-network@^0.1.6
2341 silly packumentCache full:https://registry.npmjs.org/lan-network cache-miss
2342 http cache https://registry.npmjs.org/better-opn 6ms (cache hit)
2343 silly packumentCache full:https://registry.npmjs.org/better-opn set size:48876 disposed:false
2344 silly fetch manifest pretty-bytes@^5.6.0
2345 silly packumentCache full:https://registry.npmjs.org/pretty-bytes cache-miss
2346 http cache https://registry.npmjs.org/env-editor 6ms (cache hit)
2347 silly packumentCache full:https://registry.npmjs.org/env-editor set size:31241 disposed:false
2348 silly fetch manifest resolve-from@^5.0.0
2349 silly packumentCache full:https://registry.npmjs.org/resolve-from cache-hit
2350 silly fetch manifest @expo/devcert@^1.2.1
2351 silly packumentCache full:https://registry.npmjs.org/@expo%2fdevcert cache-miss
2352 http cache https://registry.npmjs.org/@urql%2fcore 8ms (cache hit)
2353 silly packumentCache full:https://registry.npmjs.org/@urql%2fcore set size:1252254 disposed:false
2354 silly fetch manifest bplist-parser@^0.3.1
2355 silly packumentCache full:https://registry.npmjs.org/bplist-parser cache-miss
2356 http cache https://registry.npmjs.org/@expo%2fplist 9ms (cache hit)
2357 silly packumentCache full:https://registry.npmjs.org/@expo%2fplist set size:501835 disposed:false
2358 silly fetch manifest terminal-link@^2.1.1
2359 silly packumentCache full:https://registry.npmjs.org/terminal-link cache-miss
2360 http cache https://registry.npmjs.org/compression 10ms (cache hit)
2361 silly packumentCache full:https://registry.npmjs.org/compression set size:98448 disposed:false
2362 silly fetch manifest @expo/xcpretty@^4.3.0
2363 silly packumentCache full:https://registry.npmjs.org/@expo%2fxcpretty cache-miss
2364 http cache https://registry.npmjs.org/lan-network 10ms (cache hit)
2365 silly packumentCache full:https://registry.npmjs.org/lan-network set size:65284 disposed:false
2366 silly fetch manifest bplist-creator@0.1.0
2367 silly packumentCache full:https://registry.npmjs.org/bplist-creator cache-miss
2368 http cache https://registry.npmjs.org/node-forge 15ms (cache hit)
2369 silly packumentCache full:https://registry.npmjs.org/node-forge set size:394631 disposed:false
2370 silly fetch manifest freeport-async@^2.0.0
2371 silly packumentCache full:https://registry.npmjs.org/freeport-async cache-miss
2372 http cache https://registry.npmjs.org/bplist-parser 6ms (cache hit)
2373 silly packumentCache full:https://registry.npmjs.org/bplist-parser set size:21877 disposed:false
2374 silly fetch manifest @expo/json-file@^10.0.8
2375 silly packumentCache full:https://registry.npmjs.org/@expo%2fjson-file cache-miss
2376 http cache https://registry.npmjs.org/pretty-bytes 11ms (cache hit)
2377 silly packumentCache full:https://registry.npmjs.org/pretty-bytes set size:64558 disposed:false
2378 silly fetch manifest @expo/osascript@^2.3.8
2379 silly packumentCache full:https://registry.npmjs.org/@expo%2fosascript cache-miss
2380 http cache https://registry.npmjs.org/@expo%2fdevcert 12ms (cache hit)
2381 silly packumentCache full:https://registry.npmjs.org/@expo%2fdevcert set size:37746 disposed:false
2382 silly fetch manifest @expo/ws-tunnel@^1.0.1
2383 silly packumentCache full:https://registry.npmjs.org/@expo%2fws-tunnel cache-miss
2384 http cache https://registry.npmjs.org/terminal-link 5ms (cache hit)
2385 silly packumentCache full:https://registry.npmjs.org/terminal-link set size:26728 disposed:false
2386 silly fetch manifest npm-package-arg@^11.0.0
2387 silly packumentCache full:https://registry.npmjs.org/npm-package-arg cache-miss
2388 http cache https://registry.npmjs.org/@expo%2fxcpretty 5ms (cache hit)
2389 silly packumentCache full:https://registry.npmjs.org/@expo%2fxcpretty set size:121361 disposed:false
2390 silly fetch manifest qrcode-terminal@0.11.0
2391 silly packumentCache full:https://registry.npmjs.org/qrcode-terminal cache-miss
2392 http cache https://registry.npmjs.org/bplist-creator 7ms (cache hit)
2393 silly packumentCache full:https://registry.npmjs.org/bplist-creator set size:18748 disposed:false
2394 silly fetch manifest resolve.exports@^2.0.3
2395 silly packumentCache full:https://registry.npmjs.org/resolve.exports cache-miss
2396 http cache https://registry.npmjs.org/freeport-async 6ms (cache hit)
2397 silly packumentCache full:https://registry.npmjs.org/freeport-async set size:10243 disposed:false
2398 silly fetch manifest @expo/image-utils@^0.8.8
2399 silly packumentCache full:https://registry.npmjs.org/@expo%2fimage-utils cache-miss
2400 http cache https://registry.npmjs.org/@expo%2fjson-file 6ms (cache hit)
2401 silly packumentCache full:https://registry.npmjs.org/@expo%2fjson-file set size:704586 disposed:false
2402 silly fetch manifest @expo/spawn-async@^1.7.2
2403 silly packumentCache full:https://registry.npmjs.org/@expo%2fspawn-async cache-miss
2404 http cache https://registry.npmjs.org/@expo%2fosascript 8ms (cache hit)
2405 silly packumentCache full:https://registry.npmjs.org/@expo%2fosascript set size:592143 disposed:false
2406 silly fetch manifest @expo/metro-config@~54.0.14
2407 silly packumentCache full:https://registry.npmjs.org/@expo%2fmetro-config cache-miss
2408 http cache https://registry.npmjs.org/npm-package-arg 9ms (cache hit)
2409 silly packumentCache full:https://registry.npmjs.org/npm-package-arg set size:131397 disposed:false
2410 silly fetch manifest source-map-support@~0.5.21
2411 silly packumentCache full:https://registry.npmjs.org/source-map-support cache-miss
2412 http cache https://registry.npmjs.org/@expo%2fws-tunnel 10ms (cache hit)
2413 silly packumentCache full:https://registry.npmjs.org/@expo%2fws-tunnel set size:22270 disposed:false
2414 silly fetch manifest structured-headers@^0.4.1
2415 silly packumentCache full:https://registry.npmjs.org/structured-headers cache-miss
2416 http cache https://registry.npmjs.org/qrcode-terminal 10ms (cache hit)
2417 silly packumentCache full:https://registry.npmjs.org/qrcode-terminal set size:29799 disposed:false
2418 silly fetch manifest @0no-co/graphql.web@^1.0.8
2419 silly packumentCache full:https://registry.npmjs.org/@0no-co%2fgraphql.web cache-miss
2420 http cache https://registry.npmjs.org/resolve.exports 9ms (cache hit)
2421 silly packumentCache full:https://registry.npmjs.org/resolve.exports set size:49558 disposed:false
2422 silly fetch manifest require-from-string@^2.0.2
2423 silly packumentCache full:https://registry.npmjs.org/require-from-string cache-miss
2424 http cache https://registry.npmjs.org/@expo%2fimage-utils 10ms (cache hit)
2425 silly packumentCache full:https://registry.npmjs.org/@expo%2fimage-utils set size:730707 disposed:false
2426 silly fetch manifest @urql/exchange-retry@^1.3.0
2427 silly packumentCache full:https://registry.npmjs.org/@urql%2fexchange-retry cache-miss
2428 http cache https://registry.npmjs.org/@expo%2fspawn-async 9ms (cache hit)
2429 silly packumentCache full:https://registry.npmjs.org/@expo%2fspawn-async set size:40364 disposed:false
2430 silly fetch manifest @expo/package-manager@^1.9.10
2431 silly packumentCache full:https://registry.npmjs.org/@expo%2fpackage-manager cache-miss
2432 http cache https://registry.npmjs.org/source-map-support 6ms (cache hit)
2433 silly packumentCache full:https://registry.npmjs.org/source-map-support set size:125488 disposed:false
2434 silly fetch manifest @react-native/dev-middleware@0.81.5
2435 silly packumentCache full:https://registry.npmjs.org/@react-native%2fdev-middleware cache-miss
2436 http cache https://registry.npmjs.org/@expo%2fmetro-config 9ms (cache hit)
2437 silly packumentCache full:https://registry.npmjs.org/@expo%2fmetro-config set size:1411109 disposed:false
2438 silly fetch manifest @expo/code-signing-certificates@^0.0.6
2439 silly packumentCache full:https://registry.npmjs.org/@expo%2fcode-signing-certificates cache-miss
2440 http cache https://registry.npmjs.org/structured-headers 11ms (cache hit)
2441 silly packumentCache full:https://registry.npmjs.org/structured-headers set size:38215 disposed:false
2442 silly fetch manifest sucrase@~3.35.1
2443 silly packumentCache full:https://registry.npmjs.org/sucrase cache-miss
2444 http cache https://registry.npmjs.org/require-from-string 11ms (cache hit)
2445 silly packumentCache full:https://registry.npmjs.org/require-from-string set size:15128 disposed:false
2446 silly fetch manifest deepmerge@^4.3.1
2447 silly packumentCache full:https://registry.npmjs.org/deepmerge cache-miss
2448 http cache https://registry.npmjs.org/@0no-co%2fgraphql.web 12ms (cache hit)
2449 silly packumentCache full:https://registry.npmjs.org/@0no-co%2fgraphql.web set size:220436 disposed:false
2450 silly fetch manifest @babel/code-frame@~7.10.4
2451 silly packumentCache full:https://registry.npmjs.org/@babel%2fcode-frame cache-hit
2452 silly fetch manifest @expo/config-types@^54.0.10
2453 silly packumentCache full:https://registry.npmjs.org/@expo%2fconfig-types cache-miss
2454 http cache https://registry.npmjs.org/@urql%2fexchange-retry 10ms (cache hit)
2455 silly packumentCache full:https://registry.npmjs.org/@urql%2fexchange-retry set size:293014 disposed:false
2456 silly fetch manifest resolve-workspace-root@^2.0.0
2457 silly packumentCache full:https://registry.npmjs.org/resolve-workspace-root cache-miss
2458 http cache https://registry.npmjs.org/@expo%2fcode-signing-certificates 5ms (cache hit)
2459 silly packumentCache full:https://registry.npmjs.org/@expo%2fcode-signing-certificates set size:29592 disposed:false
2460 silly fetch manifest slash@^3.0.0
2461 silly packumentCache full:https://registry.npmjs.org/slash cache-miss
2462 http cache https://registry.npmjs.org/@expo%2fpackage-manager 12ms (cache hit)
2463 silly packumentCache full:https://registry.npmjs.org/@expo%2fpackage-manager set size:813909 disposed:false
2464 silly fetch manifest xcode@^3.0.1
2465 silly packumentCache full:https://registry.npmjs.org/xcode cache-miss
2466 http cache https://registry.npmjs.org/@react-native%2fdev-middleware 14ms (cache hit)
2467 silly packumentCache full:https://registry.npmjs.org/@react-native%2fdev-middleware set size:2318581 disposed:false
2468 silly fetch manifest semver@^7.5.4
2469 silly packumentCache full:https://registry.npmjs.org/semver cache-hit
2470 silly fetch manifest xml2js@0.6.0
2471 silly packumentCache full:https://registry.npmjs.org/xml2js cache-miss
2472 http cache https://registry.npmjs.org/sucrase 15ms (cache hit)
2473 silly packumentCache full:https://registry.npmjs.org/sucrase set size:449399 disposed:false
2474 silly fetch manifest slugify@^1.6.6
2475 silly packumentCache full:https://registry.npmjs.org/slugify cache-hit
2476 silly fetch manifest @expo/json-file@~10.0.8
2477 silly packumentCache full:https://registry.npmjs.org/@expo%2fjson-file cache-hit
2478 silly fetch manifest @expo/config-types@^54.0.10
2479 silly packumentCache full:https://registry.npmjs.org/@expo%2fconfig-types cache-miss
2480 http cache https://registry.npmjs.org/deepmerge 16ms (cache hit)
2481 silly packumentCache full:https://registry.npmjs.org/deepmerge set size:101897 disposed:false
2482 silly fetch manifest @expo/sdk-runtime-versions@^1.0.0
2483 silly packumentCache full:https://registry.npmjs.org/@expo%2fsdk-runtime-versions cache-miss
2484 http cache https://registry.npmjs.org/@expo%2fconfig-types 16ms (cache hit)
2485 silly packumentCache full:https://registry.npmjs.org/@expo%2fconfig-types set size:722494 disposed:false
2486 silly fetch manifest p-limit@^3.1.0
2487 silly packumentCache full:https://registry.npmjs.org/p-limit cache-miss
2488 http cache https://registry.npmjs.org/resolve-workspace-root 16ms (cache hit)
2489 silly packumentCache full:https://registry.npmjs.org/resolve-workspace-root set size:11680 disposed:false
2490 silly fetch manifest metro@0.83.3
2491 silly packumentCache full:https://registry.npmjs.org/metro cache-miss
2492 http cache https://registry.npmjs.org/slash 17ms (cache hit)
2493 silly packumentCache full:https://registry.npmjs.org/slash set size:20337 disposed:false
2494 silly fetch manifest metro-core@0.83.3
2495 silly packumentCache full:https://registry.npmjs.org/metro-core cache-miss
2496 http cache https://registry.npmjs.org/xml2js 9ms (cache hit)
2497 silly packumentCache full:https://registry.npmjs.org/xml2js set size:198018 disposed:false
2498 silly fetch manifest metro-cache@0.83.3
2499 silly packumentCache full:https://registry.npmjs.org/metro-cache cache-miss
2500 http cache https://registry.npmjs.org/xcode 20ms (cache hit)
2501 silly packumentCache full:https://registry.npmjs.org/xcode set size:5234429 disposed:false
2502 silly fetch manifest metro-config@0.83.3
2503 silly packumentCache full:https://registry.npmjs.org/metro-config cache-miss
2504 http cache https://registry.npmjs.org/p-limit 20ms (cache hit)
2505 silly packumentCache full:https://registry.npmjs.org/p-limit set size:61867 disposed:false
2506 silly fetch manifest metro-runtime@0.83.3
2507 silly packumentCache full:https://registry.npmjs.org/metro-runtime cache-hit
2508 silly fetch manifest metro-file-map@0.83.3
2509 silly packumentCache full:https://registry.npmjs.org/metro-file-map cache-miss
2510 http cache https://registry.npmjs.org/@expo%2fsdk-runtime-versions 24ms (cache hit)
2511 silly packumentCache full:https://registry.npmjs.org/@expo%2fsdk-runtime-versions set size:4878 disposed:false
2512 silly fetch manifest metro-resolver@0.83.3
2513 silly packumentCache full:https://registry.npmjs.org/metro-resolver cache-miss
2514 http cache https://registry.npmjs.org/@expo%2fconfig-types 26ms (cache hit)
2515 silly packumentCache full:https://registry.npmjs.org/@expo%2fconfig-types set size:722494 disposed:false
2516 silly packumentCache full:https://registry.npmjs.org/@expo%2fconfig-types dispose
2517 silly fetch manifest metro-cache-key@0.83.3
2518 silly packumentCache full:https://registry.npmjs.org/metro-cache-key cache-miss
2519 http cache https://registry.npmjs.org/metro 31ms (cache hit)
2520 silly packumentCache full:https://registry.npmjs.org/metro set size:717892 disposed:false
2521 silly fetch manifest metro-source-map@0.83.3
2522 silly packumentCache full:https://registry.npmjs.org/metro-source-map cache-hit
2523 silly fetch manifest metro-symbolicate@0.83.3
2524 silly packumentCache full:https://registry.npmjs.org/metro-symbolicate cache-miss
2525 http cache https://registry.npmjs.org/metro-cache 39ms (cache hit)
2526 silly packumentCache full:https://registry.npmjs.org/metro-cache set size:366063 disposed:false
2527 silly fetch manifest metro-minify-terser@0.83.3
2528 silly packumentCache full:https://registry.npmjs.org/metro-minify-terser cache-miss
2529 http cache https://registry.npmjs.org/metro-core 43ms (cache hit)
2530 silly packumentCache full:https://registry.npmjs.org/metro-core set size:385600 disposed:false
2531 silly fetch manifest metro-transform-worker@0.83.3
2532 silly packumentCache full:https://registry.npmjs.org/metro-transform-worker cache-miss
2533 http cache https://registry.npmjs.org/metro-config 26ms (cache hit)
2534 silly packumentCache full:https://registry.npmjs.org/metro-config set size:326237 disposed:false
2535 silly fetch manifest metro-babel-transformer@0.83.3
2536 silly packumentCache full:https://registry.npmjs.org/metro-babel-transformer cache-miss
2537 http cache https://registry.npmjs.org/metro-resolver 27ms (cache hit)
2538 silly packumentCache full:https://registry.npmjs.org/metro-resolver set size:354516 disposed:false
2539 silly fetch manifest metro-transform-plugins@0.83.3
2540 silly packumentCache full:https://registry.npmjs.org/metro-transform-plugins cache-miss
2541 http cache https://registry.npmjs.org/metro-file-map 29ms (cache hit)
2542 silly packumentCache full:https://registry.npmjs.org/metro-file-map set size:183337 disposed:false
2543 silly fetch manifest dotenv@~16.4.5
2544 silly packumentCache full:https://registry.npmjs.org/dotenv cache-miss
2545 http cache https://registry.npmjs.org/metro-cache-key 25ms (cache hit)
2546 silly packumentCache full:https://registry.npmjs.org/metro-cache-key set size:195967 disposed:false
2547 silly fetch manifest postcss@~8.4.32
2548 silly packumentCache full:https://registry.npmjs.org/postcss cache-miss
2549 http cache https://registry.npmjs.org/metro-symbolicate 14ms (cache hit)
2550 silly packumentCache full:https://registry.npmjs.org/metro-symbolicate set size:254841 disposed:false
2551 silly fetch manifest jsc-safe-url@^0.2.4
2552 silly packumentCache full:https://registry.npmjs.org/jsc-safe-url cache-miss
2553 http cache https://registry.npmjs.org/metro-minify-terser 10ms (cache hit)
2554 silly packumentCache full:https://registry.npmjs.org/metro-minify-terser set size:262768 disposed:false
2555 silly fetch manifest lightningcss@^1.30.1
2556 silly packumentCache full:https://registry.npmjs.org/lightningcss cache-miss
2557 http cache https://registry.npmjs.org/metro-transform-worker 10ms (cache hit)
2558 silly packumentCache full:https://registry.npmjs.org/metro-transform-worker set size:249934 disposed:false
2559 silly fetch manifest dotenv-expand@~11.0.6
2560 silly packumentCache full:https://registry.npmjs.org/dotenv-expand cache-miss
2561 http cache https://registry.npmjs.org/metro-babel-transformer 10ms (cache hit)
2562 silly packumentCache full:https://registry.npmjs.org/metro-babel-transformer set size:252809 disposed:false
2563 silly fetch manifest hermes-parser@^0.29.1
2564 silly packumentCache full:https://registry.npmjs.org/hermes-parser cache-miss
2565 http cache https://registry.npmjs.org/dotenv 8ms (cache hit)
2566 silly packumentCache full:https://registry.npmjs.org/dotenv set size:277856 disposed:false
2567 silly fetch manifest @babel/preset-react@^7.22.15
2568 silly packumentCache full:https://registry.npmjs.org/@babel%2fpreset-react cache-miss
2569 http cache https://registry.npmjs.org/metro-transform-plugins 11ms (cache hit)
2570 silly packumentCache full:https://registry.npmjs.org/metro-transform-plugins set size:241268 disposed:false
2571 silly fetch manifest @babel/preset-typescript@^7.23.0
2572 silly packumentCache full:https://registry.npmjs.org/@babel%2fpreset-typescript cache-hit
2573 silly fetch manifest @react-native/babel-preset@0.81.5
2574 silly packumentCache full:https://registry.npmjs.org/@react-native%2fbabel-preset cache-miss
2575 http cache https://registry.npmjs.org/postcss 10ms (cache hit)
2576 silly packumentCache full:https://registry.npmjs.org/postcss set size:708244 disposed:false
2577 silly fetch manifest babel-plugin-react-compiler@^1.0.0
2578 silly packumentCache full:https://registry.npmjs.org/babel-plugin-react-compiler cache-miss
2579 http cache https://registry.npmjs.org/jsc-safe-url 12ms (cache hit)
2580 silly packumentCache full:https://registry.npmjs.org/jsc-safe-url set size:13143 disposed:false
2581 silly fetch manifest babel-plugin-react-native-web@~0.21.0
2582 silly packumentCache full:https://registry.npmjs.org/babel-plugin-react-native-web cache-miss
2583 http cache https://registry.npmjs.org/lightningcss 12ms (cache hit)
2584 silly packumentCache full:https://registry.npmjs.org/lightningcss set size:186753 disposed:false
2585 silly fetch manifest @babel/plugin-transform-runtime@^7.24.7
2586 silly packumentCache full:https://registry.npmjs.org/@babel%2fplugin-transform-runtime cache-miss
2587 http cache https://registry.npmjs.org/dotenv-expand 11ms (cache hit)
2588 silly packumentCache full:https://registry.npmjs.org/dotenv-expand set size:69432 disposed:false
2589 silly fetch manifest @babel/plugin-proposal-decorators@^7.12.9
2590 silly packumentCache full:https://registry.npmjs.org/@babel%2fplugin-proposal-decorators cache-miss
2591 http cache https://registry.npmjs.org/hermes-parser 10ms (cache hit)
2592 silly packumentCache full:https://registry.npmjs.org/hermes-parser set size:165055 disposed:false
2593 silly fetch manifest babel-plugin-syntax-hermes-parser@^0.29.1
2594 silly packumentCache full:https://registry.npmjs.org/babel-plugin-syntax-hermes-parser cache-hit
2595 silly fetch manifest babel-plugin-transform-flow-enums@^0.0.2
2596 silly packumentCache full:https://registry.npmjs.org/babel-plugin-transform-flow-enums cache-miss
2597 http cache https://registry.npmjs.org/@babel%2fpreset-react 11ms (cache hit)
2598 silly packumentCache full:https://registry.npmjs.org/@babel%2fpreset-react set size:250432 disposed:false
2599 silly fetch manifest @babel/plugin-transform-parameters@^7.24.7
2600 silly packumentCache full:https://registry.npmjs.org/@babel%2fplugin-transform-parameters cache-miss
2601 http cache https://registry.npmjs.org/babel-plugin-react-compiler 8ms (cache hit)
2602 silly packumentCache full:https://registry.npmjs.org/babel-plugin-react-compiler set size:1327155 disposed:false
2603 silly fetch manifest @babel/plugin-transform-private-methods@^7.24.7
2604 silly packumentCache full:https://registry.npmjs.org/@babel%2fplugin-transform-private-methods cache-miss
2605 http cache https://registry.npmjs.org/@react-native%2fbabel-preset 16ms (cache hit)
2606 silly packumentCache full:https://registry.npmjs.org/@react-native%2fbabel-preset set size:4080815 disposed:false
2607 silly fetch manifest @babel/plugin-syntax-export-default-from@^7.24.7
2608 silly packumentCache full:https://registry.npmjs.org/@babel%2fplugin-syntax-export-default-from cache-miss
2609 http cache https://registry.npmjs.org/@babel%2fplugin-transform-runtime 19ms (cache hit)
2610 silly packumentCache full:https://registry.npmjs.org/@babel%2fplugin-transform-runtime set size:451968 disposed:false
2611 silly fetch manifest @babel/plugin-transform-flow-strip-types@^7.25.2
2612 silly packumentCache full:https://registry.npmjs.org/@babel%2fplugin-transform-flow-strip-types cache-miss
2613 http cache https://registry.npmjs.org/babel-plugin-react-native-web 21ms (cache hit)
2614 silly packumentCache full:https://registry.npmjs.org/babel-plugin-react-native-web set size:325655 disposed:false
2615 silly fetch manifest @babel/plugin-transform-modules-commonjs@^7.24.8
2616 silly packumentCache full:https://registry.npmjs.org/@babel%2fplugin-transform-modules-commonjs cache-miss
2617 http cache https://registry.npmjs.org/babel-plugin-transform-flow-enums 19ms (cache hit)
2618 silly packumentCache full:https://registry.npmjs.org/babel-plugin-transform-flow-enums set size:8046 disposed:false
2619 silly fetch manifest @babel/plugin-proposal-export-default-from@^7.24.7
2620 silly packumentCache full:https://registry.npmjs.org/@babel%2fplugin-proposal-export-default-from cache-miss
2621 http cache https://registry.npmjs.org/@babel%2fplugin-proposal-decorators 21ms (cache hit)
2622 silly packumentCache full:https://registry.npmjs.org/@babel%2fplugin-proposal-decorators set size:370906 disposed:false
2623 silly fetch manifest @babel/plugin-transform-class-static-block@^7.27.1
2624 silly packumentCache full:https://registry.npmjs.org/@babel%2fplugin-transform-class-static-block cache-miss
2625 http cache https://registry.npmjs.org/@babel%2fplugin-transform-parameters 19ms (cache hit)
2626 silly packumentCache full:https://registry.npmjs.org/@babel%2fplugin-transform-parameters set size:269382 disposed:false
2627 silly fetch manifest @babel/plugin-transform-object-rest-spread@^7.24.7
2628 silly packumentCache full:https://registry.npmjs.org/@babel%2fplugin-transform-object-rest-spread cache-miss
2629 http cache https://registry.npmjs.org/@babel%2fplugin-syntax-export-default-from 7ms (cache hit)
2630 silly packumentCache full:https://registry.npmjs.org/@babel%2fplugin-syntax-export-default-from set size:182408 disposed:false
2631 silly fetch manifest @babel/plugin-transform-export-namespace-from@^7.25.9
2632 silly packumentCache full:https://registry.npmjs.org/@babel%2fplugin-transform-export-namespace-from cache-miss
2633 http cache https://registry.npmjs.org/@babel%2fplugin-transform-private-methods 18ms (cache hit)
2634 silly packumentCache full:https://registry.npmjs.org/@babel%2fplugin-transform-private-methods set size:78343 disposed:false
2635 silly fetch manifest @babel/plugin-transform-private-property-in-object@^7.24.7
2636 silly packumentCache full:https://registry.npmjs.org/@babel%2fplugin-transform-private-property-in-object cache-miss
2637 http cache https://registry.npmjs.org/@babel%2fplugin-transform-flow-strip-types 7ms (cache hit)
2638 silly packumentCache full:https://registry.npmjs.org/@babel%2fplugin-transform-flow-strip-types set size:241396 disposed:false
2639 silly fetch manifest commander@^7.2.0
2640 silly packumentCache full:https://registry.npmjs.org/commander cache-hit
2641 silly fetch manifest react-is@^18.0.0
2642 silly packumentCache full:https://registry.npmjs.org/react-is cache-miss
2643 http cache https://registry.npmjs.org/@babel%2fplugin-transform-modules-commonjs 7ms (cache hit)
2644 silly packumentCache full:https://registry.npmjs.org/@babel%2fplugin-transform-modules-commonjs set size:299727 disposed:false
2645 silly fetch manifest ansi-styles@^5.0.0
2646 silly packumentCache full:https://registry.npmjs.org/ansi-styles cache-hit
2647 silly fetch manifest @jest/schemas@^29.6.3
2648 silly packumentCache full:https://registry.npmjs.org/@jest%2fschemas cache-miss
2649 http cache https://registry.npmjs.org/@babel%2fplugin-transform-class-static-block 6ms (cache hit)
2650 silly packumentCache full:https://registry.npmjs.org/@babel%2fplugin-transform-class-static-block set size:95182 disposed:false
2651 silly fetch manifest buffer@^5.4.3
2652 silly packumentCache full:https://registry.npmjs.org/buffer cache-miss
2653 http cache https://registry.npmjs.org/@babel%2fplugin-proposal-export-default-from 9ms (cache hit)
2654 silly packumentCache full:https://registry.npmjs.org/@babel%2fplugin-proposal-export-default-from set size:204376 disposed:false
2655 silly fetch manifest punycode@^2.1.1
2656 silly packumentCache full:https://registry.npmjs.org/punycode cache-hit
2657 silly fetch manifest webidl-conversions@^5.0.0
2658 silly packumentCache full:https://registry.npmjs.org/webidl-conversions cache-miss
2659 http cache https://registry.npmjs.org/@babel%2fplugin-transform-object-rest-spread 7ms (cache hit)
2660 silly packumentCache full:https://registry.npmjs.org/@babel%2fplugin-transform-object-rest-spread set size:103914 disposed:false
2661 http cache https://registry.npmjs.org/@babel%2fplugin-transform-export-namespace-from 6ms (cache hit)
2662 silly packumentCache full:https://registry.npmjs.org/@babel%2fplugin-transform-export-namespace-from set size:79709 disposed:false
2663 http cache https://registry.npmjs.org/@babel%2fplugin-transform-private-property-in-object 6ms (cache hit)
2664 silly packumentCache full:https://registry.npmjs.org/@babel%2fplugin-transform-private-property-in-object set size:90853 disposed:false
2665 http cache https://registry.npmjs.org/react-is 9ms (cache hit)
2666 silly packumentCache full:https://registry.npmjs.org/react-is set size:5352319 disposed:false
2667 http cache https://registry.npmjs.org/@jest%2fschemas 23ms (cache hit)
2668 silly packumentCache full:https://registry.npmjs.org/@jest%2fschemas set size:68580 disposed:false
2669 http cache https://registry.npmjs.org/webidl-conversions 21ms (cache hit)
2670 silly packumentCache full:https://registry.npmjs.org/webidl-conversions set size:46073 disposed:false
2671 http cache https://registry.npmjs.org/buffer 23ms (cache hit)
2672 silly packumentCache full:https://registry.npmjs.org/buffer set size:280480 disposed:false
2673 silly placeDep node_modules/@expo/config @babel/code-frame@7.10.4 OK for: @expo/config@12.0.13 want: ~7.10.4
2674 silly placeDep ROOT @expo/config-types@54.0.10 OK for: @expo/config@12.0.13 want: ^54.0.10
2675 silly placeDep ROOT @expo/json-file@10.0.13 OK for: @expo/config@12.0.13 want: ^10.0.8
2676 silly placeDep ROOT deepmerge@4.3.1 OK for: @expo/config@12.0.13 want: ^4.3.1
2677 silly placeDep ROOT getenv@2.0.0 OK for: @expo/config@12.0.13 want: ^2.0.0
2678 silly placeDep ROOT glob@13.0.6 OK for: @expo/config@12.0.13 want: ^13.0.0
2679 silly placeDep ROOT require-from-string@2.0.2 OK for: @expo/config@12.0.13 want: ^2.0.2
2680 silly placeDep ROOT resolve-from@5.0.0 OK for: @expo/config@12.0.13 want: ^5.0.0
2681 silly placeDep ROOT resolve-workspace-root@2.0.1 OK for: @expo/config@12.0.13 want: ^2.0.0
2682 silly placeDep node_modules/@expo/config semver@7.7.4 OK for: @expo/config@12.0.13 want: ^7.6.0
2683 silly placeDep ROOT slugify@1.6.9 OK for: @expo/config@12.0.13 want: ^1.3.4
2684 silly placeDep ROOT sucrase@3.35.1 OK for: @expo/config@12.0.13 want: ~3.35.1
2685 silly fetch manifest @babel/highlight@^7.10.4
2686 silly packumentCache full:https://registry.npmjs.org/@babel%2fhighlight cache-miss
2687 silly fetch manifest minipass@^7.1.3
2688 silly packumentCache full:https://registry.npmjs.org/minipass cache-miss
2689 silly fetch manifest path-scurry@^2.0.2
2690 silly packumentCache full:https://registry.npmjs.org/path-scurry cache-miss
2691 silly fetch manifest commander@^4.0.0
2692 silly packumentCache full:https://registry.npmjs.org/commander cache-hit
2693 silly fetch manifest lines-and-columns@^1.1.6
2694 silly packumentCache full:https://registry.npmjs.org/lines-and-columns cache-miss
2695 silly fetch manifest mz@^2.7.0
2696 silly packumentCache full:https://registry.npmjs.org/mz cache-miss
2697 silly fetch manifest pirates@^4.0.1
2698 silly packumentCache full:https://registry.npmjs.org/pirates cache-miss
2699 silly fetch manifest ts-interface-checker@^0.1.9
2700 silly packumentCache full:https://registry.npmjs.org/ts-interface-checker cache-miss
2701 http cache https://registry.npmjs.org/pirates 1ms (cache hit)
2702 silly packumentCache full:https://registry.npmjs.org/pirates set size:51327 disposed:false
2703 http cache https://registry.npmjs.org/@babel%2fhighlight 3ms (cache hit)
2704 silly packumentCache full:https://registry.npmjs.org/@babel%2fhighlight set size:154219 disposed:false
2705 http cache https://registry.npmjs.org/path-scurry 4ms (cache hit)
2706 silly packumentCache full:https://registry.npmjs.org/path-scurry set size:117612 disposed:false
2707 http cache https://registry.npmjs.org/mz 4ms (cache hit)
2708 silly packumentCache full:https://registry.npmjs.org/mz set size:42731 disposed:false
2709 http cache https://registry.npmjs.org/lines-and-columns 5ms (cache hit)
2710 silly packumentCache full:https://registry.npmjs.org/lines-and-columns set size:73796 disposed:false
2711 http cache https://registry.npmjs.org/minipass 5ms (cache hit)
2712 silly packumentCache full:https://registry.npmjs.org/minipass set size:276925 disposed:false
2713 http cache https://registry.npmjs.org/ts-interface-checker 5ms (cache hit)
2714 silly packumentCache full:https://registry.npmjs.org/ts-interface-checker set size:58946 disposed:false
2715 silly placeDep ROOT @expo/plist@0.4.8 OK for: @expo/config-plugins@54.0.4 want: ^0.4.8
2716 silly placeDep ROOT @expo/sdk-runtime-versions@1.0.0 OK for: @expo/config-plugins@54.0.4 want: ^1.0.0
2717 silly placeDep node_modules/@expo/config-plugins semver@7.7.4 OK for: @expo/config-plugins@54.0.4 want: ^7.5.4
2718 silly placeDep ROOT slash@3.0.0 OK for: @expo/config-plugins@54.0.4 want: ^3.0.0
2719 silly placeDep ROOT xcode@3.0.1 OK for: @expo/config-plugins@54.0.4 want: ^3.0.1
2720 silly placeDep ROOT xml2js@0.6.0 OK for: @expo/config-plugins@54.0.4 want: 0.6.0
2721 silly fetch manifest base64-js@^1.2.3
2722 silly packumentCache full:https://registry.npmjs.org/base64-js cache-hit
2723 silly fetch manifest xmlbuilder@^15.1.1
2724 silly packumentCache full:https://registry.npmjs.org/xmlbuilder cache-miss
2725 silly fetch manifest @xmldom/xmldom@^0.8.8
2726 silly packumentCache full:https://registry.npmjs.org/@xmldom%2fxmldom cache-miss
2727 silly fetch manifest uuid@^7.0.3
2728 silly packumentCache full:https://registry.npmjs.org/uuid cache-miss
2729 silly fetch manifest simple-plist@^1.1.0
2730 silly packumentCache full:https://registry.npmjs.org/simple-plist cache-miss
2731 silly fetch manifest sax@>=0.6.0
2732 silly packumentCache full:https://registry.npmjs.org/sax cache-miss
2733 silly fetch manifest xmlbuilder@~11.0.0
2734 silly packumentCache full:https://registry.npmjs.org/xmlbuilder cache-miss
2735 http cache https://registry.npmjs.org/xmlbuilder 2ms (cache hit)
2736 silly packumentCache full:https://registry.npmjs.org/xmlbuilder set size:158707 disposed:false
2737 http cache https://registry.npmjs.org/@xmldom%2fxmldom 2ms (cache hit)
2738 silly packumentCache full:https://registry.npmjs.org/@xmldom%2fxmldom set size:166253 disposed:false
2739 http cache https://registry.npmjs.org/uuid 3ms (cache hit)
2740 silly packumentCache full:https://registry.npmjs.org/uuid set size:224608 disposed:false
2741 http cache https://registry.npmjs.org/simple-plist 5ms (cache hit)
2742 silly packumentCache full:https://registry.npmjs.org/simple-plist set size:46135 disposed:false
2743 http cache https://registry.npmjs.org/sax 5ms (cache hit)
2744 silly packumentCache full:https://registry.npmjs.org/sax set size:91199 disposed:false
2745 http cache https://registry.npmjs.org/xmlbuilder 6ms (cache hit)
2746 silly packumentCache full:https://registry.npmjs.org/xmlbuilder set size:158707 disposed:false
2747 silly packumentCache full:https://registry.npmjs.org/xmlbuilder dispose
2748 silly placeDep ROOT @expo/spawn-async@1.7.2 OK for: @expo/fingerprint@0.15.4 want: ^1.7.2
2749 silly placeDep ROOT arg@5.0.2 OK for: @expo/fingerprint@0.15.4 want: ^5.0.2
2750 silly placeDep node_modules/@expo/fingerprint minimatch@9.0.9 OK for: @expo/fingerprint@0.15.4 want: ^9.0.0
2751 silly placeDep ROOT p-limit@3.1.0 OK for: @expo/fingerprint@0.15.4 want: ^3.1.0
2752 silly placeDep node_modules/@expo/fingerprint semver@7.7.4 OK for: @expo/fingerprint@0.15.4 want: ^7.6.0
2753 silly fetch manifest brace-expansion@^2.0.2
2754 silly packumentCache full:https://registry.npmjs.org/brace-expansion cache-hit
2755 silly fetch manifest yocto-queue@^0.1.0
2756 silly packumentCache full:https://registry.npmjs.org/yocto-queue cache-miss
2757 http cache https://registry.npmjs.org/yocto-queue 4ms (cache hit)
2758 silly packumentCache full:https://registry.npmjs.org/yocto-queue set size:20256 disposed:false
2759 silly placeDep ROOT metro@0.83.3 OK for: @expo/metro@54.2.0 want: 0.83.3
2760 silly placeDep ROOT metro-babel-transformer@0.83.3 OK for: @expo/metro@54.2.0 want: 0.83.3
2761 silly placeDep ROOT metro-cache@0.83.3 OK for: @expo/metro@54.2.0 want: 0.83.3
2762 silly placeDep ROOT metro-cache-key@0.83.3 OK for: @expo/metro@54.2.0 want: 0.83.3
2763 silly placeDep ROOT metro-config@0.83.3 OK for: @expo/metro@54.2.0 want: 0.83.3
2764 silly placeDep ROOT metro-core@0.83.3 OK for: @expo/metro@54.2.0 want: 0.83.3
2765 silly placeDep ROOT metro-file-map@0.83.3 OK for: @expo/metro@54.2.0 want: 0.83.3
2766 silly placeDep ROOT metro-minify-terser@0.83.3 OK for: @expo/metro@54.2.0 want: 0.83.3
2767 silly placeDep ROOT metro-resolver@0.83.3 OK for: @expo/metro@54.2.0 want: 0.83.3
2768 silly placeDep ROOT metro-runtime@0.83.3 OK for: @expo/metro@54.2.0 want: 0.83.3
2769 silly placeDep ROOT metro-source-map@0.83.3 OK for: @expo/metro@54.2.0 want: 0.83.3
2770 silly placeDep ROOT metro-symbolicate@0.83.3 OK for: @expo/metro@54.2.0 want: 0.83.3
2771 silly placeDep ROOT metro-transform-plugins@0.83.3 OK for: @expo/metro@54.2.0 want: 0.83.3
2772 silly placeDep ROOT metro-transform-worker@0.83.3 OK for: @expo/metro@54.2.0 want: 0.83.3
2773 silly fetch manifest ws@^7.5.10
2774 silly packumentCache full:https://registry.npmjs.org/ws cache-hit
2775 silly fetch manifest throat@^5.0.0
2776 silly packumentCache full:https://registry.npmjs.org/throat cache-miss
2777 silly fetch manifest accepts@^1.3.7
2778 silly packumentCache full:https://registry.npmjs.org/accepts cache-hit
2779 silly fetch manifest ci-info@^2.0.0
2780 silly packumentCache full:https://registry.npmjs.org/ci-info cache-hit
2781 silly fetch manifest connect@^3.6.5
2782 silly packumentCache full:https://registry.npmjs.org/connect cache-hit
2783 silly fetch manifest image-size@^1.0.2
2784 silly packumentCache full:https://registry.npmjs.org/image-size cache-miss
2785 silly fetch manifest mime-types@^2.1.27
2786 silly packumentCache full:https://registry.npmjs.org/mime-types cache-miss
2787 silly fetch manifest source-map@^0.5.6
2788 silly packumentCache full:https://registry.npmjs.org/source-map cache-miss
2789 silly fetch manifest graceful-fs@^4.2.4
2790 silly packumentCache full:https://registry.npmjs.org/graceful-fs cache-miss
2791 silly fetch manifest jest-worker@^29.7.0
2792 silly packumentCache full:https://registry.npmjs.org/jest-worker cache-miss
2793 silly fetch manifest jsc-safe-url@^0.2.2
2794 silly packumentCache full:https://registry.npmjs.org/jsc-safe-url cache-hit
2795 silly fetch manifest hermes-parser@0.32.0
2796 silly packumentCache full:https://registry.npmjs.org/hermes-parser cache-hit
2797 silly fetch manifest lodash.throttle@^4.1.1
2798 silly packumentCache full:https://registry.npmjs.org/lodash.throttle cache-miss
2799 http cache https://registry.npmjs.org/image-size 3ms (cache hit)
2800 silly packumentCache full:https://registry.npmjs.org/image-size set size:155542 disposed:false
2801 silly fetch manifest serialize-error@^2.1.0
2802 silly packumentCache full:https://registry.npmjs.org/serialize-error cache-miss
2803 http cache https://registry.npmjs.org/mime-types 4ms (cache hit)
2804 silly packumentCache full:https://registry.npmjs.org/mime-types set size:139110 disposed:false
2805 silly fetch manifest error-stack-parser@^2.0.6
2806 silly packumentCache full:https://registry.npmjs.org/error-stack-parser cache-miss
2807 http cache https://registry.npmjs.org/lodash.throttle 4ms (cache hit)
2808 silly packumentCache full:https://registry.npmjs.org/lodash.throttle set size:32799 disposed:false
2809 silly fetch manifest https-proxy-agent@^7.0.5
2810 silly packumentCache full:https://registry.npmjs.org/https-proxy-agent cache-miss
2811 http cache https://registry.npmjs.org/jest-worker 6ms (cache hit)
2812 silly packumentCache full:https://registry.npmjs.org/jest-worker set size:462624 disposed:false
2813 silly fetch manifest exponential-backoff@^3.1.1
2814 silly packumentCache full:https://registry.npmjs.org/exponential-backoff cache-miss
2815 http cache https://registry.npmjs.org/source-map 8ms (cache hit)
2816 silly packumentCache full:https://registry.npmjs.org/source-map set size:226141 disposed:false
2817 silly fetch manifest yaml@^2.6.1
2818 silly packumentCache full:https://registry.npmjs.org/yaml cache-miss
2819 http cache https://registry.npmjs.org/throat 10ms (cache hit)
2820 silly packumentCache full:https://registry.npmjs.org/throat set size:31052 disposed:false
2821 silly fetch manifest jest-validate@^29.7.0
2822 silly packumentCache full:https://registry.npmjs.org/jest-validate cache-miss
2823 http cache https://registry.npmjs.org/graceful-fs 9ms (cache hit)
2824 silly packumentCache full:https://registry.npmjs.org/graceful-fs set size:124285 disposed:false
2825 silly fetch manifest walker@^1.0.7
2826 silly packumentCache full:https://registry.npmjs.org/walker cache-miss
2827 http cache https://registry.npmjs.org/https-proxy-agent 6ms (cache hit)
2828 silly packumentCache full:https://registry.npmjs.org/https-proxy-agent set size:81258 disposed:false
2829 silly fetch manifest micromatch@^4.0.4
2830 silly packumentCache full:https://registry.npmjs.org/micromatch cache-miss
2831 http cache https://registry.npmjs.org/serialize-error 9ms (cache hit)
2832 silly packumentCache full:https://registry.npmjs.org/serialize-error set size:64056 disposed:false
2833 silly fetch manifest fb-watchman@^2.0.0
2834 silly packumentCache full:https://registry.npmjs.org/fb-watchman cache-miss
2835 http cache https://registry.npmjs.org/jest-validate 5ms (cache hit)
2836 silly packumentCache full:https://registry.npmjs.org/jest-validate set size:564124 disposed:false
2837 silly fetch manifest terser@^5.15.0
2838 silly packumentCache full:https://registry.npmjs.org/terser cache-miss
2839 http cache https://registry.npmjs.org/error-stack-parser 11ms (cache hit)
2840 silly packumentCache full:https://registry.npmjs.org/error-stack-parser set size:89379 disposed:false
2841 silly fetch manifest ob1@0.83.3
2842 silly packumentCache full:https://registry.npmjs.org/ob1 cache-miss
2843 http cache https://registry.npmjs.org/walker 6ms (cache hit)
2844 silly packumentCache full:https://registry.npmjs.org/walker set size:16077 disposed:false
2845 silly fetch manifest vlq@^1.0.0
2846 silly packumentCache full:https://registry.npmjs.org/vlq cache-miss
2847 http cache https://registry.npmjs.org/yaml 8ms (cache hit)
2848 silly packumentCache full:https://registry.npmjs.org/yaml set size:375230 disposed:false
2849 silly fetch manifest @babel/traverse--for-generate-function-map@npm:@babel/traverse@^7.25.3
2850 silly packumentCache full:https://registry.npmjs.org/@babel%2ftraverse cache-hit
2851 silly fetch manifest vlq@^1.0.0
2852 silly packumentCache full:https://registry.npmjs.org/vlq cache-miss
2853 http cache https://registry.npmjs.org/exponential-backoff 12ms (cache hit)
2854 silly packumentCache full:https://registry.npmjs.org/exponential-backoff set size:56105 disposed:false
2855 http cache https://registry.npmjs.org/vlq 4ms (cache hit)
2856 silly packumentCache full:https://registry.npmjs.org/vlq set size:23110 disposed:false
2857 http cache https://registry.npmjs.org/fb-watchman 8ms (cache hit)
2858 silly packumentCache full:https://registry.npmjs.org/fb-watchman set size:28099 disposed:false
2859 http cache https://registry.npmjs.org/vlq 3ms (cache hit)
2860 silly packumentCache full:https://registry.npmjs.org/vlq set size:23110 disposed:false
2861 silly packumentCache full:https://registry.npmjs.org/vlq dispose
2862 http cache https://registry.npmjs.org/micromatch 8ms (cache hit)
2863 silly packumentCache full:https://registry.npmjs.org/micromatch set size:240630 disposed:false
2864 http cache https://registry.npmjs.org/terser 8ms (cache hit)
2865 silly packumentCache full:https://registry.npmjs.org/terser set size:789927 disposed:false
2866 http cache https://registry.npmjs.org/ob1 10ms (cache hit)
2867 silly packumentCache full:https://registry.npmjs.org/ob1 set size:217786 disposed:false
2868 silly placeDep ROOT @expo/env@2.0.11 OK for: @expo/metro-config@54.0.14 want: ~2.0.8
2869 silly placeDep ROOT dotenv@16.4.7 OK for: @expo/metro-config@54.0.14 want: ~16.4.5
2870 silly placeDep ROOT dotenv-expand@11.0.7 OK for: @expo/metro-config@54.0.14 want: ~11.0.6
2871 silly placeDep ROOT hermes-parser@0.29.1 OK for: @expo/metro-config@54.0.14 want: ^0.29.1
2872 silly placeDep ROOT jsc-safe-url@0.2.4 OK for: @expo/metro-config@54.0.14 want: ^0.2.4
2873 silly placeDep ROOT lightningcss@1.32.0 OK for: @expo/metro-config@54.0.14 want: ^1.30.1
2874 silly placeDep node_modules/@expo/metro-config minimatch@9.0.9 OK for: @expo/metro-config@54.0.14 want: ^9.0.0
2875 silly placeDep ROOT postcss@8.4.49 OK for: @expo/metro-config@54.0.14 want: ~8.4.32
2876 silly fetch manifest hermes-estree@0.29.1
2877 silly packumentCache full:https://registry.npmjs.org/hermes-estree cache-miss
2878 silly fetch manifest detect-libc@^2.0.3
2879 silly packumentCache full:https://registry.npmjs.org/detect-libc cache-miss
2880 silly fetch manifest lightningcss-darwin-x64@1.32.0
2881 silly packumentCache full:https://registry.npmjs.org/lightningcss-darwin-x64 cache-miss
2882 silly fetch manifest lightningcss-linux-x64-gnu@1.32.0
2883 silly packumentCache full:https://registry.npmjs.org/lightningcss-linux-x64-gnu cache-miss
2884 silly fetch manifest lightningcss-win32-x64-msvc@1.32.0
2885 silly packumentCache full:https://registry.npmjs.org/lightningcss-win32-x64-msvc cache-miss
2886 silly fetch manifest lightningcss-win32-arm64-msvc@1.32.0
2887 silly packumentCache full:https://registry.npmjs.org/lightningcss-win32-arm64-msvc cache-miss
2888 silly fetch manifest lightningcss-darwin-arm64@1.32.0
2889 silly packumentCache full:https://registry.npmjs.org/lightningcss-darwin-arm64 cache-miss
2890 http cache https://registry.npmjs.org/lightningcss-win32-arm64-msvc 2ms (cache hit)
2891 silly packumentCache full:https://registry.npmjs.org/lightningcss-win32-arm64-msvc set size:26629 disposed:false
2892 silly fetch manifest lightningcss-linux-arm64-gnu@1.32.0
2893 silly packumentCache full:https://registry.npmjs.org/lightningcss-linux-arm64-gnu cache-miss
2894 http cache https://registry.npmjs.org/lightningcss-darwin-x64 3ms (cache hit)
2895 silly packumentCache full:https://registry.npmjs.org/lightningcss-darwin-x64 set size:78694 disposed:false
2896 silly fetch manifest lightningcss-linux-arm-gnueabihf@1.32.0
2897 silly packumentCache full:https://registry.npmjs.org/lightningcss-linux-arm-gnueabihf cache-miss
2898 http cache https://registry.npmjs.org/hermes-estree 3ms (cache hit)
2899 silly packumentCache full:https://registry.npmjs.org/hermes-estree set size:125711 disposed:false
2900 silly fetch manifest lightningcss-linux-arm64-musl@1.32.0
2901 silly packumentCache full:https://registry.npmjs.org/lightningcss-linux-arm64-musl cache-miss
2902 http cache https://registry.npmjs.org/lightningcss-darwin-arm64 4ms (cache hit)
2903 silly packumentCache full:https://registry.npmjs.org/lightningcss-darwin-arm64 set size:79276 disposed:false
2904 silly fetch manifest lightningcss-linux-x64-musl@1.32.0
2905 silly packumentCache full:https://registry.npmjs.org/lightningcss-linux-x64-musl cache-miss
2906 http cache https://registry.npmjs.org/lightningcss-win32-x64-msvc 4ms (cache hit)
2907 silly packumentCache full:https://registry.npmjs.org/lightningcss-win32-x64-msvc set size:79645 disposed:false
2908 silly fetch manifest lightningcss-freebsd-x64@1.32.0
2909 silly packumentCache full:https://registry.npmjs.org/lightningcss-freebsd-x64 cache-miss
2910 http cache https://registry.npmjs.org/lightningcss-linux-x64-gnu 4ms (cache hit)
2911 silly packumentCache full:https://registry.npmjs.org/lightningcss-linux-x64-gnu set size:80105 disposed:false
2912 silly fetch manifest lightningcss-android-arm64@1.32.0
2913 silly packumentCache full:https://registry.npmjs.org/lightningcss-android-arm64 cache-miss
2914 http cache https://registry.npmjs.org/detect-libc 5ms (cache hit)
2915 silly packumentCache full:https://registry.npmjs.org/detect-libc set size:47861 disposed:false
2916 silly fetch manifest source-map-js@^1.2.1
2917 silly packumentCache full:https://registry.npmjs.org/source-map-js cache-miss
2918 http cache https://registry.npmjs.org/lightningcss-linux-arm64-gnu 5ms (cache hit)
2919 silly packumentCache full:https://registry.npmjs.org/lightningcss-linux-arm64-gnu set size:80669 disposed:false
2920 http cache https://registry.npmjs.org/lightningcss-linux-arm-gnueabihf 4ms (cache hit)
2921 silly packumentCache full:https://registry.npmjs.org/lightningcss-linux-arm-gnueabihf set size:80903 disposed:false
2922 http cache https://registry.npmjs.org/source-map-js 3ms (cache hit)
2923 silly packumentCache full:https://registry.npmjs.org/source-map-js set size:62640 disposed:false
2924 http cache https://registry.npmjs.org/lightningcss-freebsd-x64 4ms (cache hit)
2925 silly packumentCache full:https://registry.npmjs.org/lightningcss-freebsd-x64 set size:42877 disposed:false
2926 http cache https://registry.npmjs.org/lightningcss-linux-arm64-musl 4ms (cache hit)
2927 silly packumentCache full:https://registry.npmjs.org/lightningcss-linux-arm64-musl set size:80887 disposed:false
2928 http cache https://registry.npmjs.org/lightningcss-android-arm64 4ms (cache hit)
2929 silly packumentCache full:https://registry.npmjs.org/lightningcss-android-arm64 set size:7671 disposed:false
2930 http cache https://registry.npmjs.org/lightningcss-linux-x64-musl 5ms (cache hit)
2931 silly packumentCache full:https://registry.npmjs.org/lightningcss-linux-x64-musl set size:80313 disposed:false
2932 silly placeDep ROOT @xmldom/xmldom@0.8.13 OK for: @expo/plist@0.4.8 want: ^0.8.8
2933 silly placeDep ROOT base64-js@1.5.1 OK for: @expo/plist@0.4.8 want: ^1.2.3
2934 silly placeDep ROOT xmlbuilder@15.1.1 OK for: @expo/plist@0.4.8 want: ^15.1.1
2935 silly fetch manifest @babel/core@^7.12.0
2936 silly packumentCache full:https://registry.npmjs.org/@babel%2fcore cache-hit
2937 silly placeDep ROOT @babel/plugin-proposal-decorators@7.29.0 OK for: babel-preset-expo@54.0.10 want: ^7.12.9
2938 silly placeDep ROOT @babel/plugin-proposal-export-default-from@7.27.1 OK for: babel-preset-expo@54.0.10 want: ^7.24.7
2939 silly placeDep ROOT @babel/plugin-syntax-export-default-from@7.28.6 OK for: babel-preset-expo@54.0.10 want: ^7.24.7
2940 silly placeDep ROOT @babel/plugin-transform-class-static-block@7.28.6 OK for: babel-preset-expo@54.0.10 want: ^7.27.1
2941 silly placeDep ROOT @babel/plugin-transform-export-namespace-from@7.27.1 OK for: babel-preset-expo@54.0.10 want: ^7.25.9
2942 silly placeDep ROOT @babel/plugin-transform-flow-strip-types@7.27.1 OK for: babel-preset-expo@54.0.10 want: ^7.25.2
2943 silly placeDep ROOT @babel/plugin-transform-modules-commonjs@7.28.6 OK for: babel-preset-expo@54.0.10 want: ^7.24.8
2944 silly placeDep ROOT @babel/plugin-transform-object-rest-spread@7.28.6 OK for: babel-preset-expo@54.0.10 want: ^7.24.7
2945 silly placeDep ROOT @babel/plugin-transform-parameters@7.27.7 OK for: babel-preset-expo@54.0.10 want: ^7.24.7
2946 silly placeDep ROOT @babel/plugin-transform-private-methods@7.28.6 OK for: babel-preset-expo@54.0.10 want: ^7.24.7
2947 silly placeDep ROOT @babel/plugin-transform-private-property-in-object@7.28.6 OK for: babel-preset-expo@54.0.10 want: ^7.24.7
2948 silly placeDep ROOT @babel/plugin-transform-runtime@7.29.0 OK for: babel-preset-expo@54.0.10 want: ^7.24.7
2949 silly placeDep ROOT @babel/preset-react@7.28.5 OK for: babel-preset-expo@54.0.10 want: ^7.22.15
2950 silly placeDep ROOT @babel/preset-typescript@7.28.5 OK for: babel-preset-expo@54.0.10 want: ^7.23.0
2951 silly placeDep ROOT @react-native/babel-preset@0.81.5 OK for: babel-preset-expo@54.0.10 want: 0.81.5
2952 silly placeDep ROOT babel-plugin-react-compiler@1.0.0 OK for: babel-preset-expo@54.0.10 want: ^1.0.0
2953 silly placeDep ROOT babel-plugin-react-native-web@0.21.2 OK for: babel-preset-expo@54.0.10 want: ~0.21.0
2954 silly placeDep ROOT babel-plugin-syntax-hermes-parser@0.29.1 OK for: babel-preset-expo@54.0.10 want: ^0.29.1
2955 silly placeDep ROOT babel-plugin-transform-flow-enums@0.0.2 OK for: babel-preset-expo@54.0.10 want: ^0.0.2
2956 silly fetch manifest @babel/helper-plugin-utils@^7.28.6
2957 silly packumentCache full:https://registry.npmjs.org/@babel%2fhelper-plugin-utils cache-miss
2958 silly fetch manifest @babel/plugin-syntax-decorators@^7.28.6
2959 silly packumentCache full:https://registry.npmjs.org/@babel%2fplugin-syntax-decorators cache-miss
2960 silly fetch manifest @babel/helper-create-class-features-plugin@^7.28.6
2961 silly packumentCache full:https://registry.npmjs.org/@babel%2fhelper-create-class-features-plugin cache-miss
2962 silly fetch manifest @babel/helper-plugin-utils@^7.27.1
2963 silly packumentCache full:https://registry.npmjs.org/@babel%2fhelper-plugin-utils cache-miss
2964 silly fetch manifest @babel/helper-plugin-utils@^7.28.6
2965 silly packumentCache full:https://registry.npmjs.org/@babel%2fhelper-plugin-utils cache-miss
2966 silly fetch manifest @babel/helper-plugin-utils@^7.28.6
2967 silly packumentCache full:https://registry.npmjs.org/@babel%2fhelper-plugin-utils cache-miss
2968 silly fetch manifest @babel/helper-create-class-features-plugin@^7.28.6
2969 silly packumentCache full:https://registry.npmjs.org/@babel%2fhelper-create-class-features-plugin cache-miss
2970 http cache https://registry.npmjs.org/@babel%2fhelper-plugin-utils 2ms (cache hit)
2971 silly packumentCache full:https://registry.npmjs.org/@babel%2fhelper-plugin-utils set size:163951 disposed:false
2972 silly fetch manifest @babel/helper-plugin-utils@^7.27.1
2973 silly packumentCache full:https://registry.npmjs.org/@babel%2fhelper-plugin-utils cache-hit
2974 silly fetch manifest @babel/plugin-syntax-flow@^7.27.1
2975 silly packumentCache full:https://registry.npmjs.org/@babel%2fplugin-syntax-flow cache-miss
2976 http cache https://registry.npmjs.org/@babel%2fhelper-plugin-utils 3ms (cache hit)
2977 silly packumentCache full:https://registry.npmjs.org/@babel%2fhelper-plugin-utils set size:163951 disposed:false
2978 silly packumentCache full:https://registry.npmjs.org/@babel%2fhelper-plugin-utils dispose
2979 silly fetch manifest @babel/plugin-transform-parameters@^7.27.7
2980 silly packumentCache full:https://registry.npmjs.org/@babel%2fplugin-transform-parameters cache-hit
2981 silly fetch manifest @babel/plugin-transform-destructuring@^7.28.5
2982 silly packumentCache full:https://registry.npmjs.org/@babel%2fplugin-transform-destructuring cache-miss
2983 http cache https://registry.npmjs.org/@babel%2fhelper-plugin-utils 4ms (cache hit)
2984 silly packumentCache full:https://registry.npmjs.org/@babel%2fhelper-plugin-utils set size:163951 disposed:true
2985 silly packumentCache full:https://registry.npmjs.org/@babel%2fhelper-plugin-utils dispose
2986 silly fetch manifest @babel/helper-create-class-features-plugin@^7.28.6
2987 silly packumentCache full:https://registry.npmjs.org/@babel%2fhelper-create-class-features-plugin cache-miss
2988 http cache https://registry.npmjs.org/@babel%2fhelper-plugin-utils 5ms (cache hit)
2989 silly packumentCache full:https://registry.npmjs.org/@babel%2fhelper-plugin-utils set size:163951 disposed:true
2990 silly packumentCache full:https://registry.npmjs.org/@babel%2fhelper-plugin-utils dispose
2991 silly fetch manifest @babel/helper-annotate-as-pure@^7.27.3
2992 silly packumentCache full:https://registry.npmjs.org/@babel%2fhelper-annotate-as-pure cache-miss
2993 http cache https://registry.npmjs.org/@babel%2fplugin-syntax-decorators 6ms (cache hit)
2994 silly packumentCache full:https://registry.npmjs.org/@babel%2fplugin-syntax-decorators set size:203546 disposed:false
2995 silly fetch manifest @babel/helper-create-class-features-plugin@^7.28.6
2996 silly packumentCache full:https://registry.npmjs.org/@babel%2fhelper-create-class-features-plugin cache-miss
2997 http cache https://registry.npmjs.org/@babel%2fhelper-create-class-features-plugin 7ms (cache hit)
2998 silly packumentCache full:https://registry.npmjs.org/@babel%2fhelper-create-class-features-plugin set size:365053 disposed:false
2999 silly fetch manifest babel-plugin-polyfill-corejs2@^0.4.14
3000 silly packumentCache full:https://registry.npmjs.org/babel-plugin-polyfill-corejs2 cache-miss
3001 http cache https://registry.npmjs.org/@babel%2fhelper-create-class-features-plugin 8ms (cache hit)
3002 silly packumentCache full:https://registry.npmjs.org/@babel%2fhelper-create-class-features-plugin set size:365053 disposed:false
3003 silly packumentCache full:https://registry.npmjs.org/@babel%2fhelper-create-class-features-plugin dispose
3004 silly fetch manifest babel-plugin-polyfill-corejs3@^0.13.0
3005 silly packumentCache full:https://registry.npmjs.org/babel-plugin-polyfill-corejs3 cache-miss
3006 http cache https://registry.npmjs.org/@babel%2fhelper-create-class-features-plugin 10ms (cache hit)
3007 silly packumentCache full:https://registry.npmjs.org/@babel%2fhelper-create-class-features-plugin set size:365053 disposed:true
3008 silly packumentCache full:https://registry.npmjs.org/@babel%2fhelper-create-class-features-plugin dispose
3009 silly fetch manifest babel-plugin-polyfill-regenerator@^0.6.5
3010 silly packumentCache full:https://registry.npmjs.org/babel-plugin-polyfill-regenerator cache-miss
3011 http cache https://registry.npmjs.org/@babel%2fplugin-syntax-flow 13ms (cache hit)
3012 silly packumentCache full:https://registry.npmjs.org/@babel%2fplugin-syntax-flow set size:188912 disposed:false
3013 silly fetch manifest @babel/plugin-transform-react-jsx@^7.27.1
3014 silly packumentCache full:https://registry.npmjs.org/@babel%2fplugin-transform-react-jsx cache-miss
3015 http cache https://registry.npmjs.org/@babel%2fplugin-transform-destructuring 13ms (cache hit)
3016 silly packumentCache full:https://registry.npmjs.org/@babel%2fplugin-transform-destructuring set size:288677 disposed:false
3017 silly fetch manifest @babel/plugin-transform-react-display-name@^7.28.0
3018 silly packumentCache full:https://registry.npmjs.org/@babel%2fplugin-transform-react-display-name cache-miss
3019 http cache https://registry.npmjs.org/@babel%2fhelper-create-class-features-plugin 11ms (cache hit)
3020 silly packumentCache full:https://registry.npmjs.org/@babel%2fhelper-create-class-features-plugin set size:365053 disposed:true
3021 silly packumentCache full:https://registry.npmjs.org/@babel%2fhelper-create-class-features-plugin dispose
3022 silly fetch manifest @babel/plugin-transform-react-jsx-development@^7.27.1
3023 silly packumentCache full:https://registry.npmjs.org/@babel%2fplugin-transform-react-jsx-development cache-miss
3024 http cache https://registry.npmjs.org/babel-plugin-polyfill-corejs3 11ms (cache hit)
3025 silly packumentCache full:https://registry.npmjs.org/babel-plugin-polyfill-corejs3 set size:150424 disposed:false
3026 silly fetch manifest @babel/plugin-transform-react-pure-annotations@^7.27.1
3027 silly packumentCache full:https://registry.npmjs.org/@babel%2fplugin-transform-react-pure-annotations cache-miss
3028 http cache https://registry.npmjs.org/@babel%2fhelper-annotate-as-pure 15ms (cache hit)
3029 silly packumentCache full:https://registry.npmjs.org/@babel%2fhelper-annotate-as-pure set size:171595 disposed:false
3030 silly fetch manifest @babel/plugin-syntax-jsx@^7.27.1
3031 silly packumentCache full:https://registry.npmjs.org/@babel%2fplugin-syntax-jsx cache-miss
3032 http cache https://registry.npmjs.org/babel-plugin-polyfill-corejs2 13ms (cache hit)
3033 silly packumentCache full:https://registry.npmjs.org/babel-plugin-polyfill-corejs2 set size:116417 disposed:false
3034 silly fetch manifest @babel/plugin-transform-typescript@^7.28.5
3035 silly packumentCache full:https://registry.npmjs.org/@babel%2fplugin-transform-typescript cache-miss
3036 http cache https://registry.npmjs.org/babel-plugin-polyfill-regenerator 7ms (cache hit)
3037 silly packumentCache full:https://registry.npmjs.org/babel-plugin-polyfill-regenerator set size:98875 disposed:false
3038 silly fetch manifest @babel/plugin-transform-for-of@^7.24.7
3039 silly packumentCache full:https://registry.npmjs.org/@babel%2fplugin-transform-for-of cache-miss
3040 http cache https://registry.npmjs.org/@babel%2fplugin-transform-react-display-name 6ms (cache hit)
3041 silly packumentCache full:https://registry.npmjs.org/@babel%2fplugin-transform-react-display-name set size:205760 disposed:false
3042 silly fetch manifest @babel/plugin-transform-spread@^7.24.7
3043 silly packumentCache full:https://registry.npmjs.org/@babel%2fplugin-transform-spread cache-miss
3044 http cache https://registry.npmjs.org/@babel%2fplugin-transform-react-jsx 8ms (cache hit)
3045 silly packumentCache full:https://registry.npmjs.org/@babel%2fplugin-transform-react-jsx set size:284411 disposed:false
3046 silly fetch manifest @babel/plugin-transform-classes@^7.25.4
3047 silly packumentCache full:https://registry.npmjs.org/@babel%2fplugin-transform-classes cache-hit
3048 silly fetch manifest @babel/plugin-transform-literals@^7.25.2
3049 silly packumentCache full:https://registry.npmjs.org/@babel%2fplugin-transform-literals cache-miss
3050 http cache https://registry.npmjs.org/@babel%2fplugin-transform-react-jsx-development 7ms (cache hit)
3051 silly packumentCache full:https://registry.npmjs.org/@babel%2fplugin-transform-react-jsx-development set size:122283 disposed:false
3052 silly fetch manifest @babel/plugin-transform-react-jsx@^7.25.2
3053 silly packumentCache full:https://registry.npmjs.org/@babel%2fplugin-transform-react-jsx cache-hit
3054 silly fetch manifest @babel/plugin-transform-typescript@^7.25.2
3055 silly packumentCache full:https://registry.npmjs.org/@babel%2fplugin-transform-typescript cache-miss
3056 http cache https://registry.npmjs.org/@babel%2fplugin-syntax-jsx 6ms (cache hit)
3057 silly packumentCache full:https://registry.npmjs.org/@babel%2fplugin-syntax-jsx set size:182973 disposed:false
3058 silly fetch manifest @react-native/babel-plugin-codegen@0.81.5
3059 silly packumentCache full:https://registry.npmjs.org/@react-native%2fbabel-plugin-codegen cache-miss
3060 http cache https://registry.npmjs.org/@babel%2fplugin-transform-react-pure-annotations 8ms (cache hit)
3061 silly packumentCache full:https://registry.npmjs.org/@babel%2fplugin-transform-react-pure-annotations set size:114282 disposed:false
3062 silly fetch manifest @babel/plugin-syntax-dynamic-import@^7.8.3
3063 silly packumentCache full:https://registry.npmjs.org/@babel%2fplugin-syntax-dynamic-import cache-miss
3064 http cache https://registry.npmjs.org/@babel%2fplugin-transform-typescript 6ms (cache hit)
3065 silly packumentCache full:https://registry.npmjs.org/@babel%2fplugin-transform-typescript set size:388299 disposed:false
3066 silly fetch manifest @babel/plugin-transform-regenerator@^7.24.7
3067 silly packumentCache full:https://registry.npmjs.org/@babel%2fplugin-transform-regenerator cache-miss
3068 http cache https://registry.npmjs.org/@babel%2fplugin-transform-typescript 4ms (cache hit)
3069 silly packumentCache full:https://registry.npmjs.org/@babel%2fplugin-transform-typescript set size:388299 disposed:false
3070 silly packumentCache full:https://registry.npmjs.org/@babel%2fplugin-transform-typescript dispose
3071 silly fetch manifest @babel/plugin-transform-sticky-regex@^7.24.7
3072 silly packumentCache full:https://registry.npmjs.org/@babel%2fplugin-transform-sticky-regex cache-miss
3073 http cache https://registry.npmjs.org/@babel%2fplugin-transform-for-of 8ms (cache hit)
3074 silly packumentCache full:https://registry.npmjs.org/@babel%2fplugin-transform-for-of set size:232987 disposed:false
3075 silly fetch manifest @babel/plugin-transform-block-scoping@^7.25.0
3076 silly packumentCache full:https://registry.npmjs.org/@babel%2fplugin-transform-block-scoping cache-miss
3077 http cache https://registry.npmjs.org/@babel%2fplugin-transform-spread 8ms (cache hit)
3078 silly packumentCache full:https://registry.npmjs.org/@babel%2fplugin-transform-spread set size:219841 disposed:false
3079 silly fetch manifest @babel/plugin-transform-destructuring@^7.24.8
3080 silly packumentCache full:https://registry.npmjs.org/@babel%2fplugin-transform-destructuring cache-hit
3081 silly fetch manifest @babel/plugin-transform-function-name@^7.25.1
3082 silly packumentCache full:https://registry.npmjs.org/@babel%2fplugin-transform-function-name cache-miss
3083 http cache https://registry.npmjs.org/@babel%2fplugin-transform-literals 9ms (cache hit)
3084 silly packumentCache full:https://registry.npmjs.org/@babel%2fplugin-transform-literals set size:195330 disposed:false
3085 silly fetch manifest @babel/plugin-transform-unicode-regex@^7.24.7
3086 silly packumentCache full:https://registry.npmjs.org/@babel%2fplugin-transform-unicode-regex cache-hit
3087 silly fetch manifest @babel/plugin-syntax-optional-chaining@^7.8.3
3088 silly packumentCache full:https://registry.npmjs.org/@babel%2fplugin-syntax-optional-chaining cache-miss
3089 http cache https://registry.npmjs.org/@babel%2fplugin-syntax-dynamic-import 8ms (cache hit)
3090 silly packumentCache full:https://registry.npmjs.org/@babel%2fplugin-syntax-dynamic-import set size:81432 disposed:false
3091 silly fetch manifest @babel/plugin-transform-react-jsx-self@^7.24.7
3092 silly packumentCache full:https://registry.npmjs.org/@babel%2fplugin-transform-react-jsx-self cache-miss
3093 http cache https://registry.npmjs.org/@react-native%2fbabel-plugin-codegen 9ms (cache hit)
3094 silly packumentCache full:https://registry.npmjs.org/@react-native%2fbabel-plugin-codegen set size:2095117 disposed:false
3095 silly fetch manifest @babel/plugin-transform-arrow-functions@^7.24.7
3096 silly packumentCache full:https://registry.npmjs.org/@babel%2fplugin-transform-arrow-functions cache-hit
3097 silly fetch manifest @babel/plugin-transform-class-properties@^7.25.4
3098 silly packumentCache full:https://registry.npmjs.org/@babel%2fplugin-transform-class-properties cache-hit
3099 silly fetch manifest @babel/plugin-transform-react-jsx-source@^7.24.7
3100 silly packumentCache full:https://registry.npmjs.org/@babel%2fplugin-transform-react-jsx-source cache-miss
3101 http cache https://registry.npmjs.org/@babel%2fplugin-transform-regenerator 14ms (cache hit)
3102 silly packumentCache full:https://registry.npmjs.org/@babel%2fplugin-transform-regenerator set size:264228 disposed:false
3103 silly fetch manifest @babel/plugin-transform-numeric-separator@^7.24.7
3104 silly packumentCache full:https://registry.npmjs.org/@babel%2fplugin-transform-numeric-separator cache-miss
3105 http cache https://registry.npmjs.org/@babel%2fplugin-transform-block-scoping 12ms (cache hit)
3106 silly packumentCache full:https://registry.npmjs.org/@babel%2fplugin-transform-block-scoping set size:312769 disposed:false
3107 silly fetch manifest @babel/plugin-transform-optional-chaining@^7.24.8
3108 silly packumentCache full:https://registry.npmjs.org/@babel%2fplugin-transform-optional-chaining cache-hit
3109 silly fetch manifest @babel/plugin-transform-async-to-generator@^7.24.7
3110 silly packumentCache full:https://registry.npmjs.org/@babel%2fplugin-transform-async-to-generator cache-miss
3111 http cache https://registry.npmjs.org/@babel%2fplugin-transform-sticky-regex 14ms (cache hit)
3112 silly packumentCache full:https://registry.npmjs.org/@babel%2fplugin-transform-sticky-regex set size:194701 disposed:false
3113 silly fetch manifest @babel/plugin-transform-react-display-name@^7.24.7
3114 silly packumentCache full:https://registry.npmjs.org/@babel%2fplugin-transform-react-display-name cache-hit
3115 silly fetch manifest @babel/plugin-transform-computed-properties@^7.24.7
3116 silly packumentCache full:https://registry.npmjs.org/@babel%2fplugin-transform-computed-properties cache-miss
3117 http cache https://registry.npmjs.org/@babel%2fplugin-transform-function-name 13ms (cache hit)
3118 silly packumentCache full:https://registry.npmjs.org/@babel%2fplugin-transform-function-name set size:216895 disposed:false
3119 silly fetch manifest @babel/plugin-transform-shorthand-properties@^7.24.7
3120 silly packumentCache full:https://registry.npmjs.org/@babel%2fplugin-transform-shorthand-properties cache-hit
3121 silly fetch manifest @babel/plugin-transform-optional-catch-binding@^7.24.7
3122 silly packumentCache full:https://registry.npmjs.org/@babel%2fplugin-transform-optional-catch-binding cache-miss
3123 http cache https://registry.npmjs.org/@babel%2fplugin-syntax-optional-chaining 13ms (cache hit)
3124 silly packumentCache full:https://registry.npmjs.org/@babel%2fplugin-syntax-optional-chaining set size:82606 disposed:false
3125 silly fetch manifest @babel/plugin-syntax-nullish-coalescing-operator@^7.8.3
3126 silly packumentCache full:https://registry.npmjs.org/@babel%2fplugin-syntax-nullish-coalescing-operator cache-miss
3127 http cache https://registry.npmjs.org/@babel%2fplugin-transform-react-jsx-self 13ms (cache hit)
3128 silly packumentCache full:https://registry.npmjs.org/@babel%2fplugin-transform-react-jsx-self set size:198119 disposed:false
3129 silly fetch manifest @babel/plugin-transform-async-generator-functions@^7.25.4
3130 silly packumentCache full:https://registry.npmjs.org/@babel%2fplugin-transform-async-generator-functions cache-miss
3131 http cache https://registry.npmjs.org/@babel%2fplugin-transform-react-jsx-source 8ms (cache hit)
3132 silly packumentCache full:https://registry.npmjs.org/@babel%2fplugin-transform-react-jsx-source set size:203114 disposed:false
3133 silly fetch manifest @babel/plugin-transform-nullish-coalescing-operator@^7.24.7
3134 silly packumentCache full:https://registry.npmjs.org/@babel%2fplugin-transform-nullish-coalescing-operator cache-hit
3135 silly fetch manifest @babel/plugin-transform-logical-assignment-operators@^7.24.7
3136 silly packumentCache full:https://registry.npmjs.org/@babel%2fplugin-transform-logical-assignment-operators cache-miss
3137 http cache https://registry.npmjs.org/@babel%2fplugin-transform-numeric-separator 7ms (cache hit)
3138 silly packumentCache full:https://registry.npmjs.org/@babel%2fplugin-transform-numeric-separator set size:84467 disposed:false
3139 silly fetch manifest @babel/plugin-transform-named-capturing-groups-regex@^7.24.7
3140 silly packumentCache full:https://registry.npmjs.org/@babel%2fplugin-transform-named-capturing-groups-regex cache-miss
3141 http cache https://registry.npmjs.org/@babel%2fplugin-transform-async-to-generator 6ms (cache hit)
3142 silly packumentCache full:https://registry.npmjs.org/@babel%2fplugin-transform-async-to-generator set size:235159 disposed:false
3143 silly fetch manifest @babel/plugin-syntax-flow@^7.12.1
3144 silly packumentCache full:https://registry.npmjs.org/@babel%2fplugin-syntax-flow cache-hit
3145 http cache https://registry.npmjs.org/@babel%2fplugin-transform-computed-properties 6ms (cache hit)
3146 silly packumentCache full:https://registry.npmjs.org/@babel%2fplugin-transform-computed-properties set size:213271 disposed:false
3147 http cache https://registry.npmjs.org/@babel%2fplugin-transform-optional-catch-binding 6ms (cache hit)
3148 silly packumentCache full:https://registry.npmjs.org/@babel%2fplugin-transform-optional-catch-binding set size:81867 disposed:false
3149 http cache https://registry.npmjs.org/@babel%2fplugin-syntax-nullish-coalescing-operator 6ms (cache hit)
3150 silly packumentCache full:https://registry.npmjs.org/@babel%2fplugin-syntax-nullish-coalescing-operator set size:85378 disposed:false
3151 http cache https://registry.npmjs.org/@babel%2fplugin-transform-logical-assignment-operators 5ms (cache hit)
3152 silly packumentCache full:https://registry.npmjs.org/@babel%2fplugin-transform-logical-assignment-operators set size:90500 disposed:false
3153 http cache https://registry.npmjs.org/@babel%2fplugin-transform-async-generator-functions 6ms (cache hit)
3154 silly packumentCache full:https://registry.npmjs.org/@babel%2fplugin-transform-async-generator-functions set size:115661 disposed:false
3155 http cache https://registry.npmjs.org/@babel%2fplugin-transform-named-capturing-groups-regex 5ms (cache hit)
3156 silly packumentCache full:https://registry.npmjs.org/@babel%2fplugin-transform-named-capturing-groups-regex set size:182298 disposed:false
3157 silly placeDep ROOT @babel/helper-create-class-features-plugin@7.28.6 OK for: @babel/plugin-proposal-decorators@7.29.0 want: ^7.28.6
3158 silly placeDep ROOT @babel/helper-plugin-utils@7.28.6 OK for: @babel/plugin-proposal-decorators@7.29.0 want: ^7.28.6
3159 silly placeDep ROOT @babel/plugin-syntax-decorators@7.28.6 OK for: @babel/plugin-proposal-decorators@7.29.0 want: ^7.28.6
3160 silly fetch manifest @babel/helper-replace-supers@^7.28.6
3161 silly packumentCache full:https://registry.npmjs.org/@babel%2fhelper-replace-supers cache-miss
3162 silly fetch manifest @babel/helper-optimise-call-expression@^7.27.1
3163 silly packumentCache full:https://registry.npmjs.org/@babel%2fhelper-optimise-call-expression cache-miss
3164 silly fetch manifest @babel/helper-member-expression-to-functions@^7.28.5
3165 silly packumentCache full:https://registry.npmjs.org/@babel%2fhelper-member-expression-to-functions cache-miss
3166 silly fetch manifest @babel/helper-skip-transparent-expression-wrappers@^7.27.1
3167 silly packumentCache full:https://registry.npmjs.org/@babel%2fhelper-skip-transparent-expression-wrappers cache-miss
3168 http cache https://registry.npmjs.org/@babel%2fhelper-replace-supers 1ms (cache hit)
3169 silly packumentCache full:https://registry.npmjs.org/@babel%2fhelper-replace-supers set size:257551 disposed:false
3170 http cache https://registry.npmjs.org/@babel%2fhelper-optimise-call-expression 2ms (cache hit)
3171 silly packumentCache full:https://registry.npmjs.org/@babel%2fhelper-optimise-call-expression set size:182706 disposed:false
3172 http cache https://registry.npmjs.org/@babel%2fhelper-skip-transparent-expression-wrappers 3ms (cache hit)
3173 silly packumentCache full:https://registry.npmjs.org/@babel%2fhelper-skip-transparent-expression-wrappers set size:95565 disposed:false
3174 http cache https://registry.npmjs.org/@babel%2fhelper-member-expression-to-functions 3ms (cache hit)
3175 silly packumentCache full:https://registry.npmjs.org/@babel%2fhelper-member-expression-to-functions set size:218792 disposed:false
3176 silly placeDep ROOT @babel/helper-annotate-as-pure@7.27.3 OK for: @babel/helper-create-class-features-plugin@7.28.6 want: ^7.27.3
3177 silly placeDep ROOT @babel/helper-member-expression-to-functions@7.28.5 OK for: @babel/helper-create-class-features-plugin@7.28.6 want: ^7.28.5
3178 silly placeDep ROOT @babel/helper-optimise-call-expression@7.27.1 OK for: @babel/helper-create-class-features-plugin@7.28.6 want: ^7.27.1
3179 silly placeDep ROOT @babel/helper-replace-supers@7.28.6 OK for: @babel/helper-create-class-features-plugin@7.28.6 want: ^7.28.6
3180 silly placeDep ROOT @babel/helper-skip-transparent-expression-wrappers@7.27.1 OK for: @babel/helper-create-class-features-plugin@7.28.6 want: ^7.27.1
3181 silly placeDep ROOT @babel/plugin-syntax-flow@7.28.6 OK for: @babel/plugin-transform-flow-strip-types@7.27.1 want: ^7.27.1
3182 silly placeDep ROOT @babel/plugin-transform-destructuring@7.28.5 OK for: @babel/plugin-transform-object-rest-spread@7.28.6 want: ^7.28.5
3183 silly placeDep ROOT babel-plugin-polyfill-corejs2@0.4.17 OK for: @babel/plugin-transform-runtime@7.29.0 want: ^0.4.14
3184 silly placeDep ROOT babel-plugin-polyfill-corejs3@0.13.0 OK for: @babel/plugin-transform-runtime@7.29.0 want: ^0.13.0
3185 silly placeDep ROOT babel-plugin-polyfill-regenerator@0.6.8 OK for: @babel/plugin-transform-runtime@7.29.0 want: ^0.6.5
3186 silly fetch manifest @babel/helper-define-polyfill-provider@^0.6.8
3187 silly packumentCache full:https://registry.npmjs.org/@babel%2fhelper-define-polyfill-provider cache-miss
3188 silly fetch manifest core-js-compat@^3.43.0
3189 silly packumentCache full:https://registry.npmjs.org/core-js-compat cache-miss
3190 silly fetch manifest @babel/helper-define-polyfill-provider@^0.6.5
3191 silly packumentCache full:https://registry.npmjs.org/@babel%2fhelper-define-polyfill-provider cache-miss
3192 silly fetch manifest @babel/helper-define-polyfill-provider@^0.6.8
3193 silly packumentCache full:https://registry.npmjs.org/@babel%2fhelper-define-polyfill-provider cache-miss
3194 http cache https://registry.npmjs.org/@babel%2fhelper-define-polyfill-provider 1ms (cache hit)
3195 silly packumentCache full:https://registry.npmjs.org/@babel%2fhelper-define-polyfill-provider set size:116586 disposed:false
3196 http cache https://registry.npmjs.org/core-js-compat 2ms (cache hit)
3197 silly packumentCache full:https://registry.npmjs.org/core-js-compat set size:345744 disposed:false
3198 http cache https://registry.npmjs.org/@babel%2fhelper-define-polyfill-provider 3ms (cache hit)
3199 silly packumentCache full:https://registry.npmjs.org/@babel%2fhelper-define-polyfill-provider set size:116586 disposed:false
3200 silly packumentCache full:https://registry.npmjs.org/@babel%2fhelper-define-polyfill-provider dispose
3201 http cache https://registry.npmjs.org/@babel%2fhelper-define-polyfill-provider 3ms (cache hit)
3202 silly packumentCache full:https://registry.npmjs.org/@babel%2fhelper-define-polyfill-provider set size:116586 disposed:true
3203 silly packumentCache full:https://registry.npmjs.org/@babel%2fhelper-define-polyfill-provider dispose
3204 silly placeDep ROOT @babel/plugin-transform-react-display-name@7.28.0 OK for: @babel/preset-react@7.28.5 want: ^7.28.0
3205 silly placeDep ROOT @babel/plugin-transform-react-jsx@7.28.6 OK for: @babel/preset-react@7.28.5 want: ^7.27.1
3206 silly placeDep ROOT @babel/plugin-transform-react-jsx-development@7.27.1 OK for: @babel/preset-react@7.28.5 want: ^7.27.1
3207 silly placeDep ROOT @babel/plugin-transform-react-pure-annotations@7.27.1 OK for: @babel/preset-react@7.28.5 want: ^7.27.1
3208 silly fetch manifest @babel/plugin-syntax-jsx@^7.28.6
3209 silly packumentCache full:https://registry.npmjs.org/@babel%2fplugin-syntax-jsx cache-hit
3210 silly placeDep ROOT @babel/plugin-syntax-jsx@7.28.6 OK for: @babel/plugin-transform-react-jsx@7.28.6 want: ^7.28.6
3211 silly placeDep ROOT @babel/plugin-transform-typescript@7.28.6 OK for: @babel/preset-typescript@7.28.5 want: ^7.28.5
3212 silly fetch manifest @babel/plugin-syntax-typescript@^7.28.6
3213 silly packumentCache full:https://registry.npmjs.org/@babel%2fplugin-syntax-typescript cache-miss
3214 http cache https://registry.npmjs.org/@babel%2fplugin-syntax-typescript 1ms (cache hit)
3215 silly packumentCache full:https://registry.npmjs.org/@babel%2fplugin-syntax-typescript set size:206321 disposed:false
3216 silly placeDep ROOT @babel/plugin-syntax-typescript@7.28.6 OK for: @babel/plugin-transform-typescript@7.28.6 want: ^7.28.6
3217 silly fetch manifest @babel/core@^7.25.2
3218 silly packumentCache full:https://registry.npmjs.org/@babel%2fcore cache-hit
3219 silly placeDep ROOT @babel/plugin-syntax-dynamic-import@7.8.3 OK for: @react-native/babel-preset@0.81.5 want: ^7.8.3
3220 silly placeDep ROOT @babel/plugin-syntax-nullish-coalescing-operator@7.8.3 OK for: @react-native/babel-preset@0.81.5 want: ^7.8.3
3221 silly placeDep ROOT @babel/plugin-syntax-optional-chaining@7.8.3 OK for: @react-native/babel-preset@0.81.5 want: ^7.8.3
3222 silly placeDep ROOT @babel/plugin-transform-arrow-functions@7.27.1 OK for: @react-native/babel-preset@0.81.5 want: ^7.24.7
3223 silly placeDep ROOT @babel/plugin-transform-async-generator-functions@7.29.0 OK for: @react-native/babel-preset@0.81.5 want: ^7.25.4
3224 silly placeDep ROOT @babel/plugin-transform-async-to-generator@7.28.6 OK for: @react-native/babel-preset@0.81.5 want: ^7.24.7
3225 silly placeDep ROOT @babel/plugin-transform-block-scoping@7.28.6 OK for: @react-native/babel-preset@0.81.5 want: ^7.25.0
3226 silly placeDep ROOT @babel/plugin-transform-class-properties@7.28.6 OK for: @react-native/babel-preset@0.81.5 want: ^7.25.4
3227 silly placeDep ROOT @babel/plugin-transform-classes@7.28.6 OK for: @react-native/babel-preset@0.81.5 want: ^7.25.4
3228 silly placeDep ROOT @babel/plugin-transform-computed-properties@7.28.6 OK for: @react-native/babel-preset@0.81.5 want: ^7.24.7
3229 silly placeDep ROOT @babel/plugin-transform-for-of@7.27.1 OK for: @react-native/babel-preset@0.81.5 want: ^7.24.7
3230 silly placeDep ROOT @babel/plugin-transform-function-name@7.27.1 OK for: @react-native/babel-preset@0.81.5 want: ^7.25.1
3231 silly placeDep ROOT @babel/plugin-transform-literals@7.27.1 OK for: @react-native/babel-preset@0.81.5 want: ^7.25.2
3232 silly placeDep ROOT @babel/plugin-transform-logical-assignment-operators@7.28.6 OK for: @react-native/babel-preset@0.81.5 want: ^7.24.7
3233 silly placeDep ROOT @babel/plugin-transform-named-capturing-groups-regex@7.29.0 OK for: @react-native/babel-preset@0.81.5 want: ^7.24.7
3234 silly placeDep ROOT @babel/plugin-transform-nullish-coalescing-operator@7.28.6 OK for: @react-native/babel-preset@0.81.5 want: ^7.24.7
3235 silly placeDep ROOT @babel/plugin-transform-numeric-separator@7.28.6 OK for: @react-native/babel-preset@0.81.5 want: ^7.24.7
3236 silly placeDep ROOT @babel/plugin-transform-optional-catch-binding@7.28.6 OK for: @react-native/babel-preset@0.81.5 want: ^7.24.7
3237 silly placeDep ROOT @babel/plugin-transform-optional-chaining@7.28.6 OK for: @react-native/babel-preset@0.81.5 want: ^7.24.8
3238 silly placeDep ROOT @babel/plugin-transform-react-jsx-self@7.27.1 OK for: @react-native/babel-preset@0.81.5 want: ^7.24.7
3239 silly placeDep ROOT @babel/plugin-transform-react-jsx-source@7.27.1 OK for: @react-native/babel-preset@0.81.5 want: ^7.24.7
3240 silly placeDep ROOT @babel/plugin-transform-regenerator@7.29.0 OK for: @react-native/babel-preset@0.81.5 want: ^7.24.7
3241 silly placeDep ROOT @babel/plugin-transform-shorthand-properties@7.27.1 OK for: @react-native/babel-preset@0.81.5 want: ^7.24.7
3242 silly placeDep ROOT @babel/plugin-transform-spread@7.28.6 OK for: @react-native/babel-preset@0.81.5 want: ^7.24.7
3243 silly placeDep ROOT @babel/plugin-transform-sticky-regex@7.27.1 OK for: @react-native/babel-preset@0.81.5 want: ^7.24.7
3244 silly placeDep ROOT @babel/plugin-transform-unicode-regex@7.27.1 OK for: @react-native/babel-preset@0.81.5 want: ^7.24.7
3245 silly placeDep ROOT @react-native/babel-plugin-codegen@0.81.5 OK for: @react-native/babel-preset@0.81.5 want: 0.81.5
3246 silly fetch manifest @babel/helper-remap-async-to-generator@^7.27.1
3247 silly packumentCache full:https://registry.npmjs.org/@babel%2fhelper-remap-async-to-generator cache-miss
3248 silly fetch manifest @babel/helper-remap-async-to-generator@^7.27.1
3249 silly packumentCache full:https://registry.npmjs.org/@babel%2fhelper-remap-async-to-generator cache-miss
3250 silly fetch manifest @babel/helper-create-regexp-features-plugin@^7.28.5
3251 silly packumentCache full:https://registry.npmjs.org/@babel%2fhelper-create-regexp-features-plugin cache-miss
3252 silly fetch manifest @babel/helper-create-regexp-features-plugin@^7.27.1
3253 silly packumentCache full:https://registry.npmjs.org/@babel%2fhelper-create-regexp-features-plugin cache-miss
3254 http cache https://registry.npmjs.org/@babel%2fhelper-remap-async-to-generator 5ms (cache hit)
3255 silly packumentCache full:https://registry.npmjs.org/@babel%2fhelper-remap-async-to-generator set size:217576 disposed:false
3256 http cache https://registry.npmjs.org/@babel%2fhelper-create-regexp-features-plugin 6ms (cache hit)
3257 silly packumentCache full:https://registry.npmjs.org/@babel%2fhelper-create-regexp-features-plugin set size:176119 disposed:false
3258 http cache https://registry.npmjs.org/@babel%2fhelper-create-regexp-features-plugin 6ms (cache hit)
3259 silly packumentCache full:https://registry.npmjs.org/@babel%2fhelper-create-regexp-features-plugin set size:176119 disposed:false
3260 silly packumentCache full:https://registry.npmjs.org/@babel%2fhelper-create-regexp-features-plugin dispose
3261 http cache https://registry.npmjs.org/@babel%2fhelper-remap-async-to-generator 7ms (cache hit)
3262 silly packumentCache full:https://registry.npmjs.org/@babel%2fhelper-remap-async-to-generator set size:217576 disposed:false
3263 silly packumentCache full:https://registry.npmjs.org/@babel%2fhelper-remap-async-to-generator dispose
3264 silly placeDep ROOT @babel/helper-remap-async-to-generator@7.27.1 OK for: @babel/plugin-transform-async-generator-functions@7.29.0 want: ^7.27.1
3265 silly fetch manifest @babel/helper-wrap-function@^7.27.1
3266 silly packumentCache full:https://registry.npmjs.org/@babel%2fhelper-wrap-function cache-miss
3267 http cache https://registry.npmjs.org/@babel%2fhelper-wrap-function 1ms (cache hit)
3268 silly packumentCache full:https://registry.npmjs.org/@babel%2fhelper-wrap-function set size:215044 disposed:false
3269 silly placeDep ROOT @babel/helper-wrap-function@7.28.6 OK for: @babel/helper-remap-async-to-generator@7.27.1 want: ^7.27.1
3270 silly placeDep ROOT @babel/helper-create-regexp-features-plugin@7.28.5 OK for: @babel/plugin-transform-named-capturing-groups-regex@7.29.0 want: ^7.28.5
3271 silly fetch manifest regexpu-core@^6.3.1
3272 silly packumentCache full:https://registry.npmjs.org/regexpu-core cache-miss
3273 http cache https://registry.npmjs.org/regexpu-core 1ms (cache hit)
3274 silly packumentCache full:https://registry.npmjs.org/regexpu-core set size:156240 disposed:false
3275 silly placeDep ROOT regexpu-core@6.4.0 OK for: @babel/helper-create-regexp-features-plugin@7.28.5 want: ^6.3.1
3276 silly fetch manifest regenerate@^1.4.2
3277 silly packumentCache full:https://registry.npmjs.org/regenerate cache-miss
3278 silly fetch manifest regenerate-unicode-properties@^10.2.2
3279 silly packumentCache full:https://registry.npmjs.org/regenerate-unicode-properties cache-miss
3280 silly fetch manifest regjsgen@^0.8.0
3281 silly packumentCache full:https://registry.npmjs.org/regjsgen cache-miss
3282 silly fetch manifest regjsparser@^0.13.0
3283 silly packumentCache full:https://registry.npmjs.org/regjsparser cache-miss
3284 silly fetch manifest unicode-match-property-ecmascript@^2.0.0
3285 silly packumentCache full:https://registry.npmjs.org/unicode-match-property-ecmascript cache-miss
3286 silly fetch manifest unicode-match-property-value-ecmascript@^2.2.1
3287 silly packumentCache full:https://registry.npmjs.org/unicode-match-property-value-ecmascript cache-miss
3288 http cache https://registry.npmjs.org/regenerate 3ms (cache hit)
3289 silly packumentCache full:https://registry.npmjs.org/regenerate set size:56872 disposed:false
3290 http cache https://registry.npmjs.org/regjsparser 2ms (cache hit)
3291 silly packumentCache full:https://registry.npmjs.org/regjsparser set size:83765 disposed:false
3292 http cache https://registry.npmjs.org/unicode-match-property-value-ecmascript 2ms (cache hit)
3293 silly packumentCache full:https://registry.npmjs.org/unicode-match-property-value-ecmascript set size:26439 disposed:false
3294 http cache https://registry.npmjs.org/regenerate-unicode-properties 3ms (cache hit)
3295 silly packumentCache full:https://registry.npmjs.org/regenerate-unicode-properties set size:78166 disposed:false
3296 http cache https://registry.npmjs.org/unicode-match-property-ecmascript 3ms (cache hit)
3297 silly packumentCache full:https://registry.npmjs.org/unicode-match-property-ecmascript set size:16934 disposed:false
3298 http cache https://registry.npmjs.org/regjsgen 3ms (cache hit)
3299 silly packumentCache full:https://registry.npmjs.org/regjsgen set size:26409 disposed:false
3300 silly placeDep ROOT @react-native/codegen@0.81.5 OK for: @react-native/babel-plugin-codegen@0.81.5 want: 0.81.5
3301 silly placeDep node_modules/@react-native/codegen glob@7.2.3 OK for: @react-native/codegen@0.81.5 want: ^7.1.1
3302 silly placeDep ROOT invariant@2.2.4 OK for: @react-native/codegen@0.81.5 want: ^2.2.4
3303 silly placeDep ROOT nullthrows@1.1.1 OK for: @react-native/codegen@0.81.5 want: ^1.1.1
3304 silly placeDep ROOT yargs@17.7.2 OK for: @react-native/codegen@0.81.5 want: ^17.6.2
3305 silly fetch manifest once@^1.3.0
3306 silly packumentCache full:https://registry.npmjs.org/once cache-miss
3307 silly fetch manifest inflight@^1.0.4
3308 silly packumentCache full:https://registry.npmjs.org/inflight cache-miss
3309 silly fetch manifest inherits@2
3310 silly packumentCache full:https://registry.npmjs.org/inherits cache-miss
3311 silly fetch manifest fs.realpath@^1.0.0
3312 silly packumentCache full:https://registry.npmjs.org/fs.realpath cache-miss
3313 silly fetch manifest path-is-absolute@^1.0.0
3314 silly packumentCache full:https://registry.npmjs.org/path-is-absolute cache-miss
3315 silly fetch manifest loose-envify@^1.0.0
3316 silly packumentCache full:https://registry.npmjs.org/loose-envify cache-hit
3317 silly fetch manifest y18n@^5.0.5
3318 silly packumentCache full:https://registry.npmjs.org/y18n cache-miss
3319 silly fetch manifest cliui@^8.0.1
3320 silly packumentCache full:https://registry.npmjs.org/cliui cache-miss
3321 http cache https://registry.npmjs.org/inflight 2ms (cache hit)
3322 silly packumentCache full:https://registry.npmjs.org/inflight set size:13140 disposed:false
3323 silly fetch manifest escalade@^3.1.1
3324 silly packumentCache full:https://registry.npmjs.org/escalade cache-hit
3325 silly fetch manifest string-width@^4.2.3
3326 silly packumentCache full:https://registry.npmjs.org/string-width cache-miss
3327 http cache https://registry.npmjs.org/once 3ms (cache hit)
3328 silly packumentCache full:https://registry.npmjs.org/once set size:11752 disposed:false
3329 silly fetch manifest yargs-parser@^21.1.1
3330 silly packumentCache full:https://registry.npmjs.org/yargs-parser cache-miss
3331 http cache https://registry.npmjs.org/inherits 3ms (cache hit)
3332 silly packumentCache full:https://registry.npmjs.org/inherits set size:12925 disposed:false
3333 silly fetch manifest get-caller-file@^2.0.5
3334 silly packumentCache full:https://registry.npmjs.org/get-caller-file cache-miss
3335 http cache https://registry.npmjs.org/path-is-absolute 3ms (cache hit)
3336 silly packumentCache full:https://registry.npmjs.org/path-is-absolute set size:8253 disposed:false
3337 silly fetch manifest require-directory@^2.1.1
3338 silly packumentCache full:https://registry.npmjs.org/require-directory cache-miss
3339 http cache https://registry.npmjs.org/fs.realpath 4ms (cache hit)
3340 silly packumentCache full:https://registry.npmjs.org/fs.realpath set size:4806 disposed:false
3341 http cache https://registry.npmjs.org/cliui 3ms (cache hit)
3342 silly packumentCache full:https://registry.npmjs.org/cliui set size:69089 disposed:false
3343 http cache https://registry.npmjs.org/y18n 5ms (cache hit)
3344 silly packumentCache full:https://registry.npmjs.org/y18n set size:76155 disposed:false
3345 http cache https://registry.npmjs.org/string-width 3ms (cache hit)
3346 silly packumentCache full:https://registry.npmjs.org/string-width set size:68305 disposed:false
3347 http cache https://registry.npmjs.org/yargs-parser 4ms (cache hit)
3348 silly packumentCache full:https://registry.npmjs.org/yargs-parser set size:238630 disposed:false
3349 http cache https://registry.npmjs.org/require-directory 4ms (cache hit)
3350 silly packumentCache full:https://registry.npmjs.org/require-directory set size:26866 disposed:false
3351 http cache https://registry.npmjs.org/get-caller-file 5ms (cache hit)
3352 silly packumentCache full:https://registry.npmjs.org/get-caller-file set size:26456 disposed:false
3353 silly fetch manifest @babel/core@^7.4.0 || ^8.0.0-0 <8.0.0
3354 silly packumentCache full:https://registry.npmjs.org/@babel%2fcore cache-hit
3355 silly placeDep ROOT @babel/helper-define-polyfill-provider@0.6.8 OK for: babel-plugin-polyfill-corejs2@0.4.17 want: ^0.6.8
3356 silly fetch manifest resolve@^1.22.11
3357 silly packumentCache full:https://registry.npmjs.org/resolve cache-hit
3358 silly fetch manifest lodash.debounce@^4.0.8
3359 silly packumentCache full:https://registry.npmjs.org/lodash.debounce cache-miss
3360 http cache https://registry.npmjs.org/lodash.debounce 1ms (cache hit)
3361 silly packumentCache full:https://registry.npmjs.org/lodash.debounce set size:44123 disposed:false
3362 silly placeDep ROOT lodash.debounce@4.0.8 OK for: @babel/helper-define-polyfill-provider@0.6.8 want: ^4.0.8
3363 silly placeDep node_modules/@babel/helper-define-polyfill-provider resolve@1.22.12 OK for: @babel/helper-define-polyfill-provider@0.6.8 want: ^1.22.11
3364 silly placeDep ROOT core-js-compat@3.49.0 OK for: babel-plugin-polyfill-corejs3@0.13.0 want: ^3.43.0
3365 silly placeDep ROOT @expo/image-utils@0.8.13 OK for: expo-asset@12.0.12 want: ^0.8.8
3366 silly fetch manifest parse-png@^2.1.0
3367 silly packumentCache full:https://registry.npmjs.org/parse-png cache-miss
3368 silly fetch manifest jimp-compact@0.16.1
3369 silly packumentCache full:https://registry.npmjs.org/jimp-compact cache-miss
3370 silly fetch manifest @expo/require-utils@^55.0.4
3371 silly packumentCache full:https://registry.npmjs.org/@expo%2frequire-utils cache-miss
3372 http cache https://registry.npmjs.org/jimp-compact 2ms (cache hit)
3373 silly packumentCache full:https://registry.npmjs.org/jimp-compact set size:55876 disposed:false
3374 http cache https://registry.npmjs.org/@expo%2frequire-utils 2ms (cache hit)
3375 silly packumentCache full:https://registry.npmjs.org/@expo%2frequire-utils set size:52678 disposed:false
3376 http cache https://registry.npmjs.org/parse-png 2ms (cache hit)
3377 silly packumentCache full:https://registry.npmjs.org/parse-png set size:13026 disposed:false
3378 silly fetch manifest typescript@^5.0.0 || ^5.0.0-0
3379 silly packumentCache full:https://registry.npmjs.org/typescript cache-miss
3380 http cache https://registry.npmjs.org/typescript 16ms (cache hit)
3381 silly packumentCache full:https://registry.npmjs.org/typescript set size:15409943 disposed:false
3382 silly placeDep ROOT @expo/require-utils@55.0.4 OK for: @expo/image-utils@0.8.13 want: ^55.0.4
3383 silly placeDep ROOT jimp-compact@0.16.1 OK for: @expo/image-utils@0.8.13 want: 0.16.1
3384 silly placeDep ROOT parse-png@2.1.0 OK for: @expo/image-utils@0.8.13 want: ^2.1.0
3385 silly placeDep node_modules/@expo/image-utils semver@7.7.4 OK for: @expo/image-utils@0.8.13 want: ^7.6.0
3386 silly fetch manifest pngjs@^3.3.0
3387 silly packumentCache full:https://registry.npmjs.org/pngjs cache-miss
3388 http cache https://registry.npmjs.org/pngjs 2ms (cache hit)
3389 silly packumentCache full:https://registry.npmjs.org/pngjs set size:70154 disposed:false
3390 silly placeDep ROOT fontfaceobserver@2.3.0 OK for: expo-font@14.0.11 want: ^2.1.0
3391 silly placeDep ROOT commander@7.2.0 OK for: expo-modules-autolinking@3.0.24 want: ^7.2.0
3392 silly fetch manifest @types/react@*
3393 silly packumentCache full:https://registry.npmjs.org/@types%2freact cache-miss
3394 http cache https://registry.npmjs.org/@types%2freact 3ms (cache hit)
3395 silly packumentCache full:https://registry.npmjs.org/@types%2freact set size:2588964 disposed:false
3396 silly fetch manifest @types/react-dom@*
3397 silly packumentCache full:https://registry.npmjs.org/@types%2freact-dom cache-miss
3398 http cache https://registry.npmjs.org/@types%2freact-dom 1ms (cache hit)
3399 silly packumentCache full:https://registry.npmjs.org/@types%2freact-dom set size:429026 disposed:false
3400 silly fetch manifest react-native-safe-area-context@>= 5.4.0
3401 silly packumentCache full:https://registry.npmjs.org/react-native-safe-area-context cache-hit
3402 silly fetch manifest react-native-screens@*
3403 silly packumentCache full:https://registry.npmjs.org/react-native-screens cache-miss
3404 http cache https://registry.npmjs.org/react-native-screens 4ms (cache hit)
3405 silly packumentCache full:https://registry.npmjs.org/react-native-screens set size:3757676 disposed:false
3406 silly placeDep ROOT @expo/metro-runtime@6.1.2 OK for: expo-router@6.0.23 want: ^6.1.2
3407 silly placeDep ROOT @expo/schema-utils@0.1.8 OK for: expo-router@6.0.23 want: ^0.1.8
3408 silly placeDep ROOT @radix-ui/react-slot@1.2.0 OK for: expo-router@6.0.23 want: 1.2.0
3409 silly placeDep node_modules/expo-router @radix-ui/react-tabs@1.1.13 OK for: expo-router@6.0.23 want: ^1.1.12
3410 silly placeDep ROOT @react-navigation/native-stack@7.14.11 OK for: expo-router@6.0.23 want: ^7.3.16
3411 silly placeDep ROOT client-only@0.0.1 OK for: expo-router@6.0.23 want: ^0.0.1
3412 silly placeDep ROOT expo-server@1.0.5 OK for: expo-router@6.0.23 want: ^1.0.5
3413 silly placeDep ROOT react-fast-compare@3.2.2 OK for: expo-router@6.0.23 want: ^3.2.2
3414 silly placeDep ROOT react-native-is-edge-to-edge@1.3.1 OK for: expo-router@6.0.23 want: ^1.1.6
3415 silly placeDep node_modules/expo-router semver@7.6.3 OK for: expo-router@6.0.23 want: ~7.6.3
3416 silly placeDep ROOT server-only@0.0.1 OK for: expo-router@6.0.23 want: ^0.0.1
3417 silly placeDep ROOT shallowequal@1.1.0 OK for: expo-router@6.0.23 want: ^1.1.0
3418 silly placeDep ROOT vaul@1.1.2 OK for: expo-router@6.0.23 want: ^1.1.2
3419 silly fetch manifest @radix-ui/react-compose-refs@1.1.2
3420 silly packumentCache full:https://registry.npmjs.org/@radix-ui%2freact-compose-refs cache-miss
3421 silly fetch manifest @radix-ui/react-id@1.1.1
3422 silly packumentCache full:https://registry.npmjs.org/@radix-ui%2freact-id cache-miss
3423 silly fetch manifest @radix-ui/primitive@1.1.3
3424 silly packumentCache full:https://registry.npmjs.org/@radix-ui%2fprimitive cache-miss
3425 silly fetch manifest @radix-ui/react-context@1.1.2
3426 silly packumentCache full:https://registry.npmjs.org/@radix-ui%2freact-context cache-miss
3427 silly fetch manifest @radix-ui/react-presence@1.1.5
3428 silly packumentCache full:https://registry.npmjs.org/@radix-ui%2freact-presence cache-miss
3429 silly fetch manifest @radix-ui/react-direction@1.1.1
3430 silly packumentCache full:https://registry.npmjs.org/@radix-ui%2freact-direction cache-miss
3431 silly fetch manifest @radix-ui/react-primitive@2.1.3
3432 silly packumentCache full:https://registry.npmjs.org/@radix-ui%2freact-primitive cache-miss
3433 http cache https://registry.npmjs.org/@radix-ui%2freact-presence 3ms (cache hit)
3434 silly packumentCache full:https://registry.npmjs.org/@radix-ui%2freact-presence set size:443830 disposed:false
3435 silly fetch manifest @radix-ui/react-roving-focus@1.1.11
3436 silly packumentCache full:https://registry.npmjs.org/@radix-ui%2freact-roving-focus cache-miss
3437 http cache https://registry.npmjs.org/@radix-ui%2fprimitive 4ms (cache hit)
3438 silly packumentCache full:https://registry.npmjs.org/@radix-ui%2fprimitive set size:164617 disposed:false
3439 silly fetch manifest @radix-ui/react-use-controllable-state@1.2.2
3440 silly packumentCache full:https://registry.npmjs.org/@radix-ui%2freact-use-controllable-state cache-miss
3441 http cache https://registry.npmjs.org/@radix-ui%2freact-context 5ms (cache hit)
3442 silly packumentCache full:https://registry.npmjs.org/@radix-ui%2freact-context set size:266557 disposed:false
3443 silly fetch manifest warn-once@^0.1.1
3444 silly packumentCache full:https://registry.npmjs.org/warn-once cache-hit
3445 silly fetch manifest @radix-ui/react-dialog@^1.1.1
3446 silly packumentCache full:https://registry.npmjs.org/@radix-ui%2freact-dialog cache-miss
3447 http cache https://registry.npmjs.org/@radix-ui%2freact-id 7ms (cache hit)
3448 silly packumentCache full:https://registry.npmjs.org/@radix-ui%2freact-id set size:325405 disposed:false
3449 http cache https://registry.npmjs.org/@radix-ui%2freact-direction 8ms (cache hit)
3450 silly packumentCache full:https://registry.npmjs.org/@radix-ui%2freact-direction set size:202714 disposed:false
3451 http cache https://registry.npmjs.org/@radix-ui%2freact-compose-refs 8ms (cache hit)
3452 silly packumentCache full:https://registry.npmjs.org/@radix-ui%2freact-compose-refs set size:219425 disposed:false
3453 http cache https://registry.npmjs.org/@radix-ui%2freact-primitive 9ms (cache hit)
3454 silly packumentCache full:https://registry.npmjs.org/@radix-ui%2freact-primitive set size:595809 disposed:false
3455 http cache https://registry.npmjs.org/@radix-ui%2freact-roving-focus 9ms (cache hit)
3456 silly packumentCache full:https://registry.npmjs.org/@radix-ui%2freact-roving-focus set size:830379 disposed:false
3457 http cache https://registry.npmjs.org/@radix-ui%2freact-dialog 9ms (cache hit)
3458 silly packumentCache full:https://registry.npmjs.org/@radix-ui%2freact-dialog set size:1036325 disposed:false
3459 http cache https://registry.npmjs.org/@radix-ui%2freact-use-controllable-state 13ms (cache hit)
3460 silly packumentCache full:https://registry.npmjs.org/@radix-ui%2freact-use-controllable-state set size:296080 disposed:false
3461 silly placeDep ROOT anser@1.4.10 OK for: @expo/metro-runtime@6.1.2 want: ^1.4.9
3462 silly placeDep ROOT stacktrace-parser@0.1.11 OK for: @expo/metro-runtime@6.1.2 want: ^0.1.10
3463 silly placeDep ROOT whatwg-fetch@3.6.20 OK for: @expo/metro-runtime@6.1.2 want: ^3.0.0
3464 silly fetch manifest type-fest@^0.7.1
3465 silly packumentCache full:https://registry.npmjs.org/type-fest cache-miss
3466 http cache https://registry.npmjs.org/type-fest 1ms (cache hit)
3467 silly packumentCache full:https://registry.npmjs.org/type-fest set size:560517 disposed:false
3468 silly fetch manifest react@^16.8 || ^17.0 || ^18.0 || ^19.0 || ^19.0.0-rc
3469 silly packumentCache full:https://registry.npmjs.org/react cache-miss
3470 http cache https://registry.npmjs.org/react 6ms (cache hit)
3471 silly packumentCache full:https://registry.npmjs.org/react set size:6613874 disposed:false
3472 silly placeDep ROOT @radix-ui/react-compose-refs@1.1.2 OK for: @radix-ui/react-slot@1.2.0 want: 1.1.2
3473 silly placeDep ROOT warn-once@0.1.1 OK for: @react-navigation/native-stack@7.14.11 want: ^0.1.1
3474 silly placeDep ROOT @expo/prebuild-config@54.0.8 OK for: expo-splash-screen@31.0.13 want: ^54.0.8
3475 silly placeDep ROOT @react-native/normalize-colors@0.81.5 OK for: @expo/prebuild-config@54.0.8 want: 0.81.5
3476 silly placeDep node_modules/@expo/prebuild-config semver@7.7.4 OK for: @expo/prebuild-config@54.0.8 want: ^7.6.0
3477 silly placeDep ROOT flat-cache@4.0.1 OK for: file-entry-cache@8.0.0 want: ^4.0.0
3478 silly fetch manifest keyv@^4.5.4
3479 silly packumentCache full:https://registry.npmjs.org/keyv cache-miss
3480 silly fetch manifest flatted@^3.2.9
3481 silly packumentCache full:https://registry.npmjs.org/flatted cache-miss
3482 http cache https://registry.npmjs.org/keyv 2ms (cache hit)
3483 silly packumentCache full:https://registry.npmjs.org/keyv set size:215840 disposed:false
3484 http cache https://registry.npmjs.org/flatted 4ms (cache hit)
3485 silly packumentCache full:https://registry.npmjs.org/flatted set size:137347 disposed:false
3486 silly placeDep ROOT locate-path@6.0.0 OK for: find-up@5.0.0 want: ^6.0.0
3487 silly placeDep ROOT path-exists@4.0.0 OK for: find-up@5.0.0 want: ^4.0.0
3488 silly fetch manifest p-locate@^5.0.0
3489 silly packumentCache full:https://registry.npmjs.org/p-locate cache-miss
3490 http cache https://registry.npmjs.org/p-locate 1ms (cache hit)
3491 silly packumentCache full:https://registry.npmjs.org/p-locate set size:22488 disposed:false
3492 silly placeDep ROOT flatted@3.4.2 OK for: flat-cache@4.0.1 want: ^3.2.9
3493 silly placeDep ROOT keyv@4.5.4 OK for: flat-cache@4.0.1 want: ^4.5.4
3494 silly fetch manifest json-buffer@3.0.1
3495 silly packumentCache full:https://registry.npmjs.org/json-buffer cache-miss
3496 http cache https://registry.npmjs.org/json-buffer 1ms (cache hit)
3497 silly packumentCache full:https://registry.npmjs.org/json-buffer set size:23474 disposed:false
3498 silly placeDep ROOT functions-have-names@1.2.3 OK for: function.prototype.name@1.1.8 want: ^1.2.3
3499 silly placeDep ROOT dunder-proto@1.0.1 OK for: get-proto@1.0.1 want: ^1.0.1
3500 silly placeDep ROOT resolve-pkg-maps@1.0.0 OK for: get-tsconfig@4.14.0 want: ^1.0.0
3501 silly placeDep node_modules/glob minimatch@10.2.5 OK for: glob@13.0.6 want: ^10.2.2
3502 silly placeDep ROOT minipass@7.1.3 OK for: glob@13.0.6 want: ^7.1.3
3503 silly placeDep ROOT path-scurry@2.0.2 OK for: glob@13.0.6 want: ^2.0.2
3504 silly fetch manifest lru-cache@^11.0.0
3505 silly packumentCache full:https://registry.npmjs.org/lru-cache cache-hit
3506 silly placeDep ROOT hermes-estree@0.29.1 OK for: hermes-parser@0.29.1 want: 0.29.1
3507 silly placeDep ROOT parent-module@1.0.1 OK for: import-fresh@3.3.1 want: ^1.0.0
3508 silly placeDep node_modules/import-fresh resolve-from@4.0.0 OK for: import-fresh@3.3.1 want: ^4.0.0
3509 silly fetch manifest callsites@^3.0.0
3510 silly packumentCache full:https://registry.npmjs.org/callsites cache-miss
3511 http cache https://registry.npmjs.org/callsites 1ms (cache hit)
3512 silly packumentCache full:https://registry.npmjs.org/callsites set size:21349 disposed:false
3513 silly placeDep ROOT side-channel@1.1.0 OK for: internal-slot@1.1.0 want: ^1.1.0
3514 silly fetch manifest side-channel-list@^1.0.0
3515 silly packumentCache full:https://registry.npmjs.org/side-channel-list cache-miss
3516 silly fetch manifest side-channel-map@^1.0.1
3517 silly packumentCache full:https://registry.npmjs.org/side-channel-map cache-miss
3518 silly fetch manifest side-channel-weakmap@^1.0.2
3519 silly packumentCache full:https://registry.npmjs.org/side-channel-weakmap cache-miss
3520 http cache https://registry.npmjs.org/side-channel-map 1ms (cache hit)
3521 silly packumentCache full:https://registry.npmjs.org/side-channel-map set size:9126 disposed:false
3522 http cache https://registry.npmjs.org/side-channel-list 2ms (cache hit)
3523 silly packumentCache full:https://registry.npmjs.org/side-channel-list set size:9021 disposed:false
3524 http cache https://registry.npmjs.org/side-channel-weakmap 2ms (cache hit)
3525 silly packumentCache full:https://registry.npmjs.org/side-channel-weakmap set size:12620 disposed:false
3526 silly placeDep ROOT loose-envify@1.4.0 OK for: invariant@2.2.4 want: ^1.0.0
3527 silly placeDep node_modules/is-bun-module semver@7.7.4 OK for: is-bun-module@2.0.0 want: ^7.7.1
3528 silly placeDep ROOT is-extglob@2.1.1 OK for: is-glob@4.0.3 want: ^2.1.1
3529 silly placeDep ROOT set-function-name@2.0.2 OK for: iterator.prototype@1.1.5 want: ^2.0.2
3530 silly placeDep ROOT argparse@2.0.1 OK for: js-yaml@4.1.1 want: ^2.0.1
3531 silly placeDep ROOT json-buffer@3.0.1 OK for: keyv@4.5.4 want: 3.0.1
3532 silly placeDep ROOT prelude-ls@1.2.1 OK for: levn@0.4.1 want: ^1.2.1
3533 silly placeDep ROOT type-check@0.4.0 OK for: levn@0.4.1 want: ~0.4.0
3534 silly placeDep ROOT detect-libc@2.1.2 OK for: lightningcss@1.32.0 want: ^2.0.3
3535 silly placeDep ROOT lightningcss-android-arm64@1.32.0 OK for: lightningcss@1.32.0 want: 1.32.0
3536 silly placeDep ROOT lightningcss-darwin-arm64@1.32.0 OK for: lightningcss@1.32.0 want: 1.32.0
3537 silly placeDep ROOT lightningcss-darwin-x64@1.32.0 OK for: lightningcss@1.32.0 want: 1.32.0
3538 silly placeDep ROOT lightningcss-freebsd-x64@1.32.0 OK for: lightningcss@1.32.0 want: 1.32.0
3539 silly placeDep ROOT lightningcss-linux-arm-gnueabihf@1.32.0 OK for: lightningcss@1.32.0 want: 1.32.0
3540 silly placeDep ROOT lightningcss-linux-arm64-gnu@1.32.0 OK for: lightningcss@1.32.0 want: 1.32.0
3541 silly placeDep ROOT lightningcss-linux-arm64-musl@1.32.0 OK for: lightningcss@1.32.0 want: 1.32.0
3542 silly placeDep ROOT lightningcss-linux-x64-gnu@1.32.0 OK for: lightningcss@1.32.0 want: 1.32.0
3543 silly placeDep ROOT lightningcss-linux-x64-musl@1.32.0 OK for: lightningcss@1.32.0 want: 1.32.0
3544 silly placeDep ROOT lightningcss-win32-arm64-msvc@1.32.0 OK for: lightningcss@1.32.0 want: 1.32.0
3545 silly placeDep ROOT lightningcss-win32-x64-msvc@1.32.0 OK for: lightningcss@1.32.0 want: 1.32.0
3546 silly placeDep ROOT p-locate@5.0.0 OK for: locate-path@6.0.0 want: ^5.0.0
3547 silly placeDep ROOT yallist@3.1.1 OK for: lru-cache@5.1.1 want: ^3.0.2
3548 silly fetch manifest bufferutil@^4.0.1
3549 silly packumentCache full:https://registry.npmjs.org/bufferutil cache-miss
3550 http cache https://registry.npmjs.org/bufferutil 1ms (cache hit)
3551 silly packumentCache full:https://registry.npmjs.org/bufferutil set size:52763 disposed:false
3552 silly fetch manifest utf-8-validate@^5.0.2
3553 silly packumentCache full:https://registry.npmjs.org/utf-8-validate cache-miss
3554 http cache https://registry.npmjs.org/utf-8-validate 1ms (cache hit)
3555 silly packumentCache full:https://registry.npmjs.org/utf-8-validate set size:77148 disposed:false
3556 silly placeDep ROOT accepts@1.3.8 OK for: metro@0.83.3 want: ^1.3.7
3557 silly placeDep ROOT ci-info@2.0.0 OK for: metro@0.83.3 want: ^2.0.0
3558 silly placeDep ROOT connect@3.7.0 OK for: metro@0.83.3 want: ^3.6.5
3559 silly placeDep ROOT error-stack-parser@2.1.4 OK for: metro@0.83.3 want: ^2.0.6
3560 silly placeDep ROOT flow-enums-runtime@0.0.6 OK for: metro@0.83.3 want: ^0.0.6
3561 silly placeDep ROOT graceful-fs@4.2.11 OK for: metro@0.83.3 want: ^4.2.4
3562 silly placeDep node_modules/metro hermes-parser@0.32.0 OK for: metro@0.83.3 want: 0.32.0
3563 silly placeDep ROOT image-size@1.2.1 OK for: metro@0.83.3 want: ^1.0.2
3564 silly placeDep ROOT jest-worker@29.7.0 OK for: metro@0.83.3 want: ^29.7.0
3565 silly placeDep ROOT lodash.throttle@4.1.1 OK for: metro@0.83.3 want: ^4.1.1
3566 silly placeDep ROOT mime-types@2.1.35 OK for: metro@0.83.3 want: ^2.1.27
3567 silly placeDep ROOT serialize-error@2.1.0 OK for: metro@0.83.3 want: ^2.1.0
3568 silly placeDep ROOT source-map@0.5.7 OK for: metro@0.83.3 want: ^0.5.6
3569 silly placeDep ROOT throat@5.0.0 OK for: metro@0.83.3 want: ^5.0.0
3570 silly placeDep ROOT ws@7.5.10 OK for: metro@0.83.3 want: ^7.5.10
3571 silly fetch manifest mime-types@~2.1.34
3572 silly packumentCache full:https://registry.npmjs.org/mime-types cache-hit
3573 silly fetch manifest negotiator@0.6.3
3574 silly packumentCache full:https://registry.npmjs.org/negotiator cache-miss
3575 silly fetch manifest debug@2.6.9
3576 silly packumentCache full:https://registry.npmjs.org/debug cache-hit
3577 silly fetch manifest finalhandler@1.1.2
3578 silly packumentCache full:https://registry.npmjs.org/finalhandler cache-miss
3579 silly fetch manifest parseurl@~1.3.3
3580 silly packumentCache full:https://registry.npmjs.org/parseurl cache-miss
3581 silly fetch manifest utils-merge@1.0.1
3582 silly packumentCache full:https://registry.npmjs.org/utils-merge cache-miss
3583 silly fetch manifest stackframe@^1.3.4
3584 silly packumentCache full:https://registry.npmjs.org/stackframe cache-miss
3585 silly fetch manifest hermes-estree@0.32.0
3586 silly packumentCache full:https://registry.npmjs.org/hermes-estree cache-hit
3587 silly fetch manifest queue@6.0.2
3588 silly packumentCache full:https://registry.npmjs.org/queue cache-miss
3589 silly fetch manifest jest-util@^29.7.0
3590 silly packumentCache full:https://registry.npmjs.org/jest-util cache-miss
3591 http cache https://registry.npmjs.org/negotiator 2ms (cache hit)
3592 silly packumentCache full:https://registry.npmjs.org/negotiator set size:48046 disposed:false
3593 silly fetch manifest @types/node@*
3594 silly packumentCache full:https://registry.npmjs.org/@types%2fnode cache-miss
3595 http cache https://registry.npmjs.org/finalhandler 3ms (cache hit)
3596 silly packumentCache full:https://registry.npmjs.org/finalhandler set size:79291 disposed:false
3597 silly fetch manifest merge-stream@^2.0.0
3598 silly packumentCache full:https://registry.npmjs.org/merge-stream cache-miss
3599 http cache https://registry.npmjs.org/parseurl 3ms (cache hit)
3600 silly packumentCache full:https://registry.npmjs.org/parseurl set size:24148 disposed:false
3601 silly fetch manifest supports-color@^8.0.0
3602 silly packumentCache full:https://registry.npmjs.org/supports-color cache-hit
3603 silly fetch manifest mime-db@1.52.0
3604 silly packumentCache full:https://registry.npmjs.org/mime-db cache-miss
3605 http cache https://registry.npmjs.org/queue 4ms (cache hit)
3606 silly packumentCache full:https://registry.npmjs.org/queue set size:76287 disposed:false
3607 http cache https://registry.npmjs.org/utils-merge 4ms (cache hit)
3608 silly packumentCache full:https://registry.npmjs.org/utils-merge set size:5237 disposed:false
3609 http cache https://registry.npmjs.org/jest-util 4ms (cache hit)
3610 silly packumentCache full:https://registry.npmjs.org/jest-util set size:583957 disposed:false
3611 http cache https://registry.npmjs.org/stackframe 7ms (cache hit)
3612 silly packumentCache full:https://registry.npmjs.org/stackframe set size:54134 disposed:false
3613 http cache https://registry.npmjs.org/mime-db 5ms (cache hit)
3614 silly packumentCache full:https://registry.npmjs.org/mime-db set size:164953 disposed:false
3615 http cache https://registry.npmjs.org/merge-stream 7ms (cache hit)
3616 silly packumentCache full:https://registry.npmjs.org/merge-stream set size:22168 disposed:false
3617 http cache https://registry.npmjs.org/@types%2fnode 14ms (cache hit)
3618 silly packumentCache full:https://registry.npmjs.org/@types%2fnode set size:10972342 disposed:false
3619 silly placeDep ROOT negotiator@0.6.3 OK for: accepts@1.3.8 want: 0.6.3
3620 silly placeDep node_modules/connect debug@2.6.9 OK for: connect@3.7.0 want: 2.6.9
3621 silly placeDep ROOT finalhandler@1.1.2 OK for: connect@3.7.0 want: 1.1.2
3622 silly placeDep ROOT parseurl@1.3.3 OK for: connect@3.7.0 want: ~1.3.3
3623 silly placeDep ROOT utils-merge@1.0.1 OK for: connect@3.7.0 want: 1.0.1
3624 silly fetch manifest ms@2.0.0
3625 silly packumentCache full:https://registry.npmjs.org/ms cache-hit
3626 silly fetch manifest unpipe@~1.0.0
3627 silly packumentCache full:https://registry.npmjs.org/unpipe cache-miss
3628 silly fetch manifest statuses@~1.5.0
3629 silly packumentCache full:https://registry.npmjs.org/statuses cache-miss
3630 silly fetch manifest encodeurl@~1.0.2
3631 silly packumentCache full:https://registry.npmjs.org/encodeurl cache-miss
3632 silly fetch manifest escape-html@~1.0.3
3633 silly packumentCache full:https://registry.npmjs.org/escape-html cache-miss
3634 silly fetch manifest on-finished@~2.3.0
3635 silly packumentCache full:https://registry.npmjs.org/on-finished cache-miss
3636 http cache https://registry.npmjs.org/statuses 10ms (cache hit)
3637 silly packumentCache full:https://registry.npmjs.org/statuses set size:37117 disposed:false
3638 http cache https://registry.npmjs.org/escape-html 11ms (cache hit)
3639 silly packumentCache full:https://registry.npmjs.org/escape-html set size:7345 disposed:false
3640 http cache https://registry.npmjs.org/unpipe 11ms (cache hit)
3641 silly packumentCache full:https://registry.npmjs.org/unpipe set size:3609 disposed:false
3642 http cache https://registry.npmjs.org/on-finished 11ms (cache hit)
3643 silly packumentCache full:https://registry.npmjs.org/on-finished set size:23212 disposed:false
3644 http cache https://registry.npmjs.org/encodeurl 11ms (cache hit)
3645 silly packumentCache full:https://registry.npmjs.org/encodeurl set size:12296 disposed:false
3646 silly placeDep ROOT stackframe@1.3.4 OK for: error-stack-parser@2.1.4 want: ^1.3.4
3647 silly placeDep node_modules/finalhandler debug@2.6.9 OK for: finalhandler@1.1.2 want: 2.6.9
3648 silly placeDep ROOT encodeurl@1.0.2 OK for: finalhandler@1.1.2 want: ~1.0.2
3649 silly placeDep ROOT escape-html@1.0.3 OK for: finalhandler@1.1.2 want: ~1.0.3
3650 silly placeDep ROOT on-finished@2.3.0 OK for: finalhandler@1.1.2 want: ~2.3.0
3651 silly placeDep ROOT statuses@1.5.0 OK for: finalhandler@1.1.2 want: ~1.5.0
3652 silly placeDep ROOT unpipe@1.0.0 OK for: finalhandler@1.1.2 want: ~1.0.0
3653 silly fetch manifest ee-first@1.1.1
3654 silly packumentCache full:https://registry.npmjs.org/ee-first cache-miss
3655 http cache https://registry.npmjs.org/ee-first 1ms (cache hit)
3656 silly packumentCache full:https://registry.npmjs.org/ee-first set size:15327 disposed:false
3657 silly placeDep ROOT queue@6.0.2 OK for: image-size@1.2.1 want: 6.0.2
3658 silly fetch manifest inherits@~2.0.3
3659 silly packumentCache full:https://registry.npmjs.org/inherits cache-hit
3660 silly placeDep ROOT @types/node@25.6.0 OK for: jest-worker@29.7.0 want: *
3661 silly placeDep ROOT jest-util@29.7.0 OK for: jest-worker@29.7.0 want: ^29.7.0
3662 silly placeDep ROOT merge-stream@2.0.0 OK for: jest-worker@29.7.0 want: ^2.0.0
3663 silly placeDep node_modules/jest-worker supports-color@8.1.1 OK for: jest-worker@29.7.0 want: ^8.0.0
3664 silly fetch manifest undici-types@~7.19.0
3665 silly packumentCache full:https://registry.npmjs.org/undici-types cache-miss
3666 silly fetch manifest ci-info@^3.2.0
3667 silly packumentCache full:https://registry.npmjs.org/ci-info cache-hit
3668 silly fetch manifest picomatch@^2.2.3
3669 silly packumentCache full:https://registry.npmjs.org/picomatch cache-hit
3670 silly fetch manifest @jest/types@^29.6.3
3671 silly packumentCache full:https://registry.npmjs.org/@jest%2ftypes cache-miss
3672 http cache https://registry.npmjs.org/undici-types 2ms (cache hit)
3673 silly packumentCache full:https://registry.npmjs.org/undici-types set size:210150 disposed:false
3674 http cache https://registry.npmjs.org/@jest%2ftypes 3ms (cache hit)
3675 silly packumentCache full:https://registry.npmjs.org/@jest%2ftypes set size:288723 disposed:false
3676 silly placeDep ROOT undici-types@7.19.2 OK for: @types/node@25.6.0 want: ~7.19.0
3677 silly placeDep ROOT @jest/types@29.6.3 OK for: jest-util@29.7.0 want: ^29.6.3
3678 silly placeDep node_modules/jest-util ci-info@3.9.0 OK for: jest-util@29.7.0 want: ^3.2.0
3679 silly placeDep ROOT picomatch@2.3.2 OK for: jest-util@29.7.0 want: ^2.2.3
3680 silly fetch manifest @types/yargs@^17.0.8
3681 silly packumentCache full:https://registry.npmjs.org/@types%2fyargs cache-miss
3682 silly fetch manifest @types/istanbul-reports@^3.0.0
3683 silly packumentCache full:https://registry.npmjs.org/@types%2fistanbul-reports cache-miss
3684 silly fetch manifest @types/istanbul-lib-coverage@^2.0.0
3685 silly packumentCache full:https://registry.npmjs.org/@types%2fistanbul-lib-coverage cache-miss
3686 http cache https://registry.npmjs.org/@types%2fistanbul-lib-coverage 2ms (cache hit)
3687 silly packumentCache full:https://registry.npmjs.org/@types%2fistanbul-lib-coverage set size:18110 disposed:false
3688 http cache https://registry.npmjs.org/@types%2fyargs 2ms (cache hit)
3689 silly packumentCache full:https://registry.npmjs.org/@types%2fyargs set size:390540 disposed:false
3690 http cache https://registry.npmjs.org/@types%2fistanbul-reports 3ms (cache hit)
3691 silly packumentCache full:https://registry.npmjs.org/@types%2fistanbul-reports set size:17607 disposed:false
3692 silly placeDep ROOT @jest/schemas@29.6.3 OK for: @jest/types@29.6.3 want: ^29.6.3
3693 silly placeDep ROOT @types/istanbul-lib-coverage@2.0.6 OK for: @jest/types@29.6.3 want: ^2.0.0
3694 silly placeDep ROOT @types/istanbul-reports@3.0.4 OK for: @jest/types@29.6.3 want: ^3.0.0
3695 silly placeDep ROOT @types/yargs@17.0.35 OK for: @jest/types@29.6.3 want: ^17.0.8
3696 silly fetch manifest @sinclair/typebox@^0.27.8
3697 silly packumentCache full:https://registry.npmjs.org/@sinclair%2ftypebox cache-miss
3698 silly fetch manifest @types/istanbul-lib-report@*
3699 silly packumentCache full:https://registry.npmjs.org/@types%2fistanbul-lib-report cache-miss
3700 silly fetch manifest @types/yargs-parser@*
3701 silly packumentCache full:https://registry.npmjs.org/@types%2fyargs-parser cache-miss
3702 http cache https://registry.npmjs.org/@types%2fistanbul-lib-report 1ms (cache hit)
3703 silly packumentCache full:https://registry.npmjs.org/@types%2fistanbul-lib-report set size:12674 disposed:false
3704 http cache https://registry.npmjs.org/@types%2fyargs-parser 1ms (cache hit)
3705 silly packumentCache full:https://registry.npmjs.org/@types%2fyargs-parser set size:42751 disposed:false
3706 http cache https://registry.npmjs.org/@sinclair%2ftypebox 2ms (cache hit)
3707 silly packumentCache full:https://registry.npmjs.org/@sinclair%2ftypebox set size:1230117 disposed:false
3708 silly placeDep ROOT @sinclair/typebox@0.27.10 OK for: @jest/schemas@29.6.3 want: ^0.27.8
3709 silly placeDep ROOT @types/istanbul-lib-report@3.0.3 OK for: @types/istanbul-reports@3.0.4 want: *
3710 silly placeDep ROOT @types/yargs-parser@21.0.3 OK for: @types/yargs@17.0.35 want: *
3711 silly placeDep node_modules/metro-babel-transformer hermes-parser@0.32.0 OK for: metro-babel-transformer@0.83.3 want: 0.32.0
3712 silly placeDep ROOT exponential-backoff@3.1.3 OK for: metro-cache@0.83.3 want: ^3.1.1
3713 silly placeDep ROOT https-proxy-agent@7.0.6 OK for: metro-cache@0.83.3 want: ^7.0.5
3714 silly fetch manifest agent-base@^7.1.2
3715 silly packumentCache full:https://registry.npmjs.org/agent-base cache-miss
3716 http cache https://registry.npmjs.org/agent-base 1ms (cache hit)
3717 silly packumentCache full:https://registry.npmjs.org/agent-base set size:72085 disposed:false
3718 silly placeDep ROOT agent-base@7.1.4 OK for: https-proxy-agent@7.0.6 want: ^7.1.2
3719 silly placeDep ROOT jest-validate@29.7.0 OK for: metro-config@0.83.3 want: ^29.7.0
3720 silly placeDep ROOT yaml@2.8.3 OK for: metro-config@0.83.3 want: ^2.6.1
3721 silly fetch manifest leven@^3.1.0
3722 silly packumentCache full:https://registry.npmjs.org/leven cache-miss
3723 silly fetch manifest camelcase@^6.2.0
3724 silly packumentCache full:https://registry.npmjs.org/camelcase cache-miss
3725 silly fetch manifest jest-get-type@^29.6.3
3726 silly packumentCache full:https://registry.npmjs.org/jest-get-type cache-miss
3727 http cache https://registry.npmjs.org/camelcase 1ms (cache hit)
3728 silly packumentCache full:https://registry.npmjs.org/camelcase set size:60255 disposed:false
3729 http cache https://registry.npmjs.org/leven 1ms (cache hit)
3730 silly packumentCache full:https://registry.npmjs.org/leven set size:23210 disposed:false
3731 http cache https://registry.npmjs.org/jest-get-type 2ms (cache hit)
3732 silly packumentCache full:https://registry.npmjs.org/jest-get-type set size:201170 disposed:false
3733 silly placeDep ROOT camelcase@6.3.0 OK for: jest-validate@29.7.0 want: ^6.2.0
3734 silly placeDep ROOT jest-get-type@29.6.3 OK for: jest-validate@29.7.0 want: ^29.6.3
3735 silly placeDep ROOT leven@3.1.0 OK for: jest-validate@29.7.0 want: ^3.1.0
3736 silly placeDep ROOT fb-watchman@2.0.2 OK for: metro-file-map@0.83.3 want: ^2.0.0
3737 silly placeDep ROOT micromatch@4.0.8 OK for: metro-file-map@0.83.3 want: ^4.0.4
3738 silly placeDep ROOT walker@1.0.8 OK for: metro-file-map@0.83.3 want: ^1.0.7
3739 silly fetch manifest bser@2.1.1
3740 silly packumentCache full:https://registry.npmjs.org/bser cache-miss
3741 silly fetch manifest braces@^3.0.3
3742 silly packumentCache full:https://registry.npmjs.org/braces cache-miss
3743 silly fetch manifest makeerror@1.0.12
3744 silly packumentCache full:https://registry.npmjs.org/makeerror cache-miss
3745 http cache https://registry.npmjs.org/braces 2ms (cache hit)
3746 silly packumentCache full:https://registry.npmjs.org/braces set size:114529 disposed:false
3747 http cache https://registry.npmjs.org/bser 2ms (cache hit)
3748 silly packumentCache full:https://registry.npmjs.org/bser set size:14158 disposed:false
3749 http cache https://registry.npmjs.org/makeerror 3ms (cache hit)
3750 silly packumentCache full:https://registry.npmjs.org/makeerror set size:16681 disposed:false
3751 silly placeDep ROOT bser@2.1.1 OK for: fb-watchman@2.0.2 want: 2.1.1
3752 silly fetch manifest node-int64@^0.4.0
3753 silly packumentCache full:https://registry.npmjs.org/node-int64 cache-miss
3754 http cache https://registry.npmjs.org/node-int64 1ms (cache hit)
3755 silly packumentCache full:https://registry.npmjs.org/node-int64 set size:11660 disposed:false
3756 silly placeDep ROOT node-int64@0.4.0 OK for: bser@2.1.1 want: ^0.4.0
3757 silly placeDep ROOT terser@5.46.1 OK for: metro-minify-terser@0.83.3 want: ^5.15.0
3758 silly fetch manifest @jridgewell/source-map@^0.3.3
3759 silly packumentCache full:https://registry.npmjs.org/@jridgewell%2fsource-map cache-miss
3760 silly fetch manifest commander@^2.20.0
3761 silly packumentCache full:https://registry.npmjs.org/commander cache-hit
3762 silly fetch manifest source-map-support@~0.5.20
3763 silly packumentCache full:https://registry.npmjs.org/source-map-support cache-hit
3764 http cache https://registry.npmjs.org/@jridgewell%2fsource-map 1ms (cache hit)
3765 silly packumentCache full:https://registry.npmjs.org/@jridgewell%2fsource-map set size:45204 disposed:false
3766 silly placeDep ROOT @babel/traverse--for-generate-function-map@7.29.0 OK for: metro-source-map@0.83.3 want: npm:@babel/traverse@^7.25.3
3767 silly placeDep ROOT ob1@0.83.3 OK for: metro-source-map@0.83.3 want: 0.83.3
3768 silly placeDep ROOT vlq@1.0.1 OK for: metro-source-map@0.83.3 want: ^1.0.0
3769 silly placeDep ROOT braces@3.0.3 OK for: micromatch@4.0.8 want: ^3.0.3
3770 silly fetch manifest fill-range@^7.1.1
3771 silly packumentCache full:https://registry.npmjs.org/fill-range cache-miss
3772 http cache https://registry.npmjs.org/fill-range 1ms (cache hit)
3773 silly packumentCache full:https://registry.npmjs.org/fill-range set size:90212 disposed:false
3774 silly placeDep ROOT fill-range@7.1.1 OK for: braces@3.0.3 want: ^7.1.1
3775 silly fetch manifest to-regex-range@^5.0.1
3776 silly packumentCache full:https://registry.npmjs.org/to-regex-range cache-miss
3777 http cache https://registry.npmjs.org/to-regex-range 1ms (cache hit)
3778 silly packumentCache full:https://registry.npmjs.org/to-regex-range set size:61569 disposed:false
3779 silly placeDep ROOT to-regex-range@5.0.1 OK for: fill-range@7.1.1 want: ^5.0.1
3780 silly fetch manifest is-number@^7.0.0
3781 silly packumentCache full:https://registry.npmjs.org/is-number cache-miss
3782 http cache https://registry.npmjs.org/is-number 1ms (cache hit)
3783 silly packumentCache full:https://registry.npmjs.org/is-number set size:36183 disposed:false
3784 silly placeDep ROOT mime-db@1.52.0 OK for: mime-types@2.1.35 want: 1.52.0
3785 silly placeDep ROOT brace-expansion@1.1.14 OK for: minimatch@3.1.5 want: ^1.1.7
3786 silly fetch manifest concat-map@0.0.1
3787 silly packumentCache full:https://registry.npmjs.org/concat-map cache-miss
3788 silly fetch manifest balanced-match@^1.0.0
3789 silly packumentCache full:https://registry.npmjs.org/balanced-match cache-miss
3790 http cache https://registry.npmjs.org/concat-map 1ms (cache hit)
3791 silly packumentCache full:https://registry.npmjs.org/concat-map set size:9290 disposed:false
3792 http cache https://registry.npmjs.org/balanced-match 2ms (cache hit)
3793 silly packumentCache full:https://registry.npmjs.org/balanced-match set size:39082 disposed:false
3794 silly placeDep ROOT balanced-match@1.0.2 OK for: brace-expansion@1.1.14 want: ^1.0.0
3795 silly placeDep ROOT concat-map@0.0.1 OK for: brace-expansion@1.1.14 want: 0.0.1
3796 silly placeDep ROOT ee-first@1.1.1 OK for: on-finished@2.3.0 want: 1.1.1
3797 silly placeDep ROOT deep-is@0.1.4 OK for: optionator@0.9.4 want: ^0.1.3
3798 silly placeDep ROOT fast-levenshtein@2.0.6 OK for: optionator@0.9.4 want: ^2.0.6
3799 silly placeDep ROOT word-wrap@1.2.5 OK for: optionator@0.9.4 want: ^1.2.5
3800 silly placeDep ROOT yocto-queue@0.1.0 OK for: p-limit@3.1.0 want: ^0.1.0
3801 silly placeDep ROOT callsites@3.1.0 OK for: parent-module@1.0.1 want: ^3.0.0
3802 silly placeDep ROOT pngjs@3.4.0 OK for: parse-png@2.1.0 want: ^3.3.0
3803 silly placeDep node_modules/path-scurry lru-cache@11.3.5 OK for: path-scurry@2.0.2 want: ^11.0.0
3804 silly placeDep ROOT source-map-js@1.2.1 OK for: postcss@8.4.49 want: ^1.2.1
3805 silly placeDep node_modules/pretty-format ansi-styles@5.2.0 OK for: pretty-format@29.7.0 want: ^5.0.0
3806 silly placeDep node_modules/pretty-format react-is@18.3.1 OK for: pretty-format@29.7.0 want: ^18.0.0
3807 silly placeDep ROOT object-assign@4.1.1 OK for: prop-types@15.8.1 want: ^4.1.1
3808 silly placeDep node_modules/prop-types react-is@16.13.1 OK for: prop-types@15.8.1 want: ^16.13.1
3809 silly placeDep ROOT decode-uri-component@0.2.2 OK for: query-string@7.1.3 want: ^0.2.2
3810 silly placeDep ROOT filter-obj@1.1.0 OK for: query-string@7.1.3 want: ^1.1.0
3811 silly placeDep ROOT split-on-first@1.1.0 OK for: query-string@7.1.3 want: ^1.0.0
3812 silly placeDep ROOT strict-uri-encode@2.0.0 OK for: query-string@7.1.3 want: ^2.0.0
3813 silly placeDep ROOT inherits@2.0.4 OK for: queue@6.0.2 want: ~2.0.3
3814 silly placeDep ROOT scheduler@0.26.0 OK for: react-dom@19.1.0 want: ^0.26.0
3815 silly fetch manifest @babel/core@^7.8.0
3816 silly packumentCache full:https://registry.npmjs.org/@babel%2fcore cache-hit
3817 silly fetch manifest @types/react@^19.1.0
3818 silly packumentCache full:https://registry.npmjs.org/@types%2freact cache-miss
3819 http cache https://registry.npmjs.org/@types%2freact 3ms (cache hit)
3820 silly packumentCache full:https://registry.npmjs.org/@types%2freact set size:2588964 disposed:false
3821 silly fetch manifest react@^19.1.0
3822 silly packumentCache full:https://registry.npmjs.org/react cache-miss
3823 http cache https://registry.npmjs.org/react 6ms (cache hit)
3824 silly packumentCache full:https://registry.npmjs.org/react set size:6613874 disposed:false
3825 silly fetch manifest @react-native-community/cli@*
3826 silly packumentCache full:https://registry.npmjs.org/@react-native-community%2fcli cache-miss
3827 http cache https://registry.npmjs.org/@react-native-community%2fcli 2ms (cache hit)
3828 silly packumentCache full:https://registry.npmjs.org/@react-native-community%2fcli set size:1033361 disposed:false
3829 silly placeDep ROOT @jest/create-cache-key-function@29.7.0 OK for: react-native@0.81.5 want: ^29.7.0
3830 silly placeDep ROOT @react-native/assets-registry@0.81.5 OK for: react-native@0.81.5 want: 0.81.5
3831 silly placeDep ROOT @react-native/community-cli-plugin@0.81.5 OK for: react-native@0.81.5 want: 0.81.5
3832 silly placeDep ROOT @react-native/gradle-plugin@0.81.5 OK for: react-native@0.81.5 want: 0.81.5
3833 silly placeDep ROOT @react-native/js-polyfills@0.81.5 OK for: react-native@0.81.5 want: 0.81.5
3834 silly placeDep node_modules/react-native @react-native/virtualized-lists@0.81.5 CONFLICT for: react-native@0.81.5 want: 0.81.5
3835 silly placeDep ROOT abort-controller@3.0.0 OK for: react-native@0.81.5 want: ^3.0.0
3836 silly placeDep ROOT ansi-regex@5.0.1 OK for: react-native@0.81.5 want: ^5.0.0
3837 silly placeDep ROOT babel-jest@29.7.0 OK for: react-native@0.81.5 want: ^29.7.0
3838 silly placeDep node_modules/react-native commander@12.1.0 OK for: react-native@0.81.5 want: ^12.0.0
3839 silly placeDep node_modules/react-native glob@7.2.3 OK for: react-native@0.81.5 want: ^7.1.1
3840 silly placeDep ROOT jest-environment-node@29.7.0 OK for: react-native@0.81.5 want: ^29.7.0
3841 silly placeDep ROOT memoize-one@5.2.1 OK for: react-native@0.81.5 want: ^5.0.0
3842 silly placeDep ROOT promise@8.3.0 OK for: react-native@0.81.5 want: ^8.3.0
3843 silly placeDep ROOT react-devtools-core@6.1.5 OK for: react-native@0.81.5 want: ^6.1.5
3844 silly placeDep ROOT regenerator-runtime@0.13.11 OK for: react-native@0.81.5 want: ^0.13.2
3845 silly placeDep node_modules/react-native semver@7.7.4 OK for: react-native@0.81.5 want: ^7.1.3
3846 silly placeDep node_modules/react-native ws@6.2.3 OK for: react-native@0.81.5 want: ^6.2.3
3847 silly fetch manifest event-target-shim@^5.0.0
3848 silly packumentCache full:https://registry.npmjs.org/event-target-shim cache-miss
3849 silly fetch manifest @jest/transform@^29.7.0
3850 silly packumentCache full:https://registry.npmjs.org/@jest%2ftransform cache-miss
3851 silly fetch manifest babel-preset-jest@^29.6.3
3852 silly packumentCache full:https://registry.npmjs.org/babel-preset-jest cache-miss
3853 silly fetch manifest @types/babel__core@^7.1.14
3854 silly packumentCache full:https://registry.npmjs.org/@types%2fbabel__core cache-miss
3855 silly fetch manifest babel-plugin-istanbul@^6.1.1
3856 silly packumentCache full:https://registry.npmjs.org/babel-plugin-istanbul cache-miss
3857 silly fetch manifest jest-mock@^29.7.0
3858 silly packumentCache full:https://registry.npmjs.org/jest-mock cache-miss
3859 silly fetch manifest @jest/environment@^29.7.0
3860 silly packumentCache full:https://registry.npmjs.org/@jest%2fenvironment cache-miss
3861 http cache https://registry.npmjs.org/@types%2fbabel__core 3ms (cache hit)
3862 silly packumentCache full:https://registry.npmjs.org/@types%2fbabel__core set size:88676 disposed:false
3863 silly fetch manifest @jest/fake-timers@^29.7.0
3864 silly packumentCache full:https://registry.npmjs.org/@jest%2ffake-timers cache-miss
3865 http cache https://registry.npmjs.org/babel-plugin-istanbul 4ms (cache hit)
3866 silly packumentCache full:https://registry.npmjs.org/babel-plugin-istanbul set size:123182 disposed:false
3867 silly fetch manifest asap@~2.0.6
3868 silly packumentCache full:https://registry.npmjs.org/asap cache-miss
3869 http cache https://registry.npmjs.org/babel-preset-jest 6ms (cache hit)
3870 silly packumentCache full:https://registry.npmjs.org/babel-preset-jest set size:426787 disposed:false
3871 silly fetch manifest shell-quote@^1.6.1
3872 silly packumentCache full:https://registry.npmjs.org/shell-quote cache-miss
3873 http cache https://registry.npmjs.org/event-target-shim 7ms (cache hit)
3874 silly packumentCache full:https://registry.npmjs.org/event-target-shim set size:103601 disposed:false
3875 silly fetch manifest async-limiter@~1.0.0
3876 silly packumentCache full:https://registry.npmjs.org/async-limiter cache-miss
3877 http cache https://registry.npmjs.org/@jest%2ftransform 8ms (cache hit)
3878 silly packumentCache full:https://registry.npmjs.org/@jest%2ftransform set size:463781 disposed:false
3879 http cache https://registry.npmjs.org/jest-mock 9ms (cache hit)
3880 silly packumentCache full:https://registry.npmjs.org/jest-mock set size:519621 disposed:false
3881 http cache https://registry.npmjs.org/@jest%2fenvironment 11ms (cache hit)
3882 silly packumentCache full:https://registry.npmjs.org/@jest%2fenvironment set size:363084 disposed:false
3883 http cache https://registry.npmjs.org/asap 9ms (cache hit)
3884 silly packumentCache full:https://registry.npmjs.org/asap set size:30968 disposed:false
3885 http cache https://registry.npmjs.org/shell-quote 8ms (cache hit)
3886 silly packumentCache full:https://registry.npmjs.org/shell-quote set size:61937 disposed:false
3887 http cache https://registry.npmjs.org/async-limiter 7ms (cache hit)
3888 silly packumentCache full:https://registry.npmjs.org/async-limiter set size:12538 disposed:false
3889 http cache https://registry.npmjs.org/@jest%2ffake-timers 13ms (cache hit)
3890 silly packumentCache full:https://registry.npmjs.org/@jest%2ffake-timers set size:367602 disposed:false
3891 silly placeDep ROOT @react-native/dev-middleware@0.81.5 OK for: @react-native/community-cli-plugin@0.81.5 want: 0.81.5
3892 silly placeDep node_modules/@react-native/community-cli-plugin semver@7.7.4 OK for: @react-native/community-cli-plugin@0.81.5 want: ^7.1.3
3893 silly fetch manifest open@^7.0.3
3894 silly packumentCache full:https://registry.npmjs.org/open cache-miss
3895 silly fetch manifest serve-static@^1.16.2
3896 silly packumentCache full:https://registry.npmjs.org/serve-static cache-miss
3897 silly fetch manifest chrome-launcher@^0.15.2
3898 silly packumentCache full:https://registry.npmjs.org/chrome-launcher cache-miss
3899 silly fetch manifest @isaacs/ttlcache@^1.4.1
3900 silly packumentCache full:https://registry.npmjs.org/@isaacs%2fttlcache cache-miss
3901 silly fetch manifest chromium-edge-launcher@^0.2.0
3902 silly packumentCache full:https://registry.npmjs.org/chromium-edge-launcher cache-miss
3903 silly fetch manifest @react-native/debugger-frontend@0.81.5
3904 silly packumentCache full:https://registry.npmjs.org/@react-native%2fdebugger-frontend cache-miss
3905 http cache https://registry.npmjs.org/open 2ms (cache hit)
3906 silly packumentCache full:https://registry.npmjs.org/open set size:136392 disposed:false
3907 http cache https://registry.npmjs.org/serve-static 3ms (cache hit)
3908 silly packumentCache full:https://registry.npmjs.org/serve-static set size:150391 disposed:false
3909 http cache https://registry.npmjs.org/chrome-launcher 4ms (cache hit)
3910 silly packumentCache full:https://registry.npmjs.org/chrome-launcher set size:131779 disposed:false
3911 http cache https://registry.npmjs.org/@react-native%2fdebugger-frontend 5ms (cache hit)
3912 silly packumentCache full:https://registry.npmjs.org/@react-native%2fdebugger-frontend set size:1848223 disposed:false
3913 http cache https://registry.npmjs.org/@isaacs%2fttlcache 10ms (cache hit)
3914 silly packumentCache full:https://registry.npmjs.org/@isaacs%2fttlcache set size:62836 disposed:false
3915 http cache https://registry.npmjs.org/chromium-edge-launcher 9ms (cache hit)
3916 silly packumentCache full:https://registry.npmjs.org/chromium-edge-launcher set size:72314 disposed:false
3917 silly placeDep ROOT @isaacs/ttlcache@1.4.1 OK for: @react-native/dev-middleware@0.81.5 want: ^1.4.1
3918 silly placeDep ROOT @react-native/debugger-frontend@0.81.5 OK for: @react-native/dev-middleware@0.81.5 want: 0.81.5
3919 silly placeDep ROOT chrome-launcher@0.15.2 OK for: @react-native/dev-middleware@0.81.5 want: ^0.15.2
3920 silly placeDep ROOT chromium-edge-launcher@0.2.0 OK for: @react-native/dev-middleware@0.81.5 want: ^0.2.0
3921 silly placeDep ROOT open@7.4.2 OK for: @react-native/dev-middleware@0.81.5 want: ^7.0.3
3922 silly placeDep ROOT serve-static@1.16.3 OK for: @react-native/dev-middleware@0.81.5 want: ^1.16.2
3923 silly placeDep node_modules/@react-native/dev-middleware ws@6.2.3 OK for: @react-native/dev-middleware@0.81.5 want: ^6.2.3
3924 silly fetch manifest is-wsl@^2.2.0
3925 silly packumentCache full:https://registry.npmjs.org/is-wsl cache-miss
3926 silly fetch manifest lighthouse-logger@^1.0.0
3927 silly packumentCache full:https://registry.npmjs.org/lighthouse-logger cache-miss
3928 silly fetch manifest is-wsl@^2.2.0
3929 silly packumentCache full:https://registry.npmjs.org/is-wsl cache-miss
3930 silly fetch manifest mkdirp@^1.0.4
3931 silly packumentCache full:https://registry.npmjs.org/mkdirp cache-miss
3932 silly fetch manifest rimraf@^3.0.2
3933 silly packumentCache full:https://registry.npmjs.org/rimraf cache-miss
3934 silly fetch manifest lighthouse-logger@^1.0.0
3935 silly packumentCache full:https://registry.npmjs.org/lighthouse-logger cache-miss
3936 silly fetch manifest is-wsl@^2.1.1
3937 silly packumentCache full:https://registry.npmjs.org/is-wsl cache-miss
3938 http cache https://registry.npmjs.org/lighthouse-logger 2ms (cache hit)
3939 silly packumentCache full:https://registry.npmjs.org/lighthouse-logger set size:19412 disposed:false
3940 silly fetch manifest is-docker@^2.0.0
3941 silly packumentCache full:https://registry.npmjs.org/is-docker cache-miss
3942 http cache https://registry.npmjs.org/is-wsl 2ms (cache hit)
3943 silly packumentCache full:https://registry.npmjs.org/is-wsl set size:20683 disposed:false
3944 silly fetch manifest send@~0.19.1
3945 silly packumentCache full:https://registry.npmjs.org/send cache-hit
3946 silly fetch manifest encodeurl@~2.0.0
3947 silly packumentCache full:https://registry.npmjs.org/encodeurl cache-hit
3948 http cache https://registry.npmjs.org/is-wsl 2ms (cache hit)
3949 silly packumentCache full:https://registry.npmjs.org/is-wsl set size:20683 disposed:false
3950 silly packumentCache full:https://registry.npmjs.org/is-wsl dispose
3951 http cache https://registry.npmjs.org/lighthouse-logger 3ms (cache hit)
3952 silly packumentCache full:https://registry.npmjs.org/lighthouse-logger set size:19412 disposed:false
3953 silly packumentCache full:https://registry.npmjs.org/lighthouse-logger dispose
3954 http cache https://registry.npmjs.org/is-wsl 4ms (cache hit)
3955 silly packumentCache full:https://registry.npmjs.org/is-wsl set size:20683 disposed:true
3956 silly packumentCache full:https://registry.npmjs.org/is-wsl dispose
3957 http cache https://registry.npmjs.org/mkdirp 4ms (cache hit)
3958 silly packumentCache full:https://registry.npmjs.org/mkdirp set size:116455 disposed:false
3959 http cache https://registry.npmjs.org/rimraf 5ms (cache hit)
3960 silly packumentCache full:https://registry.npmjs.org/rimraf set size:212626 disposed:false
3961 http cache https://registry.npmjs.org/is-docker 4ms (cache hit)
3962 silly packumentCache full:https://registry.npmjs.org/is-docker set size:23690 disposed:false
3963 silly placeDep ROOT event-target-shim@5.0.1 OK for: abort-controller@3.0.0 want: ^5.0.0
3964 silly placeDep ROOT @jest/transform@29.7.0 OK for: babel-jest@29.7.0 want: ^29.7.0
3965 silly placeDep ROOT @types/babel__core@7.20.5 OK for: babel-jest@29.7.0 want: ^7.1.14
3966 silly placeDep ROOT babel-plugin-istanbul@6.1.1 OK for: babel-jest@29.7.0 want: ^6.1.1
3967 silly placeDep ROOT babel-preset-jest@29.6.3 OK for: babel-jest@29.7.0 want: ^29.6.3
3968 silly fetch manifest pirates@^4.0.4
3969 silly packumentCache full:https://registry.npmjs.org/pirates cache-hit
3970 silly fetch manifest jest-haste-map@^29.7.0
3971 silly packumentCache full:https://registry.npmjs.org/jest-haste-map cache-miss
3972 silly fetch manifest jest-regex-util@^29.6.3
3973 silly packumentCache full:https://registry.npmjs.org/jest-regex-util cache-miss
3974 silly fetch manifest write-file-atomic@^4.0.2
3975 silly packumentCache full:https://registry.npmjs.org/write-file-atomic cache-miss
3976 silly fetch manifest @types/babel__template@*
3977 silly packumentCache full:https://registry.npmjs.org/@types%2fbabel__template cache-miss
3978 silly fetch manifest @types/babel__traverse@*
3979 silly packumentCache full:https://registry.npmjs.org/@types%2fbabel__traverse cache-miss
3980 silly fetch manifest @types/babel__generator@*
3981 silly packumentCache full:https://registry.npmjs.org/@types%2fbabel__generator cache-miss
3982 silly fetch manifest test-exclude@^6.0.0
3983 silly packumentCache full:https://registry.npmjs.org/test-exclude cache-miss
3984 http cache https://registry.npmjs.org/write-file-atomic 2ms (cache hit)
3985 silly packumentCache full:https://registry.npmjs.org/write-file-atomic set size:80317 disposed:false
3986 silly fetch manifest @istanbuljs/schema@^0.1.2
3987 silly packumentCache full:https://registry.npmjs.org/@istanbuljs%2fschema cache-miss
3988 http cache https://registry.npmjs.org/jest-regex-util 4ms (cache hit)
3989 silly packumentCache full:https://registry.npmjs.org/jest-regex-util set size:229345 disposed:false
3990 silly fetch manifest istanbul-lib-instrument@^5.0.4
3991 silly packumentCache full:https://registry.npmjs.org/istanbul-lib-instrument cache-miss
3992 http cache https://registry.npmjs.org/@types%2fbabel__template 4ms (cache hit)
3993 silly packumentCache full:https://registry.npmjs.org/@types%2fbabel__template set size:22631 disposed:false
3994 silly fetch manifest @istanbuljs/load-nyc-config@^1.0.0
3995 silly packumentCache full:https://registry.npmjs.org/@istanbuljs%2fload-nyc-config cache-miss
3996 http cache https://registry.npmjs.org/jest-haste-map 6ms (cache hit)
3997 silly packumentCache full:https://registry.npmjs.org/jest-haste-map set size:688422 disposed:false
3998 silly fetch manifest babel-plugin-jest-hoist@^29.6.3
3999 silly packumentCache full:https://registry.npmjs.org/babel-plugin-jest-hoist cache-miss
4000 http cache https://registry.npmjs.org/@types%2fbabel__traverse 7ms (cache hit)
4001 silly packumentCache full:https://registry.npmjs.org/@types%2fbabel__traverse set size:107819 disposed:false
4002 silly fetch manifest babel-preset-current-node-syntax@^1.0.0
4003 silly packumentCache full:https://registry.npmjs.org/babel-preset-current-node-syntax cache-miss
4004 http cache https://registry.npmjs.org/@types%2fbabel__generator 8ms (cache hit)
4005 silly packumentCache full:https://registry.npmjs.org/@types%2fbabel__generator set size:31587 disposed:false
4006 http cache https://registry.npmjs.org/test-exclude 8ms (cache hit)
4007 silly packumentCache full:https://registry.npmjs.org/test-exclude set size:89897 disposed:false
4008 http cache https://registry.npmjs.org/@istanbuljs%2fschema 7ms (cache hit)
4009 silly packumentCache full:https://registry.npmjs.org/@istanbuljs%2fschema set size:16895 disposed:false
4010 http cache https://registry.npmjs.org/@istanbuljs%2fload-nyc-config 6ms (cache hit)
4011 silly packumentCache full:https://registry.npmjs.org/@istanbuljs%2fload-nyc-config set size:17425 disposed:false
4012 http cache https://registry.npmjs.org/istanbul-lib-instrument 7ms (cache hit)
4013 silly packumentCache full:https://registry.npmjs.org/istanbul-lib-instrument set size:219175 disposed:false
4014 http cache https://registry.npmjs.org/babel-preset-current-node-syntax 4ms (cache hit)
4015 silly packumentCache full:https://registry.npmjs.org/babel-preset-current-node-syntax set size:33355 disposed:false
4016 http cache https://registry.npmjs.org/babel-plugin-jest-hoist 5ms (cache hit)
4017 silly packumentCache full:https://registry.npmjs.org/babel-plugin-jest-hoist set size:463515 disposed:false
4018 silly placeDep ROOT jest-haste-map@29.7.0 OK for: @jest/transform@29.7.0 want: ^29.7.0
4019 silly placeDep ROOT jest-regex-util@29.6.3 OK for: @jest/transform@29.7.0 want: ^29.6.3
4020 silly placeDep ROOT pirates@4.0.7 OK for: @jest/transform@29.7.0 want: ^4.0.4
4021 silly placeDep ROOT write-file-atomic@4.0.2 OK for: @jest/transform@29.7.0 want: ^4.0.2
4022 silly fetch manifest anymatch@^3.0.3
4023 silly packumentCache full:https://registry.npmjs.org/anymatch cache-miss
4024 silly fetch manifest @types/graceful-fs@^4.1.3
4025 silly packumentCache full:https://registry.npmjs.org/@types%2fgraceful-fs cache-miss
4026 silly fetch manifest fsevents@^2.3.2
4027 silly packumentCache full:https://registry.npmjs.org/fsevents cache-miss
4028 silly fetch manifest signal-exit@^3.0.7
4029 silly packumentCache full:https://registry.npmjs.org/signal-exit cache-miss
4030 http cache https://registry.npmjs.org/anymatch 1ms (cache hit)
4031 silly packumentCache full:https://registry.npmjs.org/anymatch set size:42974 disposed:false
4032 http cache https://registry.npmjs.org/@types%2fgraceful-fs 2ms (cache hit)
4033 silly packumentCache full:https://registry.npmjs.org/@types%2fgraceful-fs set size:38755 disposed:false
4034 http cache https://registry.npmjs.org/signal-exit 2ms (cache hit)
4035 silly packumentCache full:https://registry.npmjs.org/signal-exit set size:53489 disposed:false
4036 http cache https://registry.npmjs.org/fsevents 2ms (cache hit)
4037 silly packumentCache full:https://registry.npmjs.org/fsevents set size:182472 disposed:false
4038 silly placeDep ROOT @types/babel__generator@7.27.0 OK for: @types/babel__core@7.20.5 want: *
4039 silly placeDep ROOT @types/babel__template@7.4.4 OK for: @types/babel__core@7.20.5 want: *
4040 silly placeDep ROOT @types/babel__traverse@7.28.0 OK for: @types/babel__core@7.20.5 want: *
4041 silly placeDep ROOT @istanbuljs/load-nyc-config@1.1.0 OK for: babel-plugin-istanbul@6.1.1 want: ^1.0.0
4042 silly placeDep ROOT @istanbuljs/schema@0.1.6 OK for: babel-plugin-istanbul@6.1.1 want: ^0.1.2
4043 silly placeDep ROOT istanbul-lib-instrument@5.2.1 OK for: babel-plugin-istanbul@6.1.1 want: ^5.0.4
4044 silly placeDep ROOT test-exclude@6.0.0 OK for: babel-plugin-istanbul@6.1.1 want: ^6.0.0
4045 silly fetch manifest camelcase@^5.3.1
4046 silly packumentCache full:https://registry.npmjs.org/camelcase cache-hit
4047 silly fetch manifest find-up@^4.1.0
4048 silly packumentCache full:https://registry.npmjs.org/find-up cache-hit
4049 silly fetch manifest get-package-type@^0.1.0
4050 silly packumentCache full:https://registry.npmjs.org/get-package-type cache-miss
4051 silly fetch manifest js-yaml@^3.13.1
4052 silly packumentCache full:https://registry.npmjs.org/js-yaml cache-hit
4053 silly fetch manifest istanbul-lib-coverage@^3.2.0
4054 silly packumentCache full:https://registry.npmjs.org/istanbul-lib-coverage cache-miss
4055 silly fetch manifest glob@^7.1.4
4056 silly packumentCache full:https://registry.npmjs.org/glob cache-hit
4057 http cache https://registry.npmjs.org/get-package-type 2ms (cache hit)
4058 silly packumentCache full:https://registry.npmjs.org/get-package-type set size:4414 disposed:false
4059 http cache https://registry.npmjs.org/istanbul-lib-coverage 2ms (cache hit)
4060 silly packumentCache full:https://registry.npmjs.org/istanbul-lib-coverage set size:75651 disposed:false
4061 silly placeDep node_modules/@istanbuljs/load-nyc-config camelcase@5.3.1 OK for: @istanbuljs/load-nyc-config@1.1.0 want: ^5.3.1
4062 silly placeDep node_modules/@istanbuljs/load-nyc-config find-up@4.1.0 OK for: @istanbuljs/load-nyc-config@1.1.0 want: ^4.1.0
4063 silly placeDep ROOT get-package-type@0.1.0 OK for: @istanbuljs/load-nyc-config@1.1.0 want: ^0.1.0
4064 silly placeDep node_modules/@istanbuljs/load-nyc-config js-yaml@3.14.2 OK for: @istanbuljs/load-nyc-config@1.1.0 want: ^3.13.1
4065 silly fetch manifest locate-path@^5.0.0
4066 silly packumentCache full:https://registry.npmjs.org/locate-path cache-hit
4067 silly fetch manifest esprima@^4.0.0
4068 silly packumentCache full:https://registry.npmjs.org/esprima cache-miss
4069 silly fetch manifest argparse@^1.0.7
4070 silly packumentCache full:https://registry.npmjs.org/argparse cache-hit
4071 http cache https://registry.npmjs.org/esprima 1ms (cache hit)
4072 silly packumentCache full:https://registry.npmjs.org/esprima set size:118410 disposed:false
4073 silly placeDep ROOT babel-plugin-jest-hoist@29.6.3 OK for: babel-preset-jest@29.6.3 want: ^29.6.3
4074 silly placeDep ROOT babel-preset-current-node-syntax@1.2.0 OK for: babel-preset-jest@29.6.3 want: ^1.0.0
4075 silly fetch manifest @babel/plugin-syntax-async-generators@^7.8.4
4076 silly packumentCache full:https://registry.npmjs.org/@babel%2fplugin-syntax-async-generators cache-miss
4077 silly fetch manifest @babel/plugin-syntax-bigint@^7.8.3
4078 silly packumentCache full:https://registry.npmjs.org/@babel%2fplugin-syntax-bigint cache-miss
4079 silly fetch manifest @babel/plugin-syntax-class-properties@^7.12.13
4080 silly packumentCache full:https://registry.npmjs.org/@babel%2fplugin-syntax-class-properties cache-miss
4081 silly fetch manifest @babel/plugin-syntax-class-static-block@^7.14.5
4082 silly packumentCache full:https://registry.npmjs.org/@babel%2fplugin-syntax-class-static-block cache-miss
4083 silly fetch manifest @babel/plugin-syntax-import-attributes@^7.24.7
4084 silly packumentCache full:https://registry.npmjs.org/@babel%2fplugin-syntax-import-attributes cache-miss
4085 silly fetch manifest @babel/plugin-syntax-import-meta@^7.10.4
4086 silly packumentCache full:https://registry.npmjs.org/@babel%2fplugin-syntax-import-meta cache-miss
4087 silly fetch manifest @babel/plugin-syntax-json-strings@^7.8.3
4088 silly packumentCache full:https://registry.npmjs.org/@babel%2fplugin-syntax-json-strings cache-miss
4089 http cache https://registry.npmjs.org/@babel%2fplugin-syntax-class-static-block 2ms (cache hit)
4090 silly packumentCache full:https://registry.npmjs.org/@babel%2fplugin-syntax-class-static-block set size:11519 disposed:false
4091 silly fetch manifest @babel/plugin-syntax-logical-assignment-operators@^7.10.4
4092 silly packumentCache full:https://registry.npmjs.org/@babel%2fplugin-syntax-logical-assignment-operators cache-miss
4093 http cache https://registry.npmjs.org/@babel%2fplugin-syntax-async-generators 3ms (cache hit)
4094 silly packumentCache full:https://registry.npmjs.org/@babel%2fplugin-syntax-async-generators set size:82646 disposed:false
4095 silly fetch manifest @babel/plugin-syntax-numeric-separator@^7.10.4
4096 silly packumentCache full:https://registry.npmjs.org/@babel%2fplugin-syntax-numeric-separator cache-miss
4097 http cache https://registry.npmjs.org/@babel%2fplugin-syntax-import-attributes 2ms (cache hit)
4098 silly packumentCache full:https://registry.npmjs.org/@babel%2fplugin-syntax-import-attributes set size:71194 disposed:false
4099 silly fetch manifest @babel/plugin-syntax-object-rest-spread@^7.8.3
4100 silly packumentCache full:https://registry.npmjs.org/@babel%2fplugin-syntax-object-rest-spread cache-miss
4101 http cache https://registry.npmjs.org/@babel%2fplugin-syntax-bigint 4ms (cache hit)
4102 silly packumentCache full:https://registry.npmjs.org/@babel%2fplugin-syntax-bigint set size:55302 disposed:false
4103 silly fetch manifest @babel/plugin-syntax-optional-catch-binding@^7.8.3
4104 silly packumentCache full:https://registry.npmjs.org/@babel%2fplugin-syntax-optional-catch-binding cache-miss
4105 http cache https://registry.npmjs.org/@babel%2fplugin-syntax-import-meta 3ms (cache hit)
4106 silly packumentCache full:https://registry.npmjs.org/@babel%2fplugin-syntax-import-meta set size:76236 disposed:false
4107 silly fetch manifest @babel/plugin-syntax-private-property-in-object@^7.14.5
4108 silly packumentCache full:https://registry.npmjs.org/@babel%2fplugin-syntax-private-property-in-object cache-miss
4109 http cache https://registry.npmjs.org/@babel%2fplugin-syntax-class-properties 5ms (cache hit)
4110 silly packumentCache full:https://registry.npmjs.org/@babel%2fplugin-syntax-class-properties set size:92860 disposed:false
4111 silly fetch manifest @babel/plugin-syntax-top-level-await@^7.14.5
4112 silly packumentCache full:https://registry.npmjs.org/@babel%2fplugin-syntax-top-level-await cache-miss
4113 http cache https://registry.npmjs.org/@babel%2fplugin-syntax-json-strings 4ms (cache hit)
4114 silly packumentCache full:https://registry.npmjs.org/@babel%2fplugin-syntax-json-strings set size:50036 disposed:false
4115 http cache https://registry.npmjs.org/@babel%2fplugin-syntax-logical-assignment-operators 3ms (cache hit)
4116 silly packumentCache full:https://registry.npmjs.org/@babel%2fplugin-syntax-logical-assignment-operators set size:72392 disposed:false
4117 http cache https://registry.npmjs.org/@babel%2fplugin-syntax-numeric-separator 4ms (cache hit)
4118 silly packumentCache full:https://registry.npmjs.org/@babel%2fplugin-syntax-numeric-separator set size:91054 disposed:false
4119 http cache https://registry.npmjs.org/@babel%2fplugin-syntax-top-level-await 2ms (cache hit)
4120 silly packumentCache full:https://registry.npmjs.org/@babel%2fplugin-syntax-top-level-await set size:25370 disposed:false
4121 http cache https://registry.npmjs.org/@babel%2fplugin-syntax-private-property-in-object 3ms (cache hit)
4122 silly packumentCache full:https://registry.npmjs.org/@babel%2fplugin-syntax-private-property-in-object set size:6479 disposed:false
4123 http cache https://registry.npmjs.org/@babel%2fplugin-syntax-object-rest-spread 3ms (cache hit)
4124 silly packumentCache full:https://registry.npmjs.org/@babel%2fplugin-syntax-object-rest-spread set size:82808 disposed:false
4125 http cache https://registry.npmjs.org/@babel%2fplugin-syntax-optional-catch-binding 4ms (cache hit)
4126 silly packumentCache full:https://registry.npmjs.org/@babel%2fplugin-syntax-optional-catch-binding set size:83975 disposed:false
4127 silly fetch manifest @babel/core@^7.0.0 || ^8.0.0-0
4128 silly packumentCache full:https://registry.npmjs.org/@babel%2fcore cache-hit
4129 silly placeDep ROOT @babel/plugin-syntax-async-generators@7.8.4 OK for: babel-preset-current-node-syntax@1.2.0 want: ^7.8.4
4130 silly placeDep ROOT @babel/plugin-syntax-bigint@7.8.3 OK for: babel-preset-current-node-syntax@1.2.0 want: ^7.8.3
4131 silly placeDep ROOT @babel/plugin-syntax-class-properties@7.12.13 OK for: babel-preset-current-node-syntax@1.2.0 want: ^7.12.13
4132 silly placeDep ROOT @babel/plugin-syntax-class-static-block@7.14.5 OK for: babel-preset-current-node-syntax@1.2.0 want: ^7.14.5
4133 silly placeDep ROOT @babel/plugin-syntax-import-attributes@7.28.6 OK for: babel-preset-current-node-syntax@1.2.0 want: ^7.24.7
4134 silly placeDep ROOT @babel/plugin-syntax-import-meta@7.10.4 OK for: babel-preset-current-node-syntax@1.2.0 want: ^7.10.4
4135 silly placeDep ROOT @babel/plugin-syntax-json-strings@7.8.3 OK for: babel-preset-current-node-syntax@1.2.0 want: ^7.8.3
4136 silly placeDep ROOT @babel/plugin-syntax-logical-assignment-operators@7.10.4 OK for: babel-preset-current-node-syntax@1.2.0 want: ^7.10.4
4137 silly placeDep ROOT @babel/plugin-syntax-numeric-separator@7.10.4 OK for: babel-preset-current-node-syntax@1.2.0 want: ^7.10.4
4138 silly placeDep ROOT @babel/plugin-syntax-object-rest-spread@7.8.3 OK for: babel-preset-current-node-syntax@1.2.0 want: ^7.8.3
4139 silly placeDep ROOT @babel/plugin-syntax-optional-catch-binding@7.8.3 OK for: babel-preset-current-node-syntax@1.2.0 want: ^7.8.3
4140 silly placeDep ROOT @babel/plugin-syntax-private-property-in-object@7.14.5 OK for: babel-preset-current-node-syntax@1.2.0 want: ^7.14.5
4141 silly placeDep ROOT @babel/plugin-syntax-top-level-await@7.14.5 OK for: babel-preset-current-node-syntax@1.2.0 want: ^7.14.5
4142 silly placeDep ROOT is-wsl@2.2.0 OK for: chrome-launcher@0.15.2 want: ^2.2.0
4143 silly placeDep ROOT lighthouse-logger@1.4.2 OK for: chrome-launcher@0.15.2 want: ^1.0.0
4144 silly fetch manifest debug@^2.6.9
4145 silly packumentCache full:https://registry.npmjs.org/debug cache-hit
4146 silly fetch manifest marky@^1.2.2
4147 silly packumentCache full:https://registry.npmjs.org/marky cache-miss
4148 http cache https://registry.npmjs.org/marky 1ms (cache hit)
4149 silly packumentCache full:https://registry.npmjs.org/marky set size:45300 disposed:false
4150 silly placeDep ROOT mkdirp@1.0.4 OK for: chromium-edge-launcher@0.2.0 want: ^1.0.4
4151 silly placeDep ROOT rimraf@3.0.2 OK for: chromium-edge-launcher@0.2.0 want: ^3.0.2
4152 silly fetch manifest glob@^7.1.3
4153 silly packumentCache full:https://registry.npmjs.org/glob cache-hit
4154 silly placeDep ROOT is-docker@2.2.1 OK for: is-wsl@2.2.0 want: ^2.0.0
4155 silly placeDep ROOT istanbul-lib-coverage@3.2.2 OK for: istanbul-lib-instrument@5.2.1 want: ^3.2.0
4156 silly placeDep ROOT @jest/environment@29.7.0 OK for: jest-environment-node@29.7.0 want: ^29.7.0
4157 silly placeDep ROOT @jest/fake-timers@29.7.0 OK for: jest-environment-node@29.7.0 want: ^29.7.0
4158 silly placeDep ROOT jest-mock@29.7.0 OK for: jest-environment-node@29.7.0 want: ^29.7.0
4159 silly fetch manifest jest-message-util@^29.7.0
4160 silly packumentCache full:https://registry.npmjs.org/jest-message-util cache-miss
4161 silly fetch manifest @sinonjs/fake-timers@^10.0.2
4162 silly packumentCache full:https://registry.npmjs.org/@sinonjs%2ffake-timers cache-miss
4163 http cache https://registry.npmjs.org/@sinonjs%2ffake-timers 1ms (cache hit)
4164 silly packumentCache full:https://registry.npmjs.org/@sinonjs%2ffake-timers set size:395835 disposed:false
4165 http cache https://registry.npmjs.org/jest-message-util 7ms (cache hit)
4166 silly packumentCache full:https://registry.npmjs.org/jest-message-util set size:514568 disposed:false
4167 silly placeDep ROOT @sinonjs/fake-timers@10.3.0 OK for: @jest/fake-timers@29.7.0 want: ^10.0.2
4168 silly placeDep ROOT jest-message-util@29.7.0 OK for: @jest/fake-timers@29.7.0 want: ^29.7.0
4169 silly fetch manifest @sinonjs/commons@^3.0.0
4170 silly packumentCache full:https://registry.npmjs.org/@sinonjs%2fcommons cache-miss
4171 silly fetch manifest stack-utils@^2.0.3
4172 silly packumentCache full:https://registry.npmjs.org/stack-utils cache-miss
4173 silly fetch manifest @types/stack-utils@^2.0.0
4174 silly packumentCache full:https://registry.npmjs.org/@types%2fstack-utils cache-miss
4175 http cache https://registry.npmjs.org/stack-utils 1ms (cache hit)
4176 silly packumentCache full:https://registry.npmjs.org/stack-utils set size:60586 disposed:false
4177 http cache https://registry.npmjs.org/@types%2fstack-utils 1ms (cache hit)
4178 silly packumentCache full:https://registry.npmjs.org/@types%2fstack-utils set size:11605 disposed:false
4179 http cache https://registry.npmjs.org/@sinonjs%2fcommons 2ms (cache hit)
4180 silly packumentCache full:https://registry.npmjs.org/@sinonjs%2fcommons set size:84818 disposed:false
4181 silly placeDep ROOT @sinonjs/commons@3.0.1 OK for: @sinonjs/fake-timers@10.3.0 want: ^3.0.0
4182 silly fetch manifest type-detect@4.0.8
4183 silly packumentCache full:https://registry.npmjs.org/type-detect cache-miss
4184 http cache https://registry.npmjs.org/type-detect 1ms (cache hit)
4185 silly packumentCache full:https://registry.npmjs.org/type-detect set size:58804 disposed:false
4186 silly placeDep ROOT type-detect@4.0.8 OK for: @sinonjs/commons@3.0.1 want: 4.0.8
4187 silly placeDep ROOT @types/graceful-fs@4.1.9 OK for: jest-haste-map@29.7.0 want: ^4.1.3
4188 silly placeDep ROOT anymatch@3.1.3 OK for: jest-haste-map@29.7.0 want: ^3.0.3
4189 silly placeDep ROOT fsevents@2.3.3 OK for: jest-haste-map@29.7.0 want: ^2.3.2
4190 silly fetch manifest normalize-path@^3.0.0
4191 silly packumentCache full:https://registry.npmjs.org/normalize-path cache-miss
4192 http cache https://registry.npmjs.org/normalize-path 1ms (cache hit)
4193 silly packumentCache full:https://registry.npmjs.org/normalize-path set size:28713 disposed:false
4194 silly placeDep ROOT normalize-path@3.0.0 OK for: anymatch@3.1.3 want: ^3.0.0
4195 silly placeDep ROOT @types/stack-utils@2.0.3 OK for: jest-message-util@29.7.0 want: ^2.0.0
4196 silly placeDep ROOT stack-utils@2.0.6 OK for: jest-message-util@29.7.0 want: ^2.0.3
4197 silly fetch manifest escape-string-regexp@^2.0.0
4198 silly packumentCache full:https://registry.npmjs.org/escape-string-regexp cache-hit
4199 silly placeDep node_modules/lighthouse-logger debug@2.6.9 OK for: lighthouse-logger@1.4.2 want: ^2.6.9
4200 silly placeDep ROOT marky@1.3.0 OK for: lighthouse-logger@1.4.2 want: ^1.2.2
4201 silly placeDep ROOT asap@2.0.6 OK for: promise@8.3.0 want: ~2.0.6
4202 silly placeDep ROOT shell-quote@1.8.3 OK for: react-devtools-core@6.1.5 want: ^1.6.1
4203 silly placeDep ROOT @egjs/hammerjs@2.0.17 OK for: react-native-gesture-handler@2.28.0 want: ^2.0.17
4204 silly placeDep ROOT hoist-non-react-statics@3.3.2 OK for: react-native-gesture-handler@2.28.0 want: ^3.3.0
4205 silly fetch manifest @types/hammerjs@^2.0.36
4206 silly packumentCache full:https://registry.npmjs.org/@types%2fhammerjs cache-miss
4207 silly fetch manifest react-is@^16.7.0
4208 silly packumentCache full:https://registry.npmjs.org/react-is cache-miss
4209 http cache https://registry.npmjs.org/@types%2fhammerjs 1ms (cache hit)
4210 silly packumentCache full:https://registry.npmjs.org/@types%2fhammerjs set size:55893 disposed:false
4211 http cache https://registry.npmjs.org/react-is 5ms (cache hit)
4212 silly packumentCache full:https://registry.npmjs.org/react-is set size:5352319 disposed:false
4213 silly placeDep ROOT @types/hammerjs@2.0.46 OK for: @egjs/hammerjs@2.0.17 want: ^2.0.36
4214 silly placeDep node_modules/hoist-non-react-statics react-is@16.13.1 OK for: hoist-non-react-statics@3.3.2 want: ^16.7.0
4215 silly placeDep node_modules/react-native-reanimated semver@7.7.4 OK for: react-native-reanimated@4.1.7 want: ^7.7.2
4216 silly placeDep ROOT react-freeze@1.0.4 OK for: react-native-screens@4.16.0 want: ^1.0.0
4217 silly placeDep ROOT css-select@5.2.2 OK for: react-native-svg@15.15.4 want: ^5.1.0
4218 silly placeDep ROOT css-tree@1.1.3 OK for: react-native-svg@15.15.4 want: ^1.1.3
4219 silly fetch manifest boolbase@^1.0.0
4220 silly packumentCache full:https://registry.npmjs.org/boolbase cache-miss
4221 silly fetch manifest css-what@^6.1.0
4222 silly packumentCache full:https://registry.npmjs.org/css-what cache-miss
4223 silly fetch manifest domutils@^3.0.1
4224 silly packumentCache full:https://registry.npmjs.org/domutils cache-miss
4225 silly fetch manifest nth-check@^2.0.1
4226 silly packumentCache full:https://registry.npmjs.org/nth-check cache-miss
4227 silly fetch manifest domhandler@^5.0.2
4228 silly packumentCache full:https://registry.npmjs.org/domhandler cache-miss
4229 silly fetch manifest mdn-data@2.0.14
4230 silly packumentCache full:https://registry.npmjs.org/mdn-data cache-miss
4231 silly fetch manifest source-map@^0.6.1
4232 silly packumentCache full:https://registry.npmjs.org/source-map cache-hit
4233 http cache https://registry.npmjs.org/domutils 3ms (cache hit)
4234 silly packumentCache full:https://registry.npmjs.org/domutils set size:110068 disposed:false
4235 http cache https://registry.npmjs.org/css-what 4ms (cache hit)
4236 silly packumentCache full:https://registry.npmjs.org/css-what set size:81721 disposed:false
4237 http cache https://registry.npmjs.org/nth-check 4ms (cache hit)
4238 silly packumentCache full:https://registry.npmjs.org/nth-check set size:27445 disposed:false
4239 http cache https://registry.npmjs.org/boolbase 4ms (cache hit)
4240 silly packumentCache full:https://registry.npmjs.org/boolbase set size:4438 disposed:false
4241 http cache https://registry.npmjs.org/mdn-data 5ms (cache hit)
4242 silly packumentCache full:https://registry.npmjs.org/mdn-data set size:174141 disposed:false
4243 http cache https://registry.npmjs.org/domhandler 5ms (cache hit)
4244 silly packumentCache full:https://registry.npmjs.org/domhandler set size:78187 disposed:false
4245 silly placeDep ROOT boolbase@1.0.0 OK for: css-select@5.2.2 want: ^1.0.0
4246 silly placeDep ROOT css-what@6.2.2 OK for: css-select@5.2.2 want: ^6.1.0
4247 silly placeDep ROOT domhandler@5.0.3 OK for: css-select@5.2.2 want: ^5.0.2
4248 silly placeDep ROOT domutils@3.2.2 OK for: css-select@5.2.2 want: ^3.0.1
4249 silly placeDep ROOT nth-check@2.1.1 OK for: css-select@5.2.2 want: ^2.0.1
4250 silly fetch manifest domelementtype@^2.3.0
4251 silly packumentCache full:https://registry.npmjs.org/domelementtype cache-miss
4252 silly fetch manifest dom-serializer@^2.0.0
4253 silly packumentCache full:https://registry.npmjs.org/dom-serializer cache-miss
4254 silly fetch manifest domelementtype@^2.3.0
4255 silly packumentCache full:https://registry.npmjs.org/domelementtype cache-miss
4256 http cache https://registry.npmjs.org/domelementtype 2ms (cache hit)
4257 silly packumentCache full:https://registry.npmjs.org/domelementtype set size:33363 disposed:false
4258 http cache https://registry.npmjs.org/domelementtype 1ms (cache hit)
4259 silly packumentCache full:https://registry.npmjs.org/domelementtype set size:33363 disposed:false
4260 silly packumentCache full:https://registry.npmjs.org/domelementtype dispose
4261 http cache https://registry.npmjs.org/dom-serializer 3ms (cache hit)
4262 silly packumentCache full:https://registry.npmjs.org/dom-serializer set size:55186 disposed:false
4263 silly placeDep ROOT mdn-data@2.0.14 OK for: css-tree@1.1.3 want: 2.0.14
4264 silly placeDep node_modules/css-tree source-map@0.6.1 OK for: css-tree@1.1.3 want: ^0.6.1
4265 silly placeDep ROOT domelementtype@2.3.0 OK for: domhandler@5.0.3 want: ^2.3.0
4266 silly placeDep ROOT dom-serializer@2.0.0 OK for: domutils@3.2.2 want: ^2.0.0
4267 silly fetch manifest entities@^4.2.0
4268 silly packumentCache full:https://registry.npmjs.org/entities cache-miss
4269 http cache https://registry.npmjs.org/entities 1ms (cache hit)
4270 silly packumentCache full:https://registry.npmjs.org/entities set size:101550 disposed:false
4271 silly placeDep ROOT entities@4.5.0 OK for: dom-serializer@2.0.0 want: ^4.2.0
4272 silly placeDep node_modules/react-native-web @react-native/normalize-colors@0.74.89 OK for: react-native-web@0.21.2 want: ^0.74.1
4273 silly placeDep ROOT fbjs@3.0.5 OK for: react-native-web@0.21.2 want: ^3.0.4
4274 silly placeDep ROOT inline-style-prefixer@7.0.1 OK for: react-native-web@0.21.2 want: ^7.0.1
4275 silly placeDep node_modules/react-native-web memoize-one@6.0.0 OK for: react-native-web@0.21.2 want: ^6.0.0
4276 silly placeDep ROOT postcss-value-parser@4.2.0 OK for: react-native-web@0.21.2 want: ^4.2.0
4277 silly placeDep ROOT styleq@0.1.3 OK for: react-native-web@0.21.2 want: ^0.1.3
4278 silly fetch manifest cross-fetch@^3.1.5
4279 silly packumentCache full:https://registry.npmjs.org/cross-fetch cache-miss
4280 silly fetch manifest fbjs-css-vars@^1.0.0
4281 silly packumentCache full:https://registry.npmjs.org/fbjs-css-vars cache-miss
4282 silly fetch manifest promise@^7.1.1
4283 silly packumentCache full:https://registry.npmjs.org/promise cache-hit
4284 silly fetch manifest setimmediate@^1.0.5
4285 silly packumentCache full:https://registry.npmjs.org/setimmediate cache-miss
4286 silly fetch manifest ua-parser-js@^1.0.35
4287 silly packumentCache full:https://registry.npmjs.org/ua-parser-js cache-miss
4288 silly fetch manifest css-in-js-utils@^3.1.0
4289 silly packumentCache full:https://registry.npmjs.org/css-in-js-utils cache-miss
4290 http cache https://registry.npmjs.org/cross-fetch 2ms (cache hit)
4291 silly packumentCache full:https://registry.npmjs.org/cross-fetch set size:156922 disposed:false
4292 http cache https://registry.npmjs.org/setimmediate 3ms (cache hit)
4293 silly packumentCache full:https://registry.npmjs.org/setimmediate set size:17282 disposed:false
4294 http cache https://registry.npmjs.org/css-in-js-utils 4ms (cache hit)
4295 silly packumentCache full:https://registry.npmjs.org/css-in-js-utils set size:42676 disposed:false
4296 http cache https://registry.npmjs.org/fbjs-css-vars 4ms (cache hit)
4297 silly packumentCache full:https://registry.npmjs.org/fbjs-css-vars set size:7206 disposed:false
4298 http cache https://registry.npmjs.org/ua-parser-js 5ms (cache hit)
4299 silly packumentCache full:https://registry.npmjs.org/ua-parser-js set size:704635 disposed:false
4300 silly placeDep ROOT cross-fetch@3.2.0 OK for: fbjs@3.0.5 want: ^3.1.5
4301 silly placeDep ROOT fbjs-css-vars@1.0.2 OK for: fbjs@3.0.5 want: ^1.0.0
4302 silly placeDep node_modules/fbjs promise@7.3.1 OK for: fbjs@3.0.5 want: ^7.1.1
4303 silly placeDep ROOT setimmediate@1.0.5 OK for: fbjs@3.0.5 want: ^1.0.5
4304 silly placeDep ROOT ua-parser-js@1.0.41 OK for: fbjs@3.0.5 want: ^1.0.35
4305 silly fetch manifest node-fetch@^2.7.0
4306 silly packumentCache full:https://registry.npmjs.org/node-fetch cache-miss
4307 http cache https://registry.npmjs.org/node-fetch 2ms (cache hit)
4308 silly packumentCache full:https://registry.npmjs.org/node-fetch set size:896010 disposed:false
4309 silly fetch manifest encoding@^0.1.0
4310 silly packumentCache full:https://registry.npmjs.org/encoding cache-miss
4311 http cache https://registry.npmjs.org/encoding 1ms (cache hit)
4312 silly packumentCache full:https://registry.npmjs.org/encoding set size:17833 disposed:false
4313 silly placeDep ROOT node-fetch@2.7.0 OK for: cross-fetch@3.2.0 want: ^2.7.0
4314 silly fetch manifest whatwg-url@^5.0.0
4315 silly packumentCache full:https://registry.npmjs.org/whatwg-url cache-miss
4316 http cache https://registry.npmjs.org/whatwg-url 1ms (cache hit)
4317 silly packumentCache full:https://registry.npmjs.org/whatwg-url set size:170765 disposed:false
4318 silly placeDep ROOT css-in-js-utils@3.1.0 OK for: inline-style-prefixer@7.0.1 want: ^3.1.0
4319 silly fetch manifest hyphenate-style-name@^1.0.3
4320 silly packumentCache full:https://registry.npmjs.org/hyphenate-style-name cache-miss
4321 http cache https://registry.npmjs.org/hyphenate-style-name 1ms (cache hit)
4322 silly packumentCache full:https://registry.npmjs.org/hyphenate-style-name set size:17078 disposed:false
4323 silly placeDep ROOT hyphenate-style-name@1.1.0 OK for: css-in-js-utils@3.1.0 want: ^1.0.3
4324 silly placeDep ROOT whatwg-url@5.0.0 OK for: node-fetch@2.7.0 want: ^5.0.0
4325 silly fetch manifest tr46@~0.0.3
4326 silly packumentCache full:https://registry.npmjs.org/tr46 cache-miss
4327 silly fetch manifest webidl-conversions@^3.0.0
4328 silly packumentCache full:https://registry.npmjs.org/webidl-conversions cache-hit
4329 http cache https://registry.npmjs.org/tr46 1ms (cache hit)
4330 silly packumentCache full:https://registry.npmjs.org/tr46 set size:47377 disposed:false
4331 silly placeDep ROOT @babel/plugin-transform-template-literals@7.27.1 OK for: react-native-worklets@0.5.1 want: ^7.0.0-0
4332 silly placeDep node_modules/react-native-worklets semver@7.7.2 OK for: react-native-worklets@0.5.1 want: 7.7.2
4333 silly placeDep ROOT regenerate@1.4.2 OK for: regexpu-core@6.4.0 want: ^1.4.2
4334 silly placeDep ROOT regenerate-unicode-properties@10.2.2 OK for: regexpu-core@6.4.0 want: ^10.2.2
4335 silly placeDep ROOT regjsgen@0.8.0 OK for: regexpu-core@6.4.0 want: ^0.8.0
4336 silly placeDep ROOT regjsparser@0.13.1 OK for: regexpu-core@6.4.0 want: ^0.13.0
4337 silly placeDep ROOT unicode-match-property-ecmascript@2.0.0 OK for: regexpu-core@6.4.0 want: ^2.0.0
4338 silly placeDep ROOT unicode-match-property-value-ecmascript@2.2.1 OK for: regexpu-core@6.4.0 want: ^2.2.1
4339 silly fetch manifest unicode-canonical-property-names-ecmascript@^2.0.0
4340 silly packumentCache full:https://registry.npmjs.org/unicode-canonical-property-names-ecmascript cache-miss
4341 silly fetch manifest unicode-property-aliases-ecmascript@^2.0.0
4342 silly packumentCache full:https://registry.npmjs.org/unicode-property-aliases-ecmascript cache-miss
4343 http cache https://registry.npmjs.org/unicode-canonical-property-names-ecmascript 1ms (cache hit)
4344 silly packumentCache full:https://registry.npmjs.org/unicode-canonical-property-names-ecmascript set size:17227 disposed:false
4345 http cache https://registry.npmjs.org/unicode-property-aliases-ecmascript 1ms (cache hit)
4346 silly packumentCache full:https://registry.npmjs.org/unicode-property-aliases-ecmascript set size:28095 disposed:false
4347 silly placeDep ROOT node-exports-info@1.6.0 OK for: resolve@2.0.0-next.6 want: ^1.6.0
4348 silly placeDep ROOT path-parse@1.0.7 OK for: resolve@2.0.0-next.6 want: ^1.0.7
4349 silly placeDep ROOT supports-preserve-symlinks-flag@1.0.0 OK for: resolve@2.0.0-next.6 want: ^1.0.0
4350 silly placeDep node_modules/rimraf glob@7.2.3 OK for: rimraf@3.0.2 want: ^7.1.3
4351 silly placeDep ROOT isarray@2.0.5 OK for: safe-array-concat@1.1.3 want: ^2.0.5
4352 silly placeDep node_modules/serve-static encodeurl@2.0.0 OK for: serve-static@1.16.3 want: ~2.0.0
4353 silly placeDep ROOT send@0.19.2 OK for: serve-static@1.16.3 want: ~0.19.1
4354 silly fetch manifest depd@2.0.0
4355 silly packumentCache full:https://registry.npmjs.org/depd cache-miss
4356 silly fetch manifest etag@~1.8.1
4357 silly packumentCache full:https://registry.npmjs.org/etag cache-miss
4358 silly fetch manifest mime@1.6.0
4359 silly packumentCache full:https://registry.npmjs.org/mime cache-miss
4360 silly fetch manifest fresh@~0.5.2
4361 silly packumentCache full:https://registry.npmjs.org/fresh cache-miss
4362 silly fetch manifest destroy@1.2.0
4363 silly packumentCache full:https://registry.npmjs.org/destroy cache-miss
4364 silly fetch manifest statuses@~2.0.2
4365 silly packumentCache full:https://registry.npmjs.org/statuses cache-hit
4366 silly fetch manifest http-errors@~2.0.1
4367 silly packumentCache full:https://registry.npmjs.org/http-errors cache-miss
4368 silly fetch manifest on-finished@~2.4.1
4369 silly packumentCache full:https://registry.npmjs.org/on-finished cache-hit
4370 silly fetch manifest range-parser@~1.2.1
4371 silly packumentCache full:https://registry.npmjs.org/range-parser cache-miss
4372 http cache https://registry.npmjs.org/fresh 5ms (cache hit)
4373 silly packumentCache full:https://registry.npmjs.org/fresh set size:25427 disposed:false
4374 http cache https://registry.npmjs.org/depd 6ms (cache hit)
4375 silly packumentCache full:https://registry.npmjs.org/depd set size:40182 disposed:false
4376 http cache https://registry.npmjs.org/destroy 6ms (cache hit)
4377 silly packumentCache full:https://registry.npmjs.org/destroy set size:15738 disposed:false
4378 http cache https://registry.npmjs.org/mime 6ms (cache hit)
4379 silly packumentCache full:https://registry.npmjs.org/mime set size:119236 disposed:false
4380 http cache https://registry.npmjs.org/etag 7ms (cache hit)
4381 silly packumentCache full:https://registry.npmjs.org/etag set size:30032 disposed:false
4382 http cache https://registry.npmjs.org/range-parser 7ms (cache hit)
4383 silly packumentCache full:https://registry.npmjs.org/range-parser set size:22228 disposed:false
4384 http cache https://registry.npmjs.org/http-errors 8ms (cache hit)
4385 silly packumentCache full:https://registry.npmjs.org/http-errors set size:71987 disposed:false
4386 silly placeDep node_modules/send debug@2.6.9 OK for: send@0.19.2 want: 2.6.9
4387 silly placeDep ROOT depd@2.0.0 OK for: send@0.19.2 want: 2.0.0
4388 silly placeDep ROOT destroy@1.2.0 OK for: send@0.19.2 want: 1.2.0
4389 silly placeDep node_modules/send encodeurl@2.0.0 OK for: send@0.19.2 want: ~2.0.0
4390 silly placeDep ROOT etag@1.8.1 OK for: send@0.19.2 want: ~1.8.1
4391 silly placeDep ROOT fresh@0.5.2 OK for: send@0.19.2 want: ~0.5.2
4392 silly placeDep ROOT http-errors@2.0.1 OK for: send@0.19.2 want: ~2.0.1
4393 silly placeDep ROOT mime@1.6.0 OK for: send@0.19.2 want: 1.6.0
4394 silly placeDep node_modules/send on-finished@2.4.1 OK for: send@0.19.2 want: ~2.4.1
4395 silly placeDep ROOT range-parser@1.2.1 OK for: send@0.19.2 want: ~1.2.1
4396 silly placeDep node_modules/send statuses@2.0.2 OK for: send@0.19.2 want: ~2.0.2
4397 silly fetch manifest setprototypeof@~1.2.0
4398 silly packumentCache full:https://registry.npmjs.org/setprototypeof cache-miss
4399 silly fetch manifest toidentifier@~1.0.1
4400 silly packumentCache full:https://registry.npmjs.org/toidentifier cache-miss
4401 http cache https://registry.npmjs.org/toidentifier 1ms (cache hit)
4402 silly packumentCache full:https://registry.npmjs.org/toidentifier set size:12006 disposed:false
4403 http cache https://registry.npmjs.org/setprototypeof 1ms (cache hit)
4404 silly packumentCache full:https://registry.npmjs.org/setprototypeof set size:14532 disposed:false
4405 silly placeDep ROOT setprototypeof@1.2.0 OK for: http-errors@2.0.1 want: ~1.2.0
4406 silly placeDep node_modules/http-errors statuses@2.0.2 OK for: http-errors@2.0.1 want: ~2.0.2
4407 silly placeDep ROOT toidentifier@1.0.1 OK for: http-errors@2.0.1 want: ~1.0.1
4408 silly placeDep ROOT shebang-regex@3.0.0 OK for: shebang-command@2.0.0 want: ^3.0.0
4409 silly placeDep ROOT side-channel-list@1.0.1 OK for: side-channel@1.1.0 want: ^1.0.0
4410 silly placeDep ROOT side-channel-map@1.0.1 OK for: side-channel@1.1.0 want: ^1.0.1
4411 silly placeDep ROOT side-channel-weakmap@1.0.2 OK for: side-channel@1.1.0 want: ^1.0.2
4412 silly placeDep ROOT is-arrayish@0.3.4 OK for: simple-swizzle@0.2.4 want: ^0.3.1
4413 silly placeDep ROOT @socket.io/component-emitter@3.1.2 OK for: socket.io-client@4.8.3 want: ~3.1.0
4414 silly placeDep ROOT engine.io-client@6.6.4 OK for: socket.io-client@4.8.3 want: ~6.6.1
4415 silly placeDep ROOT socket.io-parser@4.2.6 OK for: socket.io-client@4.8.3 want: ~4.2.4
4416 silly fetch manifest engine.io-parser@~5.2.1
4417 silly packumentCache full:https://registry.npmjs.org/engine.io-parser cache-miss
4418 silly fetch manifest ws@~8.18.3
4419 silly packumentCache full:https://registry.npmjs.org/ws cache-hit
4420 silly fetch manifest xmlhttprequest-ssl@~2.1.1
4421 silly packumentCache full:https://registry.npmjs.org/xmlhttprequest-ssl cache-miss
4422 http cache https://registry.npmjs.org/engine.io-parser 1ms (cache hit)
4423 silly packumentCache full:https://registry.npmjs.org/engine.io-parser set size:116455 disposed:false
4424 http cache https://registry.npmjs.org/xmlhttprequest-ssl 2ms (cache hit)
4425 silly packumentCache full:https://registry.npmjs.org/xmlhttprequest-ssl set size:41046 disposed:false
4426 silly fetch manifest utf-8-validate@>=5.0.2
4427 silly packumentCache full:https://registry.npmjs.org/utf-8-validate cache-hit
4428 silly placeDep ROOT engine.io-parser@5.2.3 OK for: engine.io-client@6.6.4 want: ~5.2.1
4429 silly placeDep node_modules/engine.io-client ws@8.18.3 OK for: engine.io-client@6.6.4 want: ~8.18.3
4430 silly placeDep ROOT xmlhttprequest-ssl@2.1.2 OK for: engine.io-client@6.6.4 want: ~2.1.1
4431 silly placeDep node_modules/stack-utils escape-string-regexp@2.0.0 OK for: stack-utils@2.0.6 want: ^2.0.0
4432 silly placeDep ROOT type-fest@0.7.1 OK for: stacktrace-parser@0.1.11 want: ^0.7.1
4433 silly placeDep node_modules/sucrase commander@4.1.1 OK for: sucrase@3.35.1 want: ^4.0.0
4434 silly placeDep ROOT lines-and-columns@1.2.4 OK for: sucrase@3.35.1 want: ^1.1.6
4435 silly placeDep ROOT mz@2.7.0 OK for: sucrase@3.35.1 want: ^2.7.0
4436 silly placeDep ROOT ts-interface-checker@0.1.13 OK for: sucrase@3.35.1 want: ^0.1.9
4437 silly fetch manifest any-promise@^1.0.0
4438 silly packumentCache full:https://registry.npmjs.org/any-promise cache-miss
4439 silly fetch manifest thenify-all@^1.0.0
4440 silly packumentCache full:https://registry.npmjs.org/thenify-all cache-miss
4441 http cache https://registry.npmjs.org/any-promise 0ms (cache hit)
4442 silly packumentCache full:https://registry.npmjs.org/any-promise set size:20233 disposed:false
4443 http cache https://registry.npmjs.org/thenify-all 1ms (cache hit)
4444 silly packumentCache full:https://registry.npmjs.org/thenify-all set size:18488 disposed:false
4445 silly placeDep ROOT any-promise@1.3.0 OK for: mz@2.7.0 want: ^1.0.0
4446 silly placeDep ROOT thenify-all@1.6.0 OK for: mz@2.7.0 want: ^1.0.0
4447 silly fetch manifest thenify@>= 3.1.0 < 4
4448 silly packumentCache full:https://registry.npmjs.org/thenify cache-miss
4449 http cache https://registry.npmjs.org/thenify 1ms (cache hit)
4450 silly packumentCache full:https://registry.npmjs.org/thenify set size:21379 disposed:false
4451 silly placeDep ROOT has-flag@4.0.0 OK for: supports-color@7.2.0 want: ^4.0.0
4452 silly placeDep ROOT @jridgewell/source-map@0.3.11 OK for: terser@5.46.1 want: ^0.3.3
4453 silly placeDep node_modules/terser commander@2.20.3 OK for: terser@5.46.1 want: ^2.20.0
4454 silly placeDep ROOT source-map-support@0.5.21 OK for: terser@5.46.1 want: ~0.5.20
4455 silly fetch manifest buffer-from@^1.0.0
4456 silly packumentCache full:https://registry.npmjs.org/buffer-from cache-miss
4457 silly fetch manifest source-map@^0.6.0
4458 silly packumentCache full:https://registry.npmjs.org/source-map cache-hit
4459 http cache https://registry.npmjs.org/buffer-from 1ms (cache hit)
4460 silly packumentCache full:https://registry.npmjs.org/buffer-from set size:15463 disposed:false
4461 silly placeDep ROOT buffer-from@1.1.2 OK for: source-map-support@0.5.21 want: ^1.0.0
4462 silly placeDep node_modules/source-map-support source-map@0.6.1 OK for: source-map-support@0.5.21 want: ^0.6.0
4463 silly placeDep node_modules/test-exclude glob@7.2.3 OK for: test-exclude@6.0.0 want: ^7.1.4
4464 silly placeDep ROOT thenify@3.3.1 OK for: thenify-all@1.6.0 want: >= 3.1.0 < 4
4465 silly placeDep node_modules/tinyglobby fdir@6.5.0 OK for: tinyglobby@0.2.16 want: ^6.5.0
4466 silly placeDep node_modules/tinyglobby picomatch@4.0.4 OK for: fdir@6.5.0 want: ^3 || ^4
4467 silly placeDep ROOT is-number@7.0.0 OK for: to-regex-range@5.0.1 want: ^7.0.0
4468 silly placeDep ROOT @types/json5@0.0.29 OK for: tsconfig-paths@3.15.0 want: ^0.0.29
4469 silly placeDep node_modules/tsconfig-paths json5@1.0.2 OK for: tsconfig-paths@3.15.0 want: ^1.0.2
4470 silly placeDep ROOT minimist@1.2.8 OK for: tsconfig-paths@3.15.0 want: ^1.2.6
4471 silly placeDep ROOT strip-bom@3.0.0 OK for: tsconfig-paths@3.15.0 want: ^3.0.0
4472 silly fetch manifest minimist@^1.2.0
4473 silly packumentCache full:https://registry.npmjs.org/minimist cache-hit
4474 silly placeDep ROOT for-each@0.3.5 OK for: typed-array-byte-length@1.0.3 want: ^0.3.3
4475 silly placeDep ROOT reflect.getprototypeof@1.0.10 OK for: typed-array-byte-offset@1.0.4 want: ^1.0.9
4476 silly fetch manifest which-builtin-type@^1.2.1
4477 silly packumentCache full:https://registry.npmjs.org/which-builtin-type cache-miss
4478 http cache https://registry.npmjs.org/which-builtin-type 1ms (cache hit)
4479 silly packumentCache full:https://registry.npmjs.org/which-builtin-type set size:39107 disposed:false
4480 silly placeDep ROOT which-builtin-type@1.2.1 OK for: reflect.getprototypeof@1.0.10 want: ^1.2.1
4481 silly fetch manifest is-async-function@^2.0.0
4482 silly packumentCache full:https://registry.npmjs.org/is-async-function cache-miss
4483 silly fetch manifest is-finalizationregistry@^1.1.0
4484 silly packumentCache full:https://registry.npmjs.org/is-finalizationregistry cache-miss
4485 silly fetch manifest is-generator-function@^1.0.10
4486 silly packumentCache full:https://registry.npmjs.org/is-generator-function cache-miss
4487 silly fetch manifest which-boxed-primitive@^1.1.0
4488 silly packumentCache full:https://registry.npmjs.org/which-boxed-primitive cache-hit
4489 silly fetch manifest which-collection@^1.0.2
4490 silly packumentCache full:https://registry.npmjs.org/which-collection cache-miss
4491 http cache https://registry.npmjs.org/is-async-function 2ms (cache hit)
4492 silly packumentCache full:https://registry.npmjs.org/is-async-function set size:51614 disposed:false
4493 http cache https://registry.npmjs.org/which-collection 1ms (cache hit)
4494 silly packumentCache full:https://registry.npmjs.org/which-collection set size:13607 disposed:false
4495 http cache https://registry.npmjs.org/is-finalizationregistry 3ms (cache hit)
4496 silly packumentCache full:https://registry.npmjs.org/is-finalizationregistry set size:19800 disposed:false
4497 http cache https://registry.npmjs.org/is-generator-function 2ms (cache hit)
4498 silly packumentCache full:https://registry.npmjs.org/is-generator-function set size:44643 disposed:false
4499 silly placeDep ROOT has-bigints@1.1.0 OK for: unbox-primitive@1.1.0 want: ^1.0.2
4500 silly placeDep ROOT which-boxed-primitive@1.1.1 OK for: unbox-primitive@1.1.0 want: ^1.1.1
4501 silly fetch manifest is-bigint@^1.1.0
4502 silly packumentCache full:https://registry.npmjs.org/is-bigint cache-miss
4503 silly fetch manifest is-boolean-object@^1.2.1
4504 silly packumentCache full:https://registry.npmjs.org/is-boolean-object cache-miss
4505 silly fetch manifest is-number-object@^1.1.1
4506 silly packumentCache full:https://registry.npmjs.org/is-number-object cache-miss
4507 http cache https://registry.npmjs.org/is-number-object 1ms (cache hit)
4508 silly packumentCache full:https://registry.npmjs.org/is-number-object set size:31189 disposed:false
4509 http cache https://registry.npmjs.org/is-bigint 2ms (cache hit)
4510 silly packumentCache full:https://registry.npmjs.org/is-bigint set size:20283 disposed:false
4511 http cache https://registry.npmjs.org/is-boolean-object 2ms (cache hit)
4512 silly packumentCache full:https://registry.npmjs.org/is-boolean-object set size:31341 disposed:false
4513 silly placeDep ROOT unicode-canonical-property-names-ecmascript@2.0.1 OK for: unicode-match-property-ecmascript@2.0.0 want: ^2.0.0
4514 silly placeDep ROOT unicode-property-aliases-ecmascript@2.2.0 OK for: unicode-match-property-ecmascript@2.0.0 want: ^2.0.0
4515 silly placeDep ROOT @unrs/resolver-binding-android-arm-eabi@1.11.1 OK for: unrs-resolver@1.11.1 want: 1.11.1
4516 silly placeDep ROOT @unrs/resolver-binding-android-arm64@1.11.1 OK for: unrs-resolver@1.11.1 want: 1.11.1
4517 silly placeDep ROOT @unrs/resolver-binding-darwin-arm64@1.11.1 OK for: unrs-resolver@1.11.1 want: 1.11.1
4518 silly placeDep ROOT @unrs/resolver-binding-darwin-x64@1.11.1 OK for: unrs-resolver@1.11.1 want: 1.11.1
4519 silly placeDep ROOT @unrs/resolver-binding-freebsd-x64@1.11.1 OK for: unrs-resolver@1.11.1 want: 1.11.1
4520 silly placeDep ROOT @unrs/resolver-binding-linux-arm-gnueabihf@1.11.1 OK for: unrs-resolver@1.11.1 want: 1.11.1
4521 silly placeDep ROOT @unrs/resolver-binding-linux-arm-musleabihf@1.11.1 OK for: unrs-resolver@1.11.1 want: 1.11.1
4522 silly placeDep ROOT @unrs/resolver-binding-linux-arm64-gnu@1.11.1 OK for: unrs-resolver@1.11.1 want: 1.11.1
4523 silly placeDep ROOT @unrs/resolver-binding-linux-arm64-musl@1.11.1 OK for: unrs-resolver@1.11.1 want: 1.11.1
4524 silly placeDep ROOT @unrs/resolver-binding-linux-ppc64-gnu@1.11.1 OK for: unrs-resolver@1.11.1 want: 1.11.1
4525 silly placeDep ROOT @unrs/resolver-binding-linux-riscv64-gnu@1.11.1 OK for: unrs-resolver@1.11.1 want: 1.11.1
4526 silly placeDep ROOT @unrs/resolver-binding-linux-riscv64-musl@1.11.1 OK for: unrs-resolver@1.11.1 want: 1.11.1
4527 silly placeDep ROOT @unrs/resolver-binding-linux-s390x-gnu@1.11.1 OK for: unrs-resolver@1.11.1 want: 1.11.1
4528 silly placeDep ROOT @unrs/resolver-binding-linux-x64-gnu@1.11.1 OK for: unrs-resolver@1.11.1 want: 1.11.1
4529 silly placeDep ROOT @unrs/resolver-binding-linux-x64-musl@1.11.1 OK for: unrs-resolver@1.11.1 want: 1.11.1
4530 silly placeDep ROOT @unrs/resolver-binding-wasm32-wasi@1.11.1 OK for: unrs-resolver@1.11.1 want: 1.11.1
4531 silly placeDep ROOT @unrs/resolver-binding-win32-arm64-msvc@1.11.1 OK for: unrs-resolver@1.11.1 want: 1.11.1
4532 silly placeDep ROOT @unrs/resolver-binding-win32-ia32-msvc@1.11.1 OK for: unrs-resolver@1.11.1 want: 1.11.1
4533 silly placeDep ROOT @unrs/resolver-binding-win32-x64-msvc@1.11.1 OK for: unrs-resolver@1.11.1 want: 1.11.1
4534 silly placeDep ROOT napi-postinstall@0.3.4 OK for: unrs-resolver@1.11.1 want: ^0.3.0
4535 silly fetch manifest @napi-rs/wasm-runtime@^0.2.11
4536 silly packumentCache full:https://registry.npmjs.org/@napi-rs%2fwasm-runtime cache-miss
4537 http cache https://registry.npmjs.org/@napi-rs%2fwasm-runtime 1ms (cache hit)
4538 silly packumentCache full:https://registry.npmjs.org/@napi-rs%2fwasm-runtime set size:71273 disposed:false
4539 silly placeDep ROOT @napi-rs/wasm-runtime@0.2.12 OK for: @unrs/resolver-binding-wasm32-wasi@1.11.1 want: ^0.2.11
4540 silly fetch manifest @emnapi/core@^1.4.3
4541 silly packumentCache full:https://registry.npmjs.org/@emnapi%2fcore cache-miss
4542 silly fetch manifest @emnapi/runtime@^1.4.3
4543 silly packumentCache full:https://registry.npmjs.org/@emnapi%2fruntime cache-miss
4544 silly fetch manifest @tybys/wasm-util@^0.10.0
4545 silly packumentCache full:https://registry.npmjs.org/@tybys%2fwasm-util cache-miss
4546 http cache https://registry.npmjs.org/@emnapi%2fcore 2ms (cache hit)
4547 silly packumentCache full:https://registry.npmjs.org/@emnapi%2fcore set size:105841 disposed:false
4548 http cache https://registry.npmjs.org/@tybys%2fwasm-util 1ms (cache hit)
4549 silly packumentCache full:https://registry.npmjs.org/@tybys%2fwasm-util set size:55410 disposed:false
4550 http cache https://registry.npmjs.org/@emnapi%2fruntime 3ms (cache hit)
4551 silly packumentCache full:https://registry.npmjs.org/@emnapi%2fruntime set size:108129 disposed:false
4552 silly placeDep ROOT @emnapi/core@1.10.0 OK for: @napi-rs/wasm-runtime@0.2.12 want: ^1.4.3
4553 silly placeDep ROOT @emnapi/runtime@1.10.0 OK for: @napi-rs/wasm-runtime@0.2.12 want: ^1.4.3
4554 silly placeDep ROOT @tybys/wasm-util@0.10.1 OK for: @napi-rs/wasm-runtime@0.2.12 want: ^0.10.0
4555 silly fetch manifest @emnapi/wasi-threads@1.2.1
4556 silly packumentCache full:https://registry.npmjs.org/@emnapi%2fwasi-threads cache-miss
4557 silly fetch manifest tslib@^2.4.0
4558 silly packumentCache full:https://registry.npmjs.org/tslib cache-miss
4559 silly fetch manifest tslib@^2.4.0
4560 silly packumentCache full:https://registry.npmjs.org/tslib cache-miss
4561 silly fetch manifest tslib@^2.4.0
4562 silly packumentCache full:https://registry.npmjs.org/tslib cache-miss
4563 http cache https://registry.npmjs.org/tslib 2ms (cache hit)
4564 silly packumentCache full:https://registry.npmjs.org/tslib set size:108760 disposed:false
4565 http cache https://registry.npmjs.org/@emnapi%2fwasi-threads 2ms (cache hit)
4566 silly packumentCache full:https://registry.npmjs.org/@emnapi%2fwasi-threads set size:24206 disposed:false
4567 http cache https://registry.npmjs.org/tslib 2ms (cache hit)
4568 silly packumentCache full:https://registry.npmjs.org/tslib set size:108760 disposed:false
4569 silly packumentCache full:https://registry.npmjs.org/tslib dispose
4570 http cache https://registry.npmjs.org/tslib 3ms (cache hit)
4571 silly packumentCache full:https://registry.npmjs.org/tslib set size:108760 disposed:true
4572 silly packumentCache full:https://registry.npmjs.org/tslib dispose
4573 silly placeDep ROOT @emnapi/wasi-threads@1.2.1 OK for: @emnapi/core@1.10.0 want: 1.2.1
4574 silly placeDep ROOT tslib@2.8.1 OK for: @emnapi/core@1.10.0 want: ^2.4.0
4575 silly placeDep ROOT escalade@3.2.0 OK for: update-browserslist-db@1.2.3 want: ^3.2.0
4576 silly placeDep ROOT punycode@2.3.1 OK for: uri-js@4.4.1 want: ^2.1.0
4577 silly fetch manifest react@^16.8 || ^17.0 || ^18.0 || ^19.0.0 || ^19.0.0-rc
4578 silly packumentCache full:https://registry.npmjs.org/react cache-miss
4579 http cache https://registry.npmjs.org/react 6ms (cache hit)
4580 silly packumentCache full:https://registry.npmjs.org/react set size:6613874 disposed:false
4581 silly fetch manifest react-dom@^16.8 || ^17.0 || ^18.0 || ^19.0.0 || ^19.0.0-rc
4582 silly packumentCache full:https://registry.npmjs.org/react-dom cache-miss
4583 http cache https://registry.npmjs.org/react-dom 11ms (cache hit)
4584 silly packumentCache full:https://registry.npmjs.org/react-dom set size:8805723 disposed:false
4585 silly placeDep node_modules/vaul @radix-ui/react-dialog@1.1.15 OK for: vaul@1.1.2 want: ^1.1.1
4586 silly fetch manifest aria-hidden@^1.2.4
4587 silly packumentCache full:https://registry.npmjs.org/aria-hidden cache-miss
4588 silly fetch manifest react-remove-scroll@^2.6.3
4589 silly packumentCache full:https://registry.npmjs.org/react-remove-scroll cache-miss
4590 silly fetch manifest @radix-ui/react-slot@1.2.3
4591 silly packumentCache full:https://registry.npmjs.org/@radix-ui%2freact-slot cache-hit
4592 silly fetch manifest @radix-ui/react-portal@1.1.9
4593 silly packumentCache full:https://registry.npmjs.org/@radix-ui%2freact-portal cache-miss
4594 silly fetch manifest @radix-ui/react-focus-scope@1.1.7
4595 silly packumentCache full:https://registry.npmjs.org/@radix-ui%2freact-focus-scope cache-miss
4596 silly fetch manifest @radix-ui/react-focus-guards@1.1.3
4597 silly packumentCache full:https://registry.npmjs.org/@radix-ui%2freact-focus-guards cache-miss
4598 silly fetch manifest @radix-ui/react-dismissable-layer@1.1.11
4599 silly packumentCache full:https://registry.npmjs.org/@radix-ui%2freact-dismissable-layer cache-miss
4600 http cache https://registry.npmjs.org/@radix-ui%2freact-focus-guards 9ms (cache hit)
4601 silly packumentCache full:https://registry.npmjs.org/@radix-ui%2freact-focus-guards set size:284533 disposed:false
4602 http cache https://registry.npmjs.org/aria-hidden 12ms (cache hit)
4603 silly packumentCache full:https://registry.npmjs.org/aria-hidden set size:40391 disposed:false
4604 http cache https://registry.npmjs.org/@radix-ui%2freact-portal 12ms (cache hit)
4605 silly packumentCache full:https://registry.npmjs.org/@radix-ui%2freact-portal set size:667939 disposed:false
4606 http cache https://registry.npmjs.org/react-remove-scroll 14ms (cache hit)
4607 silly packumentCache full:https://registry.npmjs.org/react-remove-scroll set size:147112 disposed:false
4608 http cache https://registry.npmjs.org/@radix-ui%2freact-focus-scope 15ms (cache hit)
4609 silly packumentCache full:https://registry.npmjs.org/@radix-ui%2freact-focus-scope set size:643933 disposed:false
4610 http cache https://registry.npmjs.org/@radix-ui%2freact-dismissable-layer 17ms (cache hit)
4611 silly packumentCache full:https://registry.npmjs.org/@radix-ui%2freact-dismissable-layer set size:803119 disposed:false
4612 silly placeDep ROOT makeerror@1.0.12 OK for: walker@1.0.8 want: 1.0.12
4613 silly fetch manifest tmpl@1.0.5
4614 silly packumentCache full:https://registry.npmjs.org/tmpl cache-miss
4615 http cache https://registry.npmjs.org/tmpl 2ms (cache hit)
4616 silly packumentCache full:https://registry.npmjs.org/tmpl set size:7979 disposed:false
4617 silly placeDep ROOT tmpl@1.0.5 OK for: makeerror@1.0.12 want: 1.0.5
4618 silly placeDep ROOT tr46@0.0.3 OK for: whatwg-url@5.0.0 want: ~0.0.3
4619 silly placeDep ROOT webidl-conversions@3.0.1 OK for: whatwg-url@5.0.0 want: ^3.0.0
4620 silly placeDep ROOT buffer@5.7.1 OK for: whatwg-url-without-unicode@8.0.0-3 want: ^5.4.3
4621 silly placeDep node_modules/whatwg-url-without-unicode webidl-conversions@5.0.0 OK for: whatwg-url-without-unicode@8.0.0-3 want: ^5.0.0
4622 silly fetch manifest ieee754@^1.1.13
4623 silly packumentCache full:https://registry.npmjs.org/ieee754 cache-miss
4624 http cache https://registry.npmjs.org/ieee754 1ms (cache hit)
4625 silly packumentCache full:https://registry.npmjs.org/ieee754 set size:34910 disposed:false
4626 silly placeDep ROOT ieee754@1.2.1 OK for: buffer@5.7.1 want: ^1.1.13
4627 silly placeDep ROOT isexe@2.0.0 OK for: which@2.0.2 want: ^2.0.0
4628 silly placeDep ROOT is-bigint@1.1.0 OK for: which-boxed-primitive@1.1.1 want: ^1.1.0
4629 silly placeDep ROOT is-boolean-object@1.2.2 OK for: which-boxed-primitive@1.1.1 want: ^1.2.1
4630 silly placeDep ROOT is-number-object@1.1.1 OK for: which-boxed-primitive@1.1.1 want: ^1.1.1
4631 silly placeDep ROOT is-async-function@2.1.1 OK for: which-builtin-type@1.2.1 want: ^2.0.0
4632 silly placeDep ROOT is-finalizationregistry@1.1.1 OK for: which-builtin-type@1.2.1 want: ^1.1.0
4633 silly placeDep ROOT is-generator-function@1.1.2 OK for: which-builtin-type@1.2.1 want: ^1.0.10
4634 silly placeDep ROOT which-collection@1.0.2 OK for: which-builtin-type@1.2.1 want: ^1.0.2
4635 silly fetch manifest async-function@^1.0.0
4636 silly packumentCache full:https://registry.npmjs.org/async-function cache-miss
4637 silly fetch manifest generator-function@^2.0.0
4638 silly packumentCache full:https://registry.npmjs.org/generator-function cache-miss
4639 silly fetch manifest is-map@^2.0.3
4640 silly packumentCache full:https://registry.npmjs.org/is-map cache-miss
4641 silly fetch manifest is-weakmap@^2.0.2
4642 silly packumentCache full:https://registry.npmjs.org/is-weakmap cache-miss
4643 silly fetch manifest is-weakset@^2.0.3
4644 silly packumentCache full:https://registry.npmjs.org/is-weakset cache-miss
4645 http cache https://registry.npmjs.org/async-function 1ms (cache hit)
4646 silly packumentCache full:https://registry.npmjs.org/async-function set size:7150 disposed:false
4647 http cache https://registry.npmjs.org/generator-function 1ms (cache hit)
4648 silly packumentCache full:https://registry.npmjs.org/generator-function set size:10401 disposed:false
4649 http cache https://registry.npmjs.org/is-map 2ms (cache hit)
4650 silly packumentCache full:https://registry.npmjs.org/is-map set size:18079 disposed:false
4651 http cache https://registry.npmjs.org/is-weakset 2ms (cache hit)
4652 silly packumentCache full:https://registry.npmjs.org/is-weakset set size:21965 disposed:false
4653 http cache https://registry.npmjs.org/is-weakmap 3ms (cache hit)
4654 silly packumentCache full:https://registry.npmjs.org/is-weakmap set size:15163 disposed:false
4655 silly placeDep ROOT async-function@1.0.0 OK for: is-async-function@2.1.1 want: ^1.0.0
4656 silly placeDep ROOT generator-function@2.0.1 OK for: is-generator-function@1.1.2 want: ^2.0.0
4657 silly placeDep ROOT is-map@2.0.3 OK for: which-collection@1.0.2 want: ^2.0.3
4658 silly placeDep ROOT is-weakmap@2.0.2 OK for: which-collection@1.0.2 want: ^2.0.2
4659 silly placeDep ROOT is-weakset@2.0.4 OK for: which-collection@1.0.2 want: ^2.0.3
4660 silly placeDep ROOT signal-exit@3.0.7 OK for: write-file-atomic@4.0.2 want: ^3.0.7
4661 silly placeDep ROOT simple-plist@1.3.1 OK for: xcode@3.0.1 want: ^1.1.0
4662 silly placeDep ROOT uuid@7.0.3 OK for: xcode@3.0.1 want: ^7.0.3
4663 silly fetch manifest bplist-parser@0.3.1
4664 silly packumentCache full:https://registry.npmjs.org/bplist-parser cache-hit
4665 silly fetch manifest plist@^3.0.5
4666 silly packumentCache full:https://registry.npmjs.org/plist cache-miss
4667 http cache https://registry.npmjs.org/plist 1ms (cache hit)
4668 silly packumentCache full:https://registry.npmjs.org/plist set size:52877 disposed:false
4669 silly placeDep ROOT bplist-creator@0.1.0 OK for: simple-plist@1.3.1 want: 0.1.0
4670 silly placeDep ROOT bplist-parser@0.3.1 OK for: simple-plist@1.3.1 want: 0.3.1
4671 silly placeDep ROOT plist@3.1.0 OK for: simple-plist@1.3.1 want: ^3.0.5
4672 silly fetch manifest stream-buffers@2.2.x
4673 silly packumentCache full:https://registry.npmjs.org/stream-buffers cache-miss
4674 silly fetch manifest big-integer@1.6.x
4675 silly packumentCache full:https://registry.npmjs.org/big-integer cache-miss
4676 http cache https://registry.npmjs.org/stream-buffers 2ms (cache hit)
4677 silly packumentCache full:https://registry.npmjs.org/stream-buffers set size:32945 disposed:false
4678 http cache https://registry.npmjs.org/big-integer 2ms (cache hit)
4679 silly packumentCache full:https://registry.npmjs.org/big-integer set size:205433 disposed:false
4680 silly placeDep ROOT stream-buffers@2.2.0 OK for: bplist-creator@0.1.0 want: 2.2.x
4681 silly placeDep ROOT big-integer@1.6.52 OK for: bplist-parser@0.3.1 want: 1.6.x
4682 silly placeDep ROOT sax@1.6.0 OK for: xml2js@0.6.0 want: >=0.6.0
4683 silly placeDep node_modules/xml2js xmlbuilder@11.0.1 OK for: xml2js@0.6.0 want: ~11.0.0
4684 silly placeDep ROOT cliui@8.0.1 OK for: yargs@17.7.2 want: ^8.0.1
4685 silly placeDep ROOT get-caller-file@2.0.5 OK for: yargs@17.7.2 want: ^2.0.5
4686 silly placeDep ROOT require-directory@2.1.1 OK for: yargs@17.7.2 want: ^2.1.1
4687 silly placeDep ROOT string-width@4.2.3 OK for: yargs@17.7.2 want: ^4.2.3
4688 silly placeDep ROOT y18n@5.0.8 OK for: yargs@17.7.2 want: ^5.0.5
4689 silly placeDep ROOT yargs-parser@21.1.1 OK for: yargs@17.7.2 want: ^21.1.1
4690 silly fetch manifest strip-ansi@^6.0.1
4691 silly packumentCache full:https://registry.npmjs.org/strip-ansi cache-miss
4692 silly fetch manifest string-width@^4.2.0
4693 silly packumentCache full:https://registry.npmjs.org/string-width cache-hit
4694 silly fetch manifest strip-ansi@^6.0.1
4695 silly packumentCache full:https://registry.npmjs.org/strip-ansi cache-miss
4696 silly fetch manifest emoji-regex@^8.0.0
4697 silly packumentCache full:https://registry.npmjs.org/emoji-regex cache-miss
4698 silly fetch manifest is-fullwidth-code-point@^3.0.0
4699 silly packumentCache full:https://registry.npmjs.org/is-fullwidth-code-point cache-miss
4700 http cache https://registry.npmjs.org/strip-ansi 2ms (cache hit)
4701 silly packumentCache full:https://registry.npmjs.org/strip-ansi set size:44998 disposed:false
4702 http cache https://registry.npmjs.org/emoji-regex 1ms (cache hit)
4703 silly packumentCache full:https://registry.npmjs.org/emoji-regex set size:89088 disposed:false
4704 http cache https://registry.npmjs.org/strip-ansi 3ms (cache hit)
4705 silly packumentCache full:https://registry.npmjs.org/strip-ansi set size:44998 disposed:false
4706 silly packumentCache full:https://registry.npmjs.org/strip-ansi dispose
4707 http cache https://registry.npmjs.org/is-fullwidth-code-point 2ms (cache hit)
4708 silly packumentCache full:https://registry.npmjs.org/is-fullwidth-code-point set size:14578 disposed:false
4709 silly placeDep ROOT strip-ansi@6.0.1 OK for: cliui@8.0.1 want: ^6.0.1
4710 silly placeDep ROOT wrap-ansi@7.0.0 OK for: cliui@8.0.1 want: ^7.0.0
4711 silly placeDep ROOT emoji-regex@8.0.0 OK for: string-width@4.2.3 want: ^8.0.0
4712 silly placeDep ROOT is-fullwidth-code-point@3.0.0 OK for: string-width@4.2.3 want: ^3.0.0
4713 silly placeDep ROOT @babel/highlight@7.25.9 OK for: @babel/code-frame@7.10.4 want: ^7.10.4
4714 silly fetch manifest chalk@^2.4.2
4715 silly packumentCache full:https://registry.npmjs.org/chalk cache-hit
4716 silly placeDep node_modules/@babel/highlight chalk@2.4.2 OK for: @babel/highlight@7.25.9 want: ^2.4.2
4717 silly fetch manifest ansi-styles@^3.2.1
4718 silly packumentCache full:https://registry.npmjs.org/ansi-styles cache-hit
4719 silly fetch manifest supports-color@^5.3.0
4720 silly packumentCache full:https://registry.npmjs.org/supports-color cache-hit
4721 silly fetch manifest escape-string-regexp@^1.0.5
4722 silly packumentCache full:https://registry.npmjs.org/escape-string-regexp cache-hit
4723 silly placeDep node_modules/@babel/highlight ansi-styles@3.2.1 OK for: chalk@2.4.2 want: ^3.2.1
4724 silly placeDep node_modules/@babel/highlight escape-string-regexp@1.0.5 OK for: chalk@2.4.2 want: ^1.0.5
4725 silly placeDep node_modules/@babel/highlight supports-color@5.5.0 OK for: chalk@2.4.2 want: ^5.3.0
4726 silly fetch manifest color-convert@^1.9.0
4727 silly packumentCache full:https://registry.npmjs.org/color-convert cache-hit
4728 silly fetch manifest has-flag@^3.0.0
4729 silly packumentCache full:https://registry.npmjs.org/has-flag cache-hit
4730 silly placeDep node_modules/@babel/highlight color-convert@1.9.3 OK for: ansi-styles@3.2.1 want: ^1.9.0
4731 silly fetch manifest color-name@1.1.3
4732 silly packumentCache full:https://registry.npmjs.org/color-name cache-hit
4733 silly placeDep node_modules/@babel/highlight color-name@1.1.3 OK for: color-convert@1.9.3 want: 1.1.3
4734 silly placeDep node_modules/@babel/highlight has-flag@3.0.0 OK for: supports-color@5.5.0 want: ^3.0.0
4735 silly placeDep node_modules/@expo/fingerprint brace-expansion@2.1.0 OK for: minimatch@9.0.9 want: ^2.0.2
4736 silly placeDep node_modules/@expo/metro-config brace-expansion@2.1.0 OK for: minimatch@9.0.9 want: ^2.0.2
4737 silly placeDep node_modules/@istanbuljs/load-nyc-config locate-path@5.0.0 OK for: find-up@4.1.0 want: ^5.0.0
4738 silly fetch manifest p-locate@^4.1.0
4739 silly packumentCache full:https://registry.npmjs.org/p-locate cache-hit
4740 silly placeDep node_modules/@istanbuljs/load-nyc-config argparse@1.0.10 OK for: js-yaml@3.14.2 want: ^1.0.7
4741 silly placeDep ROOT esprima@4.0.1 OK for: js-yaml@3.14.2 want: ^4.0.0
4742 silly fetch manifest sprintf-js@~1.0.2
4743 silly packumentCache full:https://registry.npmjs.org/sprintf-js cache-miss
4744 http cache https://registry.npmjs.org/sprintf-js 0ms (cache hit)
4745 silly packumentCache full:https://registry.npmjs.org/sprintf-js set size:20495 disposed:false
4746 silly placeDep ROOT sprintf-js@1.0.3 OK for: argparse@1.0.10 want: ~1.0.2
4747 silly placeDep node_modules/@istanbuljs/load-nyc-config p-locate@4.1.0 OK for: locate-path@5.0.0 want: ^4.1.0
4748 silly fetch manifest p-limit@^2.2.0
4749 silly packumentCache full:https://registry.npmjs.org/p-limit cache-hit
4750 silly placeDep node_modules/@istanbuljs/load-nyc-config p-limit@2.3.0 OK for: p-locate@4.1.0 want: ^2.2.0
4751 silly fetch manifest p-try@^2.0.0
4752 silly packumentCache full:https://registry.npmjs.org/p-try cache-miss
4753 http cache https://registry.npmjs.org/p-try 1ms (cache hit)
4754 silly packumentCache full:https://registry.npmjs.org/p-try set size:13014 disposed:false
4755 silly placeDep ROOT p-try@2.2.0 OK for: p-limit@2.3.0 want: ^2.0.0
4756 silly placeDep ROOT fs.realpath@1.0.0 OK for: glob@7.2.3 want: ^1.0.0
4757 silly placeDep ROOT inflight@1.0.6 OK for: glob@7.2.3 want: ^1.0.4
4758 silly placeDep ROOT once@1.4.0 OK for: glob@7.2.3 want: ^1.3.0
4759 silly placeDep ROOT path-is-absolute@1.0.1 OK for: glob@7.2.3 want: ^1.0.0
4760 silly fetch manifest wrappy@1
4761 silly packumentCache full:https://registry.npmjs.org/wrappy cache-miss
4762 silly fetch manifest wrappy@1
4763 silly packumentCache full:https://registry.npmjs.org/wrappy cache-miss
4764 http cache https://registry.npmjs.org/wrappy 1ms (cache hit)
4765 silly packumentCache full:https://registry.npmjs.org/wrappy set size:7682 disposed:false
4766 http cache https://registry.npmjs.org/wrappy 2ms (cache hit)
4767 silly packumentCache full:https://registry.npmjs.org/wrappy set size:7682 disposed:false
4768 silly packumentCache full:https://registry.npmjs.org/wrappy dispose
4769 silly placeDep ROOT wrappy@1.0.2 OK for: inflight@1.0.6 want: 1
4770 silly placeDep ROOT async-limiter@1.0.1 OK for: ws@6.2.3 want: ~1.0.0
4771 silly placeDep node_modules/@typescript-eslint/typescript-estree brace-expansion@5.0.5 OK for: minimatch@10.2.5 want: ^5.0.5
4772 silly fetch manifest balanced-match@^4.0.2
4773 silly packumentCache full:https://registry.npmjs.org/balanced-match cache-hit
4774 silly placeDep node_modules/@typescript-eslint/typescript-estree balanced-match@4.0.4 OK for: brace-expansion@5.0.5 want: ^4.0.2
4775 silly placeDep node_modules/connect ms@2.0.0 OK for: debug@2.6.9 want: 2.0.0
4776 silly fetch manifest react-dom@^16.8 || ^17.0 || ^18.0 || ^19.0 || ^19.0.0-rc
4777 silly packumentCache full:https://registry.npmjs.org/react-dom cache-miss
4778 http cache https://registry.npmjs.org/react-dom 7ms (cache hit)
4779 silly packumentCache full:https://registry.npmjs.org/react-dom set size:8805723 disposed:false
4780 silly placeDep ROOT @radix-ui/primitive@1.1.3 OK for: @radix-ui/react-tabs@1.1.13 want: 1.1.3
4781 silly placeDep ROOT @radix-ui/react-context@1.1.2 OK for: @radix-ui/react-tabs@1.1.13 want: 1.1.2
4782 silly placeDep ROOT @radix-ui/react-direction@1.1.1 OK for: @radix-ui/react-tabs@1.1.13 want: 1.1.1
4783 silly placeDep ROOT @radix-ui/react-id@1.1.1 OK for: @radix-ui/react-tabs@1.1.13 want: 1.1.1
4784 silly placeDep node_modules/expo-router @radix-ui/react-presence@1.1.5 OK for: @radix-ui/react-tabs@1.1.13 want: 1.1.5
4785 silly placeDep node_modules/expo-router @radix-ui/react-primitive@2.1.3 OK for: @radix-ui/react-tabs@1.1.13 want: 2.1.3
4786 silly placeDep node_modules/expo-router @radix-ui/react-roving-focus@1.1.11 OK for: @radix-ui/react-tabs@1.1.13 want: 1.1.11
4787 silly placeDep ROOT @radix-ui/react-use-controllable-state@1.2.2 OK for: @radix-ui/react-tabs@1.1.13 want: 1.2.2
4788 silly fetch manifest @radix-ui/react-use-layout-effect@1.1.1
4789 silly packumentCache full:https://registry.npmjs.org/@radix-ui%2freact-use-layout-effect cache-miss
4790 silly fetch manifest @radix-ui/react-use-layout-effect@1.1.1
4791 silly packumentCache full:https://registry.npmjs.org/@radix-ui%2freact-use-layout-effect cache-miss
4792 silly fetch manifest @radix-ui/react-collection@1.1.7
4793 silly packumentCache full:https://registry.npmjs.org/@radix-ui%2freact-collection cache-miss
4794 silly fetch manifest @radix-ui/react-use-callback-ref@1.1.1
4795 silly packumentCache full:https://registry.npmjs.org/@radix-ui%2freact-use-callback-ref cache-miss
4796 silly fetch manifest @radix-ui/react-use-effect-event@0.0.2
4797 silly packumentCache full:https://registry.npmjs.org/@radix-ui%2freact-use-effect-event cache-miss
4798 silly fetch manifest @radix-ui/react-use-layout-effect@1.1.1
4799 silly packumentCache full:https://registry.npmjs.org/@radix-ui%2freact-use-layout-effect cache-miss
4800 http cache https://registry.npmjs.org/@radix-ui%2freact-use-layout-effect 2ms (cache hit)
4801 silly packumentCache full:https://registry.npmjs.org/@radix-ui%2freact-use-layout-effect set size:213388 disposed:false
4802 http cache https://registry.npmjs.org/@radix-ui%2freact-use-layout-effect 3ms (cache hit)
4803 silly packumentCache full:https://registry.npmjs.org/@radix-ui%2freact-use-layout-effect set size:213388 disposed:false
4804 silly packumentCache full:https://registry.npmjs.org/@radix-ui%2freact-use-layout-effect dispose
4805 http cache https://registry.npmjs.org/@radix-ui%2freact-use-layout-effect 4ms (cache hit)
4806 silly packumentCache full:https://registry.npmjs.org/@radix-ui%2freact-use-layout-effect set size:213388 disposed:true
4807 silly packumentCache full:https://registry.npmjs.org/@radix-ui%2freact-use-layout-effect dispose
4808 http cache https://registry.npmjs.org/@radix-ui%2freact-use-effect-event 4ms (cache hit)
4809 silly packumentCache full:https://registry.npmjs.org/@radix-ui%2freact-use-effect-event set size:23349 disposed:false
4810 http cache https://registry.npmjs.org/@radix-ui%2freact-use-callback-ref 5ms (cache hit)
4811 silly packumentCache full:https://registry.npmjs.org/@radix-ui%2freact-use-callback-ref set size:212985 disposed:false
4812 http cache https://registry.npmjs.org/@radix-ui%2freact-collection 6ms (cache hit)
4813 silly packumentCache full:https://registry.npmjs.org/@radix-ui%2freact-collection set size:630833 disposed:false
4814 silly placeDep ROOT @radix-ui/react-use-layout-effect@1.1.1 OK for: @radix-ui/react-id@1.1.1 want: 1.1.1
4815 silly placeDep ROOT @radix-ui/react-use-effect-event@0.0.2 OK for: @radix-ui/react-use-controllable-state@1.2.2 want: 0.0.2
4816 silly placeDep node_modules/expo-router/node_modules/@radix-ui/react-primitive @radix-ui/react-slot@1.2.3 OK for: @radix-ui/react-primitive@2.1.3 want: 1.2.3
4817 silly placeDep node_modules/expo-router @radix-ui/react-collection@1.1.7 OK for: @radix-ui/react-roving-focus@1.1.11 want: 1.1.7
4818 silly placeDep ROOT @radix-ui/react-use-callback-ref@1.1.1 OK for: @radix-ui/react-roving-focus@1.1.11 want: 1.1.1
4819 silly placeDep node_modules/expo-router/node_modules/@radix-ui/react-collection @radix-ui/react-slot@1.2.3 OK for: @radix-ui/react-collection@1.1.7 want: 1.2.3
4820 silly fetch manifest graphql@^14.0.0 || ^15.0.0 || ^16.0.0
4821 silly packumentCache full:https://registry.npmjs.org/graphql cache-miss
4822 http cache https://registry.npmjs.org/graphql 4ms (cache hit)
4823 silly packumentCache full:https://registry.npmjs.org/graphql set size:829986 disposed:false
4824 silly placeDep ROOT @0no-co/graphql.web@1.2.0 OK for: @expo/cli@54.0.23 want: ^1.0.8
4825 silly placeDep ROOT @expo/code-signing-certificates@0.0.6 OK for: @expo/cli@54.0.23 want: ^0.0.6
4826 silly placeDep ROOT @expo/devcert@1.2.1 OK for: @expo/cli@54.0.23 want: ^1.2.1
4827 silly placeDep ROOT @expo/osascript@2.4.2 OK for: @expo/cli@54.0.23 want: ^2.3.8
4828 silly placeDep ROOT @expo/package-manager@1.10.4 OK for: @expo/cli@54.0.23 want: ^1.9.10
4829 silly placeDep ROOT @expo/ws-tunnel@1.0.6 OK for: @expo/cli@54.0.23 want: ^1.0.1
4830 silly placeDep ROOT @expo/xcpretty@4.4.3 OK for: @expo/cli@54.0.23 want: ^4.3.0
4831 silly placeDep ROOT @urql/core@5.2.0 OK for: @expo/cli@54.0.23 want: ^5.0.6
4832 silly placeDep ROOT @urql/exchange-retry@1.3.2 OK for: @expo/cli@54.0.23 want: ^1.3.0
4833 silly placeDep ROOT better-opn@3.0.2 OK for: @expo/cli@54.0.23 want: ~3.0.2
4834 silly placeDep node_modules/expo ci-info@3.9.0 OK for: @expo/cli@54.0.23 want: ^3.3.0
4835 silly placeDep ROOT compression@1.8.1 OK for: @expo/cli@54.0.23 want: ^1.7.4
4836 silly placeDep ROOT env-editor@0.4.2 OK for: @expo/cli@54.0.23 want: ^0.4.1
4837 silly placeDep ROOT freeport-async@2.0.0 OK for: @expo/cli@54.0.23 want: ^2.0.0
4838 silly placeDep ROOT lan-network@0.1.7 OK for: @expo/cli@54.0.23 want: ^0.1.6
4839 silly placeDep node_modules/expo minimatch@9.0.9 OK for: @expo/cli@54.0.23 want: ^9.0.0
4840 silly placeDep ROOT node-forge@1.4.0 OK for: @expo/cli@54.0.23 want: ^1.3.3
4841 silly placeDep ROOT npm-package-arg@11.0.3 OK for: @expo/cli@54.0.23 want: ^11.0.0
4842 silly placeDep ROOT ora@3.4.0 OK for: @expo/cli@54.0.23 want: ^3.4.0
4843 silly placeDep node_modules/expo picomatch@3.0.2 OK for: @expo/cli@54.0.23 want: ^3.0.1
4844 silly placeDep ROOT pretty-bytes@5.6.0 OK for: @expo/cli@54.0.23 want: ^5.6.0
4845 silly placeDep ROOT progress@2.0.3 OK for: @expo/cli@54.0.23 want: ^2.0.3
4846 silly placeDep ROOT prompts@2.4.2 OK for: @expo/cli@54.0.23 want: ^2.3.2
4847 silly placeDep ROOT qrcode-terminal@0.11.0 OK for: @expo/cli@54.0.23 want: 0.11.0
4848 silly placeDep ROOT requireg@0.2.2 OK for: @expo/cli@54.0.23 want: ^0.2.2
4849 silly placeDep node_modules/expo resolve@1.22.12 OK for: @expo/cli@54.0.23 want: ^1.22.2
4850 silly placeDep ROOT resolve.exports@2.0.3 OK for: @expo/cli@54.0.23 want: ^2.0.3
4851 silly placeDep node_modules/expo semver@7.7.4 OK for: @expo/cli@54.0.23 want: ^7.6.0
4852 silly placeDep ROOT structured-headers@0.4.1 OK for: @expo/cli@54.0.23 want: ^0.4.1
4853 silly placeDep ROOT tar@7.5.13 OK for: @expo/cli@54.0.23 want: ^7.5.2
4854 silly placeDep ROOT terminal-link@2.1.1 OK for: @expo/cli@54.0.23 want: ^2.1.1
4855 silly placeDep ROOT undici@6.25.0 OK for: @expo/cli@54.0.23 want: ^6.18.2
4856 silly placeDep node_modules/expo ws@8.20.0 OK for: @expo/cli@54.0.23 want: ^8.12.1
4857 silly fetch manifest debug@^3.1.0
4858 silly packumentCache full:https://registry.npmjs.org/debug cache-hit
4859 silly fetch manifest @expo/sudo-prompt@^9.3.1
4860 silly packumentCache full:https://registry.npmjs.org/@expo%2fsudo-prompt cache-miss
4861 silly fetch manifest wonka@^6.3.2
4862 silly packumentCache full:https://registry.npmjs.org/wonka cache-miss
4863 silly fetch manifest wonka@^6.3.2
4864 silly packumentCache full:https://registry.npmjs.org/wonka cache-miss
4865 silly fetch manifest open@^8.0.4
4866 silly packumentCache full:https://registry.npmjs.org/open cache-hit
4867 silly fetch manifest vary@~1.1.2
4868 silly packumentCache full:https://registry.npmjs.org/vary cache-miss
4869 silly fetch manifest bytes@3.1.2
4870 silly packumentCache full:https://registry.npmjs.org/bytes cache-miss
4871 silly fetch manifest negotiator@~0.6.4
4872 silly packumentCache full:https://registry.npmjs.org/negotiator cache-hit
4873 silly fetch manifest on-headers@~1.1.0
4874 silly packumentCache full:https://registry.npmjs.org/on-headers cache-miss
4875 silly fetch manifest safe-buffer@5.2.1
4876 silly packumentCache full:https://registry.npmjs.org/safe-buffer cache-miss
4877 http cache https://registry.npmjs.org/wonka 4ms (cache hit)
4878 silly packumentCache full:https://registry.npmjs.org/wonka set size:386763 disposed:false
4879 silly fetch manifest compressible@~2.0.18
4880 silly packumentCache full:https://registry.npmjs.org/compressible cache-miss
4881 http cache https://registry.npmjs.org/@expo%2fsudo-prompt 6ms (cache hit)
4882 silly packumentCache full:https://registry.npmjs.org/@expo%2fsudo-prompt set size:8809 disposed:false
4883 silly fetch manifest semver@^7.3.5
4884 silly packumentCache full:https://registry.npmjs.org/semver cache-hit
4885 silly fetch manifest proc-log@^4.0.0
4886 silly packumentCache full:https://registry.npmjs.org/proc-log cache-miss
4887 http cache https://registry.npmjs.org/vary 5ms (cache hit)
4888 silly packumentCache full:https://registry.npmjs.org/vary set size:16018 disposed:false
4889 silly fetch manifest hosted-git-info@^7.0.0
4890 silly packumentCache full:https://registry.npmjs.org/hosted-git-info cache-miss
4891 http cache https://registry.npmjs.org/bytes 5ms (cache hit)
4892 silly packumentCache full:https://registry.npmjs.org/bytes set size:37018 disposed:false
4893 silly fetch manifest validate-npm-package-name@^5.0.0
4894 silly packumentCache full:https://registry.npmjs.org/validate-npm-package-name cache-miss
4895 http cache https://registry.npmjs.org/wonka 7ms (cache hit)
4896 silly packumentCache full:https://registry.npmjs.org/wonka set size:386763 disposed:false
4897 silly packumentCache full:https://registry.npmjs.org/wonka dispose
4898 silly fetch manifest wcwidth@^1.0.1
4899 silly packumentCache full:https://registry.npmjs.org/wcwidth cache-miss
4900 http cache https://registry.npmjs.org/safe-buffer 7ms (cache hit)
4901 silly packumentCache full:https://registry.npmjs.org/safe-buffer set size:41183 disposed:false
4902 silly fetch manifest cli-cursor@^2.1.0
4903 silly packumentCache full:https://registry.npmjs.org/cli-cursor cache-miss
4904 http cache https://registry.npmjs.org/on-headers 8ms (cache hit)
4905 silly packumentCache full:https://registry.npmjs.org/on-headers set size:13226 disposed:false
4906 silly fetch manifest strip-ansi@^5.2.0
4907 silly packumentCache full:https://registry.npmjs.org/strip-ansi cache-hit
4908 silly fetch manifest log-symbols@^2.2.0
4909 silly packumentCache full:https://registry.npmjs.org/log-symbols cache-miss
4910 http cache https://registry.npmjs.org/compressible 5ms (cache hit)
4911 silly packumentCache full:https://registry.npmjs.org/compressible set size:61733 disposed:false
4912 silly fetch manifest cli-spinners@^2.0.0
4913 silly packumentCache full:https://registry.npmjs.org/cli-spinners cache-miss
4914 http cache https://registry.npmjs.org/proc-log 5ms (cache hit)
4915 silly packumentCache full:https://registry.npmjs.org/proc-log set size:33530 disposed:false
4916 silly fetch manifest kleur@^3.0.3
4917 silly packumentCache full:https://registry.npmjs.org/kleur cache-miss
4918 http cache https://registry.npmjs.org/validate-npm-package-name 4ms (cache hit)
4919 silly packumentCache full:https://registry.npmjs.org/validate-npm-package-name set size:48143 disposed:false
4920 silly fetch manifest sisteransi@^1.0.5
4921 silly packumentCache full:https://registry.npmjs.org/sisteransi cache-miss
4922 http cache https://registry.npmjs.org/wcwidth 4ms (cache hit)
4923 silly packumentCache full:https://registry.npmjs.org/wcwidth set size:5904 disposed:false
4924 silly fetch manifest nested-error-stacks@~2.0.1
4925 silly packumentCache full:https://registry.npmjs.org/nested-error-stacks cache-miss
4926 http cache https://registry.npmjs.org/hosted-git-info 6ms (cache hit)
4927 silly packumentCache full:https://registry.npmjs.org/hosted-git-info set size:178854 disposed:false
4928 silly fetch manifest rc@~1.2.7
4929 silly packumentCache full:https://registry.npmjs.org/rc cache-miss
4930 http cache https://registry.npmjs.org/cli-cursor 5ms (cache hit)
4931 silly packumentCache full:https://registry.npmjs.org/cli-cursor set size:18913 disposed:false
4932 silly fetch manifest resolve@~1.7.1
4933 silly packumentCache full:https://registry.npmjs.org/resolve cache-hit
4934 silly fetch manifest @isaacs/fs-minipass@^4.0.0
4935 silly packumentCache full:https://registry.npmjs.org/@isaacs%2ffs-minipass cache-miss
4936 http cache https://registry.npmjs.org/log-symbols 5ms (cache hit)
4937 silly packumentCache full:https://registry.npmjs.org/log-symbols set size:31977 disposed:false
4938 silly fetch manifest chownr@^3.0.0
4939 silly packumentCache full:https://registry.npmjs.org/chownr cache-miss
4940 http cache https://registry.npmjs.org/sisteransi 5ms (cache hit)
4941 silly packumentCache full:https://registry.npmjs.org/sisteransi set size:23215 disposed:false
4942 silly fetch manifest minizlib@^3.1.0
4943 silly packumentCache full:https://registry.npmjs.org/minizlib cache-miss
4944 http cache https://registry.npmjs.org/nested-error-stacks 4ms (cache hit)
4945 silly packumentCache full:https://registry.npmjs.org/nested-error-stacks set size:24138 disposed:false
4946 silly fetch manifest yallist@^5.0.0
4947 silly packumentCache full:https://registry.npmjs.org/yallist cache-hit
4948 silly fetch manifest ansi-escapes@^4.2.1
4949 silly packumentCache full:https://registry.npmjs.org/ansi-escapes cache-miss
4950 http cache https://registry.npmjs.org/cli-spinners 6ms (cache hit)
4951 silly packumentCache full:https://registry.npmjs.org/cli-spinners set size:67473 disposed:false
4952 silly fetch manifest supports-hyperlinks@^2.0.0
4953 silly packumentCache full:https://registry.npmjs.org/supports-hyperlinks cache-miss
4954 http cache https://registry.npmjs.org/kleur 6ms (cache hit)
4955 silly packumentCache full:https://registry.npmjs.org/kleur set size:61853 disposed:false
4956 http cache https://registry.npmjs.org/rc 5ms (cache hit)
4957 silly packumentCache full:https://registry.npmjs.org/rc set size:70417 disposed:false
4958 http cache https://registry.npmjs.org/chownr 4ms (cache hit)
4959 silly packumentCache full:https://registry.npmjs.org/chownr set size:22157 disposed:false
4960 http cache https://registry.npmjs.org/@isaacs%2ffs-minipass 5ms (cache hit)
4961 silly packumentCache full:https://registry.npmjs.org/@isaacs%2ffs-minipass set size:7912 disposed:false
4962 http cache https://registry.npmjs.org/supports-hyperlinks 2ms (cache hit)
4963 silly packumentCache full:https://registry.npmjs.org/supports-hyperlinks set size:36220 disposed:false
4964 http cache https://registry.npmjs.org/ansi-escapes 3ms (cache hit)
4965 silly packumentCache full:https://registry.npmjs.org/ansi-escapes set size:70915 disposed:false
4966 http cache https://registry.npmjs.org/minizlib 4ms (cache hit)
4967 silly packumentCache full:https://registry.npmjs.org/minizlib set size:62862 disposed:false
4968 silly placeDep ROOT @expo/sudo-prompt@9.3.2 OK for: @expo/devcert@1.2.1 want: ^9.3.1
4969 silly placeDep node_modules/@expo/devcert debug@3.2.7 OK for: @expo/devcert@1.2.1 want: ^3.1.0
4970 silly placeDep ROOT wonka@6.3.6 OK for: @urql/core@5.2.0 want: ^6.3.2
4971 silly placeDep node_modules/better-opn open@8.4.2 OK for: better-opn@3.0.2 want: ^8.0.4
4972 silly fetch manifest define-lazy-prop@^2.0.0
4973 silly packumentCache full:https://registry.npmjs.org/define-lazy-prop cache-miss
4974 http cache https://registry.npmjs.org/define-lazy-prop 1ms (cache hit)
4975 silly packumentCache full:https://registry.npmjs.org/define-lazy-prop set size:9337 disposed:false
4976 silly placeDep ROOT bytes@3.1.2 OK for: compression@1.8.1 want: 3.1.2
4977 silly placeDep ROOT compressible@2.0.18 OK for: compression@1.8.1 want: ~2.0.18
4978 silly placeDep node_modules/compression debug@2.6.9 OK for: compression@1.8.1 want: 2.6.9
4979 silly placeDep node_modules/compression negotiator@0.6.4 OK for: compression@1.8.1 want: ~0.6.4
4980 silly placeDep ROOT on-headers@1.1.0 OK for: compression@1.8.1 want: ~1.1.0
4981 silly placeDep ROOT safe-buffer@5.2.1 OK for: compression@1.8.1 want: 5.2.1
4982 silly placeDep ROOT vary@1.1.2 OK for: compression@1.8.1 want: ~1.1.2
4983 silly placeDep ROOT hosted-git-info@7.0.2 OK for: npm-package-arg@11.0.3 want: ^7.0.0
4984 silly placeDep ROOT proc-log@4.2.0 OK for: npm-package-arg@11.0.3 want: ^4.0.0
4985 silly placeDep node_modules/npm-package-arg semver@7.7.4 OK for: npm-package-arg@11.0.3 want: ^7.3.5
4986 silly placeDep ROOT validate-npm-package-name@5.0.1 OK for: npm-package-arg@11.0.3 want: ^5.0.0
4987 silly fetch manifest lru-cache@^10.0.1
4988 silly packumentCache full:https://registry.npmjs.org/lru-cache cache-hit
4989 silly placeDep node_modules/hosted-git-info lru-cache@10.4.3 OK for: hosted-git-info@7.0.2 want: ^10.0.1
4990 silly placeDep node_modules/ora chalk@2.4.2 OK for: ora@3.4.0 want: ^2.4.2
4991 silly placeDep ROOT cli-cursor@2.1.0 OK for: ora@3.4.0 want: ^2.1.0
4992 silly placeDep ROOT cli-spinners@2.9.2 OK for: ora@3.4.0 want: ^2.0.0
4993 silly placeDep ROOT log-symbols@2.2.0 OK for: ora@3.4.0 want: ^2.2.0
4994 silly placeDep node_modules/ora strip-ansi@5.2.0 OK for: ora@3.4.0 want: ^5.2.0
4995 silly placeDep ROOT wcwidth@1.0.1 OK for: ora@3.4.0 want: ^1.0.1
4996 silly fetch manifest restore-cursor@^2.0.0
4997 silly packumentCache full:https://registry.npmjs.org/restore-cursor cache-miss
4998 silly fetch manifest chalk@^2.0.1
4999 silly packumentCache full:https://registry.npmjs.org/chalk cache-hit
5000 silly fetch manifest ansi-regex@^4.1.0
5001 silly packumentCache full:https://registry.npmjs.org/ansi-regex cache-hit
5002 silly fetch manifest defaults@^1.0.3
5003 silly packumentCache full:https://registry.npmjs.org/defaults cache-miss
5004 http cache https://registry.npmjs.org/restore-cursor 2ms (cache hit)
5005 silly packumentCache full:https://registry.npmjs.org/restore-cursor set size:17895 disposed:false
5006 http cache https://registry.npmjs.org/defaults 1ms (cache hit)
5007 silly packumentCache full:https://registry.npmjs.org/defaults set size:18134 disposed:false
5008 silly placeDep ROOT restore-cursor@2.0.0 OK for: cli-cursor@2.1.0 want: ^2.0.0
5009 silly fetch manifest onetime@^2.0.0
5010 silly packumentCache full:https://registry.npmjs.org/onetime cache-miss
5011 http cache https://registry.npmjs.org/onetime 1ms (cache hit)
5012 silly packumentCache full:https://registry.npmjs.org/onetime set size:32314 disposed:false
5013 silly placeDep node_modules/log-symbols chalk@2.4.2 OK for: log-symbols@2.2.0 want: ^2.0.1
5014 silly placeDep ROOT kleur@3.0.3 OK for: prompts@2.4.2 want: ^3.0.3
5015 silly placeDep ROOT sisteransi@1.0.5 OK for: prompts@2.4.2 want: ^1.0.5
5016 silly placeDep ROOT nested-error-stacks@2.0.1 OK for: requireg@0.2.2 want: ~2.0.1
5017 silly placeDep ROOT rc@1.2.8 OK for: requireg@0.2.2 want: ~1.2.7
5018 silly placeDep node_modules/requireg resolve@1.7.1 OK for: requireg@0.2.2 want: ~1.7.1
5019 silly fetch manifest ini@~1.3.0
5020 silly packumentCache full:https://registry.npmjs.org/ini cache-miss
5021 silly fetch manifest deep-extend@^0.6.0
5022 silly packumentCache full:https://registry.npmjs.org/deep-extend cache-miss
5023 silly fetch manifest strip-json-comments@~2.0.1
5024 silly packumentCache full:https://registry.npmjs.org/strip-json-comments cache-hit
5025 http cache https://registry.npmjs.org/deep-extend 2ms (cache hit)
5026 silly packumentCache full:https://registry.npmjs.org/deep-extend set size:34472 disposed:false
5027 http cache https://registry.npmjs.org/ini 2ms (cache hit)
5028 silly packumentCache full:https://registry.npmjs.org/ini set size:56961 disposed:false
5029 silly placeDep ROOT deep-extend@0.6.0 OK for: rc@1.2.8 want: ^0.6.0
5030 silly placeDep ROOT ini@1.3.8 OK for: rc@1.2.8 want: ~1.3.0
5031 silly placeDep node_modules/rc strip-json-comments@2.0.1 OK for: rc@1.2.8 want: ~2.0.1
5032 silly placeDep ROOT onetime@2.0.1 OK for: restore-cursor@2.0.0 want: ^2.0.0
5033 silly fetch manifest mimic-fn@^1.0.0
5034 silly packumentCache full:https://registry.npmjs.org/mimic-fn cache-miss
5035 http cache https://registry.npmjs.org/mimic-fn 1ms (cache hit)
5036 silly packumentCache full:https://registry.npmjs.org/mimic-fn set size:22257 disposed:false
5037 silly placeDep ROOT mimic-fn@1.2.0 OK for: onetime@2.0.1 want: ^1.0.0
5038 silly placeDep ROOT @isaacs/fs-minipass@4.0.1 OK for: tar@7.5.13 want: ^4.0.0
5039 silly placeDep ROOT chownr@3.0.0 OK for: tar@7.5.13 want: ^3.0.0
5040 silly placeDep ROOT minizlib@3.1.0 OK for: tar@7.5.13 want: ^3.1.0
5041 silly placeDep node_modules/tar yallist@5.0.0 OK for: tar@7.5.13 want: ^5.0.0
5042 silly placeDep ROOT ansi-escapes@4.3.2 OK for: terminal-link@2.1.1 want: ^4.2.1
5043 silly placeDep ROOT supports-hyperlinks@2.3.0 OK for: terminal-link@2.1.1 want: ^2.0.0
5044 silly fetch manifest type-fest@^0.21.3
5045 silly packumentCache full:https://registry.npmjs.org/type-fest cache-hit
5046 silly placeDep node_modules/ansi-escapes type-fest@0.21.3 OK for: ansi-escapes@4.3.2 want: ^0.21.3
5047 silly placeDep ROOT defaults@1.0.4 OK for: wcwidth@1.0.1 want: ^1.0.3
5048 silly fetch manifest clone@^1.0.2
5049 silly packumentCache full:https://registry.npmjs.org/clone cache-miss
5050 http cache https://registry.npmjs.org/clone 1ms (cache hit)
5051 silly packumentCache full:https://registry.npmjs.org/clone set size:82973 disposed:false
5052 silly placeDep ROOT clone@1.0.4 OK for: defaults@1.0.4 want: ^1.0.2
5053 silly placeDep ROOT define-lazy-prop@2.0.0 OK for: open@8.4.2 want: ^2.0.0
5054 silly placeDep node_modules/compression ms@2.0.0 OK for: debug@2.6.9 want: 2.0.0
5055 silly placeDep node_modules/expo brace-expansion@2.1.0 OK for: minimatch@9.0.9 want: ^2.0.2
5056 silly placeDep node_modules/finalhandler ms@2.0.0 OK for: debug@2.6.9 want: 2.0.0
5057 silly placeDep node_modules/glob brace-expansion@5.0.5 OK for: minimatch@10.2.5 want: ^5.0.5
5058 silly placeDep node_modules/glob balanced-match@4.0.4 OK for: brace-expansion@5.0.5 want: ^4.0.2
5059 silly placeDep node_modules/lighthouse-logger ms@2.0.0 OK for: debug@2.6.9 want: 2.0.0
5060 silly placeDep node_modules/log-symbols ansi-styles@3.2.1 OK for: chalk@2.4.2 want: ^3.2.1
5061 silly placeDep node_modules/log-symbols escape-string-regexp@1.0.5 OK for: chalk@2.4.2 want: ^1.0.5
5062 silly placeDep node_modules/log-symbols supports-color@5.5.0 OK for: chalk@2.4.2 want: ^5.3.0
5063 silly placeDep node_modules/log-symbols color-convert@1.9.3 OK for: ansi-styles@3.2.1 want: ^1.9.0
5064 silly placeDep node_modules/log-symbols color-name@1.1.3 OK for: color-convert@1.9.3 want: 1.1.3
5065 silly placeDep node_modules/log-symbols has-flag@3.0.0 OK for: supports-color@5.5.0 want: ^3.0.0
5066 silly placeDep node_modules/metro-babel-transformer hermes-estree@0.32.0 OK for: hermes-parser@0.32.0 want: 0.32.0
5067 silly placeDep node_modules/metro hermes-estree@0.32.0 OK for: hermes-parser@0.32.0 want: 0.32.0
5068 silly placeDep node_modules/ora ansi-styles@3.2.1 OK for: chalk@2.4.2 want: ^3.2.1
5069 silly placeDep node_modules/ora escape-string-regexp@1.0.5 OK for: chalk@2.4.2 want: ^1.0.5
5070 silly placeDep node_modules/ora supports-color@5.5.0 OK for: chalk@2.4.2 want: ^5.3.0
5071 silly placeDep node_modules/ora color-convert@1.9.3 OK for: ansi-styles@3.2.1 want: ^1.9.0
5072 silly placeDep node_modules/ora color-name@1.1.3 OK for: color-convert@1.9.3 want: 1.1.3
5073 silly placeDep node_modules/ora ansi-regex@4.1.1 OK for: strip-ansi@5.2.0 want: ^4.1.0
5074 silly placeDep node_modules/ora has-flag@3.0.0 OK for: supports-color@5.5.0 want: ^3.0.0
5075 silly placeDep node_modules/send/node_modules/debug ms@2.0.0 OK for: debug@2.6.9 want: 2.0.0
5076 silly placeDep node_modules/vaul @radix-ui/react-dismissable-layer@1.1.11 OK for: @radix-ui/react-dialog@1.1.15 want: 1.1.11
5077 silly placeDep ROOT @radix-ui/react-focus-guards@1.1.3 OK for: @radix-ui/react-dialog@1.1.15 want: 1.1.3
5078 silly placeDep node_modules/vaul @radix-ui/react-focus-scope@1.1.7 OK for: @radix-ui/react-dialog@1.1.15 want: 1.1.7
5079 silly placeDep node_modules/vaul @radix-ui/react-portal@1.1.9 OK for: @radix-ui/react-dialog@1.1.15 want: 1.1.9
5080 silly placeDep node_modules/vaul @radix-ui/react-presence@1.1.5 OK for: @radix-ui/react-dialog@1.1.15 want: 1.1.5
5081 silly placeDep node_modules/vaul @radix-ui/react-primitive@2.1.3 OK for: @radix-ui/react-dialog@1.1.15 want: 2.1.3
5082 silly placeDep node_modules/vaul @radix-ui/react-slot@1.2.3 OK for: @radix-ui/react-dialog@1.1.15 want: 1.2.3
5083 silly placeDep ROOT aria-hidden@1.2.6 OK for: @radix-ui/react-dialog@1.1.15 want: ^1.2.4
5084 silly placeDep ROOT react-remove-scroll@2.7.2 OK for: @radix-ui/react-dialog@1.1.15 want: ^2.6.3
5085 silly fetch manifest @radix-ui/react-use-escape-keydown@1.1.1
5086 silly packumentCache full:https://registry.npmjs.org/@radix-ui%2freact-use-escape-keydown cache-miss
5087 silly fetch manifest react-remove-scroll-bar@^2.3.7
5088 silly packumentCache full:https://registry.npmjs.org/react-remove-scroll-bar cache-miss
5089 silly fetch manifest react-style-singleton@^2.2.3
5090 silly packumentCache full:https://registry.npmjs.org/react-style-singleton cache-miss
5091 silly fetch manifest use-callback-ref@^1.3.3
5092 silly packumentCache full:https://registry.npmjs.org/use-callback-ref cache-miss
5093 silly fetch manifest use-sidecar@^1.1.3
5094 silly packumentCache full:https://registry.npmjs.org/use-sidecar cache-miss
5095 http cache https://registry.npmjs.org/react-style-singleton 2ms (cache hit)
5096 silly packumentCache full:https://registry.npmjs.org/react-style-singleton set size:33682 disposed:false
5097 http cache https://registry.npmjs.org/use-callback-ref 2ms (cache hit)
5098 silly packumentCache full:https://registry.npmjs.org/use-callback-ref set size:47599 disposed:false
5099 http cache https://registry.npmjs.org/use-sidecar 3ms (cache hit)
5100 silly packumentCache full:https://registry.npmjs.org/use-sidecar set size:58998 disposed:false
5101 http cache https://registry.npmjs.org/@radix-ui%2freact-use-escape-keydown 3ms (cache hit)
5102 silly packumentCache full:https://registry.npmjs.org/@radix-ui%2freact-use-escape-keydown set size:278235 disposed:false
5103 http cache https://registry.npmjs.org/react-remove-scroll-bar 4ms (cache hit)
5104 silly packumentCache full:https://registry.npmjs.org/react-remove-scroll-bar set size:66434 disposed:false
5105 silly fetch manifest react@^16.8.0 || ^17.0.0 || ^18.0.0 || ^19.0.0 || ^19.0.0-rc
5106 silly packumentCache full:https://registry.npmjs.org/react cache-miss
5107 http cache https://registry.npmjs.org/react 6ms (cache hit)
5108 silly packumentCache full:https://registry.npmjs.org/react set size:6613874 disposed:false
5109 silly placeDep ROOT react-remove-scroll-bar@2.3.8 OK for: react-remove-scroll@2.7.2 want: ^2.3.7
5110 silly placeDep ROOT react-style-singleton@2.2.3 OK for: react-remove-scroll@2.7.2 want: ^2.2.3
5111 silly placeDep ROOT use-callback-ref@1.3.3 OK for: react-remove-scroll@2.7.2 want: ^1.3.3
5112 silly placeDep ROOT use-sidecar@1.1.3 OK for: react-remove-scroll@2.7.2 want: ^1.1.3
5113 silly fetch manifest react-style-singleton@^2.2.2
5114 silly packumentCache full:https://registry.npmjs.org/react-style-singleton cache-hit
5115 silly fetch manifest get-nonce@^1.0.0
5116 silly packumentCache full:https://registry.npmjs.org/get-nonce cache-miss
5117 silly fetch manifest detect-node-es@^1.1.0
5118 silly packumentCache full:https://registry.npmjs.org/detect-node-es cache-miss
5119 http cache https://registry.npmjs.org/detect-node-es 4ms (cache hit)
5120 silly packumentCache full:https://registry.npmjs.org/detect-node-es set size:6554 disposed:false
5121 http cache https://registry.npmjs.org/get-nonce 4ms (cache hit)
5122 silly packumentCache full:https://registry.npmjs.org/get-nonce set size:8902 disposed:false
5123 silly placeDep ROOT get-nonce@1.0.1 OK for: react-style-singleton@2.2.3 want: ^1.0.0
5124 silly placeDep ROOT detect-node-es@1.1.0 OK for: use-sidecar@1.1.3 want: ^1.1.0
5125 silly placeDep ROOT @radix-ui/react-use-escape-keydown@1.1.1 OK for: @radix-ui/react-dismissable-layer@1.1.11 want: 1.1.1
5126 silly reify moves {}
5127 silly audit bulk request {
5127 silly audit   '@expo/vector-icons': [ '15.1.1' ],
5127 silly audit   react: [ '19.1.0' ],
5127 silly audit   'expo-font': [ '14.0.11' ],
5127 silly audit   expo: [ '54.0.33' ],
5127 silly audit   'react-native': [ '0.81.5' ],
5127 silly audit   '@react-navigation/bottom-tabs': [ '7.15.9' ],
5127 silly audit   'react-native-screens': [ '4.16.0' ],
5127 silly audit   '@react-navigation/native': [ '7.2.2' ],
5127 silly audit   'react-native-safe-area-context': [ '5.6.2' ],
5127 silly audit   '@react-navigation/elements': [ '2.9.14' ],
5127 silly audit   '@types/react': [ '19.1.17' ],
5127 silly audit   eslint: [ '9.39.4' ],
5127 silly audit   'eslint-config-expo': [ '10.0.0' ],
5127 silly audit   'expo-constants': [ '18.0.13' ],
5127 silly audit   'expo-haptics': [ '15.0.8' ],
5127 silly audit   'expo-image': [ '3.0.11' ],
5127 silly audit   'expo-linking': [ '8.0.11' ],
5127 silly audit   'expo-router': [ '6.0.23' ],
5127 silly audit   'expo-splash-screen': [ '31.0.13' ],
5127 silly audit   'expo-status-bar': [ '3.0.9' ],
5127 silly audit   'expo-symbols': [ '1.0.8' ],
5127 silly audit   'expo-system-ui': [ '6.0.9' ],
5127 silly audit   'expo-web-browser': [ '15.0.10' ],
5127 silly audit   'lucide-react-native': [ '1.8.0' ],
5127 silly audit   'react-native-svg': [ '15.15.4' ],
5127 silly audit   'react-dom': [ '19.1.0' ],
5127 silly audit   'react-native-gesture-handler': [ '2.28.0' ],
5127 silly audit   'react-native-reanimated': [ '4.1.7' ],
5127 silly audit   'react-native-worklets': [ '0.5.1' ],
5127 silly audit   '@babel/core': [ '7.29.0' ],
5127 silly audit   'react-native-web': [ '0.21.2' ],
5127 silly audit   'socket.io-client': [ '4.8.3' ],
5127 silly audit   typescript: [ '5.9.3' ],
5127 silly audit   '@babel/code-frame': [ '7.29.0', '7.10.4' ],
5127 silly audit   '@babel/generator': [ '7.29.1' ],
5127 silly audit   '@babel/helper-compilation-targets': [ '7.28.6' ],
5127 silly audit   '@babel/helper-module-transforms': [ '7.28.6' ],
5127 silly audit   '@babel/helpers': [ '7.29.2' ],
5127 silly audit   '@babel/parser': [ '7.29.2' ],
5127 silly audit   '@babel/template': [ '7.28.6' ],
5127 silly audit   '@babel/traverse': [ '7.29.0' ],
5127 silly audit   '@babel/types': [ '7.29.0' ],
5127 silly audit   '@jridgewell/remapping': [ '2.3.5' ],
5127 silly audit   'convert-source-map': [ '2.0.0' ],
5127 silly audit   debug: [ '4.4.3', '3.2.7', '2.6.9' ],
5127 silly audit   gensync: [ '1.0.0-beta.2' ],
5127 silly audit   json5: [ '2.2.3', '1.0.2' ],
5127 silly audit   semver: [ '6.3.1', '7.7.4', '7.6.3', '7.7.2' ],
5127 silly audit   '@babel/helper-validator-identifier': [ '7.28.5' ],
5127 silly audit   'js-tokens': [ '4.0.0' ],
5127 silly audit   picocolors: [ '1.1.1' ],
5127 silly audit   '@jridgewell/gen-mapping': [ '0.3.13' ],
5127 silly audit   '@jridgewell/trace-mapping': [ '0.3.31' ],
5127 silly audit   jsesc: [ '3.1.0' ],
5127 silly audit   '@babel/compat-data': [ '7.29.0' ],
5127 silly audit   '@babel/helper-validator-option': [ '7.27.1' ],
5127 silly audit   browserslist: [ '4.28.2' ],
5127 silly audit   'lru-cache': [ '5.1.1', '11.3.5', '10.4.3' ],
5127 silly audit   '@babel/helper-module-imports': [ '7.28.6' ],
5127 silly audit   '@babel/helper-globals': [ '7.28.0' ],
5127 silly audit   '@babel/helper-string-parser': [ '7.27.1' ],
5127 silly audit   '@jridgewell/sourcemap-codec': [ '1.5.5' ],
5127 silly audit   '@jridgewell/resolve-uri': [ '3.1.2' ],
5127 silly audit   color: [ '4.2.3' ],
5127 silly audit   'sf-symbols-typescript': [ '2.2.0' ],
5127 silly audit   'use-latest-callback': [ '0.2.6' ],
5127 silly audit   'use-sync-external-store': [ '1.6.0' ],
5127 silly audit   '@react-navigation/core': [ '7.17.2' ],
5127 silly audit   'escape-string-regexp': [ '4.0.0', '2.0.0', '1.0.5' ],
5127 silly audit   'fast-deep-equal': [ '3.1.3' ],
5127 silly audit   nanoid: [ '3.3.11' ],
5127 silly audit   '@react-navigation/routers': [ '7.5.3' ],
5127 silly audit   'query-string': [ '7.1.3' ],
5127 silly audit   'react-is': [ '19.2.5', '18.3.1', '16.13.1' ],
5127 silly audit   csstype: [ '3.2.3' ],
5127 silly audit   'baseline-browser-mapping': [ '2.10.20' ],
5127 silly audit   'caniuse-lite': [ '1.0.30001788' ],
5127 silly audit   'electron-to-chromium': [ '1.5.340' ],
5127 silly audit   'node-releases': [ '2.0.37' ],
5127 silly audit   'update-browserslist-db': [ '1.2.3' ],
5127 silly audit   'color-convert': [ '2.0.1', '1.9.3' ],
5127 silly audit   'color-string': [ '1.9.1' ],
5127 silly audit   'color-name': [ '1.1.4', '1.1.3' ],
5127 silly audit   'simple-swizzle': [ '0.2.4' ],
5127 silly audit   ms: [ '2.1.3', '2.0.0' ],
5127 silly audit   '@eslint-community/eslint-utils': [ '4.9.1' ],
5127 silly audit   '@eslint-community/regexpp': [ '4.12.2' ],
5127 silly audit   '@eslint/config-array': [ '0.21.2' ],
5127 silly audit   '@eslint/config-helpers': [ '0.4.2' ],
5127 silly audit   '@eslint/core': [ '0.17.0' ],
5127 silly audit   '@eslint/eslintrc': [ '3.3.5' ],
5127 silly audit   '@eslint/js': [ '9.39.4' ],
5127 silly audit   '@eslint/plugin-kit': [ '0.4.1' ],
5127 silly audit   '@humanfs/node': [ '0.16.8' ],
5127 silly audit   '@humanwhocodes/module-importer': [ '1.0.1' ],
5127 silly audit   '@humanwhocodes/retry': [ '0.4.3' ],
5127 silly audit   '@types/estree': [ '1.0.8' ],
5127 silly audit   ajv: [ '6.14.0' ],
5127 silly audit   chalk: [ '4.1.2', '2.4.2' ],
5127 silly audit   'cross-spawn': [ '7.0.6' ],
5127 silly audit   'eslint-scope': [ '8.4.0' ],
5127 silly audit   'eslint-visitor-keys': [ '4.2.1', '3.4.3', '5.0.1' ],
5127 silly audit   espree: [ '10.4.0' ],
5127 silly audit   esquery: [ '1.7.0' ],
5127 silly audit   esutils: [ '2.0.3' ],
5127 silly audit   'file-entry-cache': [ '8.0.0' ],
5127 silly audit   'find-up': [ '5.0.0', '4.1.0' ],
5127 silly audit   'glob-parent': [ '6.0.2' ],
5127 silly audit   ignore: [ '5.3.2', '7.0.5' ],
5127 silly audit   imurmurhash: [ '0.1.4' ],
5127 silly audit   'is-glob': [ '4.0.3' ],
5127 silly audit   'json-stable-stringify-without-jsonify': [ '1.0.1' ],
5127 silly audit   'lodash.merge': [ '4.6.2' ],
5127 silly audit   minimatch: [ '3.1.5', '10.2.5', '9.0.9' ],
5127 silly audit   'natural-compare': [ '1.4.0' ],
5127 silly audit   optionator: [ '0.9.4' ],
5127 silly audit   '@eslint/object-schema': [ '2.1.7' ],
5127 silly audit   '@types/json-schema': [ '7.0.15' ],
5127 silly audit   globals: [ '14.0.0', '16.5.0' ],
5127 silly audit   'import-fresh': [ '3.3.1' ],
5127 silly audit   'js-yaml': [ '4.1.1', '3.14.2' ],
5127 silly audit   'strip-json-comments': [ '3.1.1', '2.0.1' ],
5127 silly audit   levn: [ '0.4.1' ],
5127 silly audit   '@humanfs/core': [ '0.19.2' ],
5127 silly audit   '@humanfs/types': [ '0.15.0' ],
5127 silly audit   'fast-json-stable-stringify': [ '2.1.0' ],
5127 silly audit   'json-schema-traverse': [ '0.4.1' ],
5127 silly audit   'uri-js': [ '4.4.1' ],
5127 silly audit   'ansi-styles': [ '4.3.0', '5.2.0', '3.2.1' ],
5127 silly audit   'supports-color': [ '7.2.0', '8.1.1', '5.5.0' ],
5127 silly audit   'path-key': [ '3.1.1' ],
5127 silly audit   'shebang-command': [ '2.0.0' ],
5127 silly audit   which: [ '2.0.2' ],
5127 silly audit   '@typescript-eslint/eslint-plugin': [ '8.58.2' ],
5127 silly audit   '@typescript-eslint/parser': [ '8.58.2' ],
5127 silly audit   'eslint-import-resolver-typescript': [ '3.10.1' ],
5127 silly audit   'eslint-plugin-expo': [ '1.0.0' ],
5127 silly audit   'eslint-plugin-import': [ '2.32.0' ],
5127 silly audit   'eslint-plugin-react': [ '7.37.5' ],
5127 silly audit   'eslint-plugin-react-hooks': [ '5.2.0' ],
5127 silly audit   '@typescript-eslint/scope-manager': [ '8.58.2' ],
5127 silly audit   '@typescript-eslint/type-utils': [ '8.58.2' ],
5127 silly audit   '@typescript-eslint/utils': [ '8.58.2' ],
5127 silly audit   '@typescript-eslint/visitor-keys': [ '8.58.2' ],
5127 silly audit   'ts-api-utils': [ '2.5.0' ],
5127 silly audit   '@typescript-eslint/types': [ '8.58.2' ],
5127 silly audit   '@typescript-eslint/typescript-estree': [ '8.58.2' ],
5127 silly audit   '@typescript-eslint/project-service': [ '8.58.2' ],
5127 silly audit   '@typescript-eslint/tsconfig-utils': [ '8.58.2' ],
5127 silly audit   tinyglobby: [ '0.2.16' ],
5127 silly audit   '@nolyfill/is-core-module': [ '1.0.39' ],
5127 silly audit   'get-tsconfig': [ '4.14.0' ],
5127 silly audit   'is-bun-module': [ '2.0.0' ],
5127 silly audit   'stable-hash': [ '0.0.5' ],
5127 silly audit   'unrs-resolver': [ '1.11.1' ],
5127 silly audit   '@rtsao/scc': [ '1.1.0' ],
5127 silly audit   'array-includes': [ '3.1.9' ],
5127 silly audit   'array.prototype.findlastindex': [ '1.2.6' ],
5127 silly audit   'array.prototype.flat': [ '1.3.3' ],
5127 silly audit   'array.prototype.flatmap': [ '1.3.3' ],
5127 silly audit   doctrine: [ '2.1.0' ],
5127 silly audit   'eslint-import-resolver-node': [ '0.3.10' ],
5127 silly audit   'eslint-module-utils': [ '2.12.1' ],
5127 silly audit   hasown: [ '2.0.3' ],
5127 silly audit   'is-core-module': [ '2.16.1' ],
5127 silly audit   'object.fromentries': [ '2.0.8' ],
5127 silly audit   'object.groupby': [ '1.0.3' ],
5127 silly audit   'object.values': [ '1.2.1' ],
5127 silly audit   'string.prototype.trimend': [ '1.0.9' ],
5127 silly audit   'tsconfig-paths': [ '3.15.0' ],
5127 silly audit   'call-bind': [ '1.0.9' ],
5127 silly audit   'call-bound': [ '1.0.4' ],
5127 silly audit   'define-properties': [ '1.2.1' ],
5127 silly audit   'es-abstract': [ '1.24.2' ],
5127 silly audit   'es-object-atoms': [ '1.1.1' ],
5127 silly audit   'get-intrinsic': [ '1.3.0' ],
5127 silly audit   'is-string': [ '1.1.1' ],
5127 silly audit   'math-intrinsics': [ '1.1.0' ],
5127 silly audit   'es-errors': [ '1.3.0' ],
5127 silly audit   'es-shim-unscopables': [ '1.1.0' ],
5127 silly audit   'call-bind-apply-helpers': [ '1.0.2' ],
5127 silly audit   'es-define-property': [ '1.0.1' ],
5127 silly audit   'set-function-length': [ '1.2.2' ],
5127 silly audit   'function-bind': [ '1.1.2' ],
5127 silly audit   'define-data-property': [ '1.1.4' ],
5127 silly audit   'has-property-descriptors': [ '1.0.2' ],
5127 silly audit   'object-keys': [ '1.1.1' ],
5127 silly audit   gopd: [ '1.2.0' ],
5127 silly audit   'array-buffer-byte-length': [ '1.0.2' ],
5127 silly audit   'arraybuffer.prototype.slice': [ '1.0.4' ],
5127 silly audit   'available-typed-arrays': [ '1.0.7' ],
5127 silly audit   'data-view-buffer': [ '1.0.2' ],
5127 silly audit   'data-view-byte-length': [ '1.0.2' ],
5127 silly audit   'data-view-byte-offset': [ '1.0.1' ],
5127 silly audit   'es-set-tostringtag': [ '2.1.0' ],
5127 silly audit   'es-to-primitive': [ '1.3.0' ],
5127 silly audit   'function.prototype.name': [ '1.1.8' ],
5127 silly audit   'get-proto': [ '1.0.1' ],
5127 silly audit   'get-symbol-description': [ '1.1.0' ],
5127 silly audit   globalthis: [ '1.0.4' ],
5127 silly audit   'has-proto': [ '1.2.0' ],
5127 silly audit   'has-symbols': [ '1.1.0' ],
5127 silly audit   'internal-slot': [ '1.1.0' ],
5127 silly audit   'is-array-buffer': [ '3.0.5' ],
5127 silly audit   'is-callable': [ '1.2.7' ],
5127 silly audit   'is-data-view': [ '1.0.2' ],
5127 silly audit   'is-negative-zero': [ '2.0.3' ],
5127 silly audit   'is-regex': [ '1.2.1' ],
5127 silly audit   'is-set': [ '2.0.3' ],
5127 silly audit   'is-shared-array-buffer': [ '1.0.4' ],
5127 silly audit   'is-typed-array': [ '1.1.15' ],
5127 silly audit   'is-weakref': [ '1.1.1' ],
5127 silly audit   'object-inspect': [ '1.13.4' ],
5127 silly audit   'object.assign': [ '4.1.7' ],
5127 silly audit   'own-keys': [ '1.0.1' ],
5127 silly audit   'regexp.prototype.flags': [ '1.5.4' ],
5127 silly audit   'safe-array-concat': [ '1.1.3' ],
5127 silly audit   'safe-push-apply': [ '1.0.0' ],
5127 silly audit   'safe-regex-test': [ '1.1.0' ],
5127 silly audit   'set-proto': [ '1.0.0' ],
5127 silly audit   'stop-iteration-iterator': [ '1.1.0' ],
5127 silly audit   'string.prototype.trim': [ '1.2.10' ],
5127 silly audit   'string.prototype.trimstart': [ '1.0.8' ],
5127 silly audit   'typed-array-buffer': [ '1.0.3' ],
5127 silly audit   'typed-array-byte-length': [ '1.0.3' ],
5127 silly audit   'typed-array-byte-offset': [ '1.0.4' ],
5127 silly audit   'typed-array-length': [ '1.0.7' ],
5127 silly audit   'unbox-primitive': [ '1.1.0' ],
5127 silly audit   'which-typed-array': [ '1.1.20' ],
5127 silly audit   'possible-typed-array-names': [ '1.1.0' ],
5127 silly audit   'has-tostringtag': [ '1.0.2' ],
5127 silly audit   'is-date-object': [ '1.1.0' ],
5127 silly audit   'is-symbol': [ '1.1.1' ],
5127 silly audit   resolve: [ '2.0.0-next.6', '1.22.12', '1.7.1' ],
5127 silly audit   'array.prototype.findlast': [ '1.2.5' ],
5127 silly audit   'array.prototype.tosorted': [ '1.1.4' ],
5127 silly audit   'es-iterator-helpers': [ '1.3.2' ],
5127 silly audit   estraverse: [ '5.3.0' ],
5127 silly audit   'jsx-ast-utils': [ '3.3.5' ],
5127 silly audit   'object.entries': [ '1.1.9' ],
5127 silly audit   'prop-types': [ '15.8.1' ],
5127 silly audit   'string.prototype.matchall': [ '4.0.12' ],
5127 silly audit   'string.prototype.repeat': [ '1.0.0' ],
5127 silly audit   'iterator.prototype': [ '1.1.5' ],
5127 silly audit   esrecurse: [ '4.3.0' ],
5127 silly audit   acorn: [ '8.16.0' ],
5127 silly audit   'acorn-jsx': [ '5.3.2' ],
5127 silly audit   '@babel/runtime': [ '7.29.2' ],
5127 silly audit   '@expo/cli': [ '54.0.23' ],
5127 silly audit   '@expo/config': [ '12.0.13' ],
5127 silly audit   '@expo/config-plugins': [ '54.0.4' ],
5127 silly audit   '@expo/devtools': [ '0.1.8' ],
5127 silly audit   '@expo/fingerprint': [ '0.15.4' ],
5127 silly audit   '@expo/metro': [ '54.2.0' ],
5127 silly audit   '@expo/metro-config': [ '54.0.14' ],
5127 silly audit   '@ungap/structured-clone': [ '1.3.0' ],
5127 silly audit   'babel-preset-expo': [ '54.0.10' ],
5127 silly audit   'react-refresh': [ '0.14.2' ],
5127 silly audit   'expo-asset': [ '12.0.12' ],
5127 silly audit   'expo-file-system': [ '19.0.21' ],
5127 silly audit   'expo-keep-awake': [ '15.0.8' ],
5127 silly audit   'expo-modules-autolinking': [ '3.0.24' ],
5127 silly audit   'expo-modules-core': [ '3.0.29' ],
5127 silly audit   'pretty-format': [ '29.7.0' ],
5127 silly audit   'whatwg-url-without-unicode': [ '8.0.0-3' ],
5127 silly audit   '@expo/config-types': [ '54.0.10' ],
5127 silly audit   '@expo/json-file': [ '10.0.13' ],
5127 silly audit   deepmerge: [ '4.3.1' ],
5127 silly audit   getenv: [ '2.0.0' ],
5127 silly audit   glob: [ '13.0.6', '7.2.3' ],
5127 silly audit   'require-from-string': [ '2.0.2' ],
5127 silly audit   'resolve-from': [ '5.0.0', '4.0.0' ],
5127 silly audit   'resolve-workspace-root': [ '2.0.1' ],
5127 silly audit   slugify: [ '1.6.9' ],
5127 silly audit   sucrase: [ '3.35.1' ],
5127 silly audit   '@expo/plist': [ '0.4.8' ],
5127 silly audit   '@expo/sdk-runtime-versions': [ '1.0.0' ],
5127 silly audit   slash: [ '3.0.0' ],
5127 silly audit   xcode: [ '3.0.1' ],
5127 silly audit   xml2js: [ '0.6.0' ],
5127 silly audit   '@expo/spawn-async': [ '1.7.2' ],
5127 silly audit   arg: [ '5.0.2' ],
5127 silly audit   'p-limit': [ '3.1.0', '2.3.0' ],
5127 silly audit   metro: [ '0.83.3' ],
5127 silly audit   'metro-babel-transformer': [ '0.83.3' ],
5127 silly audit   'metro-cache': [ '0.83.3' ],
5127 silly audit   'metro-cache-key': [ '0.83.3' ],
5127 silly audit   'metro-config': [ '0.83.3' ],
5127 silly audit   'metro-core': [ '0.83.3' ],
5127 silly audit   'metro-file-map': [ '0.83.3' ],
5127 silly audit   'metro-minify-terser': [ '0.83.3' ],
5127 silly audit   'metro-resolver': [ '0.83.3' ],
5127 silly audit   'metro-runtime': [ '0.83.3' ],
5127 silly audit   'metro-source-map': [ '0.83.3' ],
5127 silly audit   'metro-symbolicate': [ '0.83.3' ],
5127 silly audit   'metro-transform-plugins': [ '0.83.3' ],
5127 silly audit   'metro-transform-worker': [ '0.83.3' ],
5127 silly audit   '@expo/env': [ '2.0.11' ],
5127 silly audit   dotenv: [ '16.4.7' ],
5127 silly audit   'dotenv-expand': [ '11.0.7' ],
5127 silly audit   'hermes-parser': [ '0.29.1', '0.32.0' ],
5127 silly audit   'jsc-safe-url': [ '0.2.4' ],
5127 silly audit   lightningcss: [ '1.32.0' ],
5127 silly audit   postcss: [ '8.4.49' ],
5127 silly audit   '@xmldom/xmldom': [ '0.8.13' ],
5127 silly audit   'base64-js': [ '1.5.1' ],
5127 silly audit   xmlbuilder: [ '15.1.1', '11.0.1' ],
5127 silly audit   '@babel/plugin-proposal-decorators': [ '7.29.0' ],
5127 silly audit   '@babel/plugin-proposal-export-default-from': [ '7.27.1' ],
5127 silly audit   '@babel/plugin-syntax-export-default-from': [ '7.28.6' ],
5127 silly audit   '@babel/plugin-transform-class-static-block': [ '7.28.6' ],
5127 silly audit   '@babel/plugin-transform-export-namespace-from': [ '7.27.1' ],
5127 silly audit   '@babel/plugin-transform-flow-strip-types': [ '7.27.1' ],
5127 silly audit   '@babel/plugin-transform-modules-commonjs': [ '7.28.6' ],
5127 silly audit   '@babel/plugin-transform-object-rest-spread': [ '7.28.6' ],
5127 silly audit   '@babel/plugin-transform-parameters': [ '7.27.7' ],
5127 silly audit   '@babel/plugin-transform-private-methods': [ '7.28.6' ],
5127 silly audit   '@babel/plugin-transform-private-property-in-object': [ '7.28.6' ],
5127 silly audit   '@babel/plugin-transform-runtime': [ '7.29.0' ],
5127 silly audit   '@babel/preset-react': [ '7.28.5' ],
5127 silly audit   '@babel/preset-typescript': [ '7.28.5' ],
5127 silly audit   '@react-native/babel-preset': [ '0.81.5' ],
5127 silly audit   'babel-plugin-react-compiler': [ '1.0.0' ],
5127 silly audit   'babel-plugin-react-native-web': [ '0.21.2' ],
5127 silly audit   'babel-plugin-syntax-hermes-parser': [ '0.29.1' ],
5127 silly audit   'babel-plugin-transform-flow-enums': [ '0.0.2' ],
5127 silly audit   '@babel/helper-create-class-features-plugin': [ '7.28.6' ],
5127 silly audit   '@babel/helper-plugin-utils': [ '7.28.6' ],
5127 silly audit   '@babel/plugin-syntax-decorators': [ '7.28.6' ],
5127 silly audit   '@babel/helper-annotate-as-pure': [ '7.27.3' ],
5127 silly audit   '@babel/helper-member-expression-to-functions': [ '7.28.5' ],
5127 silly audit   '@babel/helper-optimise-call-expression': [ '7.27.1' ],
5127 silly audit   '@babel/helper-replace-supers': [ '7.28.6' ],
5127 silly audit   '@babel/helper-skip-transparent-expression-wrappers': [ '7.27.1' ],
5127 silly audit   '@babel/plugin-syntax-flow': [ '7.28.6' ],
5127 silly audit   '@babel/plugin-transform-destructuring': [ '7.28.5' ],
5127 silly audit   'babel-plugin-polyfill-corejs2': [ '0.4.17' ],
5127 silly audit   'babel-plugin-polyfill-corejs3': [ '0.13.0' ],
5127 silly audit   'babel-plugin-polyfill-regenerator': [ '0.6.8' ],
5127 silly audit   '@babel/plugin-transform-react-display-name': [ '7.28.0' ],
5127 silly audit   '@babel/plugin-transform-react-jsx': [ '7.28.6' ],
5127 silly audit   '@babel/plugin-transform-react-jsx-development': [ '7.27.1' ],
5127 silly audit   '@babel/plugin-transform-react-pure-annotations': [ '7.27.1' ],
5127 silly audit   '@babel/plugin-syntax-jsx': [ '7.28.6' ],
5127 silly audit   '@babel/plugin-transform-typescript': [ '7.28.6' ],
5127 silly audit   '@babel/plugin-syntax-typescript': [ '7.28.6' ],
5127 silly audit   '@babel/plugin-syntax-dynamic-import': [ '7.8.3' ],
5127 silly audit   '@babel/plugin-syntax-nullish-coalescing-operator': [ '7.8.3' ],
5127 silly audit   '@babel/plugin-syntax-optional-chaining': [ '7.8.3' ],
5127 silly audit   '@babel/plugin-transform-arrow-functions': [ '7.27.1' ],
5127 silly audit   '@babel/plugin-transform-async-generator-functions': [ '7.29.0' ],
5127 silly audit   '@babel/plugin-transform-async-to-generator': [ '7.28.6' ],
5127 silly audit   '@babel/plugin-transform-block-scoping': [ '7.28.6' ],
5127 silly audit   '@babel/plugin-transform-class-properties': [ '7.28.6' ],
5127 silly audit   '@babel/plugin-transform-classes': [ '7.28.6' ],
5127 silly audit   '@babel/plugin-transform-computed-properties': [ '7.28.6' ],
5127 silly audit   '@babel/plugin-transform-for-of': [ '7.27.1' ],
5127 silly audit   '@babel/plugin-transform-function-name': [ '7.27.1' ],
5127 silly audit   '@babel/plugin-transform-literals': [ '7.27.1' ],
5127 silly audit   '@babel/plugin-transform-logical-assignment-operators': [ '7.28.6' ],
5127 silly audit   '@babel/plugin-transform-named-capturing-groups-regex': [ '7.29.0' ],
5127 silly audit   '@babel/plugin-transform-nullish-coalescing-operator': [ '7.28.6' ],
5127 silly audit   '@babel/plugin-transform-numeric-separator': [ '7.28.6' ],
5127 silly audit   '@babel/plugin-transform-optional-catch-binding': [ '7.28.6' ],
5127 silly audit   '@babel/plugin-transform-optional-chaining': [ '7.28.6' ],
5127 silly audit   '@babel/plugin-transform-react-jsx-self': [ '7.27.1' ],
5127 silly audit   '@babel/plugin-transform-react-jsx-source': [ '7.27.1' ],
5127 silly audit   '@babel/plugin-transform-regenerator': [ '7.29.0' ],
5127 silly audit   '@babel/plugin-transform-shorthand-properties': [ '7.27.1' ],
5127 silly audit   '@babel/plugin-transform-spread': [ '7.28.6' ],
5127 silly audit   '@babel/plugin-transform-sticky-regex': [ '7.27.1' ],
5127 silly audit   '@babel/plugin-transform-unicode-regex': [ '7.27.1' ],
5127 silly audit   '@react-native/babel-plugin-codegen': [ '0.81.5' ],
5127 silly audit   '@babel/helper-remap-async-to-generator': [ '7.27.1' ],
5127 silly audit   '@babel/helper-wrap-function': [ '7.28.6' ],
5127 silly audit   '@babel/helper-create-regexp-features-plugin': [ '7.28.5' ],
5127 silly audit   'regexpu-core': [ '6.4.0' ],
5127 silly audit   '@react-native/codegen': [ '0.81.5' ],
5127 silly audit   invariant: [ '2.2.4' ],
5127 silly audit   nullthrows: [ '1.1.1' ],
5127 silly audit   yargs: [ '17.7.2' ],
5127 silly audit   '@babel/helper-define-polyfill-provider': [ '0.6.8' ],
5127 silly audit   'lodash.debounce': [ '4.0.8' ],
5127 silly audit   'core-js-compat': [ '3.49.0' ],
5127 silly audit   '@expo/image-utils': [ '0.8.13' ],
5127 silly audit   '@expo/require-utils': [ '55.0.4' ],
5127 silly audit   'jimp-compact': [ '0.16.1' ],
5127 silly audit   'parse-png': [ '2.1.0' ],
5127 silly audit   fontfaceobserver: [ '2.3.0' ],
5127 silly audit   commander: [ '7.2.0', '12.1.0', '4.1.1', '2.20.3' ],
5127 silly audit   '@expo/metro-runtime': [ '6.1.2' ],
5127 silly audit   '@expo/schema-utils': [ '0.1.8' ],
5127 silly audit   '@radix-ui/react-slot': [ '1.2.0', '1.2.3' ],
5127 silly audit   '@radix-ui/react-tabs': [ '1.1.13' ],
5127 silly audit   '@react-navigation/native-stack': [ '7.14.11' ],
5127 silly audit   'client-only': [ '0.0.1' ],
5127 silly audit   'expo-server': [ '1.0.5' ],
5127 silly audit   'react-fast-compare': [ '3.2.2' ],
5127 silly audit   'react-native-is-edge-to-edge': [ '1.3.1' ],
5127 silly audit   'server-only': [ '0.0.1' ],
5127 silly audit   shallowequal: [ '1.1.0' ],
5127 silly audit   vaul: [ '1.1.2' ],
5127 silly audit   anser: [ '1.4.10' ],
5127 silly audit   'stacktrace-parser': [ '0.1.11' ],
5127 silly audit   'whatwg-fetch': [ '3.6.20' ],
5127 silly audit   '@radix-ui/react-compose-refs': [ '1.1.2' ],
5127 silly audit   'warn-once': [ '0.1.1' ],
5127 silly audit   '@expo/prebuild-config': [ '54.0.8' ],
5127 silly audit   '@react-native/normalize-colors': [ '0.81.5', '0.74.89' ],
5127 silly audit   'flat-cache': [ '4.0.1' ],
5127 silly audit   'locate-path': [ '6.0.0', '5.0.0' ],
5127 silly audit   'path-exists': [ '4.0.0' ],
5127 silly audit   flatted: [ '3.4.2' ],
5127 silly audit   keyv: [ '4.5.4' ],
5127 silly audit   'functions-have-names': [ '1.2.3' ],
5127 silly audit   'dunder-proto': [ '1.0.1' ],
5127 silly audit   'resolve-pkg-maps': [ '1.0.0' ],
5127 silly audit   minipass: [ '7.1.3' ],
5127 silly audit   'path-scurry': [ '2.0.2' ],
5127 silly audit   'hermes-estree': [ '0.29.1', '0.32.0' ],
5127 silly audit   'parent-module': [ '1.0.1' ],
5127 silly audit   'side-channel': [ '1.1.0' ],
5127 silly audit   'loose-envify': [ '1.4.0' ],
5127 silly audit   'is-extglob': [ '2.1.1' ],
5127 silly audit   'set-function-name': [ '2.0.2' ],
5127 silly audit   argparse: [ '2.0.1', '1.0.10' ],
5127 silly audit   'json-buffer': [ '3.0.1' ],
5127 silly audit   'prelude-ls': [ '1.2.1' ],
5127 silly audit   'type-check': [ '0.4.0' ],
5127 silly audit   'detect-libc': [ '2.1.2' ],
5127 silly audit   'lightningcss-android-arm64': [ '1.32.0' ],
5127 silly audit   'lightningcss-darwin-arm64': [ '1.32.0' ],
5127 silly audit   'lightningcss-darwin-x64': [ '1.32.0' ],
5127 silly audit   'lightningcss-freebsd-x64': [ '1.32.0' ],
5127 silly audit   'lightningcss-linux-arm-gnueabihf': [ '1.32.0' ],
5127 silly audit   'lightningcss-linux-arm64-gnu': [ '1.32.0' ],
5127 silly audit   'lightningcss-linux-arm64-musl': [ '1.32.0' ],
5127 silly audit   'lightningcss-linux-x64-gnu': [ '1.32.0' ],
5127 silly audit   'lightningcss-linux-x64-musl': [ '1.32.0' ],
5127 silly audit   'lightningcss-win32-arm64-msvc': [ '1.32.0' ],
5127 silly audit   'lightningcss-win32-x64-msvc': [ '1.32.0' ],
5127 silly audit   'p-locate': [ '5.0.0', '4.1.0' ],
5127 silly audit   yallist: [ '3.1.1', '5.0.0' ],
5127 silly audit   accepts: [ '1.3.8' ],
5127 silly audit   'ci-info': [ '2.0.0', '3.9.0' ],
5127 silly audit   connect: [ '3.7.0' ],
5127 silly audit   'error-stack-parser': [ '2.1.4' ],
5127 silly audit   'flow-enums-runtime': [ '0.0.6' ],
5127 silly audit   'graceful-fs': [ '4.2.11' ],
5127 silly audit   'image-size': [ '1.2.1' ],
5127 silly audit   'jest-worker': [ '29.7.0' ],
5127 silly audit   'lodash.throttle': [ '4.1.1' ],
5127 silly audit   'mime-types': [ '2.1.35' ],
5127 silly audit   'serialize-error': [ '2.1.0' ],
5127 silly audit   'source-map': [ '0.5.7', '0.6.1' ],
5127 silly audit   throat: [ '5.0.0' ],
5127 silly audit   ws: [ '7.5.10', '6.2.3', '8.18.3', '8.20.0' ],
5127 silly audit   negotiator: [ '0.6.3', '0.6.4' ],
5127 silly audit   finalhandler: [ '1.1.2' ],
5127 silly audit   parseurl: [ '1.3.3' ],
5127 silly audit   'utils-merge': [ '1.0.1' ],
5127 silly audit   stackframe: [ '1.3.4' ],
5127 silly audit   encodeurl: [ '1.0.2', '2.0.0' ],
5127 silly audit   'escape-html': [ '1.0.3' ],
5127 silly audit   'on-finished': [ '2.3.0', '2.4.1' ],
5127 silly audit   statuses: [ '1.5.0', '2.0.2' ],
5127 silly audit   unpipe: [ '1.0.0' ],
5127 silly audit   queue: [ '6.0.2' ],
5127 silly audit   '@types/node': [ '25.6.0' ],
5127 silly audit   'jest-util': [ '29.7.0' ],
5127 silly audit   'merge-stream': [ '2.0.0' ],
5127 silly audit   'undici-types': [ '7.19.2' ],
5127 silly audit   '@jest/types': [ '29.6.3' ],
5127 silly audit   picomatch: [ '2.3.2', '4.0.4', '3.0.2' ],
5127 silly audit   '@jest/schemas': [ '29.6.3' ],
5127 silly audit   '@types/istanbul-lib-coverage': [ '2.0.6' ],
5127 silly audit   '@types/istanbul-reports': [ '3.0.4' ],
5127 silly audit   '@types/yargs': [ '17.0.35' ],
5127 silly audit   '@sinclair/typebox': [ '0.27.10' ],
5127 silly audit   '@types/istanbul-lib-report': [ '3.0.3' ],
5127 silly audit   '@types/yargs-parser': [ '21.0.3' ],
5127 silly audit   'exponential-backoff': [ '3.1.3' ],
5127 silly audit   'https-proxy-agent': [ '7.0.6' ],
5127 silly audit   'agent-base': [ '7.1.4' ],
5127 silly audit   'jest-validate': [ '29.7.0' ],
5127 silly audit   yaml: [ '2.8.3' ],
5127 silly audit   camelcase: [ '6.3.0', '5.3.1' ],
5127 silly audit   'jest-get-type': [ '29.6.3' ],
5127 silly audit   leven: [ '3.1.0' ],
5127 silly audit   'fb-watchman': [ '2.0.2' ],
5127 silly audit   micromatch: [ '4.0.8' ],
5127 silly audit   walker: [ '1.0.8' ],
5127 silly audit   bser: [ '2.1.1' ],
5127 silly audit   'node-int64': [ '0.4.0' ],
5127 silly audit   terser: [ '5.46.1' ],
5127 silly audit   ob1: [ '0.83.3' ],
5127 silly audit   vlq: [ '1.0.1' ],
5127 silly audit   braces: [ '3.0.3' ],
5127 silly audit   'fill-range': [ '7.1.1' ],
5127 silly audit   'to-regex-range': [ '5.0.1' ],
5127 silly audit   'mime-db': [ '1.52.0' ],
5127 silly audit   'brace-expansion': [ '1.1.14', '2.1.0', '5.0.5' ],
5127 silly audit   'balanced-match': [ '1.0.2', '4.0.4' ],
5127 silly audit   'concat-map': [ '0.0.1' ],
5127 silly audit   'ee-first': [ '1.1.1' ],
5127 silly audit   'deep-is': [ '0.1.4' ],
5127 silly audit   'fast-levenshtein': [ '2.0.6' ],
5127 silly audit   'word-wrap': [ '1.2.5' ],
5127 silly audit   'yocto-queue': [ '0.1.0' ],
5127 silly audit   callsites: [ '3.1.0' ],
5127 silly audit   pngjs: [ '3.4.0' ],
5127 silly audit   'source-map-js': [ '1.2.1' ],
5127 silly audit   'object-assign': [ '4.1.1' ],
5127 silly audit   'decode-uri-component': [ '0.2.2' ],
5127 silly audit   'filter-obj': [ '1.1.0' ],
5127 silly audit   'split-on-first': [ '1.1.0' ],
5127 silly audit   'strict-uri-encode': [ '2.0.0' ],
5127 silly audit   inherits: [ '2.0.4' ],
5127 silly audit   scheduler: [ '0.26.0' ],
5127 silly audit   '@jest/create-cache-key-function': [ '29.7.0' ],
5127 silly audit   '@react-native/assets-registry': [ '0.81.5' ],
5127 silly audit   '@react-native/community-cli-plugin': [ '0.81.5' ],
5127 silly audit   '@react-native/gradle-plugin': [ '0.81.5' ],
5127 silly audit   '@react-native/js-polyfills': [ '0.81.5' ],
5127 silly audit   '@react-native/virtualized-lists': [ '0.81.5' ],
5127 silly audit   'abort-controller': [ '3.0.0' ],
5127 silly audit   'ansi-regex': [ '5.0.1', '4.1.1' ],
5127 silly audit   'babel-jest': [ '29.7.0' ],
5127 silly audit   'jest-environment-node': [ '29.7.0' ],
5127 silly audit   'memoize-one': [ '5.2.1', '6.0.0' ],
5127 silly audit   promise: [ '8.3.0', '7.3.1' ],
5127 silly audit   'react-devtools-core': [ '6.1.5' ],
5127 silly audit   'regenerator-runtime': [ '0.13.11' ],
5127 silly audit   '@react-native/dev-middleware': [ '0.81.5' ],
5127 silly audit   '@isaacs/ttlcache': [ '1.4.1' ],
5127 silly audit   '@react-native/debugger-frontend': [ '0.81.5' ],
5127 silly audit   'chrome-launcher': [ '0.15.2' ],
5127 silly audit   'chromium-edge-launcher': [ '0.2.0' ],
5127 silly audit   open: [ '7.4.2', '8.4.2' ],
5127 silly audit   'serve-static': [ '1.16.3' ],
5127 silly audit   'event-target-shim': [ '5.0.1' ],
5127 silly audit   '@jest/transform': [ '29.7.0' ],
5127 silly audit   '@types/babel__core': [ '7.20.5' ],
5127 silly audit   'babel-plugin-istanbul': [ '6.1.1' ],
5127 silly audit   'babel-preset-jest': [ '29.6.3' ],
5127 silly audit   'jest-haste-map': [ '29.7.0' ],
5127 silly audit   'jest-regex-util': [ '29.6.3' ],
5127 silly audit   pirates: [ '4.0.7' ],
5127 silly audit   'write-file-atomic': [ '4.0.2' ],
5127 silly audit   '@types/babel__generator': [ '7.27.0' ],
5127 silly audit   '@types/babel__template': [ '7.4.4' ],
5127 silly audit   '@types/babel__traverse': [ '7.28.0' ],
5127 silly audit   '@istanbuljs/load-nyc-config': [ '1.1.0' ],
5127 silly audit   '@istanbuljs/schema': [ '0.1.6' ],
5127 silly audit   'istanbul-lib-instrument': [ '5.2.1' ],
5127 silly audit   'test-exclude': [ '6.0.0' ],
5127 silly audit   'get-package-type': [ '0.1.0' ],
5127 silly audit   'babel-plugin-jest-hoist': [ '29.6.3' ],
5127 silly audit   'babel-preset-current-node-syntax': [ '1.2.0' ],
5127 silly audit   '@babel/plugin-syntax-async-generators': [ '7.8.4' ],
5127 silly audit   '@babel/plugin-syntax-bigint': [ '7.8.3' ],
5127 silly audit   '@babel/plugin-syntax-class-properties': [ '7.12.13' ],
5127 silly audit   '@babel/plugin-syntax-class-static-block': [ '7.14.5' ],
5127 silly audit   '@babel/plugin-syntax-import-attributes': [ '7.28.6' ],
5127 silly audit   '@babel/plugin-syntax-import-meta': [ '7.10.4' ],
5127 silly audit   '@babel/plugin-syntax-json-strings': [ '7.8.3' ],
5127 silly audit   '@babel/plugin-syntax-logical-assignment-operators': [ '7.10.4' ],
5127 silly audit   '@babel/plugin-syntax-numeric-separator': [ '7.10.4' ],
5127 silly audit   '@babel/plugin-syntax-object-rest-spread': [ '7.8.3' ],
5127 silly audit   '@babel/plugin-syntax-optional-catch-binding': [ '7.8.3' ],
5127 silly audit   '@babel/plugin-syntax-private-property-in-object': [ '7.14.5' ],
5127 silly audit   '@babel/plugin-syntax-top-level-await': [ '7.14.5' ],
5127 silly audit   'is-wsl': [ '2.2.0' ],
5127 silly audit   'lighthouse-logger': [ '1.4.2' ],
5127 silly audit   mkdirp: [ '1.0.4' ],
5127 silly audit   rimraf: [ '3.0.2' ],
5127 silly audit   'is-docker': [ '2.2.1' ],
5127 silly audit   'istanbul-lib-coverage': [ '3.2.2' ],
5127 silly audit   '@jest/environment': [ '29.7.0' ],
5127 silly audit   '@jest/fake-timers': [ '29.7.0' ],
5127 silly audit   'jest-mock': [ '29.7.0' ],
5127 silly audit   '@sinonjs/fake-timers': [ '10.3.0' ],
5127 silly audit   'jest-message-util': [ '29.7.0' ],
5127 silly audit   '@sinonjs/commons': [ '3.0.1' ],
5127 silly audit   'type-detect': [ '4.0.8' ],
5127 silly audit   '@types/graceful-fs': [ '4.1.9' ],
5127 silly audit   anymatch: [ '3.1.3' ],
5127 silly audit   fsevents: [ '2.3.3' ],
5127 silly audit   'normalize-path': [ '3.0.0' ],
5127 silly audit   '@types/stack-utils': [ '2.0.3' ],
5127 silly audit   'stack-utils': [ '2.0.6' ],
5127 silly audit   marky: [ '1.3.0' ],
5127 silly audit   asap: [ '2.0.6' ],
5127 silly audit   'shell-quote': [ '1.8.3' ],
5127 silly audit   '@egjs/hammerjs': [ '2.0.17' ],
5127 silly audit   'hoist-non-react-statics': [ '3.3.2' ],
5127 silly audit   '@types/hammerjs': [ '2.0.46' ],
5127 silly audit   'react-freeze': [ '1.0.4' ],
5127 silly audit   'css-select': [ '5.2.2' ],
5127 silly audit   'css-tree': [ '1.1.3' ],
5127 silly audit   boolbase: [ '1.0.0' ],
5127 silly audit   'css-what': [ '6.2.2' ],
5127 silly audit   domhandler: [ '5.0.3' ],
5127 silly audit   domutils: [ '3.2.2' ],
5127 silly audit   'nth-check': [ '2.1.1' ],
5127 silly audit   'mdn-data': [ '2.0.14' ],
5127 silly audit   domelementtype: [ '2.3.0' ],
5127 silly audit   'dom-serializer': [ '2.0.0' ],
5127 silly audit   entities: [ '4.5.0' ],
5127 silly audit   fbjs: [ '3.0.5' ],
5127 silly audit   'inline-style-prefixer': [ '7.0.1' ],
5127 silly audit   'postcss-value-parser': [ '4.2.0' ],
5127 silly audit   styleq: [ '0.1.3' ],
5127 silly audit   'cross-fetch': [ '3.2.0' ],
5127 silly audit   'fbjs-css-vars': [ '1.0.2' ],
5127 silly audit   setimmediate: [ '1.0.5' ],
5127 silly audit   'ua-parser-js': [ '1.0.41' ],
5127 silly audit   'node-fetch': [ '2.7.0' ],
5127 silly audit   'css-in-js-utils': [ '3.1.0' ],
5127 silly audit   'hyphenate-style-name': [ '1.1.0' ],
5127 silly audit   'whatwg-url': [ '5.0.0' ],
5127 silly audit   '@babel/plugin-transform-template-literals': [ '7.27.1' ],
5127 silly audit   regenerate: [ '1.4.2' ],
5127 silly audit   'regenerate-unicode-properties': [ '10.2.2' ],
5127 silly audit   regjsgen: [ '0.8.0' ],
5127 silly audit   regjsparser: [ '0.13.1' ],
5127 silly audit   'unicode-match-property-ecmascript': [ '2.0.0' ],
5127 silly audit   'unicode-match-property-value-ecmascript': [ '2.2.1' ],
5127 silly audit   'node-exports-info': [ '1.6.0' ],
5127 silly audit   'path-parse': [ '1.0.7' ],
5127 silly audit   'supports-preserve-symlinks-flag': [ '1.0.0' ],
5127 silly audit   isarray: [ '2.0.5' ],
5127 silly audit   send: [ '0.19.2' ],
5127 silly audit   depd: [ '2.0.0' ],
5127 silly audit   destroy: [ '1.2.0' ],
5127 silly audit   etag: [ '1.8.1' ],
5127 silly audit   fresh: [ '0.5.2' ],
5127 silly audit   'http-errors': [ '2.0.1' ],
5127 silly audit   mime: [ '1.6.0' ],
5127 silly audit   'range-parser': [ '1.2.1' ],
5127 silly audit   setprototypeof: [ '1.2.0' ],
5127 silly audit   toidentifier: [ '1.0.1' ],
5127 silly audit   'shebang-regex': [ '3.0.0' ],
5127 silly audit   'side-channel-list': [ '1.0.1' ],
5127 silly audit   'side-channel-map': [ '1.0.1' ],
5127 silly audit   'side-channel-weakmap': [ '1.0.2' ],
5127 silly audit   'is-arrayish': [ '0.3.4' ],
5127 silly audit   '@socket.io/component-emitter': [ '3.1.2' ],
5127 silly audit   'engine.io-client': [ '6.6.4' ],
5127 silly audit   'socket.io-parser': [ '4.2.6' ],
5127 silly audit   'engine.io-parser': [ '5.2.3' ],
5127 silly audit   'xmlhttprequest-ssl': [ '2.1.2' ],
5127 silly audit   'type-fest': [ '0.7.1', '0.21.3' ],
5127 silly audit   'lines-and-columns': [ '1.2.4' ],
5127 silly audit   mz: [ '2.7.0' ],
5127 silly audit   'ts-interface-checker': [ '0.1.13' ],
5127 silly audit   'any-promise': [ '1.3.0' ],
5127 silly audit   'thenify-all': [ '1.6.0' ],
5127 silly audit   'has-flag': [ '4.0.0', '3.0.0' ],
5127 silly audit   '@jridgewell/source-map': [ '0.3.11' ],
5127 silly audit   'source-map-support': [ '0.5.21' ],
5127 silly audit   'buffer-from': [ '1.1.2' ],
5127 silly audit   thenify: [ '3.3.1' ],
5127 silly audit   fdir: [ '6.5.0' ],
5127 silly audit   'is-number': [ '7.0.0' ],
5127 silly audit   '@types/json5': [ '0.0.29' ],
5127 silly audit   minimist: [ '1.2.8' ],
5127 silly audit   'strip-bom': [ '3.0.0' ],
5127 silly audit   'for-each': [ '0.3.5' ],
5127 silly audit   'reflect.getprototypeof': [ '1.0.10' ],
5127 silly audit   'which-builtin-type': [ '1.2.1' ],
5127 silly audit   'has-bigints': [ '1.1.0' ],
5127 silly audit   'which-boxed-primitive': [ '1.1.1' ],
5127 silly audit   'unicode-canonical-property-names-ecmascript': [ '2.0.1' ],
5127 silly audit   'unicode-property-aliases-ecmascript': [ '2.2.0' ],
5127 silly audit   '@unrs/resolver-binding-android-arm-eabi': [ '1.11.1' ],
5127 silly audit   '@unrs/resolver-binding-android-arm64': [ '1.11.1' ],
5127 silly audit   '@unrs/resolver-binding-darwin-arm64': [ '1.11.1' ],
5127 silly audit   '@unrs/resolver-binding-darwin-x64': [ '1.11.1' ],
5127 silly audit   '@unrs/resolver-binding-freebsd-x64': [ '1.11.1' ],
5127 silly audit   '@unrs/resolver-binding-linux-arm-gnueabihf': [ '1.11.1' ],
5127 silly audit   '@unrs/resolver-binding-linux-arm-musleabihf': [ '1.11.1' ],
5127 silly audit   '@unrs/resolver-binding-linux-arm64-gnu': [ '1.11.1' ],
5127 silly audit   '@unrs/resolver-binding-linux-arm64-musl': [ '1.11.1' ],
5127 silly audit   '@unrs/resolver-binding-linux-ppc64-gnu': [ '1.11.1' ],
5127 silly audit   '@unrs/resolver-binding-linux-riscv64-gnu': [ '1.11.1' ],
5127 silly audit   '@unrs/resolver-binding-linux-riscv64-musl': [ '1.11.1' ],
5127 silly audit   '@unrs/resolver-binding-linux-s390x-gnu': [ '1.11.1' ],
5127 silly audit   '@unrs/resolver-binding-linux-x64-gnu': [ '1.11.1' ],
5127 silly audit   '@unrs/resolver-binding-linux-x64-musl': [ '1.11.1' ],
5127 silly audit   '@unrs/resolver-binding-wasm32-wasi': [ '1.11.1' ],
5127 silly audit   '@unrs/resolver-binding-win32-arm64-msvc': [ '1.11.1' ],
5127 silly audit   '@unrs/resolver-binding-win32-ia32-msvc': [ '1.11.1' ],
5127 silly audit   '@unrs/resolver-binding-win32-x64-msvc': [ '1.11.1' ],
5127 silly audit   'napi-postinstall': [ '0.3.4' ],
5127 silly audit   '@napi-rs/wasm-runtime': [ '0.2.12' ],
5127 silly audit   '@emnapi/core': [ '1.10.0' ],
5127 silly audit   '@emnapi/runtime': [ '1.10.0' ],
5127 silly audit   '@tybys/wasm-util': [ '0.10.1' ],
5127 silly audit   '@emnapi/wasi-threads': [ '1.2.1' ],
5127 silly audit   tslib: [ '2.8.1' ],
5127 silly audit   escalade: [ '3.2.0' ],
5127 silly audit   punycode: [ '2.3.1' ],
5127 silly audit   '@radix-ui/react-dialog': [ '1.1.15' ],
5127 silly audit   makeerror: [ '1.0.12' ],
5127 silly audit   tmpl: [ '1.0.5' ],
5127 silly audit   tr46: [ '0.0.3' ],
5127 silly audit   'webidl-conversions': [ '3.0.1', '5.0.0' ],
5127 silly audit   buffer: [ '5.7.1' ],
5127 silly audit   ieee754: [ '1.2.1' ],
5127 silly audit   isexe: [ '2.0.0' ],
5127 silly audit   'is-bigint': [ '1.1.0' ],
5127 silly audit   'is-boolean-object': [ '1.2.2' ],
5127 silly audit   'is-number-object': [ '1.1.1' ],
5127 silly audit   'is-async-function': [ '2.1.1' ],
5127 silly audit   'is-finalizationregistry': [ '1.1.1' ],
5127 silly audit   'is-generator-function': [ '1.1.2' ],
5127 silly audit   'which-collection': [ '1.0.2' ],
5127 silly audit   'async-function': [ '1.0.0' ],
5127 silly audit   'generator-function': [ '2.0.1' ],
5127 silly audit   'is-map': [ '2.0.3' ],
5127 silly audit   'is-weakmap': [ '2.0.2' ],
5127 silly audit   'is-weakset': [ '2.0.4' ],
5127 silly audit   'signal-exit': [ '3.0.7' ],
5127 silly audit   'simple-plist': [ '1.3.1' ],
5127 silly audit   uuid: [ '7.0.3' ],
5127 silly audit   'bplist-creator': [ '0.1.0' ],
5127 silly audit   'bplist-parser': [ '0.3.1' ],
5127 silly audit   plist: [ '3.1.0' ],
5127 silly audit   'stream-buffers': [ '2.2.0' ],
5127 silly audit   'big-integer': [ '1.6.52' ],
5127 silly audit   sax: [ '1.6.0' ],
5127 silly audit   cliui: [ '8.0.1' ],
5127 silly audit   'get-caller-file': [ '2.0.5' ],
5127 silly audit   'require-directory': [ '2.1.1' ],
5127 silly audit   'string-width': [ '4.2.3' ],
5127 silly audit   y18n: [ '5.0.8' ],
5127 silly audit   'yargs-parser': [ '21.1.1' ],
5127 silly audit   'strip-ansi': [ '6.0.1', '5.2.0' ],
5127 silly audit   'wrap-ansi': [ '7.0.0' ],
5127 silly audit   'emoji-regex': [ '8.0.0' ],
5127 silly audit   'is-fullwidth-code-point': [ '3.0.0' ],
5127 silly audit   '@babel/highlight': [ '7.25.9' ],
5127 silly audit   esprima: [ '4.0.1' ],
5127 silly audit   'sprintf-js': [ '1.0.3' ],
5127 silly audit   'p-try': [ '2.2.0' ],
5127 silly audit   'fs.realpath': [ '1.0.0' ],
5127 silly audit   inflight: [ '1.0.6' ],
5127 silly audit   once: [ '1.4.0' ],
5127 silly audit   'path-is-absolute': [ '1.0.1' ],
5127 silly audit   wrappy: [ '1.0.2' ],
5127 silly audit   'async-limiter': [ '1.0.1' ],
5127 silly audit   '@radix-ui/primitive': [ '1.1.3' ],
5127 silly audit   '@radix-ui/react-context': [ '1.1.2' ],
5127 silly audit   '@radix-ui/react-direction': [ '1.1.1' ],
5127 silly audit   '@radix-ui/react-id': [ '1.1.1' ],
5127 silly audit   '@radix-ui/react-presence': [ '1.1.5' ],
5127 silly audit   '@radix-ui/react-primitive': [ '2.1.3' ],
5127 silly audit   '@radix-ui/react-roving-focus': [ '1.1.11' ],
5127 silly audit   '@radix-ui/react-use-controllable-state': [ '1.2.2' ],
5127 silly audit   '@radix-ui/react-use-layout-effect': [ '1.1.1' ],
5127 silly audit   '@radix-ui/react-use-effect-event': [ '0.0.2' ],
5127 silly audit   '@radix-ui/react-collection': [ '1.1.7' ],
5127 silly audit   '@radix-ui/react-use-callback-ref': [ '1.1.1' ],
5127 silly audit   '@0no-co/graphql.web': [ '1.2.0' ],
5127 silly audit   '@expo/code-signing-certificates': [ '0.0.6' ],
5127 silly audit   '@expo/devcert': [ '1.2.1' ],
5127 silly audit   '@expo/osascript': [ '2.4.2' ],
5127 silly audit   '@expo/package-manager': [ '1.10.4' ],
5127 silly audit   '@expo/ws-tunnel': [ '1.0.6' ],
5127 silly audit   '@expo/xcpretty': [ '4.4.3' ],
5127 silly audit   '@urql/core': [ '5.2.0' ],
5127 silly audit   '@urql/exchange-retry': [ '1.3.2' ],
5127 silly audit   'better-opn': [ '3.0.2' ],
5127 silly audit   compression: [ '1.8.1' ],
5127 silly audit   'env-editor': [ '0.4.2' ],
5127 silly audit   'freeport-async': [ '2.0.0' ],
5127 silly audit   'lan-network': [ '0.1.7' ],
5127 silly audit   'node-forge': [ '1.4.0' ],
5127 silly audit   'npm-package-arg': [ '11.0.3' ],
5127 silly audit   ora: [ '3.4.0' ],
5127 silly audit   'pretty-bytes': [ '5.6.0' ],
5127 silly audit   progress: [ '2.0.3' ],
5127 silly audit   prompts: [ '2.4.2' ],
5127 silly audit   'qrcode-terminal': [ '0.11.0' ],
5127 silly audit   requireg: [ '0.2.2' ],
5127 silly audit   'resolve.exports': [ '2.0.3' ],
5127 silly audit   'structured-headers': [ '0.4.1' ],
5127 silly audit   tar: [ '7.5.13' ],
5127 silly audit   'terminal-link': [ '2.1.1' ],
5127 silly audit   undici: [ '6.25.0' ],
5127 silly audit   '@expo/sudo-prompt': [ '9.3.2' ],
5127 silly audit   wonka: [ '6.3.6' ],
5127 silly audit   bytes: [ '3.1.2' ],
5127 silly audit   compressible: [ '2.0.18' ],
5127 silly audit   'on-headers': [ '1.1.0' ],
5127 silly audit   'safe-buffer': [ '5.2.1' ],
5127 silly audit   vary: [ '1.1.2' ],
5127 silly audit   'hosted-git-info': [ '7.0.2' ],
5127 silly audit   'proc-log': [ '4.2.0' ],
5127 silly audit   'validate-npm-package-name': [ '5.0.1' ],
5127 silly audit   'cli-cursor': [ '2.1.0' ],
5127 silly audit   'cli-spinners': [ '2.9.2' ],
5127 silly audit   'log-symbols': [ '2.2.0' ],
5127 silly audit   wcwidth: [ '1.0.1' ],
5127 silly audit   'restore-cursor': [ '2.0.0' ],
5127 silly audit   kleur: [ '3.0.3' ],
5127 silly audit   sisteransi: [ '1.0.5' ],
5127 silly audit   'nested-error-stacks': [ '2.0.1' ],
5127 silly audit   rc: [ '1.2.8' ],
5127 silly audit   'deep-extend': [ '0.6.0' ],
5127 silly audit   ini: [ '1.3.8' ],
5127 silly audit   onetime: [ '2.0.1' ],
5127 silly audit   'mimic-fn': [ '1.2.0' ],
5127 silly audit   '@isaacs/fs-minipass': [ '4.0.1' ],
5127 silly audit   chownr: [ '3.0.0' ],
5127 silly audit   minizlib: [ '3.1.0' ],
5127 silly audit   'ansi-escapes': [ '4.3.2' ],
5127 silly audit   'supports-hyperlinks': [ '2.3.0' ],
5127 silly audit   defaults: [ '1.0.4' ],
5127 silly audit   clone: [ '1.0.4' ],
5127 silly audit   'define-lazy-prop': [ '2.0.0' ],
5127 silly audit   '@radix-ui/react-dismissable-layer': [ '1.1.11' ],
5127 silly audit   '@radix-ui/react-focus-guards': [ '1.1.3' ],
5127 silly audit   '@radix-ui/react-focus-scope': [ '1.1.7' ],
5127 silly audit   '@radix-ui/react-portal': [ '1.1.9' ],
5127 silly audit   'aria-hidden': [ '1.2.6' ],
5127 silly audit   'react-remove-scroll': [ '2.7.2' ],
5127 silly audit   'react-remove-scroll-bar': [ '2.3.8' ],
5127 silly audit   'react-style-singleton': [ '2.2.3' ],
5127 silly audit   'use-callback-ref': [ '1.3.3' ],
5127 silly audit   'use-sidecar': [ '1.1.3' ],
5127 silly audit   'get-nonce': [ '1.0.1' ],
5127 silly audit   'detect-node-es': [ '1.1.0' ],
5127 silly audit   '@radix-ui/react-use-escape-keydown': [ '1.1.1' ]
5127 silly audit }
5128 http cache @radix-ui/react-use-escape-keydown@https://registry.npmjs.org/@radix-ui/react-use-escape-keydown/-/react-use-escape-keydown-1.1.1.tgz 0ms (cache hit)
5129 http cache detect-node-es@https://registry.npmjs.org/detect-node-es/-/detect-node-es-1.1.0.tgz 0ms (cache hit)
5130 http cache get-nonce@https://registry.npmjs.org/get-nonce/-/get-nonce-1.0.1.tgz 0ms (cache hit)
5131 http cache use-sidecar@https://registry.npmjs.org/use-sidecar/-/use-sidecar-1.1.3.tgz 0ms (cache hit)
5132 http cache use-callback-ref@https://registry.npmjs.org/use-callback-ref/-/use-callback-ref-1.3.3.tgz 0ms (cache hit)
5133 http cache react-style-singleton@https://registry.npmjs.org/react-style-singleton/-/react-style-singleton-2.2.3.tgz 0ms (cache hit)
5134 http cache react-remove-scroll-bar@https://registry.npmjs.org/react-remove-scroll-bar/-/react-remove-scroll-bar-2.3.8.tgz 0ms (cache hit)
5135 http cache react-remove-scroll@https://registry.npmjs.org/react-remove-scroll/-/react-remove-scroll-2.7.2.tgz 0ms (cache hit)
5136 http cache aria-hidden@https://registry.npmjs.org/aria-hidden/-/aria-hidden-1.2.6.tgz 0ms (cache hit)
5137 http cache clone@https://registry.npmjs.org/clone/-/clone-1.0.4.tgz 0ms (cache hit)
5138 http cache defaults@https://registry.npmjs.org/defaults/-/defaults-1.0.4.tgz 0ms (cache hit)
5139 http cache supports-hyperlinks@https://registry.npmjs.org/supports-hyperlinks/-/supports-hyperlinks-2.3.0.tgz 0ms (cache hit)
5140 http cache ansi-escapes@https://registry.npmjs.org/ansi-escapes/-/ansi-escapes-4.3.2.tgz 0ms (cache hit)
5141 http cache minizlib@https://registry.npmjs.org/minizlib/-/minizlib-3.1.0.tgz 0ms (cache hit)
5142 http cache chownr@https://registry.npmjs.org/chownr/-/chownr-3.0.0.tgz 0ms (cache hit)
5143 http cache @isaacs/fs-minipass@https://registry.npmjs.org/@isaacs/fs-minipass/-/fs-minipass-4.0.1.tgz 0ms (cache hit)
5144 http cache mimic-fn@https://registry.npmjs.org/mimic-fn/-/mimic-fn-1.2.0.tgz 0ms (cache hit)
5145 http cache onetime@https://registry.npmjs.org/onetime/-/onetime-2.0.1.tgz 0ms (cache hit)
5146 http cache ini@https://registry.npmjs.org/ini/-/ini-1.3.8.tgz 0ms (cache hit)
5147 http cache deep-extend@https://registry.npmjs.org/deep-extend/-/deep-extend-0.6.0.tgz 0ms (cache hit)
5148 http cache define-lazy-prop@https://registry.npmjs.org/define-lazy-prop/-/define-lazy-prop-2.0.0.tgz 0ms (cache hit)
5149 http cache rc@https://registry.npmjs.org/rc/-/rc-1.2.8.tgz 0ms (cache hit)
5150 http cache sisteransi@https://registry.npmjs.org/sisteransi/-/sisteransi-1.0.5.tgz 0ms (cache hit)
5151 http cache kleur@https://registry.npmjs.org/kleur/-/kleur-3.0.3.tgz 0ms (cache hit)
5152 http cache restore-cursor@https://registry.npmjs.org/restore-cursor/-/restore-cursor-2.0.0.tgz 0ms (cache hit)
5153 http cache wcwidth@https://registry.npmjs.org/wcwidth/-/wcwidth-1.0.1.tgz 0ms (cache hit)
5154 http cache log-symbols@https://registry.npmjs.org/log-symbols/-/log-symbols-2.2.0.tgz 0ms (cache hit)
5155 http cache cli-spinners@https://registry.npmjs.org/cli-spinners/-/cli-spinners-2.9.2.tgz 0ms (cache hit)
5156 http cache cli-cursor@https://registry.npmjs.org/cli-cursor/-/cli-cursor-2.1.0.tgz 0ms (cache hit)
5157 http cache @radix-ui/react-focus-guards@https://registry.npmjs.org/@radix-ui/react-focus-guards/-/react-focus-guards-1.1.3.tgz 0ms (cache hit)
5158 http cache validate-npm-package-name@https://registry.npmjs.org/validate-npm-package-name/-/validate-npm-package-name-5.0.1.tgz 0ms (cache hit)
5159 http cache proc-log@https://registry.npmjs.org/proc-log/-/proc-log-4.2.0.tgz 0ms (cache hit)
5160 http cache vary@https://registry.npmjs.org/vary/-/vary-1.1.2.tgz 0ms (cache hit)
5161 http cache safe-buffer@https://registry.npmjs.org/safe-buffer/-/safe-buffer-5.2.1.tgz 0ms (cache hit)
5162 http cache on-headers@https://registry.npmjs.org/on-headers/-/on-headers-1.1.0.tgz 0ms (cache hit)
5163 http cache compressible@https://registry.npmjs.org/compressible/-/compressible-2.0.18.tgz 0ms (cache hit)
5164 http cache wonka@https://registry.npmjs.org/wonka/-/wonka-6.3.6.tgz 0ms (cache hit)
5165 http cache bytes@https://registry.npmjs.org/bytes/-/bytes-3.1.2.tgz 0ms (cache hit)
5166 http cache nested-error-stacks@https://registry.npmjs.org/nested-error-stacks/-/nested-error-stacks-2.0.1.tgz 0ms (cache hit)
5167 http cache @expo/sudo-prompt@https://registry.npmjs.org/@expo/sudo-prompt/-/sudo-prompt-9.3.2.tgz 0ms (cache hit)
5168 http cache undici@https://registry.npmjs.org/undici/-/undici-6.25.0.tgz 0ms (cache hit)
5169 http cache tar@https://registry.npmjs.org/tar/-/tar-7.5.13.tgz 0ms (cache hit)
5170 http cache structured-headers@https://registry.npmjs.org/structured-headers/-/structured-headers-0.4.1.tgz 0ms (cache hit)
5171 http cache terminal-link@https://registry.npmjs.org/terminal-link/-/terminal-link-2.1.1.tgz 0ms (cache hit)
5172 http cache hosted-git-info@https://registry.npmjs.org/hosted-git-info/-/hosted-git-info-7.0.2.tgz 0ms (cache hit)
5173 http cache requireg@https://registry.npmjs.org/requireg/-/requireg-0.2.2.tgz 0ms (cache hit)
5174 http cache prompts@https://registry.npmjs.org/prompts/-/prompts-2.4.2.tgz 0ms (cache hit)
5175 http cache resolve.exports@https://registry.npmjs.org/resolve.exports/-/resolve.exports-2.0.3.tgz 0ms (cache hit)
5176 http cache progress@https://registry.npmjs.org/progress/-/progress-2.0.3.tgz 0ms (cache hit)
5177 http cache ora@https://registry.npmjs.org/ora/-/ora-3.4.0.tgz 0ms (cache hit)
5178 http cache node-forge@https://registry.npmjs.org/node-forge/-/node-forge-1.4.0.tgz 0ms (cache hit)
5179 http cache npm-package-arg@https://registry.npmjs.org/npm-package-arg/-/npm-package-arg-11.0.3.tgz 0ms (cache hit)
5180 http cache qrcode-terminal@https://registry.npmjs.org/qrcode-terminal/-/qrcode-terminal-0.11.0.tgz 0ms (cache hit)
5181 http cache pretty-bytes@https://registry.npmjs.org/pretty-bytes/-/pretty-bytes-5.6.0.tgz 0ms (cache hit)
5182 http cache lan-network@https://registry.npmjs.org/lan-network/-/lan-network-0.1.7.tgz 0ms (cache hit)
5183 http cache compression@https://registry.npmjs.org/compression/-/compression-1.8.1.tgz 0ms (cache hit)
5184 http cache env-editor@https://registry.npmjs.org/env-editor/-/env-editor-0.4.2.tgz 0ms (cache hit)
5185 http cache better-opn@https://registry.npmjs.org/better-opn/-/better-opn-3.0.2.tgz 0ms (cache hit)
5186 http cache @urql/core@https://registry.npmjs.org/@urql/core/-/core-5.2.0.tgz 0ms (cache hit)
5187 http cache @urql/exchange-retry@https://registry.npmjs.org/@urql/exchange-retry/-/exchange-retry-1.3.2.tgz 0ms (cache hit)
5188 http cache @expo/xcpretty@https://registry.npmjs.org/@expo/xcpretty/-/xcpretty-4.4.3.tgz 0ms (cache hit)
5189 http cache freeport-async@https://registry.npmjs.org/freeport-async/-/freeport-async-2.0.0.tgz 0ms (cache hit)
5190 http cache @expo/ws-tunnel@https://registry.npmjs.org/@expo/ws-tunnel/-/ws-tunnel-1.0.6.tgz 0ms (cache hit)
5191 http cache @expo/osascript@https://registry.npmjs.org/@expo/osascript/-/osascript-2.4.2.tgz 0ms (cache hit)
5192 http cache @expo/code-signing-certificates@https://registry.npmjs.org/@expo/code-signing-certificates/-/code-signing-certificates-0.0.6.tgz 0ms (cache hit)
5193 http cache @0no-co/graphql.web@https://registry.npmjs.org/@0no-co/graphql.web/-/graphql.web-1.2.0.tgz 0ms (cache hit)
5194 http cache @expo/package-manager@https://registry.npmjs.org/@expo/package-manager/-/package-manager-1.10.4.tgz 0ms (cache hit)
5195 http cache @radix-ui/react-use-callback-ref@https://registry.npmjs.org/@radix-ui/react-use-callback-ref/-/react-use-callback-ref-1.1.1.tgz 0ms (cache hit)
5196 http cache @radix-ui/react-use-layout-effect@https://registry.npmjs.org/@radix-ui/react-use-layout-effect/-/react-use-layout-effect-1.1.1.tgz 0ms (cache hit)
5197 http cache @radix-ui/react-use-controllable-state@https://registry.npmjs.org/@radix-ui/react-use-controllable-state/-/react-use-controllable-state-1.2.2.tgz 0ms (cache hit)
5198 http cache @radix-ui/react-use-effect-event@https://registry.npmjs.org/@radix-ui/react-use-effect-event/-/react-use-effect-event-0.0.2.tgz 0ms (cache hit)
5199 http cache @radix-ui/react-id@https://registry.npmjs.org/@radix-ui/react-id/-/react-id-1.1.1.tgz 0ms (cache hit)
5200 http cache @radix-ui/react-context@https://registry.npmjs.org/@radix-ui/react-context/-/react-context-1.1.2.tgz 0ms (cache hit)
5201 http cache @radix-ui/react-direction@https://registry.npmjs.org/@radix-ui/react-direction/-/react-direction-1.1.1.tgz 0ms (cache hit)
5202 http cache @radix-ui/primitive@https://registry.npmjs.org/@radix-ui/primitive/-/primitive-1.1.3.tgz 0ms (cache hit)
5203 http cache async-limiter@https://registry.npmjs.org/async-limiter/-/async-limiter-1.0.1.tgz 0ms (cache hit)
5204 http cache wrappy@https://registry.npmjs.org/wrappy/-/wrappy-1.0.2.tgz 0ms (cache hit)
5205 http cache path-is-absolute@https://registry.npmjs.org/path-is-absolute/-/path-is-absolute-1.0.1.tgz 0ms (cache hit)
5206 http cache once@https://registry.npmjs.org/once/-/once-1.4.0.tgz 0ms (cache hit)
5207 http cache inflight@https://registry.npmjs.org/inflight/-/inflight-1.0.6.tgz 0ms (cache hit)
5208 http cache fs.realpath@https://registry.npmjs.org/fs.realpath/-/fs.realpath-1.0.0.tgz 0ms (cache hit)
5209 http cache p-try@https://registry.npmjs.org/p-try/-/p-try-2.2.0.tgz 0ms (cache hit)
5210 http cache sprintf-js@https://registry.npmjs.org/sprintf-js/-/sprintf-js-1.0.3.tgz 0ms (cache hit)
5211 http cache @expo/devcert@https://registry.npmjs.org/@expo/devcert/-/devcert-1.2.1.tgz 0ms (cache hit)
5212 http cache esprima@https://registry.npmjs.org/esprima/-/esprima-4.0.1.tgz 0ms (cache hit)
5213 http cache @babel/highlight@https://registry.npmjs.org/@babel/highlight/-/highlight-7.25.9.tgz 0ms (cache hit)
5214 http cache emoji-regex@https://registry.npmjs.org/emoji-regex/-/emoji-regex-8.0.0.tgz 0ms (cache hit)
5215 http cache wrap-ansi@https://registry.npmjs.org/wrap-ansi/-/wrap-ansi-7.0.0.tgz 0ms (cache hit)
5216 http cache is-fullwidth-code-point@https://registry.npmjs.org/is-fullwidth-code-point/-/is-fullwidth-code-point-3.0.0.tgz 0ms (cache hit)
5217 http cache strip-ansi@https://registry.npmjs.org/strip-ansi/-/strip-ansi-6.0.1.tgz 0ms (cache hit)
5218 http cache yargs-parser@https://registry.npmjs.org/yargs-parser/-/yargs-parser-21.1.1.tgz 0ms (cache hit)
5219 http cache y18n@https://registry.npmjs.org/y18n/-/y18n-5.0.8.tgz 0ms (cache hit)
5220 http cache string-width@https://registry.npmjs.org/string-width/-/string-width-4.2.3.tgz 0ms (cache hit)
5221 http cache require-directory@https://registry.npmjs.org/require-directory/-/require-directory-2.1.1.tgz 0ms (cache hit)
5222 http cache get-caller-file@https://registry.npmjs.org/get-caller-file/-/get-caller-file-2.0.5.tgz 0ms (cache hit)
5223 http cache cliui@https://registry.npmjs.org/cliui/-/cliui-8.0.1.tgz 0ms (cache hit)
5224 http cache sax@https://registry.npmjs.org/sax/-/sax-1.6.0.tgz 0ms (cache hit)
5225 http cache big-integer@https://registry.npmjs.org/big-integer/-/big-integer-1.6.52.tgz 0ms (cache hit)
5226 http cache stream-buffers@https://registry.npmjs.org/stream-buffers/-/stream-buffers-2.2.0.tgz 0ms (cache hit)
5227 http cache plist@https://registry.npmjs.org/plist/-/plist-3.1.0.tgz 0ms (cache hit)
5228 http cache bplist-parser@https://registry.npmjs.org/bplist-parser/-/bplist-parser-0.3.1.tgz 0ms (cache hit)
5229 http cache bplist-creator@https://registry.npmjs.org/bplist-creator/-/bplist-creator-0.1.0.tgz 0ms (cache hit)
5230 http cache uuid@https://registry.npmjs.org/uuid/-/uuid-7.0.3.tgz 0ms (cache hit)
5231 http cache simple-plist@https://registry.npmjs.org/simple-plist/-/simple-plist-1.3.1.tgz 0ms (cache hit)
5232 http cache signal-exit@https://registry.npmjs.org/signal-exit/-/signal-exit-3.0.7.tgz 0ms (cache hit)
5233 http cache is-weakset@https://registry.npmjs.org/is-weakset/-/is-weakset-2.0.4.tgz 0ms (cache hit)
5234 http cache is-weakmap@https://registry.npmjs.org/is-weakmap/-/is-weakmap-2.0.2.tgz 0ms (cache hit)
5235 http cache generator-function@https://registry.npmjs.org/generator-function/-/generator-function-2.0.1.tgz 0ms (cache hit)
5236 http cache is-map@https://registry.npmjs.org/is-map/-/is-map-2.0.3.tgz 0ms (cache hit)
5237 http cache async-function@https://registry.npmjs.org/async-function/-/async-function-1.0.0.tgz 0ms (cache hit)
5238 http cache which-collection@https://registry.npmjs.org/which-collection/-/which-collection-1.0.2.tgz 0ms (cache hit)
5239 http cache is-generator-function@https://registry.npmjs.org/is-generator-function/-/is-generator-function-1.1.2.tgz 0ms (cache hit)
5240 http cache is-finalizationregistry@https://registry.npmjs.org/is-finalizationregistry/-/is-finalizationregistry-1.1.1.tgz 0ms (cache hit)
5241 http cache is-async-function@https://registry.npmjs.org/is-async-function/-/is-async-function-2.1.1.tgz 0ms (cache hit)
5242 http cache is-number-object@https://registry.npmjs.org/is-number-object/-/is-number-object-1.1.1.tgz 0ms (cache hit)
5243 http cache is-boolean-object@https://registry.npmjs.org/is-boolean-object/-/is-boolean-object-1.2.2.tgz 0ms (cache hit)
5244 http cache is-bigint@https://registry.npmjs.org/is-bigint/-/is-bigint-1.1.0.tgz 0ms (cache hit)
5245 http cache isexe@https://registry.npmjs.org/isexe/-/isexe-2.0.0.tgz 0ms (cache hit)
5246 http cache ieee754@https://registry.npmjs.org/ieee754/-/ieee754-1.2.1.tgz 0ms (cache hit)
5247 http cache webidl-conversions@https://registry.npmjs.org/webidl-conversions/-/webidl-conversions-3.0.1.tgz 0ms (cache hit)
5248 http cache tr46@https://registry.npmjs.org/tr46/-/tr46-0.0.3.tgz 0ms (cache hit)
5249 http cache buffer@https://registry.npmjs.org/buffer/-/buffer-5.7.1.tgz 0ms (cache hit)
5250 http cache tmpl@https://registry.npmjs.org/tmpl/-/tmpl-1.0.5.tgz 0ms (cache hit)
5251 http cache makeerror@https://registry.npmjs.org/makeerror/-/makeerror-1.0.12.tgz 0ms (cache hit)
5252 http cache tslib@https://registry.npmjs.org/tslib/-/tslib-2.8.1.tgz 0ms (cache hit)
5253 http cache escalade@https://registry.npmjs.org/escalade/-/escalade-3.2.0.tgz 0ms (cache hit)
5254 http cache napi-postinstall@https://registry.npmjs.org/napi-postinstall/-/napi-postinstall-0.3.4.tgz 0ms (cache hit)
5255 http cache punycode@https://registry.npmjs.org/punycode/-/punycode-2.3.1.tgz 0ms (cache hit)
5256 http cache @unrs/resolver-binding-darwin-arm64@https://registry.npmjs.org/@unrs/resolver-binding-darwin-arm64/-/resolver-binding-darwin-arm64-1.11.1.tgz 0ms (cache hit)
5257 http cache unicode-property-aliases-ecmascript@https://registry.npmjs.org/unicode-property-aliases-ecmascript/-/unicode-property-aliases-ecmascript-2.2.0.tgz 0ms (cache hit)
5258 http cache unicode-canonical-property-names-ecmascript@https://registry.npmjs.org/unicode-canonical-property-names-ecmascript/-/unicode-canonical-property-names-ecmascript-2.0.1.tgz 0ms (cache hit)
5259 http cache which-boxed-primitive@https://registry.npmjs.org/which-boxed-primitive/-/which-boxed-primitive-1.1.1.tgz 0ms (cache hit)
5260 http cache has-bigints@https://registry.npmjs.org/has-bigints/-/has-bigints-1.1.0.tgz 0ms (cache hit)
5261 http cache which-builtin-type@https://registry.npmjs.org/which-builtin-type/-/which-builtin-type-1.2.1.tgz 0ms (cache hit)
5262 http cache for-each@https://registry.npmjs.org/for-each/-/for-each-0.3.5.tgz 0ms (cache hit)
5263 http cache reflect.getprototypeof@https://registry.npmjs.org/reflect.getprototypeof/-/reflect.getprototypeof-1.0.10.tgz 0ms (cache hit)
5264 http cache strip-bom@https://registry.npmjs.org/strip-bom/-/strip-bom-3.0.0.tgz 0ms (cache hit)
5265 http cache minimist@https://registry.npmjs.org/minimist/-/minimist-1.2.8.tgz 0ms (cache hit)
5266 http cache @types/json5@https://registry.npmjs.org/@types/json5/-/json5-0.0.29.tgz 0ms (cache hit)
5267 http cache is-number@https://registry.npmjs.org/is-number/-/is-number-7.0.0.tgz 0ms (cache hit)
5268 http cache thenify@https://registry.npmjs.org/thenify/-/thenify-3.3.1.tgz 0ms (cache hit)
5269 http cache buffer-from@https://registry.npmjs.org/buffer-from/-/buffer-from-1.1.2.tgz 0ms (cache hit)
5270 http cache source-map-support@https://registry.npmjs.org/source-map-support/-/source-map-support-0.5.21.tgz 0ms (cache hit)
5271 http cache @jridgewell/source-map@https://registry.npmjs.org/@jridgewell/source-map/-/source-map-0.3.11.tgz 0ms (cache hit)
5272 http cache has-flag@https://registry.npmjs.org/has-flag/-/has-flag-4.0.0.tgz 0ms (cache hit)
5273 http cache thenify-all@https://registry.npmjs.org/thenify-all/-/thenify-all-1.6.0.tgz 0ms (cache hit)
5274 http cache any-promise@https://registry.npmjs.org/any-promise/-/any-promise-1.3.0.tgz 0ms (cache hit)
5275 http cache mz@https://registry.npmjs.org/mz/-/mz-2.7.0.tgz 0ms (cache hit)
5276 http cache ts-interface-checker@https://registry.npmjs.org/ts-interface-checker/-/ts-interface-checker-0.1.13.tgz 0ms (cache hit)
5277 http cache lines-and-columns@https://registry.npmjs.org/lines-and-columns/-/lines-and-columns-1.2.4.tgz 0ms (cache hit)
5278 http cache type-fest@https://registry.npmjs.org/type-fest/-/type-fest-0.7.1.tgz 0ms (cache hit)
5279 http cache xmlhttprequest-ssl@https://registry.npmjs.org/xmlhttprequest-ssl/-/xmlhttprequest-ssl-2.1.2.tgz 0ms (cache hit)
5280 http cache engine.io-parser@https://registry.npmjs.org/engine.io-parser/-/engine.io-parser-5.2.3.tgz 0ms (cache hit)
5281 http cache socket.io-parser@https://registry.npmjs.org/socket.io-parser/-/socket.io-parser-4.2.6.tgz 0ms (cache hit)
5282 http cache engine.io-client@https://registry.npmjs.org/engine.io-client/-/engine.io-client-6.6.4.tgz 0ms (cache hit)
5283 http cache @socket.io/component-emitter@https://registry.npmjs.org/@socket.io/component-emitter/-/component-emitter-3.1.2.tgz 0ms (cache hit)
5284 http cache side-channel-weakmap@https://registry.npmjs.org/side-channel-weakmap/-/side-channel-weakmap-1.0.2.tgz 0ms (cache hit)
5285 http cache is-arrayish@https://registry.npmjs.org/is-arrayish/-/is-arrayish-0.3.4.tgz 0ms (cache hit)
5286 http cache toidentifier@https://registry.npmjs.org/toidentifier/-/toidentifier-1.0.1.tgz 0ms (cache hit)
5287 http cache shebang-regex@https://registry.npmjs.org/shebang-regex/-/shebang-regex-3.0.0.tgz 0ms (cache hit)
5288 http cache setprototypeof@https://registry.npmjs.org/setprototypeof/-/setprototypeof-1.2.0.tgz 0ms (cache hit)
5289 http cache range-parser@https://registry.npmjs.org/range-parser/-/range-parser-1.2.1.tgz 0ms (cache hit)
5290 http cache side-channel-map@https://registry.npmjs.org/side-channel-map/-/side-channel-map-1.0.1.tgz 0ms (cache hit)
5291 http cache side-channel-list@https://registry.npmjs.org/side-channel-list/-/side-channel-list-1.0.1.tgz 0ms (cache hit)
5292 http cache mime@https://registry.npmjs.org/mime/-/mime-1.6.0.tgz 0ms (cache hit)
5293 http cache http-errors@https://registry.npmjs.org/http-errors/-/http-errors-2.0.1.tgz 0ms (cache hit)
5294 http cache etag@https://registry.npmjs.org/etag/-/etag-1.8.1.tgz 0ms (cache hit)
5295 http cache destroy@https://registry.npmjs.org/destroy/-/destroy-1.2.0.tgz 0ms (cache hit)
5296 http cache depd@https://registry.npmjs.org/depd/-/depd-2.0.0.tgz 0ms (cache hit)
5297 http cache fresh@https://registry.npmjs.org/fresh/-/fresh-0.5.2.tgz 0ms (cache hit)
5298 http cache send@https://registry.npmjs.org/send/-/send-0.19.2.tgz 0ms (cache hit)
5299 http cache isarray@https://registry.npmjs.org/isarray/-/isarray-2.0.5.tgz 0ms (cache hit)
5300 http cache supports-preserve-symlinks-flag@https://registry.npmjs.org/supports-preserve-symlinks-flag/-/supports-preserve-symlinks-flag-1.0.0.tgz 0ms (cache hit)
5301 http cache path-parse@https://registry.npmjs.org/path-parse/-/path-parse-1.0.7.tgz 0ms (cache hit)
5302 http cache unicode-match-property-ecmascript@https://registry.npmjs.org/unicode-match-property-ecmascript/-/unicode-match-property-ecmascript-2.0.0.tgz 0ms (cache hit)
5303 http cache unicode-match-property-value-ecmascript@https://registry.npmjs.org/unicode-match-property-value-ecmascript/-/unicode-match-property-value-ecmascript-2.2.1.tgz 0ms (cache hit)
5304 http cache node-exports-info@https://registry.npmjs.org/node-exports-info/-/node-exports-info-1.6.0.tgz 0ms (cache hit)
5305 http cache regjsgen@https://registry.npmjs.org/regjsgen/-/regjsgen-0.8.0.tgz 0ms (cache hit)
5306 http cache regjsparser@https://registry.npmjs.org/regjsparser/-/regjsparser-0.13.1.tgz 0ms (cache hit)
5307 http cache regenerate-unicode-properties@https://registry.npmjs.org/regenerate-unicode-properties/-/regenerate-unicode-properties-10.2.2.tgz 0ms (cache hit)
5308 http cache @babel/plugin-transform-template-literals@https://registry.npmjs.org/@babel/plugin-transform-template-literals/-/plugin-transform-template-literals-7.27.1.tgz 0ms (cache hit)
5309 http cache whatwg-url@https://registry.npmjs.org/whatwg-url/-/whatwg-url-5.0.0.tgz 0ms (cache hit)
5310 http cache node-fetch@https://registry.npmjs.org/node-fetch/-/node-fetch-2.7.0.tgz 0ms (cache hit)
5311 http cache css-in-js-utils@https://registry.npmjs.org/css-in-js-utils/-/css-in-js-utils-3.1.0.tgz 0ms (cache hit)
5312 http cache hyphenate-style-name@https://registry.npmjs.org/hyphenate-style-name/-/hyphenate-style-name-1.1.0.tgz 0ms (cache hit)
5313 http cache fbjs-css-vars@https://registry.npmjs.org/fbjs-css-vars/-/fbjs-css-vars-1.0.2.tgz 0ms (cache hit)
5314 http cache ua-parser-js@https://registry.npmjs.org/ua-parser-js/-/ua-parser-js-1.0.41.tgz 0ms (cache hit)
5315 http cache cross-fetch@https://registry.npmjs.org/cross-fetch/-/cross-fetch-3.2.0.tgz 0ms (cache hit)
5316 http cache setimmediate@https://registry.npmjs.org/setimmediate/-/setimmediate-1.0.5.tgz 0ms (cache hit)
5317 http cache styleq@https://registry.npmjs.org/styleq/-/styleq-0.1.3.tgz 0ms (cache hit)
5318 http cache postcss-value-parser@https://registry.npmjs.org/postcss-value-parser/-/postcss-value-parser-4.2.0.tgz 0ms (cache hit)
5319 http cache fbjs@https://registry.npmjs.org/fbjs/-/fbjs-3.0.5.tgz 0ms (cache hit)
5320 http cache entities@https://registry.npmjs.org/entities/-/entities-4.5.0.tgz 0ms (cache hit)
5321 http cache inline-style-prefixer@https://registry.npmjs.org/inline-style-prefixer/-/inline-style-prefixer-7.0.1.tgz 0ms (cache hit)
5322 http cache domelementtype@https://registry.npmjs.org/domelementtype/-/domelementtype-2.3.0.tgz 0ms (cache hit)
5323 http cache regenerate@https://registry.npmjs.org/regenerate/-/regenerate-1.4.2.tgz 0ms (cache hit)
5324 http cache dom-serializer@https://registry.npmjs.org/dom-serializer/-/dom-serializer-2.0.0.tgz 0ms (cache hit)
5325 http cache mdn-data@https://registry.npmjs.org/mdn-data/-/mdn-data-2.0.14.tgz 0ms (cache hit)
5326 http cache nth-check@https://registry.npmjs.org/nth-check/-/nth-check-2.1.1.tgz 0ms (cache hit)
5327 http cache domutils@https://registry.npmjs.org/domutils/-/domutils-3.2.2.tgz 0ms (cache hit)
5328 http cache domhandler@https://registry.npmjs.org/domhandler/-/domhandler-5.0.3.tgz 0ms (cache hit)
5329 http cache css-what@https://registry.npmjs.org/css-what/-/css-what-6.2.2.tgz 0ms (cache hit)
5330 http cache boolbase@https://registry.npmjs.org/boolbase/-/boolbase-1.0.0.tgz 0ms (cache hit)
5331 http cache css-tree@https://registry.npmjs.org/css-tree/-/css-tree-1.1.3.tgz 0ms (cache hit)
5332 http cache css-select@https://registry.npmjs.org/css-select/-/css-select-5.2.2.tgz 0ms (cache hit)
5333 http cache react-freeze@https://registry.npmjs.org/react-freeze/-/react-freeze-1.0.4.tgz 0ms (cache hit)
5334 http cache @types/hammerjs@https://registry.npmjs.org/@types/hammerjs/-/hammerjs-2.0.46.tgz 0ms (cache hit)
5335 http cache hoist-non-react-statics@https://registry.npmjs.org/hoist-non-react-statics/-/hoist-non-react-statics-3.3.2.tgz 0ms (cache hit)
5336 http cache @egjs/hammerjs@https://registry.npmjs.org/@egjs/hammerjs/-/hammerjs-2.0.17.tgz 0ms (cache hit)
5337 http cache shell-quote@https://registry.npmjs.org/shell-quote/-/shell-quote-1.8.3.tgz 0ms (cache hit)
5338 http cache asap@https://registry.npmjs.org/asap/-/asap-2.0.6.tgz 0ms (cache hit)
5339 http cache marky@https://registry.npmjs.org/marky/-/marky-1.3.0.tgz 0ms (cache hit)
5340 http cache stack-utils@https://registry.npmjs.org/stack-utils/-/stack-utils-2.0.6.tgz 0ms (cache hit)
5341 http cache normalize-path@https://registry.npmjs.org/normalize-path/-/normalize-path-3.0.0.tgz 0ms (cache hit)
5342 http cache fsevents@https://registry.npmjs.org/fsevents/-/fsevents-2.3.3.tgz 0ms (cache hit)
5343 http cache @types/stack-utils@https://registry.npmjs.org/@types/stack-utils/-/stack-utils-2.0.3.tgz 0ms (cache hit)
5344 http cache anymatch@https://registry.npmjs.org/anymatch/-/anymatch-3.1.3.tgz 0ms (cache hit)
5345 http cache @types/graceful-fs@https://registry.npmjs.org/@types/graceful-fs/-/graceful-fs-4.1.9.tgz 0ms (cache hit)
5346 http cache type-detect@https://registry.npmjs.org/type-detect/-/type-detect-4.0.8.tgz 0ms (cache hit)
5347 http cache @sinonjs/commons@https://registry.npmjs.org/@sinonjs/commons/-/commons-3.0.1.tgz 0ms (cache hit)
5348 http cache jest-message-util@https://registry.npmjs.org/jest-message-util/-/jest-message-util-29.7.0.tgz 0ms (cache hit)
5349 http cache @sinonjs/fake-timers@https://registry.npmjs.org/@sinonjs/fake-timers/-/fake-timers-10.3.0.tgz 0ms (cache hit)
5350 http cache jest-mock@https://registry.npmjs.org/jest-mock/-/jest-mock-29.7.0.tgz 0ms (cache hit)
5351 http cache @jest/fake-timers@https://registry.npmjs.org/@jest/fake-timers/-/fake-timers-29.7.0.tgz 0ms (cache hit)
5352 http cache @jest/environment@https://registry.npmjs.org/@jest/environment/-/environment-29.7.0.tgz 0ms (cache hit)
5353 http cache istanbul-lib-coverage@https://registry.npmjs.org/istanbul-lib-coverage/-/istanbul-lib-coverage-3.2.2.tgz 0ms (cache hit)
5354 http cache is-docker@https://registry.npmjs.org/is-docker/-/is-docker-2.2.1.tgz 0ms (cache hit)
5355 http cache rimraf@https://registry.npmjs.org/rimraf/-/rimraf-3.0.2.tgz 0ms (cache hit)
5356 http cache lighthouse-logger@https://registry.npmjs.org/lighthouse-logger/-/lighthouse-logger-1.4.2.tgz 0ms (cache hit)
5357 http cache mkdirp@https://registry.npmjs.org/mkdirp/-/mkdirp-1.0.4.tgz 0ms (cache hit)
5358 http cache is-wsl@https://registry.npmjs.org/is-wsl/-/is-wsl-2.2.0.tgz 0ms (cache hit)
5359 http cache @babel/plugin-syntax-private-property-in-object@https://registry.npmjs.org/@babel/plugin-syntax-private-property-in-object/-/plugin-syntax-private-property-in-object-7.14.5.tgz 0ms (cache hit)
5360 http cache @babel/plugin-syntax-top-level-await@https://registry.npmjs.org/@babel/plugin-syntax-top-level-await/-/plugin-syntax-top-level-await-7.14.5.tgz 0ms (cache hit)
5361 http cache @babel/plugin-syntax-optional-catch-binding@https://registry.npmjs.org/@babel/plugin-syntax-optional-catch-binding/-/plugin-syntax-optional-catch-binding-7.8.3.tgz 0ms (cache hit)
5362 http cache @babel/plugin-syntax-object-rest-spread@https://registry.npmjs.org/@babel/plugin-syntax-object-rest-spread/-/plugin-syntax-object-rest-spread-7.8.3.tgz 0ms (cache hit)
5363 http cache @babel/plugin-syntax-numeric-separator@https://registry.npmjs.org/@babel/plugin-syntax-numeric-separator/-/plugin-syntax-numeric-separator-7.10.4.tgz 0ms (cache hit)
5364 http cache @babel/plugin-syntax-logical-assignment-operators@https://registry.npmjs.org/@babel/plugin-syntax-logical-assignment-operators/-/plugin-syntax-logical-assignment-operators-7.10.4.tgz 0ms (cache hit)
5365 http cache @babel/plugin-syntax-json-strings@https://registry.npmjs.org/@babel/plugin-syntax-json-strings/-/plugin-syntax-json-strings-7.8.3.tgz 0ms (cache hit)
5366 http cache @babel/plugin-syntax-import-meta@https://registry.npmjs.org/@babel/plugin-syntax-import-meta/-/plugin-syntax-import-meta-7.10.4.tgz 0ms (cache hit)
5367 http cache @babel/plugin-syntax-import-attributes@https://registry.npmjs.org/@babel/plugin-syntax-import-attributes/-/plugin-syntax-import-attributes-7.28.6.tgz 0ms (cache hit)
5368 http cache @babel/plugin-syntax-class-static-block@https://registry.npmjs.org/@babel/plugin-syntax-class-static-block/-/plugin-syntax-class-static-block-7.14.5.tgz 0ms (cache hit)
5369 http cache @babel/plugin-syntax-class-properties@https://registry.npmjs.org/@babel/plugin-syntax-class-properties/-/plugin-syntax-class-properties-7.12.13.tgz 0ms (cache hit)
5370 http cache @babel/plugin-syntax-bigint@https://registry.npmjs.org/@babel/plugin-syntax-bigint/-/plugin-syntax-bigint-7.8.3.tgz 0ms (cache hit)
5371 http cache @babel/plugin-syntax-async-generators@https://registry.npmjs.org/@babel/plugin-syntax-async-generators/-/plugin-syntax-async-generators-7.8.4.tgz 0ms (cache hit)
5372 http cache babel-preset-current-node-syntax@https://registry.npmjs.org/babel-preset-current-node-syntax/-/babel-preset-current-node-syntax-1.2.0.tgz 0ms (cache hit)
5373 http cache babel-plugin-jest-hoist@https://registry.npmjs.org/babel-plugin-jest-hoist/-/babel-plugin-jest-hoist-29.6.3.tgz 0ms (cache hit)
5374 http cache get-package-type@https://registry.npmjs.org/get-package-type/-/get-package-type-0.1.0.tgz 0ms (cache hit)
5375 http cache test-exclude@https://registry.npmjs.org/test-exclude/-/test-exclude-6.0.0.tgz 0ms (cache hit)
5376 http cache istanbul-lib-instrument@https://registry.npmjs.org/istanbul-lib-instrument/-/istanbul-lib-instrument-5.2.1.tgz 0ms (cache hit)
5377 http cache @istanbuljs/schema@https://registry.npmjs.org/@istanbuljs/schema/-/schema-0.1.6.tgz 0ms (cache hit)
5378 http cache @istanbuljs/load-nyc-config@https://registry.npmjs.org/@istanbuljs/load-nyc-config/-/load-nyc-config-1.1.0.tgz 0ms (cache hit)
5379 http cache @types/babel__traverse@https://registry.npmjs.org/@types/babel__traverse/-/babel__traverse-7.28.0.tgz 0ms (cache hit)
5380 http cache @types/babel__template@https://registry.npmjs.org/@types/babel__template/-/babel__template-7.4.4.tgz 0ms (cache hit)
5381 http cache @types/babel__generator@https://registry.npmjs.org/@types/babel__generator/-/babel__generator-7.27.0.tgz 0ms (cache hit)
5382 http cache write-file-atomic@https://registry.npmjs.org/write-file-atomic/-/write-file-atomic-4.0.2.tgz 0ms (cache hit)
5383 http cache pirates@https://registry.npmjs.org/pirates/-/pirates-4.0.7.tgz 0ms (cache hit)
5384 http cache jest-regex-util@https://registry.npmjs.org/jest-regex-util/-/jest-regex-util-29.6.3.tgz 0ms (cache hit)
5385 http cache jest-haste-map@https://registry.npmjs.org/jest-haste-map/-/jest-haste-map-29.7.0.tgz 0ms (cache hit)
5386 http cache babel-preset-jest@https://registry.npmjs.org/babel-preset-jest/-/babel-preset-jest-29.6.3.tgz 0ms (cache hit)
5387 http cache babel-plugin-istanbul@https://registry.npmjs.org/babel-plugin-istanbul/-/babel-plugin-istanbul-6.1.1.tgz 0ms (cache hit)
5388 http cache @types/babel__core@https://registry.npmjs.org/@types/babel__core/-/babel__core-7.20.5.tgz 1ms (cache hit)
5389 http cache @jest/transform@https://registry.npmjs.org/@jest/transform/-/transform-29.7.0.tgz 0ms (cache hit)
5390 http cache event-target-shim@https://registry.npmjs.org/event-target-shim/-/event-target-shim-5.0.1.tgz 0ms (cache hit)
5391 http cache serve-static@https://registry.npmjs.org/serve-static/-/serve-static-1.16.3.tgz 0ms (cache hit)
5392 http cache open@https://registry.npmjs.org/open/-/open-7.4.2.tgz 0ms (cache hit)
5393 http cache chromium-edge-launcher@https://registry.npmjs.org/chromium-edge-launcher/-/chromium-edge-launcher-0.2.0.tgz 0ms (cache hit)
5394 http cache chrome-launcher@https://registry.npmjs.org/chrome-launcher/-/chrome-launcher-0.15.2.tgz 0ms (cache hit)
5395 http cache @react-native/debugger-frontend@https://registry.npmjs.org/@react-native/debugger-frontend/-/debugger-frontend-0.81.5.tgz 0ms (cache hit)
5396 http cache @isaacs/ttlcache@https://registry.npmjs.org/@isaacs/ttlcache/-/ttlcache-1.4.1.tgz 0ms (cache hit)
5397 http cache @react-native/dev-middleware@https://registry.npmjs.org/@react-native/dev-middleware/-/dev-middleware-0.81.5.tgz 0ms (cache hit)
5398 http cache regenerator-runtime@https://registry.npmjs.org/regenerator-runtime/-/regenerator-runtime-0.13.11.tgz 0ms (cache hit)
5399 http cache react-devtools-core@https://registry.npmjs.org/react-devtools-core/-/react-devtools-core-6.1.5.tgz 0ms (cache hit)
5400 http cache promise@https://registry.npmjs.org/promise/-/promise-8.3.0.tgz 0ms (cache hit)
5401 http cache jest-environment-node@https://registry.npmjs.org/jest-environment-node/-/jest-environment-node-29.7.0.tgz 0ms (cache hit)
5402 http cache memoize-one@https://registry.npmjs.org/memoize-one/-/memoize-one-5.2.1.tgz 0ms (cache hit)
5403 http cache babel-jest@https://registry.npmjs.org/babel-jest/-/babel-jest-29.7.0.tgz 0ms (cache hit)
5404 http cache ansi-regex@https://registry.npmjs.org/ansi-regex/-/ansi-regex-5.0.1.tgz 0ms (cache hit)
5405 http cache abort-controller@https://registry.npmjs.org/abort-controller/-/abort-controller-3.0.0.tgz 0ms (cache hit)
5406 http cache @react-native/js-polyfills@https://registry.npmjs.org/@react-native/js-polyfills/-/js-polyfills-0.81.5.tgz 0ms (cache hit)
5407 http cache @react-native/gradle-plugin@https://registry.npmjs.org/@react-native/gradle-plugin/-/gradle-plugin-0.81.5.tgz 0ms (cache hit)
5408 http cache @react-native/community-cli-plugin@https://registry.npmjs.org/@react-native/community-cli-plugin/-/community-cli-plugin-0.81.5.tgz 0ms (cache hit)
5409 http cache @react-native/assets-registry@https://registry.npmjs.org/@react-native/assets-registry/-/assets-registry-0.81.5.tgz 0ms (cache hit)
5410 http cache @jest/create-cache-key-function@https://registry.npmjs.org/@jest/create-cache-key-function/-/create-cache-key-function-29.7.0.tgz 0ms (cache hit)
5411 http cache scheduler@https://registry.npmjs.org/scheduler/-/scheduler-0.26.0.tgz 0ms (cache hit)
5412 http cache inherits@https://registry.npmjs.org/inherits/-/inherits-2.0.4.tgz 0ms (cache hit)
5413 http cache split-on-first@https://registry.npmjs.org/split-on-first/-/split-on-first-1.1.0.tgz 0ms (cache hit)
5414 http cache filter-obj@https://registry.npmjs.org/filter-obj/-/filter-obj-1.1.0.tgz 0ms (cache hit)
5415 http cache object-assign@https://registry.npmjs.org/object-assign/-/object-assign-4.1.1.tgz 0ms (cache hit)
5416 http cache strict-uri-encode@https://registry.npmjs.org/strict-uri-encode/-/strict-uri-encode-2.0.0.tgz 0ms (cache hit)
5417 http cache decode-uri-component@https://registry.npmjs.org/decode-uri-component/-/decode-uri-component-0.2.2.tgz 0ms (cache hit)
5418 http cache source-map-js@https://registry.npmjs.org/source-map-js/-/source-map-js-1.2.1.tgz 0ms (cache hit)
5419 http cache pngjs@https://registry.npmjs.org/pngjs/-/pngjs-3.4.0.tgz 0ms (cache hit)
5420 http cache yocto-queue@https://registry.npmjs.org/yocto-queue/-/yocto-queue-0.1.0.tgz 0ms (cache hit)
5421 http cache word-wrap@https://registry.npmjs.org/word-wrap/-/word-wrap-1.2.5.tgz 0ms (cache hit)
5422 http cache callsites@https://registry.npmjs.org/callsites/-/callsites-3.1.0.tgz 0ms (cache hit)
5423 http cache fast-levenshtein@https://registry.npmjs.org/fast-levenshtein/-/fast-levenshtein-2.0.6.tgz 0ms (cache hit)
5424 http cache deep-is@https://registry.npmjs.org/deep-is/-/deep-is-0.1.4.tgz 0ms (cache hit)
5425 http cache ee-first@https://registry.npmjs.org/ee-first/-/ee-first-1.1.1.tgz 0ms (cache hit)
5426 http cache concat-map@https://registry.npmjs.org/concat-map/-/concat-map-0.0.1.tgz 0ms (cache hit)
5427 http cache balanced-match@https://registry.npmjs.org/balanced-match/-/balanced-match-1.0.2.tgz 0ms (cache hit)
5428 http cache brace-expansion@https://registry.npmjs.org/brace-expansion/-/brace-expansion-1.1.14.tgz 0ms (cache hit)
5429 http cache mime-db@https://registry.npmjs.org/mime-db/-/mime-db-1.52.0.tgz 0ms (cache hit)
5430 http cache to-regex-range@https://registry.npmjs.org/to-regex-range/-/to-regex-range-5.0.1.tgz 0ms (cache hit)
5431 http cache fill-range@https://registry.npmjs.org/fill-range/-/fill-range-7.1.1.tgz 0ms (cache hit)
5432 http cache braces@https://registry.npmjs.org/braces/-/braces-3.0.3.tgz 0ms (cache hit)
5433 http cache vlq@https://registry.npmjs.org/vlq/-/vlq-1.0.1.tgz 0ms (cache hit)
5434 http cache ob1@https://registry.npmjs.org/ob1/-/ob1-0.83.3.tgz 0ms (cache hit)
5435 http cache terser@https://registry.npmjs.org/terser/-/terser-5.46.1.tgz 0ms (cache hit)
5436 http cache @babel/traverse--for-generate-function-map@https://registry.npmjs.org/@babel/traverse/-/traverse-7.29.0.tgz 0ms (cache hit)
5437 http cache node-int64@https://registry.npmjs.org/node-int64/-/node-int64-0.4.0.tgz 0ms (cache hit)
5438 http cache bser@https://registry.npmjs.org/bser/-/bser-2.1.1.tgz 0ms (cache hit)
5439 http cache walker@https://registry.npmjs.org/walker/-/walker-1.0.8.tgz 0ms (cache hit)
5440 http cache micromatch@https://registry.npmjs.org/micromatch/-/micromatch-4.0.8.tgz 0ms (cache hit)
5441 http cache leven@https://registry.npmjs.org/leven/-/leven-3.1.0.tgz 0ms (cache hit)
5442 http cache jest-get-type@https://registry.npmjs.org/jest-get-type/-/jest-get-type-29.6.3.tgz 0ms (cache hit)
5443 http cache fb-watchman@https://registry.npmjs.org/fb-watchman/-/fb-watchman-2.0.2.tgz 0ms (cache hit)
5444 http cache camelcase@https://registry.npmjs.org/camelcase/-/camelcase-6.3.0.tgz 0ms (cache hit)
5445 http cache yaml@https://registry.npmjs.org/yaml/-/yaml-2.8.3.tgz 0ms (cache hit)
5446 http cache agent-base@https://registry.npmjs.org/agent-base/-/agent-base-7.1.4.tgz 0ms (cache hit)
5447 http cache https-proxy-agent@https://registry.npmjs.org/https-proxy-agent/-/https-proxy-agent-7.0.6.tgz 0ms (cache hit)
5448 http cache jest-validate@https://registry.npmjs.org/jest-validate/-/jest-validate-29.7.0.tgz 0ms (cache hit)
5449 http cache exponential-backoff@https://registry.npmjs.org/exponential-backoff/-/exponential-backoff-3.1.3.tgz 0ms (cache hit)
5450 http cache @types/istanbul-lib-report@https://registry.npmjs.org/@types/istanbul-lib-report/-/istanbul-lib-report-3.0.3.tgz 0ms (cache hit)
5451 http cache @sinclair/typebox@https://registry.npmjs.org/@sinclair/typebox/-/typebox-0.27.10.tgz 0ms (cache hit)
5452 http cache @types/yargs-parser@https://registry.npmjs.org/@types/yargs-parser/-/yargs-parser-21.0.3.tgz 0ms (cache hit)
5453 http cache @types/yargs@https://registry.npmjs.org/@types/yargs/-/yargs-17.0.35.tgz 0ms (cache hit)
5454 http cache @types/istanbul-lib-coverage@https://registry.npmjs.org/@types/istanbul-lib-coverage/-/istanbul-lib-coverage-2.0.6.tgz 0ms (cache hit)
5455 http cache @types/istanbul-reports@https://registry.npmjs.org/@types/istanbul-reports/-/istanbul-reports-3.0.4.tgz 0ms (cache hit)
5456 http cache @jest/schemas@https://registry.npmjs.org/@jest/schemas/-/schemas-29.6.3.tgz 0ms (cache hit)
5457 http cache @jest/types@https://registry.npmjs.org/@jest/types/-/types-29.6.3.tgz 0ms (cache hit)
5458 http cache undici-types@https://registry.npmjs.org/undici-types/-/undici-types-7.19.2.tgz 0ms (cache hit)
5459 http cache picomatch@https://registry.npmjs.org/picomatch/-/picomatch-2.3.2.tgz 0ms (cache hit)
5460 http cache merge-stream@https://registry.npmjs.org/merge-stream/-/merge-stream-2.0.0.tgz 0ms (cache hit)
5461 http cache jest-util@https://registry.npmjs.org/jest-util/-/jest-util-29.7.0.tgz 0ms (cache hit)
5462 http cache queue@https://registry.npmjs.org/queue/-/queue-6.0.2.tgz 0ms (cache hit)
5463 http cache @types/node@https://registry.npmjs.org/@types/node/-/node-25.6.0.tgz 0ms (cache hit)
5464 http cache unpipe@https://registry.npmjs.org/unpipe/-/unpipe-1.0.0.tgz 0ms (cache hit)
5465 http cache statuses@https://registry.npmjs.org/statuses/-/statuses-1.5.0.tgz 0ms (cache hit)
5466 http cache on-finished@https://registry.npmjs.org/on-finished/-/on-finished-2.3.0.tgz 1ms (cache hit)
5467 http cache escape-html@https://registry.npmjs.org/escape-html/-/escape-html-1.0.3.tgz 0ms (cache hit)
5468 http cache stackframe@https://registry.npmjs.org/stackframe/-/stackframe-1.3.4.tgz 0ms (cache hit)
5469 http cache utils-merge@https://registry.npmjs.org/utils-merge/-/utils-merge-1.0.1.tgz 0ms (cache hit)
5470 http cache encodeurl@https://registry.npmjs.org/encodeurl/-/encodeurl-1.0.2.tgz 0ms (cache hit)
5471 http cache parseurl@https://registry.npmjs.org/parseurl/-/parseurl-1.3.3.tgz 0ms (cache hit)
5472 http cache negotiator@https://registry.npmjs.org/negotiator/-/negotiator-0.6.3.tgz 0ms (cache hit)
5473 http cache finalhandler@https://registry.npmjs.org/finalhandler/-/finalhandler-1.1.2.tgz 0ms (cache hit)
5474 http cache ws@https://registry.npmjs.org/ws/-/ws-7.5.10.tgz 0ms (cache hit)
5475 http cache throat@https://registry.npmjs.org/throat/-/throat-5.0.0.tgz 0ms (cache hit)
5476 http cache serialize-error@https://registry.npmjs.org/serialize-error/-/serialize-error-2.1.0.tgz 0ms (cache hit)
5477 http cache source-map@https://registry.npmjs.org/source-map/-/source-map-0.5.7.tgz 0ms (cache hit)
5478 http cache mime-types@https://registry.npmjs.org/mime-types/-/mime-types-2.1.35.tgz 0ms (cache hit)
5479 http cache lodash.throttle@https://registry.npmjs.org/lodash.throttle/-/lodash.throttle-4.1.1.tgz 0ms (cache hit)
5480 http cache jest-worker@https://registry.npmjs.org/jest-worker/-/jest-worker-29.7.0.tgz 0ms (cache hit)
5481 http cache image-size@https://registry.npmjs.org/image-size/-/image-size-1.2.1.tgz 0ms (cache hit)
5482 http cache graceful-fs@https://registry.npmjs.org/graceful-fs/-/graceful-fs-4.2.11.tgz 0ms (cache hit)
5483 http cache flow-enums-runtime@https://registry.npmjs.org/flow-enums-runtime/-/flow-enums-runtime-0.0.6.tgz 0ms (cache hit)
5484 http cache error-stack-parser@https://registry.npmjs.org/error-stack-parser/-/error-stack-parser-2.1.4.tgz 0ms (cache hit)
5485 http cache connect@https://registry.npmjs.org/connect/-/connect-3.7.0.tgz 0ms (cache hit)
5486 http cache ci-info@https://registry.npmjs.org/ci-info/-/ci-info-2.0.0.tgz 0ms (cache hit)
5487 http cache accepts@https://registry.npmjs.org/accepts/-/accepts-1.3.8.tgz 0ms (cache hit)
5488 http cache yallist@https://registry.npmjs.org/yallist/-/yallist-3.1.1.tgz 0ms (cache hit)
5489 http cache p-locate@https://registry.npmjs.org/p-locate/-/p-locate-5.0.0.tgz 0ms (cache hit)
5490 http cache lightningcss-darwin-arm64@https://registry.npmjs.org/lightningcss-darwin-arm64/-/lightningcss-darwin-arm64-1.32.0.tgz 0ms (cache hit)
5491 http cache detect-libc@https://registry.npmjs.org/detect-libc/-/detect-libc-2.1.2.tgz 0ms (cache hit)
5492 http cache type-check@https://registry.npmjs.org/type-check/-/type-check-0.4.0.tgz 0ms (cache hit)
5493 http cache prelude-ls@https://registry.npmjs.org/prelude-ls/-/prelude-ls-1.2.1.tgz 0ms (cache hit)
5494 http cache argparse@https://registry.npmjs.org/argparse/-/argparse-2.0.1.tgz 0ms (cache hit)
5495 http cache json-buffer@https://registry.npmjs.org/json-buffer/-/json-buffer-3.0.1.tgz 0ms (cache hit)
5496 http cache set-function-name@https://registry.npmjs.org/set-function-name/-/set-function-name-2.0.2.tgz 0ms (cache hit)
5497 http cache is-extglob@https://registry.npmjs.org/is-extglob/-/is-extglob-2.1.1.tgz 0ms (cache hit)
5498 http cache loose-envify@https://registry.npmjs.org/loose-envify/-/loose-envify-1.4.0.tgz 0ms (cache hit)
5499 http cache side-channel@https://registry.npmjs.org/side-channel/-/side-channel-1.1.0.tgz 0ms (cache hit)
5500 http cache parent-module@https://registry.npmjs.org/parent-module/-/parent-module-1.0.1.tgz 0ms (cache hit)
5501 http cache hermes-estree@https://registry.npmjs.org/hermes-estree/-/hermes-estree-0.29.1.tgz 0ms (cache hit)
5502 http cache path-scurry@https://registry.npmjs.org/path-scurry/-/path-scurry-2.0.2.tgz 0ms (cache hit)
5503 http cache minipass@https://registry.npmjs.org/minipass/-/minipass-7.1.3.tgz 0ms (cache hit)
5504 http cache resolve-pkg-maps@https://registry.npmjs.org/resolve-pkg-maps/-/resolve-pkg-maps-1.0.0.tgz 0ms (cache hit)
5505 http cache functions-have-names@https://registry.npmjs.org/functions-have-names/-/functions-have-names-1.2.3.tgz 0ms (cache hit)
5506 http cache dunder-proto@https://registry.npmjs.org/dunder-proto/-/dunder-proto-1.0.1.tgz 0ms (cache hit)
5507 http cache keyv@https://registry.npmjs.org/keyv/-/keyv-4.5.4.tgz 0ms (cache hit)
5508 http cache flatted@https://registry.npmjs.org/flatted/-/flatted-3.4.2.tgz 0ms (cache hit)
5509 http cache path-exists@https://registry.npmjs.org/path-exists/-/path-exists-4.0.0.tgz 0ms (cache hit)
5510 http cache locate-path@https://registry.npmjs.org/locate-path/-/locate-path-6.0.0.tgz 0ms (cache hit)
5511 http cache flat-cache@https://registry.npmjs.org/flat-cache/-/flat-cache-4.0.1.tgz 0ms (cache hit)
5512 http cache @react-native/normalize-colors@https://registry.npmjs.org/@react-native/normalize-colors/-/normalize-colors-0.81.5.tgz 0ms (cache hit)
5513 http cache @expo/prebuild-config@https://registry.npmjs.org/@expo/prebuild-config/-/prebuild-config-54.0.8.tgz 0ms (cache hit)
5514 http cache warn-once@https://registry.npmjs.org/warn-once/-/warn-once-0.1.1.tgz 0ms (cache hit)
5515 http cache whatwg-fetch@https://registry.npmjs.org/whatwg-fetch/-/whatwg-fetch-3.6.20.tgz 0ms (cache hit)
5516 http cache stacktrace-parser@https://registry.npmjs.org/stacktrace-parser/-/stacktrace-parser-0.1.11.tgz 0ms (cache hit)
5517 http cache @radix-ui/react-compose-refs@https://registry.npmjs.org/@radix-ui/react-compose-refs/-/react-compose-refs-1.1.2.tgz 0ms (cache hit)
5518 http cache vaul@https://registry.npmjs.org/vaul/-/vaul-1.1.2.tgz 0ms (cache hit)
5519 http cache anser@https://registry.npmjs.org/anser/-/anser-1.4.10.tgz 0ms (cache hit)
5520 http cache server-only@https://registry.npmjs.org/server-only/-/server-only-0.0.1.tgz 0ms (cache hit)
5521 http cache react-native-is-edge-to-edge@https://registry.npmjs.org/react-native-is-edge-to-edge/-/react-native-is-edge-to-edge-1.3.1.tgz 0ms (cache hit)
5522 http cache shallowequal@https://registry.npmjs.org/shallowequal/-/shallowequal-1.1.0.tgz 0ms (cache hit)
5523 http cache react-fast-compare@https://registry.npmjs.org/react-fast-compare/-/react-fast-compare-3.2.2.tgz 0ms (cache hit)
5524 http cache expo-server@https://registry.npmjs.org/expo-server/-/expo-server-1.0.5.tgz 0ms (cache hit)
5525 http cache client-only@https://registry.npmjs.org/client-only/-/client-only-0.0.1.tgz 0ms (cache hit)
5526 http cache @react-navigation/native-stack@https://registry.npmjs.org/@react-navigation/native-stack/-/native-stack-7.14.11.tgz 0ms (cache hit)
5527 http cache @radix-ui/react-slot@https://registry.npmjs.org/@radix-ui/react-slot/-/react-slot-1.2.0.tgz 0ms (cache hit)
5528 http cache @expo/schema-utils@https://registry.npmjs.org/@expo/schema-utils/-/schema-utils-0.1.8.tgz 0ms (cache hit)
5529 http cache @expo/metro-runtime@https://registry.npmjs.org/@expo/metro-runtime/-/metro-runtime-6.1.2.tgz 0ms (cache hit)
5530 http cache commander@https://registry.npmjs.org/commander/-/commander-7.2.0.tgz 0ms (cache hit)
5531 http cache fontfaceobserver@https://registry.npmjs.org/fontfaceobserver/-/fontfaceobserver-2.3.0.tgz 0ms (cache hit)
5532 http cache parse-png@https://registry.npmjs.org/parse-png/-/parse-png-2.1.0.tgz 0ms (cache hit)
5533 http cache jimp-compact@https://registry.npmjs.org/jimp-compact/-/jimp-compact-0.16.1.tgz 0ms (cache hit)
5534 http cache @expo/require-utils@https://registry.npmjs.org/@expo/require-utils/-/require-utils-55.0.4.tgz 0ms (cache hit)
5535 http cache @expo/image-utils@https://registry.npmjs.org/@expo/image-utils/-/image-utils-0.8.13.tgz 0ms (cache hit)
5536 http cache core-js-compat@https://registry.npmjs.org/core-js-compat/-/core-js-compat-3.49.0.tgz 0ms (cache hit)
5537 http cache lodash.debounce@https://registry.npmjs.org/lodash.debounce/-/lodash.debounce-4.0.8.tgz 0ms (cache hit)
5538 http cache @babel/helper-define-polyfill-provider@https://registry.npmjs.org/@babel/helper-define-polyfill-provider/-/helper-define-polyfill-provider-0.6.8.tgz 0ms (cache hit)
5539 http cache yargs@https://registry.npmjs.org/yargs/-/yargs-17.7.2.tgz 0ms (cache hit)
5540 http cache invariant@https://registry.npmjs.org/invariant/-/invariant-2.2.4.tgz 0ms (cache hit)
5541 http cache nullthrows@https://registry.npmjs.org/nullthrows/-/nullthrows-1.1.1.tgz 0ms (cache hit)
5542 http cache @react-native/codegen@https://registry.npmjs.org/@react-native/codegen/-/codegen-0.81.5.tgz 0ms (cache hit)
5543 http cache regexpu-core@https://registry.npmjs.org/regexpu-core/-/regexpu-core-6.4.0.tgz 0ms (cache hit)
5544 http cache @babel/helper-create-regexp-features-plugin@https://registry.npmjs.org/@babel/helper-create-regexp-features-plugin/-/helper-create-regexp-features-plugin-7.28.5.tgz 0ms (cache hit)
5545 http cache @babel/helper-wrap-function@https://registry.npmjs.org/@babel/helper-wrap-function/-/helper-wrap-function-7.28.6.tgz 0ms (cache hit)
5546 http cache @babel/helper-remap-async-to-generator@https://registry.npmjs.org/@babel/helper-remap-async-to-generator/-/helper-remap-async-to-generator-7.27.1.tgz 0ms (cache hit)
5547 http cache @react-native/babel-plugin-codegen@https://registry.npmjs.org/@react-native/babel-plugin-codegen/-/babel-plugin-codegen-0.81.5.tgz 0ms (cache hit)
5548 http cache @babel/plugin-transform-unicode-regex@https://registry.npmjs.org/@babel/plugin-transform-unicode-regex/-/plugin-transform-unicode-regex-7.27.1.tgz 0ms (cache hit)
5549 http cache @babel/plugin-transform-sticky-regex@https://registry.npmjs.org/@babel/plugin-transform-sticky-regex/-/plugin-transform-sticky-regex-7.27.1.tgz 0ms (cache hit)
5550 http cache @babel/plugin-transform-spread@https://registry.npmjs.org/@babel/plugin-transform-spread/-/plugin-transform-spread-7.28.6.tgz 0ms (cache hit)
5551 http cache @babel/plugin-transform-shorthand-properties@https://registry.npmjs.org/@babel/plugin-transform-shorthand-properties/-/plugin-transform-shorthand-properties-7.27.1.tgz 0ms (cache hit)
5552 http cache @babel/plugin-transform-regenerator@https://registry.npmjs.org/@babel/plugin-transform-regenerator/-/plugin-transform-regenerator-7.29.0.tgz 0ms (cache hit)
5553 http cache @babel/plugin-transform-react-jsx-source@https://registry.npmjs.org/@babel/plugin-transform-react-jsx-source/-/plugin-transform-react-jsx-source-7.27.1.tgz 0ms (cache hit)
5554 http cache @babel/plugin-transform-react-jsx-self@https://registry.npmjs.org/@babel/plugin-transform-react-jsx-self/-/plugin-transform-react-jsx-self-7.27.1.tgz 0ms (cache hit)
5555 http cache @babel/plugin-transform-optional-chaining@https://registry.npmjs.org/@babel/plugin-transform-optional-chaining/-/plugin-transform-optional-chaining-7.28.6.tgz 0ms (cache hit)
5556 http cache @babel/plugin-transform-optional-catch-binding@https://registry.npmjs.org/@babel/plugin-transform-optional-catch-binding/-/plugin-transform-optional-catch-binding-7.28.6.tgz 0ms (cache hit)
5557 http cache @babel/plugin-transform-numeric-separator@https://registry.npmjs.org/@babel/plugin-transform-numeric-separator/-/plugin-transform-numeric-separator-7.28.6.tgz 0ms (cache hit)
5558 http cache @babel/plugin-transform-nullish-coalescing-operator@https://registry.npmjs.org/@babel/plugin-transform-nullish-coalescing-operator/-/plugin-transform-nullish-coalescing-operator-7.28.6.tgz 0ms (cache hit)
5559 http cache @babel/plugin-transform-named-capturing-groups-regex@https://registry.npmjs.org/@babel/plugin-transform-named-capturing-groups-regex/-/plugin-transform-named-capturing-groups-regex-7.29.0.tgz 0ms (cache hit)
5560 http cache @babel/plugin-transform-logical-assignment-operators@https://registry.npmjs.org/@babel/plugin-transform-logical-assignment-operators/-/plugin-transform-logical-assignment-operators-7.28.6.tgz 0ms (cache hit)
5561 http cache @babel/plugin-transform-literals@https://registry.npmjs.org/@babel/plugin-transform-literals/-/plugin-transform-literals-7.27.1.tgz 0ms (cache hit)
5562 http cache @babel/plugin-transform-function-name@https://registry.npmjs.org/@babel/plugin-transform-function-name/-/plugin-transform-function-name-7.27.1.tgz 0ms (cache hit)
5563 http cache @babel/plugin-transform-for-of@https://registry.npmjs.org/@babel/plugin-transform-for-of/-/plugin-transform-for-of-7.27.1.tgz 0ms (cache hit)
5564 http cache @babel/plugin-transform-computed-properties@https://registry.npmjs.org/@babel/plugin-transform-computed-properties/-/plugin-transform-computed-properties-7.28.6.tgz 0ms (cache hit)
5565 http cache @babel/plugin-transform-classes@https://registry.npmjs.org/@babel/plugin-transform-classes/-/plugin-transform-classes-7.28.6.tgz 0ms (cache hit)
5566 http cache @babel/plugin-transform-class-properties@https://registry.npmjs.org/@babel/plugin-transform-class-properties/-/plugin-transform-class-properties-7.28.6.tgz 0ms (cache hit)
5567 http cache @babel/plugin-transform-block-scoping@https://registry.npmjs.org/@babel/plugin-transform-block-scoping/-/plugin-transform-block-scoping-7.28.6.tgz 0ms (cache hit)
5568 http cache @babel/plugin-transform-async-to-generator@https://registry.npmjs.org/@babel/plugin-transform-async-to-generator/-/plugin-transform-async-to-generator-7.28.6.tgz 0ms (cache hit)
5569 http cache @babel/plugin-transform-async-generator-functions@https://registry.npmjs.org/@babel/plugin-transform-async-generator-functions/-/plugin-transform-async-generator-functions-7.29.0.tgz 0ms (cache hit)
5570 http cache @babel/plugin-transform-arrow-functions@https://registry.npmjs.org/@babel/plugin-transform-arrow-functions/-/plugin-transform-arrow-functions-7.27.1.tgz 0ms (cache hit)
5571 http cache @babel/plugin-syntax-nullish-coalescing-operator@https://registry.npmjs.org/@babel/plugin-syntax-nullish-coalescing-operator/-/plugin-syntax-nullish-coalescing-operator-7.8.3.tgz 0ms (cache hit)
5572 http cache @babel/plugin-syntax-optional-chaining@https://registry.npmjs.org/@babel/plugin-syntax-optional-chaining/-/plugin-syntax-optional-chaining-7.8.3.tgz 0ms (cache hit)
5573 http cache @babel/plugin-syntax-dynamic-import@https://registry.npmjs.org/@babel/plugin-syntax-dynamic-import/-/plugin-syntax-dynamic-import-7.8.3.tgz 0ms (cache hit)
5574 http cache @babel/plugin-transform-typescript@https://registry.npmjs.org/@babel/plugin-transform-typescript/-/plugin-transform-typescript-7.28.6.tgz 0ms (cache hit)
5575 http cache @babel/plugin-syntax-typescript@https://registry.npmjs.org/@babel/plugin-syntax-typescript/-/plugin-syntax-typescript-7.28.6.tgz 0ms (cache hit)
5576 http cache @babel/plugin-syntax-jsx@https://registry.npmjs.org/@babel/plugin-syntax-jsx/-/plugin-syntax-jsx-7.28.6.tgz 0ms (cache hit)
5577 http cache @babel/plugin-transform-react-pure-annotations@https://registry.npmjs.org/@babel/plugin-transform-react-pure-annotations/-/plugin-transform-react-pure-annotations-7.27.1.tgz 0ms (cache hit)
5578 http cache @babel/plugin-transform-react-jsx-development@https://registry.npmjs.org/@babel/plugin-transform-react-jsx-development/-/plugin-transform-react-jsx-development-7.27.1.tgz 0ms (cache hit)
5579 http cache @babel/plugin-transform-react-display-name@https://registry.npmjs.org/@babel/plugin-transform-react-display-name/-/plugin-transform-react-display-name-7.28.0.tgz 0ms (cache hit)
5580 http cache babel-plugin-polyfill-regenerator@https://registry.npmjs.org/babel-plugin-polyfill-regenerator/-/babel-plugin-polyfill-regenerator-0.6.8.tgz 0ms (cache hit)
5581 http cache babel-plugin-polyfill-corejs3@https://registry.npmjs.org/babel-plugin-polyfill-corejs3/-/babel-plugin-polyfill-corejs3-0.13.0.tgz 0ms (cache hit)
5582 http cache @babel/plugin-transform-react-jsx@https://registry.npmjs.org/@babel/plugin-transform-react-jsx/-/plugin-transform-react-jsx-7.28.6.tgz 0ms (cache hit)
5583 http cache babel-plugin-polyfill-corejs2@https://registry.npmjs.org/babel-plugin-polyfill-corejs2/-/babel-plugin-polyfill-corejs2-0.4.17.tgz 0ms (cache hit)
5584 http cache @babel/plugin-transform-destructuring@https://registry.npmjs.org/@babel/plugin-transform-destructuring/-/plugin-transform-destructuring-7.28.5.tgz 0ms (cache hit)
5585 http cache @babel/plugin-syntax-flow@https://registry.npmjs.org/@babel/plugin-syntax-flow/-/plugin-syntax-flow-7.28.6.tgz 0ms (cache hit)
5586 http cache @babel/helper-skip-transparent-expression-wrappers@https://registry.npmjs.org/@babel/helper-skip-transparent-expression-wrappers/-/helper-skip-transparent-expression-wrappers-7.27.1.tgz 0ms (cache hit)
5587 http cache @babel/helper-replace-supers@https://registry.npmjs.org/@babel/helper-replace-supers/-/helper-replace-supers-7.28.6.tgz 0ms (cache hit)
5588 http cache @babel/helper-optimise-call-expression@https://registry.npmjs.org/@babel/helper-optimise-call-expression/-/helper-optimise-call-expression-7.27.1.tgz 0ms (cache hit)
5589 http cache @babel/helper-member-expression-to-functions@https://registry.npmjs.org/@babel/helper-member-expression-to-functions/-/helper-member-expression-to-functions-7.28.5.tgz 0ms (cache hit)
5590 http cache @babel/helper-annotate-as-pure@https://registry.npmjs.org/@babel/helper-annotate-as-pure/-/helper-annotate-as-pure-7.27.3.tgz 0ms (cache hit)
5591 http cache @babel/plugin-syntax-decorators@https://registry.npmjs.org/@babel/plugin-syntax-decorators/-/plugin-syntax-decorators-7.28.6.tgz 0ms (cache hit)
5592 http cache @babel/helper-plugin-utils@https://registry.npmjs.org/@babel/helper-plugin-utils/-/helper-plugin-utils-7.28.6.tgz 0ms (cache hit)
5593 http cache @babel/helper-create-class-features-plugin@https://registry.npmjs.org/@babel/helper-create-class-features-plugin/-/helper-create-class-features-plugin-7.28.6.tgz 0ms (cache hit)
5594 http cache babel-plugin-transform-flow-enums@https://registry.npmjs.org/babel-plugin-transform-flow-enums/-/babel-plugin-transform-flow-enums-0.0.2.tgz 0ms (cache hit)
5595 http cache babel-plugin-syntax-hermes-parser@https://registry.npmjs.org/babel-plugin-syntax-hermes-parser/-/babel-plugin-syntax-hermes-parser-0.29.1.tgz 0ms (cache hit)
5596 http cache babel-plugin-react-native-web@https://registry.npmjs.org/babel-plugin-react-native-web/-/babel-plugin-react-native-web-0.21.2.tgz 0ms (cache hit)
5597 http cache babel-plugin-react-compiler@https://registry.npmjs.org/babel-plugin-react-compiler/-/babel-plugin-react-compiler-1.0.0.tgz 0ms (cache hit)
5598 http cache @react-native/babel-preset@https://registry.npmjs.org/@react-native/babel-preset/-/babel-preset-0.81.5.tgz 0ms (cache hit)
5599 http cache @babel/preset-typescript@https://registry.npmjs.org/@babel/preset-typescript/-/preset-typescript-7.28.5.tgz 0ms (cache hit)
5600 http cache @babel/preset-react@https://registry.npmjs.org/@babel/preset-react/-/preset-react-7.28.5.tgz 0ms (cache hit)
5601 http cache @babel/plugin-transform-runtime@https://registry.npmjs.org/@babel/plugin-transform-runtime/-/plugin-transform-runtime-7.29.0.tgz 0ms (cache hit)
5602 http cache @babel/plugin-transform-private-property-in-object@https://registry.npmjs.org/@babel/plugin-transform-private-property-in-object/-/plugin-transform-private-property-in-object-7.28.6.tgz 0ms (cache hit)
5603 http cache @babel/plugin-transform-private-methods@https://registry.npmjs.org/@babel/plugin-transform-private-methods/-/plugin-transform-private-methods-7.28.6.tgz 0ms (cache hit)
5604 http cache @babel/plugin-transform-parameters@https://registry.npmjs.org/@babel/plugin-transform-parameters/-/plugin-transform-parameters-7.27.7.tgz 0ms (cache hit)
5605 http cache @babel/plugin-transform-object-rest-spread@https://registry.npmjs.org/@babel/plugin-transform-object-rest-spread/-/plugin-transform-object-rest-spread-7.28.6.tgz 0ms (cache hit)
5606 http cache @babel/plugin-transform-modules-commonjs@https://registry.npmjs.org/@babel/plugin-transform-modules-commonjs/-/plugin-transform-modules-commonjs-7.28.6.tgz 0ms (cache hit)
5607 http cache @babel/plugin-transform-flow-strip-types@https://registry.npmjs.org/@babel/plugin-transform-flow-strip-types/-/plugin-transform-flow-strip-types-7.27.1.tgz 0ms (cache hit)
5608 http cache @babel/plugin-transform-export-namespace-from@https://registry.npmjs.org/@babel/plugin-transform-export-namespace-from/-/plugin-transform-export-namespace-from-7.27.1.tgz 0ms (cache hit)
5609 http cache @babel/plugin-transform-class-static-block@https://registry.npmjs.org/@babel/plugin-transform-class-static-block/-/plugin-transform-class-static-block-7.28.6.tgz 0ms (cache hit)
5610 http cache @babel/plugin-syntax-export-default-from@https://registry.npmjs.org/@babel/plugin-syntax-export-default-from/-/plugin-syntax-export-default-from-7.28.6.tgz 0ms (cache hit)
5611 http cache @babel/plugin-proposal-export-default-from@https://registry.npmjs.org/@babel/plugin-proposal-export-default-from/-/plugin-proposal-export-default-from-7.27.1.tgz 0ms (cache hit)
5612 http cache @babel/plugin-proposal-decorators@https://registry.npmjs.org/@babel/plugin-proposal-decorators/-/plugin-proposal-decorators-7.29.0.tgz 0ms (cache hit)
5613 http cache xmlbuilder@https://registry.npmjs.org/xmlbuilder/-/xmlbuilder-15.1.1.tgz 0ms (cache hit)
5614 http cache base64-js@https://registry.npmjs.org/base64-js/-/base64-js-1.5.1.tgz 0ms (cache hit)
5615 http cache @xmldom/xmldom@https://registry.npmjs.org/@xmldom/xmldom/-/xmldom-0.8.13.tgz 0ms (cache hit)
5616 http cache postcss@https://registry.npmjs.org/postcss/-/postcss-8.4.49.tgz 0ms (cache hit)
5617 http cache lightningcss@https://registry.npmjs.org/lightningcss/-/lightningcss-1.32.0.tgz 0ms (cache hit)
5618 http cache jsc-safe-url@https://registry.npmjs.org/jsc-safe-url/-/jsc-safe-url-0.2.4.tgz 0ms (cache hit)
5619 http cache hermes-parser@https://registry.npmjs.org/hermes-parser/-/hermes-parser-0.29.1.tgz 0ms (cache hit)
5620 http cache dotenv-expand@https://registry.npmjs.org/dotenv-expand/-/dotenv-expand-11.0.7.tgz 0ms (cache hit)
5621 http cache dotenv@https://registry.npmjs.org/dotenv/-/dotenv-16.4.7.tgz 0ms (cache hit)
5622 http cache @expo/env@https://registry.npmjs.org/@expo/env/-/env-2.0.11.tgz 0ms (cache hit)
5623 http cache metro-transform-worker@https://registry.npmjs.org/metro-transform-worker/-/metro-transform-worker-0.83.3.tgz 0ms (cache hit)
5624 http cache metro-transform-plugins@https://registry.npmjs.org/metro-transform-plugins/-/metro-transform-plugins-0.83.3.tgz 0ms (cache hit)
5625 http cache metro-symbolicate@https://registry.npmjs.org/metro-symbolicate/-/metro-symbolicate-0.83.3.tgz 0ms (cache hit)
5626 http cache metro-source-map@https://registry.npmjs.org/metro-source-map/-/metro-source-map-0.83.3.tgz 0ms (cache hit)
5627 http cache metro-runtime@https://registry.npmjs.org/metro-runtime/-/metro-runtime-0.83.3.tgz 0ms (cache hit)
5628 http cache metro-resolver@https://registry.npmjs.org/metro-resolver/-/metro-resolver-0.83.3.tgz 0ms (cache hit)
5629 http cache metro-minify-terser@https://registry.npmjs.org/metro-minify-terser/-/metro-minify-terser-0.83.3.tgz 0ms (cache hit)
5630 http cache metro-file-map@https://registry.npmjs.org/metro-file-map/-/metro-file-map-0.83.3.tgz 0ms (cache hit)
5631 http cache metro-core@https://registry.npmjs.org/metro-core/-/metro-core-0.83.3.tgz 0ms (cache hit)
5632 http cache metro-config@https://registry.npmjs.org/metro-config/-/metro-config-0.83.3.tgz 0ms (cache hit)
5633 http cache metro-cache-key@https://registry.npmjs.org/metro-cache-key/-/metro-cache-key-0.83.3.tgz 0ms (cache hit)
5634 http cache metro-cache@https://registry.npmjs.org/metro-cache/-/metro-cache-0.83.3.tgz 0ms (cache hit)
5635 http cache metro-babel-transformer@https://registry.npmjs.org/metro-babel-transformer/-/metro-babel-transformer-0.83.3.tgz 0ms (cache hit)
5636 http cache p-limit@https://registry.npmjs.org/p-limit/-/p-limit-3.1.0.tgz 0ms (cache hit)
5637 http cache arg@https://registry.npmjs.org/arg/-/arg-5.0.2.tgz 0ms (cache hit)
5638 http cache xml2js@https://registry.npmjs.org/xml2js/-/xml2js-0.6.0.tgz 0ms (cache hit)
5639 http cache metro@https://registry.npmjs.org/metro/-/metro-0.83.3.tgz 0ms (cache hit)
5640 http cache xcode@https://registry.npmjs.org/xcode/-/xcode-3.0.1.tgz 0ms (cache hit)
5641 http cache slash@https://registry.npmjs.org/slash/-/slash-3.0.0.tgz 0ms (cache hit)
5642 http cache @expo/sdk-runtime-versions@https://registry.npmjs.org/@expo/sdk-runtime-versions/-/sdk-runtime-versions-1.0.0.tgz 0ms (cache hit)
5643 http cache @expo/spawn-async@https://registry.npmjs.org/@expo/spawn-async/-/spawn-async-1.7.2.tgz 0ms (cache hit)
5644 http cache @expo/plist@https://registry.npmjs.org/@expo/plist/-/plist-0.4.8.tgz 0ms (cache hit)
5645 http cache sucrase@https://registry.npmjs.org/sucrase/-/sucrase-3.35.1.tgz 0ms (cache hit)
5646 http cache slugify@https://registry.npmjs.org/slugify/-/slugify-1.6.9.tgz 0ms (cache hit)
5647 http cache resolve-workspace-root@https://registry.npmjs.org/resolve-workspace-root/-/resolve-workspace-root-2.0.1.tgz 0ms (cache hit)
5648 http cache resolve-from@https://registry.npmjs.org/resolve-from/-/resolve-from-5.0.0.tgz 0ms (cache hit)
5649 http cache require-from-string@https://registry.npmjs.org/require-from-string/-/require-from-string-2.0.2.tgz 0ms (cache hit)
5650 http cache glob@https://registry.npmjs.org/glob/-/glob-13.0.6.tgz 0ms (cache hit)
5651 http cache getenv@https://registry.npmjs.org/getenv/-/getenv-2.0.0.tgz 0ms (cache hit)
5652 http cache deepmerge@https://registry.npmjs.org/deepmerge/-/deepmerge-4.3.1.tgz 0ms (cache hit)
5653 http cache @expo/json-file@https://registry.npmjs.org/@expo/json-file/-/json-file-10.0.13.tgz 0ms (cache hit)
5654 http cache @expo/config-types@https://registry.npmjs.org/@expo/config-types/-/config-types-54.0.10.tgz 0ms (cache hit)
5655 http cache whatwg-url-without-unicode@https://registry.npmjs.org/whatwg-url-without-unicode/-/whatwg-url-without-unicode-8.0.0-3.tgz 0ms (cache hit)
5656 http cache pretty-format@https://registry.npmjs.org/pretty-format/-/pretty-format-29.7.0.tgz 0ms (cache hit)
5657 http cache expo-modules-core@https://registry.npmjs.org/expo-modules-core/-/expo-modules-core-3.0.29.tgz 0ms (cache hit)
5658 http cache expo-modules-autolinking@https://registry.npmjs.org/expo-modules-autolinking/-/expo-modules-autolinking-3.0.24.tgz 0ms (cache hit)
5659 http cache expo-keep-awake@https://registry.npmjs.org/expo-keep-awake/-/expo-keep-awake-15.0.8.tgz 0ms (cache hit)
5660 http cache expo-file-system@https://registry.npmjs.org/expo-file-system/-/expo-file-system-19.0.21.tgz 0ms (cache hit)
5661 http cache expo-asset@https://registry.npmjs.org/expo-asset/-/expo-asset-12.0.12.tgz 0ms (cache hit)
5662 http cache react-refresh@https://registry.npmjs.org/react-refresh/-/react-refresh-0.14.2.tgz 0ms (cache hit)
5663 http cache babel-preset-expo@https://registry.npmjs.org/babel-preset-expo/-/babel-preset-expo-54.0.10.tgz 0ms (cache hit)
5664 http cache @ungap/structured-clone@https://registry.npmjs.org/@ungap/structured-clone/-/structured-clone-1.3.0.tgz 0ms (cache hit)
5665 http cache @expo/metro-config@https://registry.npmjs.org/@expo/metro-config/-/metro-config-54.0.14.tgz 0ms (cache hit)
5666 http cache @expo/metro@https://registry.npmjs.org/@expo/metro/-/metro-54.2.0.tgz 0ms (cache hit)
5667 http cache @expo/fingerprint@https://registry.npmjs.org/@expo/fingerprint/-/fingerprint-0.15.4.tgz 0ms (cache hit)
5668 http cache @expo/devtools@https://registry.npmjs.org/@expo/devtools/-/devtools-0.1.8.tgz 0ms (cache hit)
5669 http cache @expo/config-plugins@https://registry.npmjs.org/@expo/config-plugins/-/config-plugins-54.0.4.tgz 0ms (cache hit)
5670 http cache @expo/config@https://registry.npmjs.org/@expo/config/-/config-12.0.13.tgz 0ms (cache hit)
5671 http cache acorn-jsx@https://registry.npmjs.org/acorn-jsx/-/acorn-jsx-5.3.2.tgz 0ms (cache hit)
5672 http cache @babel/runtime@https://registry.npmjs.org/@babel/runtime/-/runtime-7.29.2.tgz 0ms (cache hit)
5673 http cache acorn@https://registry.npmjs.org/acorn/-/acorn-8.16.0.tgz 0ms (cache hit)
5674 http cache esrecurse@https://registry.npmjs.org/esrecurse/-/esrecurse-4.3.0.tgz 0ms (cache hit)
5675 http cache iterator.prototype@https://registry.npmjs.org/iterator.prototype/-/iterator.prototype-1.1.5.tgz 0ms (cache hit)
5676 http cache string.prototype.repeat@https://registry.npmjs.org/string.prototype.repeat/-/string.prototype.repeat-1.0.0.tgz 0ms (cache hit)
5677 http cache string.prototype.matchall@https://registry.npmjs.org/string.prototype.matchall/-/string.prototype.matchall-4.0.12.tgz 0ms (cache hit)
5678 http cache prop-types@https://registry.npmjs.org/prop-types/-/prop-types-15.8.1.tgz 0ms (cache hit)
5679 http cache object.entries@https://registry.npmjs.org/object.entries/-/object.entries-1.1.9.tgz 0ms (cache hit)
5680 http cache jsx-ast-utils@https://registry.npmjs.org/jsx-ast-utils/-/jsx-ast-utils-3.3.5.tgz 0ms (cache hit)
5681 http cache estraverse@https://registry.npmjs.org/estraverse/-/estraverse-5.3.0.tgz 0ms (cache hit)
5682 http cache es-iterator-helpers@https://registry.npmjs.org/es-iterator-helpers/-/es-iterator-helpers-1.3.2.tgz 0ms (cache hit)
5683 http cache array.prototype.tosorted@https://registry.npmjs.org/array.prototype.tosorted/-/array.prototype.tosorted-1.1.4.tgz 0ms (cache hit)
5684 http cache array.prototype.findlast@https://registry.npmjs.org/array.prototype.findlast/-/array.prototype.findlast-1.2.5.tgz 0ms (cache hit)
5685 http cache resolve@https://registry.npmjs.org/resolve/-/resolve-2.0.0-next.6.tgz 0ms (cache hit)
5686 http cache is-symbol@https://registry.npmjs.org/is-symbol/-/is-symbol-1.1.1.tgz 0ms (cache hit)
5687 http cache is-date-object@https://registry.npmjs.org/is-date-object/-/is-date-object-1.1.0.tgz 0ms (cache hit)
5688 http cache has-tostringtag@https://registry.npmjs.org/has-tostringtag/-/has-tostringtag-1.0.2.tgz 0ms (cache hit)
5689 http cache possible-typed-array-names@https://registry.npmjs.org/possible-typed-array-names/-/possible-typed-array-names-1.1.0.tgz 0ms (cache hit)
5690 http cache which-typed-array@https://registry.npmjs.org/which-typed-array/-/which-typed-array-1.1.20.tgz 0ms (cache hit)
5691 http cache unbox-primitive@https://registry.npmjs.org/unbox-primitive/-/unbox-primitive-1.1.0.tgz 0ms (cache hit)
5692 http cache typed-array-length@https://registry.npmjs.org/typed-array-length/-/typed-array-length-1.0.7.tgz 0ms (cache hit)
5693 http cache typed-array-byte-offset@https://registry.npmjs.org/typed-array-byte-offset/-/typed-array-byte-offset-1.0.4.tgz 0ms (cache hit)
5694 http cache typed-array-byte-length@https://registry.npmjs.org/typed-array-byte-length/-/typed-array-byte-length-1.0.3.tgz 0ms (cache hit)
5695 http cache typed-array-buffer@https://registry.npmjs.org/typed-array-buffer/-/typed-array-buffer-1.0.3.tgz 0ms (cache hit)
5696 http cache string.prototype.trimstart@https://registry.npmjs.org/string.prototype.trimstart/-/string.prototype.trimstart-1.0.8.tgz 0ms (cache hit)
5697 http cache string.prototype.trim@https://registry.npmjs.org/string.prototype.trim/-/string.prototype.trim-1.2.10.tgz 0ms (cache hit)
5698 http cache stop-iteration-iterator@https://registry.npmjs.org/stop-iteration-iterator/-/stop-iteration-iterator-1.1.0.tgz 0ms (cache hit)
5699 http cache safe-regex-test@https://registry.npmjs.org/safe-regex-test/-/safe-regex-test-1.1.0.tgz 0ms (cache hit)
5700 http cache set-proto@https://registry.npmjs.org/set-proto/-/set-proto-1.0.0.tgz 0ms (cache hit)
5701 http cache safe-push-apply@https://registry.npmjs.org/safe-push-apply/-/safe-push-apply-1.0.0.tgz 0ms (cache hit)
5702 http cache safe-array-concat@https://registry.npmjs.org/safe-array-concat/-/safe-array-concat-1.1.3.tgz 0ms (cache hit)
5703 http cache regexp.prototype.flags@https://registry.npmjs.org/regexp.prototype.flags/-/regexp.prototype.flags-1.5.4.tgz 0ms (cache hit)
5704 http cache own-keys@https://registry.npmjs.org/own-keys/-/own-keys-1.0.1.tgz 0ms (cache hit)
5705 http cache object.assign@https://registry.npmjs.org/object.assign/-/object.assign-4.1.7.tgz 0ms (cache hit)
5706 http cache object-inspect@https://registry.npmjs.org/object-inspect/-/object-inspect-1.13.4.tgz 0ms (cache hit)
5707 http cache is-weakref@https://registry.npmjs.org/is-weakref/-/is-weakref-1.1.1.tgz 0ms (cache hit)
5708 http cache is-typed-array@https://registry.npmjs.org/is-typed-array/-/is-typed-array-1.1.15.tgz 0ms (cache hit)
5709 http cache is-shared-array-buffer@https://registry.npmjs.org/is-shared-array-buffer/-/is-shared-array-buffer-1.0.4.tgz 0ms (cache hit)
5710 http cache is-set@https://registry.npmjs.org/is-set/-/is-set-2.0.3.tgz 0ms (cache hit)
5711 http cache is-regex@https://registry.npmjs.org/is-regex/-/is-regex-1.2.1.tgz 0ms (cache hit)
5712 http cache is-negative-zero@https://registry.npmjs.org/is-negative-zero/-/is-negative-zero-2.0.3.tgz 0ms (cache hit)
5713 http cache is-data-view@https://registry.npmjs.org/is-data-view/-/is-data-view-1.0.2.tgz 0ms (cache hit)
5714 http cache is-callable@https://registry.npmjs.org/is-callable/-/is-callable-1.2.7.tgz 0ms (cache hit)
5715 http cache is-array-buffer@https://registry.npmjs.org/is-array-buffer/-/is-array-buffer-3.0.5.tgz 0ms (cache hit)
5716 http cache internal-slot@https://registry.npmjs.org/internal-slot/-/internal-slot-1.1.0.tgz 0ms (cache hit)
5717 http cache has-symbols@https://registry.npmjs.org/has-symbols/-/has-symbols-1.1.0.tgz 0ms (cache hit)
5718 http cache has-proto@https://registry.npmjs.org/has-proto/-/has-proto-1.2.0.tgz 0ms (cache hit)
5719 http cache globalthis@https://registry.npmjs.org/globalthis/-/globalthis-1.0.4.tgz 0ms (cache hit)
5720 http cache get-proto@https://registry.npmjs.org/get-proto/-/get-proto-1.0.1.tgz 0ms (cache hit)
5721 http cache get-symbol-description@https://registry.npmjs.org/get-symbol-description/-/get-symbol-description-1.1.0.tgz 0ms (cache hit)
5722 http cache function.prototype.name@https://registry.npmjs.org/function.prototype.name/-/function.prototype.name-1.1.8.tgz 0ms (cache hit)
5723 http cache es-to-primitive@https://registry.npmjs.org/es-to-primitive/-/es-to-primitive-1.3.0.tgz 0ms (cache hit)
5724 http cache es-set-tostringtag@https://registry.npmjs.org/es-set-tostringtag/-/es-set-tostringtag-2.1.0.tgz 0ms (cache hit)
5725 http cache data-view-byte-offset@https://registry.npmjs.org/data-view-byte-offset/-/data-view-byte-offset-1.0.1.tgz 0ms (cache hit)
5726 http cache data-view-byte-length@https://registry.npmjs.org/data-view-byte-length/-/data-view-byte-length-1.0.2.tgz 0ms (cache hit)
5727 http cache data-view-buffer@https://registry.npmjs.org/data-view-buffer/-/data-view-buffer-1.0.2.tgz 0ms (cache hit)
5728 http cache available-typed-arrays@https://registry.npmjs.org/available-typed-arrays/-/available-typed-arrays-1.0.7.tgz 0ms (cache hit)
5729 http cache arraybuffer.prototype.slice@https://registry.npmjs.org/arraybuffer.prototype.slice/-/arraybuffer.prototype.slice-1.0.4.tgz 0ms (cache hit)
5730 http cache array-buffer-byte-length@https://registry.npmjs.org/array-buffer-byte-length/-/array-buffer-byte-length-1.0.2.tgz 0ms (cache hit)
5731 http cache gopd@https://registry.npmjs.org/gopd/-/gopd-1.2.0.tgz 0ms (cache hit)
5732 http cache object-keys@https://registry.npmjs.org/object-keys/-/object-keys-1.1.1.tgz 0ms (cache hit)
5733 http cache has-property-descriptors@https://registry.npmjs.org/has-property-descriptors/-/has-property-descriptors-1.0.2.tgz 0ms (cache hit)
5734 http cache define-data-property@https://registry.npmjs.org/define-data-property/-/define-data-property-1.1.4.tgz 0ms (cache hit)
5735 http cache function-bind@https://registry.npmjs.org/function-bind/-/function-bind-1.1.2.tgz 0ms (cache hit)
5736 http cache set-function-length@https://registry.npmjs.org/set-function-length/-/set-function-length-1.2.2.tgz 0ms (cache hit)
5737 http cache es-define-property@https://registry.npmjs.org/es-define-property/-/es-define-property-1.0.1.tgz 0ms (cache hit)
5738 http cache call-bind-apply-helpers@https://registry.npmjs.org/call-bind-apply-helpers/-/call-bind-apply-helpers-1.0.2.tgz 0ms (cache hit)
5739 http cache es-shim-unscopables@https://registry.npmjs.org/es-shim-unscopables/-/es-shim-unscopables-1.1.0.tgz 0ms (cache hit)
5740 http cache es-errors@https://registry.npmjs.org/es-errors/-/es-errors-1.3.0.tgz 0ms (cache hit)
5741 http cache math-intrinsics@https://registry.npmjs.org/math-intrinsics/-/math-intrinsics-1.1.0.tgz 0ms (cache hit)
5742 http cache is-string@https://registry.npmjs.org/is-string/-/is-string-1.1.1.tgz 0ms (cache hit)
5743 http cache get-intrinsic@https://registry.npmjs.org/get-intrinsic/-/get-intrinsic-1.3.0.tgz 0ms (cache hit)
5744 http cache es-object-atoms@https://registry.npmjs.org/es-object-atoms/-/es-object-atoms-1.1.1.tgz 0ms (cache hit)
5745 http cache define-properties@https://registry.npmjs.org/define-properties/-/define-properties-1.2.1.tgz 0ms (cache hit)
5746 http cache es-abstract@https://registry.npmjs.org/es-abstract/-/es-abstract-1.24.2.tgz 0ms (cache hit)
5747 http cache call-bound@https://registry.npmjs.org/call-bound/-/call-bound-1.0.4.tgz 0ms (cache hit)
5748 http cache call-bind@https://registry.npmjs.org/call-bind/-/call-bind-1.0.9.tgz 0ms (cache hit)
5749 http cache tsconfig-paths@https://registry.npmjs.org/tsconfig-paths/-/tsconfig-paths-3.15.0.tgz 0ms (cache hit)
5750 http cache string.prototype.trimend@https://registry.npmjs.org/string.prototype.trimend/-/string.prototype.trimend-1.0.9.tgz 0ms (cache hit)
5751 http cache object.values@https://registry.npmjs.org/object.values/-/object.values-1.2.1.tgz 0ms (cache hit)
5752 http cache object.groupby@https://registry.npmjs.org/object.groupby/-/object.groupby-1.0.3.tgz 0ms (cache hit)
5753 http cache object.fromentries@https://registry.npmjs.org/object.fromentries/-/object.fromentries-2.0.8.tgz 0ms (cache hit)
5754 http cache is-core-module@https://registry.npmjs.org/is-core-module/-/is-core-module-2.16.1.tgz 0ms (cache hit)
5755 http cache hasown@https://registry.npmjs.org/hasown/-/hasown-2.0.3.tgz 0ms (cache hit)
5756 http cache eslint-module-utils@https://registry.npmjs.org/eslint-module-utils/-/eslint-module-utils-2.12.1.tgz 0ms (cache hit)
5757 http cache eslint-import-resolver-node@https://registry.npmjs.org/eslint-import-resolver-node/-/eslint-import-resolver-node-0.3.10.tgz 0ms (cache hit)
5758 http cache doctrine@https://registry.npmjs.org/doctrine/-/doctrine-2.1.0.tgz 0ms (cache hit)
5759 http cache array.prototype.flatmap@https://registry.npmjs.org/array.prototype.flatmap/-/array.prototype.flatmap-1.3.3.tgz 0ms (cache hit)
5760 http cache array.prototype.flat@https://registry.npmjs.org/array.prototype.flat/-/array.prototype.flat-1.3.3.tgz 0ms (cache hit)
5761 http cache array.prototype.findlastindex@https://registry.npmjs.org/array.prototype.findlastindex/-/array.prototype.findlastindex-1.2.6.tgz 0ms (cache hit)
5762 http cache array-includes@https://registry.npmjs.org/array-includes/-/array-includes-3.1.9.tgz 0ms (cache hit)
5763 http cache @rtsao/scc@https://registry.npmjs.org/@rtsao/scc/-/scc-1.1.0.tgz 0ms (cache hit)
5764 http cache unrs-resolver@https://registry.npmjs.org/unrs-resolver/-/unrs-resolver-1.11.1.tgz 0ms (cache hit)
5765 http cache stable-hash@https://registry.npmjs.org/stable-hash/-/stable-hash-0.0.5.tgz 0ms (cache hit)
5766 http cache is-bun-module@https://registry.npmjs.org/is-bun-module/-/is-bun-module-2.0.0.tgz 0ms (cache hit)
5767 http cache get-tsconfig@https://registry.npmjs.org/get-tsconfig/-/get-tsconfig-4.14.0.tgz 0ms (cache hit)
5768 http cache @nolyfill/is-core-module@https://registry.npmjs.org/@nolyfill/is-core-module/-/is-core-module-1.0.39.tgz 0ms (cache hit)
5769 http cache tinyglobby@https://registry.npmjs.org/tinyglobby/-/tinyglobby-0.2.16.tgz 0ms (cache hit)
5770 http cache @typescript-eslint/tsconfig-utils@https://registry.npmjs.org/@typescript-eslint/tsconfig-utils/-/tsconfig-utils-8.58.2.tgz 0ms (cache hit)
5771 http cache @typescript-eslint/project-service@https://registry.npmjs.org/@typescript-eslint/project-service/-/project-service-8.58.2.tgz 0ms (cache hit)
5772 http cache @typescript-eslint/typescript-estree@https://registry.npmjs.org/@typescript-eslint/typescript-estree/-/typescript-estree-8.58.2.tgz 0ms (cache hit)
5773 http cache @typescript-eslint/types@https://registry.npmjs.org/@typescript-eslint/types/-/types-8.58.2.tgz 0ms (cache hit)
5774 http cache @typescript-eslint/visitor-keys@https://registry.npmjs.org/@typescript-eslint/visitor-keys/-/visitor-keys-8.58.2.tgz 0ms (cache hit)
5775 http cache ts-api-utils@https://registry.npmjs.org/ts-api-utils/-/ts-api-utils-2.5.0.tgz 0ms (cache hit)
5776 http cache @typescript-eslint/utils@https://registry.npmjs.org/@typescript-eslint/utils/-/utils-8.58.2.tgz 0ms (cache hit)
5777 http cache @typescript-eslint/type-utils@https://registry.npmjs.org/@typescript-eslint/type-utils/-/type-utils-8.58.2.tgz 0ms (cache hit)
5778 http cache @typescript-eslint/scope-manager@https://registry.npmjs.org/@typescript-eslint/scope-manager/-/scope-manager-8.58.2.tgz 0ms (cache hit)
5779 http cache eslint-plugin-react-hooks@https://registry.npmjs.org/eslint-plugin-react-hooks/-/eslint-plugin-react-hooks-5.2.0.tgz 0ms (cache hit)
5780 http cache eslint-plugin-import@https://registry.npmjs.org/eslint-plugin-import/-/eslint-plugin-import-2.32.0.tgz 0ms (cache hit)
5781 http cache eslint-plugin-react@https://registry.npmjs.org/eslint-plugin-react/-/eslint-plugin-react-7.37.5.tgz 0ms (cache hit)
5782 http cache eslint-plugin-expo@https://registry.npmjs.org/eslint-plugin-expo/-/eslint-plugin-expo-1.0.0.tgz 0ms (cache hit)
5783 http cache eslint-import-resolver-typescript@https://registry.npmjs.org/eslint-import-resolver-typescript/-/eslint-import-resolver-typescript-3.10.1.tgz 0ms (cache hit)
5784 http cache @typescript-eslint/parser@https://registry.npmjs.org/@typescript-eslint/parser/-/parser-8.58.2.tgz 0ms (cache hit)
5785 http cache @typescript-eslint/eslint-plugin@https://registry.npmjs.org/@typescript-eslint/eslint-plugin/-/eslint-plugin-8.58.2.tgz 0ms (cache hit)
5786 http cache which@https://registry.npmjs.org/which/-/which-2.0.2.tgz 0ms (cache hit)
5787 http cache shebang-command@https://registry.npmjs.org/shebang-command/-/shebang-command-2.0.0.tgz 0ms (cache hit)
5788 http cache path-key@https://registry.npmjs.org/path-key/-/path-key-3.1.1.tgz 0ms (cache hit)
5789 http cache supports-color@https://registry.npmjs.org/supports-color/-/supports-color-7.2.0.tgz 0ms (cache hit)
5790 http cache ansi-styles@https://registry.npmjs.org/ansi-styles/-/ansi-styles-4.3.0.tgz 0ms (cache hit)
5791 http cache uri-js@https://registry.npmjs.org/uri-js/-/uri-js-4.4.1.tgz 0ms (cache hit)
5792 http cache json-schema-traverse@https://registry.npmjs.org/json-schema-traverse/-/json-schema-traverse-0.4.1.tgz 0ms (cache hit)
5793 http cache fast-json-stable-stringify@https://registry.npmjs.org/fast-json-stable-stringify/-/fast-json-stable-stringify-2.1.0.tgz 0ms (cache hit)
5794 http cache @humanfs/types@https://registry.npmjs.org/@humanfs/types/-/types-0.15.0.tgz 0ms (cache hit)
5795 http cache @humanfs/core@https://registry.npmjs.org/@humanfs/core/-/core-0.19.2.tgz 0ms (cache hit)
5796 http cache levn@https://registry.npmjs.org/levn/-/levn-0.4.1.tgz 0ms (cache hit)
5797 http cache strip-json-comments@https://registry.npmjs.org/strip-json-comments/-/strip-json-comments-3.1.1.tgz 0ms (cache hit)
5798 http cache js-yaml@https://registry.npmjs.org/js-yaml/-/js-yaml-4.1.1.tgz 0ms (cache hit)
5799 http cache import-fresh@https://registry.npmjs.org/import-fresh/-/import-fresh-3.3.1.tgz 0ms (cache hit)
5800 http cache globals@https://registry.npmjs.org/globals/-/globals-14.0.0.tgz 0ms (cache hit)
5801 http cache @types/json-schema@https://registry.npmjs.org/@types/json-schema/-/json-schema-7.0.15.tgz 0ms (cache hit)
5802 http cache @eslint/object-schema@https://registry.npmjs.org/@eslint/object-schema/-/object-schema-2.1.7.tgz 0ms (cache hit)
5803 http cache optionator@https://registry.npmjs.org/optionator/-/optionator-0.9.4.tgz 0ms (cache hit)
5804 http cache natural-compare@https://registry.npmjs.org/natural-compare/-/natural-compare-1.4.0.tgz 0ms (cache hit)
5805 http cache minimatch@https://registry.npmjs.org/minimatch/-/minimatch-3.1.5.tgz 0ms (cache hit)
5806 http cache lodash.merge@https://registry.npmjs.org/lodash.merge/-/lodash.merge-4.6.2.tgz 0ms (cache hit)
5807 http cache json-stable-stringify-without-jsonify@https://registry.npmjs.org/json-stable-stringify-without-jsonify/-/json-stable-stringify-without-jsonify-1.0.1.tgz 0ms (cache hit)
5808 http cache is-glob@https://registry.npmjs.org/is-glob/-/is-glob-4.0.3.tgz 0ms (cache hit)
5809 http cache imurmurhash@https://registry.npmjs.org/imurmurhash/-/imurmurhash-0.1.4.tgz 0ms (cache hit)
5810 http cache ignore@https://registry.npmjs.org/ignore/-/ignore-5.3.2.tgz 0ms (cache hit)
5811 http cache glob-parent@https://registry.npmjs.org/glob-parent/-/glob-parent-6.0.2.tgz 0ms (cache hit)
5812 http cache find-up@https://registry.npmjs.org/find-up/-/find-up-5.0.0.tgz 0ms (cache hit)
5813 http cache file-entry-cache@https://registry.npmjs.org/file-entry-cache/-/file-entry-cache-8.0.0.tgz 0ms (cache hit)
5814 http cache esutils@https://registry.npmjs.org/esutils/-/esutils-2.0.3.tgz 0ms (cache hit)
5815 http cache esquery@https://registry.npmjs.org/esquery/-/esquery-1.7.0.tgz 0ms (cache hit)
5816 http cache espree@https://registry.npmjs.org/espree/-/espree-10.4.0.tgz 0ms (cache hit)
5817 http cache eslint-visitor-keys@https://registry.npmjs.org/eslint-visitor-keys/-/eslint-visitor-keys-4.2.1.tgz 0ms (cache hit)
5818 http cache eslint-scope@https://registry.npmjs.org/eslint-scope/-/eslint-scope-8.4.0.tgz 0ms (cache hit)
5819 http cache cross-spawn@https://registry.npmjs.org/cross-spawn/-/cross-spawn-7.0.6.tgz 0ms (cache hit)
5820 http cache chalk@https://registry.npmjs.org/chalk/-/chalk-4.1.2.tgz 0ms (cache hit)
5821 http cache ajv@https://registry.npmjs.org/ajv/-/ajv-6.14.0.tgz 0ms (cache hit)
5822 http cache @types/estree@https://registry.npmjs.org/@types/estree/-/estree-1.0.8.tgz 0ms (cache hit)
5823 http cache @humanwhocodes/retry@https://registry.npmjs.org/@humanwhocodes/retry/-/retry-0.4.3.tgz 0ms (cache hit)
5824 http cache @humanwhocodes/module-importer@https://registry.npmjs.org/@humanwhocodes/module-importer/-/module-importer-1.0.1.tgz 0ms (cache hit)
5825 http cache @humanfs/node@https://registry.npmjs.org/@humanfs/node/-/node-0.16.8.tgz 0ms (cache hit)
5826 http cache @eslint/plugin-kit@https://registry.npmjs.org/@eslint/plugin-kit/-/plugin-kit-0.4.1.tgz 0ms (cache hit)
5827 http cache @eslint/js@https://registry.npmjs.org/@eslint/js/-/js-9.39.4.tgz 0ms (cache hit)
5828 http cache @eslint/eslintrc@https://registry.npmjs.org/@eslint/eslintrc/-/eslintrc-3.3.5.tgz 0ms (cache hit)
5829 http cache @eslint/core@https://registry.npmjs.org/@eslint/core/-/core-0.17.0.tgz 0ms (cache hit)
5830 http cache @eslint/config-helpers@https://registry.npmjs.org/@eslint/config-helpers/-/config-helpers-0.4.2.tgz 0ms (cache hit)
5831 http cache @eslint/config-array@https://registry.npmjs.org/@eslint/config-array/-/config-array-0.21.2.tgz 0ms (cache hit)
5832 http cache @eslint-community/regexpp@https://registry.npmjs.org/@eslint-community/regexpp/-/regexpp-4.12.2.tgz 0ms (cache hit)
5833 http cache @eslint-community/eslint-utils@https://registry.npmjs.org/@eslint-community/eslint-utils/-/eslint-utils-4.9.1.tgz 0ms (cache hit)
5834 http cache ms@https://registry.npmjs.org/ms/-/ms-2.1.3.tgz 0ms (cache hit)
5835 http cache simple-swizzle@https://registry.npmjs.org/simple-swizzle/-/simple-swizzle-0.2.4.tgz 0ms (cache hit)
5836 http cache color-name@https://registry.npmjs.org/color-name/-/color-name-1.1.4.tgz 0ms (cache hit)
5837 http cache color-string@https://registry.npmjs.org/color-string/-/color-string-1.9.1.tgz 0ms (cache hit)
5838 http cache color-convert@https://registry.npmjs.org/color-convert/-/color-convert-2.0.1.tgz 0ms (cache hit)
5839 http cache update-browserslist-db@https://registry.npmjs.org/update-browserslist-db/-/update-browserslist-db-1.2.3.tgz 0ms (cache hit)
5840 http cache node-releases@https://registry.npmjs.org/node-releases/-/node-releases-2.0.37.tgz 0ms (cache hit)
5841 http cache electron-to-chromium@https://registry.npmjs.org/electron-to-chromium/-/electron-to-chromium-1.5.340.tgz 0ms (cache hit)
5842 http cache caniuse-lite@https://registry.npmjs.org/caniuse-lite/-/caniuse-lite-1.0.30001788.tgz 0ms (cache hit)
5843 http cache baseline-browser-mapping@https://registry.npmjs.org/baseline-browser-mapping/-/baseline-browser-mapping-2.10.20.tgz 0ms (cache hit)
5844 http cache csstype@https://registry.npmjs.org/csstype/-/csstype-3.2.3.tgz 0ms (cache hit)
5845 http cache react-is@https://registry.npmjs.org/react-is/-/react-is-19.2.5.tgz 0ms (cache hit)
5846 http cache query-string@https://registry.npmjs.org/query-string/-/query-string-7.1.3.tgz 0ms (cache hit)
5847 http cache @react-navigation/routers@https://registry.npmjs.org/@react-navigation/routers/-/routers-7.5.3.tgz 0ms (cache hit)
5848 http cache nanoid@https://registry.npmjs.org/nanoid/-/nanoid-3.3.11.tgz 0ms (cache hit)
5849 http cache fast-deep-equal@https://registry.npmjs.org/fast-deep-equal/-/fast-deep-equal-3.1.3.tgz 0ms (cache hit)
5850 http cache escape-string-regexp@https://registry.npmjs.org/escape-string-regexp/-/escape-string-regexp-4.0.0.tgz 0ms (cache hit)
5851 http cache @react-navigation/core@https://registry.npmjs.org/@react-navigation/core/-/core-7.17.2.tgz 0ms (cache hit)
5852 http cache use-sync-external-store@https://registry.npmjs.org/use-sync-external-store/-/use-sync-external-store-1.6.0.tgz 0ms (cache hit)
5853 http cache use-latest-callback@https://registry.npmjs.org/use-latest-callback/-/use-latest-callback-0.2.6.tgz 0ms (cache hit)
5854 http cache sf-symbols-typescript@https://registry.npmjs.org/sf-symbols-typescript/-/sf-symbols-typescript-2.2.0.tgz 0ms (cache hit)
5855 http cache color@https://registry.npmjs.org/color/-/color-4.2.3.tgz 0ms (cache hit)
5856 http cache @jridgewell/resolve-uri@https://registry.npmjs.org/@jridgewell/resolve-uri/-/resolve-uri-3.1.2.tgz 0ms (cache hit)
5857 http cache @jridgewell/sourcemap-codec@https://registry.npmjs.org/@jridgewell/sourcemap-codec/-/sourcemap-codec-1.5.5.tgz 0ms (cache hit)
5858 http cache @babel/helper-string-parser@https://registry.npmjs.org/@babel/helper-string-parser/-/helper-string-parser-7.27.1.tgz 0ms (cache hit)
5859 http cache @babel/helper-globals@https://registry.npmjs.org/@babel/helper-globals/-/helper-globals-7.28.0.tgz 0ms (cache hit)
5860 http cache @babel/helper-module-imports@https://registry.npmjs.org/@babel/helper-module-imports/-/helper-module-imports-7.28.6.tgz 0ms (cache hit)
5861 http cache lru-cache@https://registry.npmjs.org/lru-cache/-/lru-cache-5.1.1.tgz 0ms (cache hit)
5862 http cache browserslist@https://registry.npmjs.org/browserslist/-/browserslist-4.28.2.tgz 0ms (cache hit)
5863 http cache @babel/helper-validator-option@https://registry.npmjs.org/@babel/helper-validator-option/-/helper-validator-option-7.27.1.tgz 0ms (cache hit)
5864 http cache @babel/compat-data@https://registry.npmjs.org/@babel/compat-data/-/compat-data-7.29.0.tgz 0ms (cache hit)
5865 http cache jsesc@https://registry.npmjs.org/jsesc/-/jsesc-3.1.0.tgz 0ms (cache hit)
5866 http cache @jridgewell/trace-mapping@https://registry.npmjs.org/@jridgewell/trace-mapping/-/trace-mapping-0.3.31.tgz 0ms (cache hit)
5867 http cache @jridgewell/gen-mapping@https://registry.npmjs.org/@jridgewell/gen-mapping/-/gen-mapping-0.3.13.tgz 0ms (cache hit)
5868 http cache picocolors@https://registry.npmjs.org/picocolors/-/picocolors-1.1.1.tgz 0ms (cache hit)
5869 http cache js-tokens@https://registry.npmjs.org/js-tokens/-/js-tokens-4.0.0.tgz 0ms (cache hit)
5870 http cache @babel/helper-validator-identifier@https://registry.npmjs.org/@babel/helper-validator-identifier/-/helper-validator-identifier-7.28.5.tgz 0ms (cache hit)
5871 http cache json5@https://registry.npmjs.org/json5/-/json5-2.2.3.tgz 0ms (cache hit)
5872 http cache semver@https://registry.npmjs.org/semver/-/semver-6.3.1.tgz 0ms (cache hit)
5873 http cache gensync@https://registry.npmjs.org/gensync/-/gensync-1.0.0-beta.2.tgz 0ms (cache hit)
5874 http cache debug@https://registry.npmjs.org/debug/-/debug-4.4.3.tgz 0ms (cache hit)
5875 http cache convert-source-map@https://registry.npmjs.org/convert-source-map/-/convert-source-map-2.0.0.tgz 0ms (cache hit)
5876 http cache @babel/types@https://registry.npmjs.org/@babel/types/-/types-7.29.0.tgz 0ms (cache hit)
5877 http cache @jridgewell/remapping@https://registry.npmjs.org/@jridgewell/remapping/-/remapping-2.3.5.tgz 0ms (cache hit)
5878 http cache @babel/traverse@https://registry.npmjs.org/@babel/traverse/-/traverse-7.29.0.tgz 0ms (cache hit)
5879 http cache @babel/template@https://registry.npmjs.org/@babel/template/-/template-7.28.6.tgz 0ms (cache hit)
5880 http cache @babel/parser@https://registry.npmjs.org/@babel/parser/-/parser-7.29.2.tgz 0ms (cache hit)
5881 http cache @babel/helpers@https://registry.npmjs.org/@babel/helpers/-/helpers-7.29.2.tgz 0ms (cache hit)
5882 http cache @babel/helper-module-transforms@https://registry.npmjs.org/@babel/helper-module-transforms/-/helper-module-transforms-7.28.6.tgz 0ms (cache hit)
5883 http cache @babel/helper-compilation-targets@https://registry.npmjs.org/@babel/helper-compilation-targets/-/helper-compilation-targets-7.28.6.tgz 0ms (cache hit)
5884 http cache @babel/generator@https://registry.npmjs.org/@babel/generator/-/generator-7.29.1.tgz 0ms (cache hit)
5885 http cache typescript@https://registry.npmjs.org/typescript/-/typescript-5.9.3.tgz 0ms (cache hit)
5886 http cache socket.io-client@https://registry.npmjs.org/socket.io-client/-/socket.io-client-4.8.3.tgz 0ms (cache hit)
5887 http cache @babel/code-frame@https://registry.npmjs.org/@babel/code-frame/-/code-frame-7.29.0.tgz 0ms (cache hit)
5888 http cache react-native-web@https://registry.npmjs.org/react-native-web/-/react-native-web-0.21.2.tgz 0ms (cache hit)
5889 http cache @babel/core@https://registry.npmjs.org/@babel/core/-/core-7.29.0.tgz 0ms (cache hit)
5890 http cache react-native-worklets@https://registry.npmjs.org/react-native-worklets/-/react-native-worklets-0.5.1.tgz 0ms (cache hit)
5891 http cache react-native-reanimated@https://registry.npmjs.org/react-native-reanimated/-/react-native-reanimated-4.1.7.tgz 0ms (cache hit)
5892 http cache react-native-gesture-handler@https://registry.npmjs.org/react-native-gesture-handler/-/react-native-gesture-handler-2.28.0.tgz 0ms (cache hit)
5893 http cache react-dom@https://registry.npmjs.org/react-dom/-/react-dom-19.1.0.tgz 0ms (cache hit)
5894 http cache react-native-svg@https://registry.npmjs.org/react-native-svg/-/react-native-svg-15.15.4.tgz 0ms (cache hit)
5895 http cache lucide-react-native@https://registry.npmjs.org/lucide-react-native/-/lucide-react-native-1.8.0.tgz 0ms (cache hit)
5896 http cache expo-web-browser@https://registry.npmjs.org/expo-web-browser/-/expo-web-browser-15.0.10.tgz 0ms (cache hit)
5897 http cache expo-system-ui@https://registry.npmjs.org/expo-system-ui/-/expo-system-ui-6.0.9.tgz 0ms (cache hit)
5898 http cache expo-symbols@https://registry.npmjs.org/expo-symbols/-/expo-symbols-1.0.8.tgz 0ms (cache hit)
5899 http cache expo-status-bar@https://registry.npmjs.org/expo-status-bar/-/expo-status-bar-3.0.9.tgz 0ms (cache hit)
5900 http cache expo-splash-screen@https://registry.npmjs.org/expo-splash-screen/-/expo-splash-screen-31.0.13.tgz 0ms (cache hit)
5901 http cache expo-router@https://registry.npmjs.org/expo-router/-/expo-router-6.0.23.tgz 0ms (cache hit)
5902 http cache expo-linking@https://registry.npmjs.org/expo-linking/-/expo-linking-8.0.11.tgz 0ms (cache hit)
5903 http cache expo-image@https://registry.npmjs.org/expo-image/-/expo-image-3.0.11.tgz 0ms (cache hit)
5904 http cache expo-haptics@https://registry.npmjs.org/expo-haptics/-/expo-haptics-15.0.8.tgz 0ms (cache hit)
5905 http cache expo-constants@https://registry.npmjs.org/expo-constants/-/expo-constants-18.0.13.tgz 0ms (cache hit)
5906 http cache eslint-config-expo@https://registry.npmjs.org/eslint-config-expo/-/eslint-config-expo-10.0.0.tgz 0ms (cache hit)
5907 http cache eslint@https://registry.npmjs.org/eslint/-/eslint-9.39.4.tgz 0ms (cache hit)
5908 http cache @types/react@https://registry.npmjs.org/@types/react/-/react-19.1.17.tgz 0ms (cache hit)
5909 http cache @react-navigation/elements@https://registry.npmjs.org/@react-navigation/elements/-/elements-2.9.14.tgz 0ms (cache hit)
5910 http cache react-native-safe-area-context@https://registry.npmjs.org/react-native-safe-area-context/-/react-native-safe-area-context-5.6.2.tgz 0ms (cache hit)
5911 http cache @react-navigation/native@https://registry.npmjs.org/@react-navigation/native/-/native-7.2.2.tgz 0ms (cache hit)
5912 http cache react-native-screens@https://registry.npmjs.org/react-native-screens/-/react-native-screens-4.16.0.tgz 0ms (cache hit)
5913 http cache @react-navigation/bottom-tabs@https://registry.npmjs.org/@react-navigation/bottom-tabs/-/bottom-tabs-7.15.9.tgz 0ms (cache hit)
5914 http cache react-native@https://registry.npmjs.org/react-native/-/react-native-0.81.5.tgz 0ms (cache hit)
5915 http cache expo@https://registry.npmjs.org/expo/-/expo-54.0.33.tgz 0ms (cache hit)
5916 http cache expo-font@https://registry.npmjs.org/expo-font/-/expo-font-14.0.11.tgz 0ms (cache hit)
5917 http cache @expo/vector-icons@https://registry.npmjs.org/@expo/vector-icons/-/vector-icons-15.1.1.tgz 0ms (cache hit)
5918 http cache react@https://registry.npmjs.org/react/-/react-19.1.0.tgz 0ms (cache hit)
5919 http cache type-fest@https://registry.npmjs.org/type-fest/-/type-fest-0.21.3.tgz 0ms (cache hit)
5920 http cache has-flag@https://registry.npmjs.org/has-flag/-/has-flag-3.0.0.tgz 0ms (cache hit)
5921 http cache color-name@https://registry.npmjs.org/color-name/-/color-name-1.1.3.tgz 0ms (cache hit)
5922 http cache color-convert@https://registry.npmjs.org/color-convert/-/color-convert-1.9.3.tgz 0ms (cache hit)
5923 http cache supports-color@https://registry.npmjs.org/supports-color/-/supports-color-5.5.0.tgz 0ms (cache hit)
5924 http cache escape-string-regexp@https://registry.npmjs.org/escape-string-regexp/-/escape-string-regexp-1.0.5.tgz 0ms (cache hit)
5925 http cache chalk@https://registry.npmjs.org/chalk/-/chalk-2.4.2.tgz 0ms (cache hit)
5926 http cache strip-json-comments@https://registry.npmjs.org/strip-json-comments/-/strip-json-comments-2.0.1.tgz 0ms (cache hit)
5927 http cache ansi-styles@https://registry.npmjs.org/ansi-styles/-/ansi-styles-3.2.1.tgz 0ms (cache hit)
5928 http cache yallist@https://registry.npmjs.org/yallist/-/yallist-5.0.0.tgz 0ms (cache hit)
5929 http cache has-flag@https://registry.npmjs.org/has-flag/-/has-flag-3.0.0.tgz 0ms (cache hit)
5930 http cache ansi-regex@https://registry.npmjs.org/ansi-regex/-/ansi-regex-4.1.1.tgz 0ms (cache hit)
5931 http cache resolve@https://registry.npmjs.org/resolve/-/resolve-1.7.1.tgz 0ms (cache hit)
5932 http cache color-name@https://registry.npmjs.org/color-name/-/color-name-1.1.3.tgz 0ms (cache hit)
5933 http cache lru-cache@https://registry.npmjs.org/lru-cache/-/lru-cache-10.4.3.tgz 0ms (cache hit)
5934 http cache color-convert@https://registry.npmjs.org/color-convert/-/color-convert-1.9.3.tgz 0ms (cache hit)
5935 http cache escape-string-regexp@https://registry.npmjs.org/escape-string-regexp/-/escape-string-regexp-1.0.5.tgz 0ms (cache hit)
5936 http cache strip-ansi@https://registry.npmjs.org/strip-ansi/-/strip-ansi-5.2.0.tgz 0ms (cache hit)
5937 http cache supports-color@https://registry.npmjs.org/supports-color/-/supports-color-5.5.0.tgz 0ms (cache hit)
5938 http cache chalk@https://registry.npmjs.org/chalk/-/chalk-2.4.2.tgz 0ms (cache hit)
5939 http cache ansi-styles@https://registry.npmjs.org/ansi-styles/-/ansi-styles-3.2.1.tgz 0ms (cache hit)
5940 http cache semver@https://registry.npmjs.org/semver/-/semver-7.7.4.tgz 0ms (cache hit)
5941 http cache ms@https://registry.npmjs.org/ms/-/ms-2.0.0.tgz 0ms (cache hit)
5942 http cache debug@https://registry.npmjs.org/debug/-/debug-2.6.9.tgz 0ms (cache hit)
5943 http cache open@https://registry.npmjs.org/open/-/open-8.4.2.tgz 0ms (cache hit)
5944 http cache negotiator@https://registry.npmjs.org/negotiator/-/negotiator-0.6.4.tgz 0ms (cache hit)
5945 http cache debug@https://registry.npmjs.org/debug/-/debug-3.2.7.tgz 0ms (cache hit)
5946 http cache has-flag@https://registry.npmjs.org/has-flag/-/has-flag-3.0.0.tgz 0ms (cache hit)
5947 http cache color-name@https://registry.npmjs.org/color-name/-/color-name-1.1.3.tgz 0ms (cache hit)
5948 http cache color-convert@https://registry.npmjs.org/color-convert/-/color-convert-1.9.3.tgz 0ms (cache hit)
5949 http cache supports-color@https://registry.npmjs.org/supports-color/-/supports-color-5.5.0.tgz 0ms (cache hit)
5950 http cache escape-string-regexp@https://registry.npmjs.org/escape-string-regexp/-/escape-string-regexp-1.0.5.tgz 0ms (cache hit)
5951 http cache ansi-styles@https://registry.npmjs.org/ansi-styles/-/ansi-styles-3.2.1.tgz 0ms (cache hit)
5952 http cache chalk@https://registry.npmjs.org/chalk/-/chalk-2.4.2.tgz 0ms (cache hit)
5953 http cache source-map@https://registry.npmjs.org/source-map/-/source-map-0.6.1.tgz 0ms (cache hit)
5954 http cache ws@https://registry.npmjs.org/ws/-/ws-8.18.3.tgz 0ms (cache hit)
5955 http cache statuses@https://registry.npmjs.org/statuses/-/statuses-2.0.2.tgz 0ms (cache hit)
5956 http cache statuses@https://registry.npmjs.org/statuses/-/statuses-2.0.2.tgz 0ms (cache hit)
5957 http cache on-finished@https://registry.npmjs.org/on-finished/-/on-finished-2.4.1.tgz 0ms (cache hit)
5958 http cache debug@https://registry.npmjs.org/debug/-/debug-2.6.9.tgz 0ms (cache hit)
5959 http cache encodeurl@https://registry.npmjs.org/encodeurl/-/encodeurl-2.0.0.tgz 0ms (cache hit)
5960 http cache ms@https://registry.npmjs.org/ms/-/ms-2.0.0.tgz 0ms (cache hit)
5961 http cache promise@https://registry.npmjs.org/promise/-/promise-7.3.1.tgz 0ms (cache hit)
5962 http cache source-map@https://registry.npmjs.org/source-map/-/source-map-0.6.1.tgz 0ms (cache hit)
5963 http cache react-is@https://registry.npmjs.org/react-is/-/react-is-16.13.1.tgz 0ms (cache hit)
5964 http cache escape-string-regexp@https://registry.npmjs.org/escape-string-regexp/-/escape-string-regexp-2.0.0.tgz 0ms (cache hit)
5965 http cache debug@https://registry.npmjs.org/debug/-/debug-2.6.9.tgz 0ms (cache hit)
5966 http cache ms@https://registry.npmjs.org/ms/-/ms-2.0.0.tgz 0ms (cache hit)
5967 http cache glob@https://registry.npmjs.org/glob/-/glob-7.2.3.tgz 0ms (cache hit)
5968 http cache glob@https://registry.npmjs.org/glob/-/glob-7.2.3.tgz 0ms (cache hit)
5969 http cache p-limit@https://registry.npmjs.org/p-limit/-/p-limit-2.3.0.tgz 0ms (cache hit)
5970 http cache p-locate@https://registry.npmjs.org/p-locate/-/p-locate-4.1.0.tgz 0ms (cache hit)
5971 http cache locate-path@https://registry.npmjs.org/locate-path/-/locate-path-5.0.0.tgz 0ms (cache hit)
5972 http cache argparse@https://registry.npmjs.org/argparse/-/argparse-1.0.10.tgz 0ms (cache hit)
5973 http cache js-yaml@https://registry.npmjs.org/js-yaml/-/js-yaml-3.14.2.tgz 0ms (cache hit)
5974 http cache find-up@https://registry.npmjs.org/find-up/-/find-up-4.1.0.tgz 0ms (cache hit)
5975 http cache camelcase@https://registry.npmjs.org/camelcase/-/camelcase-5.3.1.tgz 0ms (cache hit)
5976 http cache encodeurl@https://registry.npmjs.org/encodeurl/-/encodeurl-2.0.0.tgz 0ms (cache hit)
5977 http cache ws@https://registry.npmjs.org/ws/-/ws-6.2.3.tgz 0ms (cache hit)
5978 http cache semver@https://registry.npmjs.org/semver/-/semver-7.7.4.tgz 0ms (cache hit)
5979 http cache commander@https://registry.npmjs.org/commander/-/commander-2.20.3.tgz 0ms (cache hit)
5980 http cache ci-info@https://registry.npmjs.org/ci-info/-/ci-info-3.9.0.tgz 0ms (cache hit)
5981 http cache ms@https://registry.npmjs.org/ms/-/ms-2.0.0.tgz 0ms (cache hit)
5982 http cache debug@https://registry.npmjs.org/debug/-/debug-2.6.9.tgz 0ms (cache hit)
5983 http cache supports-color@https://registry.npmjs.org/supports-color/-/supports-color-8.1.1.tgz 0ms (cache hit)
5984 http cache debug@https://registry.npmjs.org/debug/-/debug-2.6.9.tgz 0ms (cache hit)
5985 http cache ms@https://registry.npmjs.org/ms/-/ms-2.0.0.tgz 0ms (cache hit)
5986 http cache semver@https://registry.npmjs.org/semver/-/semver-7.7.4.tgz 0ms (cache hit)
5987 http cache lru-cache@https://registry.npmjs.org/lru-cache/-/lru-cache-11.3.5.tgz 0ms (cache hit)
5988 http cache @radix-ui/react-slot@https://registry.npmjs.org/@radix-ui/react-slot/-/react-slot-1.2.3.tgz 0ms (cache hit)
5989 http cache @radix-ui/react-primitive@https://registry.npmjs.org/@radix-ui/react-primitive/-/react-primitive-2.1.3.tgz 0ms (cache hit)
5990 http cache @radix-ui/react-portal@https://registry.npmjs.org/@radix-ui/react-portal/-/react-portal-1.1.9.tgz 1ms (cache hit)
5991 http cache @radix-ui/react-presence@https://registry.npmjs.org/@radix-ui/react-presence/-/react-presence-1.1.5.tgz 0ms (cache hit)
5992 http cache @radix-ui/react-focus-scope@https://registry.npmjs.org/@radix-ui/react-focus-scope/-/react-focus-scope-1.1.7.tgz 0ms (cache hit)
5993 http cache @radix-ui/react-dismissable-layer@https://registry.npmjs.org/@radix-ui/react-dismissable-layer/-/react-dismissable-layer-1.1.11.tgz 0ms (cache hit)
5994 http cache @radix-ui/react-dialog@https://registry.npmjs.org/@radix-ui/react-dialog/-/react-dialog-1.1.15.tgz 0ms (cache hit)
5995 http cache semver@https://registry.npmjs.org/semver/-/semver-7.7.4.tgz 0ms (cache hit)
5996 http cache resolve@https://registry.npmjs.org/resolve/-/resolve-1.22.12.tgz 0ms (cache hit)
5997 http cache glob@https://registry.npmjs.org/glob/-/glob-7.2.3.tgz 0ms (cache hit)
5998 http cache hermes-estree@https://registry.npmjs.org/hermes-estree/-/hermes-estree-0.32.0.tgz 0ms (cache hit)
5999 http cache hermes-parser@https://registry.npmjs.org/hermes-parser/-/hermes-parser-0.32.0.tgz 0ms (cache hit)
6000 http cache hermes-estree@https://registry.npmjs.org/hermes-estree/-/hermes-estree-0.32.0.tgz 0ms (cache hit)
6001 http cache hermes-parser@https://registry.npmjs.org/hermes-parser/-/hermes-parser-0.32.0.tgz 0ms (cache hit)
6002 http cache xmlbuilder@https://registry.npmjs.org/xmlbuilder/-/xmlbuilder-11.0.1.tgz 0ms (cache hit)
6003 http cache commander@https://registry.npmjs.org/commander/-/commander-4.1.1.tgz 0ms (cache hit)
6004 http cache balanced-match@https://registry.npmjs.org/balanced-match/-/balanced-match-4.0.4.tgz 0ms (cache hit)
6005 http cache brace-expansion@https://registry.npmjs.org/brace-expansion/-/brace-expansion-5.0.5.tgz 0ms (cache hit)
6006 http cache minimatch@https://registry.npmjs.org/minimatch/-/minimatch-10.2.5.tgz 0ms (cache hit)
6007 http cache webidl-conversions@https://registry.npmjs.org/webidl-conversions/-/webidl-conversions-5.0.0.tgz 0ms (cache hit)
6008 http cache react-is@https://registry.npmjs.org/react-is/-/react-is-18.3.1.tgz 0ms (cache hit)
6009 http cache ansi-styles@https://registry.npmjs.org/ansi-styles/-/ansi-styles-5.2.0.tgz 0ms (cache hit)
6010 http cache brace-expansion@https://registry.npmjs.org/brace-expansion/-/brace-expansion-2.1.0.tgz 0ms (cache hit)
6011 http cache minimatch@https://registry.npmjs.org/minimatch/-/minimatch-9.0.9.tgz 0ms (cache hit)
6012 http cache brace-expansion@https://registry.npmjs.org/brace-expansion/-/brace-expansion-2.1.0.tgz 0ms (cache hit)
6013 http cache semver@https://registry.npmjs.org/semver/-/semver-7.7.4.tgz 0ms (cache hit)
6014 http cache minimatch@https://registry.npmjs.org/minimatch/-/minimatch-9.0.9.tgz 0ms (cache hit)
6015 http cache semver@https://registry.npmjs.org/semver/-/semver-7.7.4.tgz 0ms (cache hit)
6016 http cache semver@https://registry.npmjs.org/semver/-/semver-7.7.4.tgz 0ms (cache hit)
6017 http cache @babel/code-frame@https://registry.npmjs.org/@babel/code-frame/-/code-frame-7.10.4.tgz 0ms (cache hit)
6018 http cache react-is@https://registry.npmjs.org/react-is/-/react-is-16.13.1.tgz 0ms (cache hit)
6019 http cache json5@https://registry.npmjs.org/json5/-/json5-1.0.2.tgz 0ms (cache hit)
6020 http cache debug@https://registry.npmjs.org/debug/-/debug-3.2.7.tgz 0ms (cache hit)
6021 http cache debug@https://registry.npmjs.org/debug/-/debug-3.2.7.tgz 0ms (cache hit)
6022 http cache semver@https://registry.npmjs.org/semver/-/semver-7.7.4.tgz 0ms (cache hit)
6023 http cache picomatch@https://registry.npmjs.org/picomatch/-/picomatch-4.0.4.tgz 0ms (cache hit)
6024 http cache fdir@https://registry.npmjs.org/fdir/-/fdir-6.5.0.tgz 0ms (cache hit)
6025 http cache balanced-match@https://registry.npmjs.org/balanced-match/-/balanced-match-4.0.4.tgz 0ms (cache hit)
6026 http cache brace-expansion@https://registry.npmjs.org/brace-expansion/-/brace-expansion-5.0.5.tgz 0ms (cache hit)
6027 http cache semver@https://registry.npmjs.org/semver/-/semver-7.7.4.tgz 0ms (cache hit)
6028 http cache minimatch@https://registry.npmjs.org/minimatch/-/minimatch-10.2.5.tgz 0ms (cache hit)
6029 http cache eslint-visitor-keys@https://registry.npmjs.org/eslint-visitor-keys/-/eslint-visitor-keys-5.0.1.tgz 0ms (cache hit)
6030 http cache debug@https://registry.npmjs.org/debug/-/debug-3.2.7.tgz 0ms (cache hit)
6031 http cache ignore@https://registry.npmjs.org/ignore/-/ignore-7.0.5.tgz 0ms (cache hit)
6032 http cache resolve-from@https://registry.npmjs.org/resolve-from/-/resolve-from-4.0.0.tgz 0ms (cache hit)
6033 http cache eslint-visitor-keys@https://registry.npmjs.org/eslint-visitor-keys/-/eslint-visitor-keys-3.4.3.tgz 0ms (cache hit)
6034 http cache memoize-one@https://registry.npmjs.org/memoize-one/-/memoize-one-6.0.0.tgz 0ms (cache hit)
6035 http cache semver@https://registry.npmjs.org/semver/-/semver-7.7.2.tgz 0ms (cache hit)
6036 http cache @react-native/normalize-colors@https://registry.npmjs.org/@react-native/normalize-colors/-/normalize-colors-0.74.89.tgz 0ms (cache hit)
6037 http cache semver@https://registry.npmjs.org/semver/-/semver-7.7.4.tgz 0ms (cache hit)
6038 http cache @radix-ui/react-collection@https://registry.npmjs.org/@radix-ui/react-collection/-/react-collection-1.1.7.tgz 0ms (cache hit)
6039 http cache @radix-ui/react-roving-focus@https://registry.npmjs.org/@radix-ui/react-roving-focus/-/react-roving-focus-1.1.11.tgz 0ms (cache hit)
6040 http cache @radix-ui/react-slot@https://registry.npmjs.org/@radix-ui/react-slot/-/react-slot-1.2.3.tgz 0ms (cache hit)
6041 http cache @radix-ui/react-presence@https://registry.npmjs.org/@radix-ui/react-presence/-/react-presence-1.1.5.tgz 0ms (cache hit)
6042 http cache semver@https://registry.npmjs.org/semver/-/semver-7.6.3.tgz 0ms (cache hit)
6043 http cache @radix-ui/react-primitive@https://registry.npmjs.org/@radix-ui/react-primitive/-/react-primitive-2.1.3.tgz 0ms (cache hit)
6044 http cache @radix-ui/react-tabs@https://registry.npmjs.org/@radix-ui/react-tabs/-/react-tabs-1.1.13.tgz 0ms (cache hit)
6045 http cache globals@https://registry.npmjs.org/globals/-/globals-16.5.0.tgz 0ms (cache hit)
6046 http cache @radix-ui/react-slot@https://registry.npmjs.org/@radix-ui/react-slot/-/react-slot-1.2.3.tgz 0ms (cache hit)
6047 http cache ws@https://registry.npmjs.org/ws/-/ws-6.2.3.tgz 0ms (cache hit)
6048 http cache semver@https://registry.npmjs.org/semver/-/semver-7.7.4.tgz 0ms (cache hit)
6049 http cache glob@https://registry.npmjs.org/glob/-/glob-7.2.3.tgz 0ms (cache hit)
6050 http cache commander@https://registry.npmjs.org/commander/-/commander-12.1.0.tgz 0ms (cache hit)
6051 http cache @react-native/virtualized-lists@https://registry.npmjs.org/@react-native/virtualized-lists/-/virtualized-lists-0.81.5.tgz 0ms (cache hit)
6052 http cache brace-expansion@https://registry.npmjs.org/brace-expansion/-/brace-expansion-2.1.0.tgz 0ms (cache hit)
6053 http cache ws@https://registry.npmjs.org/ws/-/ws-8.20.0.tgz 0ms (cache hit)
6054 http cache semver@https://registry.npmjs.org/semver/-/semver-7.7.4.tgz 0ms (cache hit)
6055 http cache resolve@https://registry.npmjs.org/resolve/-/resolve-1.22.12.tgz 0ms (cache hit)
6056 http cache picomatch@https://registry.npmjs.org/picomatch/-/picomatch-3.0.2.tgz 0ms (cache hit)
6057 http cache minimatch@https://registry.npmjs.org/minimatch/-/minimatch-9.0.9.tgz 0ms (cache hit)
6058 http cache ci-info@https://registry.npmjs.org/ci-info/-/ci-info-3.9.0.tgz 0ms (cache hit)
6059 http cache @expo/cli@https://registry.npmjs.org/@expo/cli/-/cli-54.0.23.tgz 0ms (cache hit)
6060 warn deprecated inflight@1.0.6: This module is not supported, and leaks memory. Do not use it. Check out lru-cache if you want a good and tested way to coalesce async requests by a key value, which is much more comprehensive and powerful.
6061 http fetch POST 200 https://registry.npmjs.org/-/npm/v1/security/advisories/bulk 1373ms
6062 silly audit report {}
6063 warn deprecated rimraf@3.0.2: Rimraf versions prior to v4 are no longer supported
6064 warn deprecated glob@7.2.3: Old versions of glob are not supported, and contain widely publicized security vulnerabilities, which have been fixed in the current version. Please update. Support for old versions may be purchased (at exorbitant rates) by contacting i@izs.me
6065 warn deprecated glob@7.2.3: Old versions of glob are not supported, and contain widely publicized security vulnerabilities, which have been fixed in the current version. Please update. Support for old versions may be purchased (at exorbitant rates) by contacting i@izs.me
6066 warn deprecated glob@7.2.3: Old versions of glob are not supported, and contain widely publicized security vulnerabilities, which have been fixed in the current version. Please update. Support for old versions may be purchased (at exorbitant rates) by contacting i@izs.me
6067 warn deprecated glob@7.2.3: Old versions of glob are not supported, and contain widely publicized security vulnerabilities, which have been fixed in the current version. Please update. Support for old versions may be purchased (at exorbitant rates) by contacting i@izs.me
6068 info run fsevents@2.3.3 install node_modules/fsevents node-gyp rebuild
6069 info run fsevents@2.3.3 install { code: 1, signal: null }
6070 verbose reify failed optional dependency /Users/dhyey/Documents/GitHub/GlobeHack/driver-app/node_modules/fsevents
6071 silly reify mark deleted [
6071 silly reify   '/Users/dhyey/Documents/GitHub/GlobeHack/driver-app/node_modules/fsevents'
6071 silly reify ]
6072 info run unrs-resolver@1.11.1 postinstall node_modules/unrs-resolver napi-postinstall unrs-resolver 1.11.1 check
6073 info run unrs-resolver@1.11.1 postinstall { code: 0, signal: null }
6074 silly ADD node_modules/@radix-ui/react-use-escape-keydown
6075 silly ADD node_modules/detect-node-es
6076 silly ADD node_modules/get-nonce
6077 silly ADD node_modules/use-sidecar
6078 silly ADD node_modules/use-callback-ref
6079 silly ADD node_modules/react-style-singleton
6080 silly ADD node_modules/react-remove-scroll-bar
6081 silly ADD node_modules/react-remove-scroll
6082 silly ADD node_modules/aria-hidden
6083 silly ADD node_modules/@radix-ui/react-focus-guards
6084 silly ADD node_modules/define-lazy-prop
6085 silly ADD node_modules/clone
6086 silly ADD node_modules/defaults
6087 silly ADD node_modules/supports-hyperlinks
6088 silly ADD node_modules/ansi-escapes
6089 silly ADD node_modules/ansi-escapes/node_modules/type-fest
6090 silly ADD node_modules/minizlib
6091 silly ADD node_modules/chownr
6092 silly ADD node_modules/@isaacs/fs-minipass
6093 silly ADD node_modules/mimic-fn
6094 silly ADD node_modules/onetime
6095 silly ADD node_modules/ini
6096 silly ADD node_modules/deep-extend
6097 silly ADD node_modules/rc
6098 silly ADD node_modules/rc/node_modules/strip-json-comments
6099 silly ADD node_modules/nested-error-stacks
6100 silly ADD node_modules/sisteransi
6101 silly ADD node_modules/kleur
6102 silly ADD node_modules/restore-cursor
6103 silly ADD node_modules/wcwidth
6104 silly ADD node_modules/log-symbols
6105 silly ADD node_modules/log-symbols/node_modules/has-flag
6106 silly ADD node_modules/log-symbols/node_modules/color-name
6107 silly ADD node_modules/log-symbols/node_modules/color-convert
6108 silly ADD node_modules/log-symbols/node_modules/supports-color
6109 silly ADD node_modules/log-symbols/node_modules/escape-string-regexp
6110 silly ADD node_modules/log-symbols/node_modules/ansi-styles
6111 silly ADD node_modules/log-symbols/node_modules/chalk
6112 silly ADD node_modules/cli-spinners
6113 silly ADD node_modules/cli-cursor
6114 silly ADD node_modules/validate-npm-package-name
6115 silly ADD node_modules/proc-log
6116 silly ADD node_modules/hosted-git-info
6117 silly ADD node_modules/hosted-git-info/node_modules/lru-cache
6118 silly ADD node_modules/vary
6119 silly ADD node_modules/safe-buffer
6120 silly ADD node_modules/on-headers
6121 silly ADD node_modules/compressible
6122 silly ADD node_modules/bytes
6123 silly ADD node_modules/wonka
6124 silly ADD node_modules/@expo/sudo-prompt
6125 silly ADD node_modules/undici
6126 silly ADD node_modules/terminal-link
6127 silly ADD node_modules/tar
6128 silly ADD node_modules/tar/node_modules/yallist
6129 silly ADD node_modules/structured-headers
6130 silly ADD node_modules/resolve.exports
6131 silly ADD node_modules/requireg
6132 silly ADD node_modules/requireg/node_modules/resolve
6133 silly ADD node_modules/qrcode-terminal
6134 silly ADD node_modules/prompts
6135 silly ADD node_modules/progress
6136 silly ADD node_modules/pretty-bytes
6137 silly ADD node_modules/ora
6138 silly ADD node_modules/ora/node_modules/has-flag
6139 silly ADD node_modules/ora/node_modules/ansi-regex
6140 silly ADD node_modules/ora/node_modules/color-name
6141 silly ADD node_modules/ora/node_modules/color-convert
6142 silly ADD node_modules/ora/node_modules/supports-color
6143 silly ADD node_modules/ora/node_modules/escape-string-regexp
6144 silly ADD node_modules/ora/node_modules/ansi-styles
6145 silly ADD node_modules/ora/node_modules/strip-ansi
6146 silly ADD node_modules/ora/node_modules/chalk
6147 silly ADD node_modules/npm-package-arg
6148 silly ADD node_modules/npm-package-arg/node_modules/semver
6149 silly ADD node_modules/node-forge
6150 silly ADD node_modules/lan-network
6151 silly ADD node_modules/freeport-async
6152 silly ADD node_modules/env-editor
6153 silly ADD node_modules/compression
6154 silly ADD node_modules/compression/node_modules/ms
6155 silly ADD node_modules/compression/node_modules/negotiator
6156 silly ADD node_modules/compression/node_modules/debug
6157 silly ADD node_modules/better-opn
6158 silly ADD node_modules/better-opn/node_modules/open
6159 silly ADD node_modules/@urql/exchange-retry
6160 silly ADD node_modules/@urql/core
6161 silly ADD node_modules/@expo/xcpretty
6162 silly ADD node_modules/@expo/ws-tunnel
6163 silly ADD node_modules/@expo/package-manager
6164 silly ADD node_modules/@expo/osascript
6165 silly ADD node_modules/@expo/devcert
6166 silly ADD node_modules/@expo/devcert/node_modules/debug
6167 silly ADD node_modules/@expo/code-signing-certificates
6168 silly ADD node_modules/@0no-co/graphql.web
6169 silly ADD node_modules/@radix-ui/react-use-callback-ref
6170 silly ADD node_modules/@radix-ui/react-use-effect-event
6171 silly ADD node_modules/@radix-ui/react-use-layout-effect
6172 silly ADD node_modules/@radix-ui/react-use-controllable-state
6173 silly ADD node_modules/@radix-ui/react-id
6174 silly ADD node_modules/@radix-ui/react-direction
6175 silly ADD node_modules/@radix-ui/react-context
6176 silly ADD node_modules/@radix-ui/primitive
6177 silly ADD node_modules/async-limiter
6178 silly ADD node_modules/wrappy
6179 silly ADD node_modules/path-is-absolute
6180 silly ADD node_modules/once
6181 silly ADD node_modules/inflight
6182 silly ADD node_modules/fs.realpath
6183 silly ADD node_modules/p-try
6184 silly ADD node_modules/sprintf-js
6185 silly ADD node_modules/esprima
6186 silly ADD node_modules/@babel/highlight
6187 silly ADD node_modules/@babel/highlight/node_modules/has-flag
6188 silly ADD node_modules/@babel/highlight/node_modules/color-name
6189 silly ADD node_modules/@babel/highlight/node_modules/color-convert
6190 silly ADD node_modules/@babel/highlight/node_modules/supports-color
6191 silly ADD node_modules/@babel/highlight/node_modules/escape-string-regexp
6192 silly ADD node_modules/@babel/highlight/node_modules/ansi-styles
6193 silly ADD node_modules/@babel/highlight/node_modules/chalk
6194 silly ADD node_modules/is-fullwidth-code-point
6195 silly ADD node_modules/emoji-regex
6196 silly ADD node_modules/wrap-ansi
6197 silly ADD node_modules/strip-ansi
6198 silly ADD node_modules/yargs-parser
6199 silly ADD node_modules/y18n
6200 silly ADD node_modules/string-width
6201 silly ADD node_modules/require-directory
6202 silly ADD node_modules/get-caller-file
6203 silly ADD node_modules/cliui
6204 silly ADD node_modules/sax
6205 silly ADD node_modules/big-integer
6206 silly ADD node_modules/stream-buffers
6207 silly ADD node_modules/plist
6208 silly ADD node_modules/bplist-parser
6209 silly ADD node_modules/bplist-creator
6210 silly ADD node_modules/uuid
6211 silly ADD node_modules/simple-plist
6212 silly ADD node_modules/signal-exit
6213 silly ADD node_modules/is-weakset
6214 silly ADD node_modules/is-weakmap
6215 silly ADD node_modules/is-map
6216 silly ADD node_modules/generator-function
6217 silly ADD node_modules/async-function
6218 silly ADD node_modules/which-collection
6219 silly ADD node_modules/is-generator-function
6220 silly ADD node_modules/is-finalizationregistry
6221 silly ADD node_modules/is-async-function
6222 silly ADD node_modules/is-number-object
6223 silly ADD node_modules/is-boolean-object
6224 silly ADD node_modules/is-bigint
6225 silly ADD node_modules/isexe
6226 silly ADD node_modules/ieee754
6227 silly ADD node_modules/buffer
6228 silly ADD node_modules/webidl-conversions
6229 silly ADD node_modules/tr46
6230 silly ADD node_modules/tmpl
6231 silly ADD node_modules/makeerror
6232 silly ADD node_modules/punycode
6233 silly ADD node_modules/escalade
6234 silly ADD node_modules/tslib
6235 silly ADD node_modules/napi-postinstall
6236 silly ADD node_modules/@unrs/resolver-binding-darwin-arm64
6237 silly ADD node_modules/unicode-property-aliases-ecmascript
6238 silly ADD node_modules/unicode-canonical-property-names-ecmascript
6239 silly ADD node_modules/which-boxed-primitive
6240 silly ADD node_modules/has-bigints
6241 silly ADD node_modules/which-builtin-type
6242 silly ADD node_modules/reflect.getprototypeof
6243 silly ADD node_modules/for-each
6244 silly ADD node_modules/strip-bom
6245 silly ADD node_modules/minimist
6246 silly ADD node_modules/@types/json5
6247 silly ADD node_modules/is-number
6248 silly ADD node_modules/thenify
6249 silly ADD node_modules/buffer-from
6250 silly ADD node_modules/source-map-support
6251 silly ADD node_modules/source-map-support/node_modules/source-map
6252 silly ADD node_modules/@jridgewell/source-map
6253 silly ADD node_modules/has-flag
6254 silly ADD node_modules/thenify-all
6255 silly ADD node_modules/any-promise
6256 silly ADD node_modules/ts-interface-checker
6257 silly ADD node_modules/mz
6258 silly ADD node_modules/lines-and-columns
6259 silly ADD node_modules/type-fest
6260 silly ADD node_modules/xmlhttprequest-ssl
6261 silly ADD node_modules/engine.io-parser
6262 silly ADD node_modules/socket.io-parser
6263 silly ADD node_modules/engine.io-client
6264 silly ADD node_modules/engine.io-client/node_modules/ws
6265 silly ADD node_modules/@socket.io/component-emitter
6266 silly ADD node_modules/is-arrayish
6267 silly ADD node_modules/side-channel-weakmap
6268 silly ADD node_modules/side-channel-map
6269 silly ADD node_modules/side-channel-list
6270 silly ADD node_modules/shebang-regex
6271 silly ADD node_modules/toidentifier
6272 silly ADD node_modules/setprototypeof
6273 silly ADD node_modules/range-parser
6274 silly ADD node_modules/mime
6275 silly ADD node_modules/http-errors
6276 silly ADD node_modules/http-errors/node_modules/statuses
6277 silly ADD node_modules/fresh
6278 silly ADD node_modules/etag
6279 silly ADD node_modules/destroy
6280 silly ADD node_modules/depd
6281 silly ADD node_modules/send
6282 silly ADD node_modules/send/node_modules/statuses
6283 silly ADD node_modules/send/node_modules/on-finished
6284 silly ADD node_modules/send/node_modules/encodeurl
6285 silly ADD node_modules/send/node_modules/debug
6286 silly ADD node_modules/send/node_modules/debug/node_modules/ms
6287 silly ADD node_modules/isarray
6288 silly ADD node_modules/supports-preserve-symlinks-flag
6289 silly ADD node_modules/path-parse
6290 silly ADD node_modules/node-exports-info
6291 silly ADD node_modules/unicode-match-property-value-ecmascript
6292 silly ADD node_modules/unicode-match-property-ecmascript
6293 silly ADD node_modules/regjsparser
6294 silly ADD node_modules/regjsgen
6295 silly ADD node_modules/regenerate-unicode-properties
6296 silly ADD node_modules/regenerate
6297 silly ADD node_modules/@babel/plugin-transform-template-literals
6298 silly ADD node_modules/whatwg-url
6299 silly ADD node_modules/hyphenate-style-name
6300 silly ADD node_modules/css-in-js-utils
6301 silly ADD node_modules/node-fetch
6302 silly ADD node_modules/ua-parser-js
6303 silly ADD node_modules/setimmediate
6304 silly ADD node_modules/fbjs-css-vars
6305 silly ADD node_modules/cross-fetch
6306 silly ADD node_modules/styleq
6307 silly ADD node_modules/postcss-value-parser
6308 silly ADD node_modules/inline-style-prefixer
6309 silly ADD node_modules/fbjs
6310 silly ADD node_modules/fbjs/node_modules/promise
6311 silly ADD node_modules/entities
6312 silly ADD node_modules/dom-serializer
6313 silly ADD node_modules/domelementtype
6314 silly ADD node_modules/mdn-data
6315 silly ADD node_modules/nth-check
6316 silly ADD node_modules/domutils
6317 silly ADD node_modules/domhandler
6318 silly ADD node_modules/css-what
6319 silly ADD node_modules/boolbase
6320 silly ADD node_modules/css-tree
6321 silly ADD node_modules/css-tree/node_modules/source-map
6322 silly ADD node_modules/css-select
6323 silly ADD node_modules/react-freeze
6324 silly ADD node_modules/@types/hammerjs
6325 silly ADD node_modules/hoist-non-react-statics
6326 silly ADD node_modules/hoist-non-react-statics/node_modules/react-is
6327 silly ADD node_modules/@egjs/hammerjs
6328 silly ADD node_modules/shell-quote
6329 silly ADD node_modules/asap
6330 silly ADD node_modules/marky
6331 silly ADD node_modules/stack-utils
6332 silly ADD node_modules/stack-utils/node_modules/escape-string-regexp
6333 silly ADD node_modules/@types/stack-utils
6334 silly ADD node_modules/normalize-path
6335 silly ADD
6336 silly ADD node_modules/anymatch
6337 silly ADD node_modules/@types/graceful-fs
6338 silly ADD node_modules/type-detect
6339 silly ADD node_modules/@sinonjs/commons
6340 silly ADD node_modules/jest-message-util
6341 silly ADD node_modules/@sinonjs/fake-timers
6342 silly ADD node_modules/jest-mock
6343 silly ADD node_modules/@jest/fake-timers
6344 silly ADD node_modules/@jest/environment
6345 silly ADD node_modules/istanbul-lib-coverage
6346 silly ADD node_modules/is-docker
6347 silly ADD node_modules/rimraf
6348 silly ADD node_modules/rimraf/node_modules/glob
6349 silly ADD node_modules/mkdirp
6350 silly ADD node_modules/lighthouse-logger
6351 silly ADD node_modules/lighthouse-logger/node_modules/ms
6352 silly ADD node_modules/lighthouse-logger/node_modules/debug
6353 silly ADD node_modules/is-wsl
6354 silly ADD node_modules/@babel/plugin-syntax-top-level-await
6355 silly ADD node_modules/@babel/plugin-syntax-private-property-in-object
6356 silly ADD node_modules/@babel/plugin-syntax-optional-catch-binding
6357 silly ADD node_modules/@babel/plugin-syntax-object-rest-spread
6358 silly ADD node_modules/@babel/plugin-syntax-numeric-separator
6359 silly ADD node_modules/@babel/plugin-syntax-logical-assignment-operators
6360 silly ADD node_modules/@babel/plugin-syntax-json-strings
6361 silly ADD node_modules/@babel/plugin-syntax-import-meta
6362 silly ADD node_modules/@babel/plugin-syntax-import-attributes
6363 silly ADD node_modules/@babel/plugin-syntax-class-static-block
6364 silly ADD node_modules/@babel/plugin-syntax-class-properties
6365 silly ADD node_modules/@babel/plugin-syntax-bigint
6366 silly ADD node_modules/@babel/plugin-syntax-async-generators
6367 silly ADD node_modules/babel-preset-current-node-syntax
6368 silly ADD node_modules/babel-plugin-jest-hoist
6369 silly ADD node_modules/get-package-type
6370 silly ADD node_modules/test-exclude
6371 silly ADD node_modules/test-exclude/node_modules/glob
6372 silly ADD node_modules/istanbul-lib-instrument
6373 silly ADD node_modules/@istanbuljs/schema
6374 silly ADD node_modules/@istanbuljs/load-nyc-config
6375 silly ADD node_modules/@istanbuljs/load-nyc-config/node_modules/p-limit
6376 silly ADD node_modules/@istanbuljs/load-nyc-config/node_modules/p-locate
6377 silly ADD node_modules/@istanbuljs/load-nyc-config/node_modules/argparse
6378 silly ADD node_modules/@istanbuljs/load-nyc-config/node_modules/locate-path
6379 silly ADD node_modules/@istanbuljs/load-nyc-config/node_modules/js-yaml
6380 silly ADD node_modules/@istanbuljs/load-nyc-config/node_modules/find-up
6381 silly ADD node_modules/@istanbuljs/load-nyc-config/node_modules/camelcase
6382 silly ADD node_modules/@types/babel__traverse
6383 silly ADD node_modules/@types/babel__template
6384 silly ADD node_modules/@types/babel__generator
6385 silly ADD node_modules/write-file-atomic
6386 silly ADD node_modules/pirates
6387 silly ADD node_modules/jest-regex-util
6388 silly ADD node_modules/jest-haste-map
6389 silly ADD node_modules/babel-preset-jest
6390 silly ADD node_modules/babel-plugin-istanbul
6391 silly ADD node_modules/@types/babel__core
6392 silly ADD node_modules/@jest/transform
6393 silly ADD node_modules/event-target-shim
6394 silly ADD node_modules/serve-static
6395 silly ADD node_modules/serve-static/node_modules/encodeurl
6396 silly ADD node_modules/open
6397 silly ADD node_modules/chromium-edge-launcher
6398 silly ADD node_modules/chrome-launcher
6399 silly ADD node_modules/@react-native/debugger-frontend
6400 silly ADD node_modules/@isaacs/ttlcache
6401 silly ADD node_modules/@react-native/dev-middleware
6402 silly ADD node_modules/@react-native/dev-middleware/node_modules/ws
6403 silly ADD node_modules/regenerator-runtime
6404 silly ADD node_modules/react-devtools-core
6405 silly ADD node_modules/promise
6406 silly ADD node_modules/memoize-one
6407 silly ADD node_modules/jest-environment-node
6408 silly ADD node_modules/babel-jest
6409 silly ADD node_modules/ansi-regex
6410 silly ADD node_modules/abort-controller
6411 silly ADD node_modules/@react-native/js-polyfills
6412 silly ADD node_modules/@react-native/gradle-plugin
6413 silly ADD node_modules/@react-native/community-cli-plugin
6414 silly ADD node_modules/@react-native/community-cli-plugin/node_modules/semver
6415 silly ADD node_modules/@react-native/assets-registry
6416 silly ADD node_modules/@jest/create-cache-key-function
6417 silly ADD node_modules/scheduler
6418 silly ADD node_modules/inherits
6419 silly ADD node_modules/strict-uri-encode
6420 silly ADD node_modules/split-on-first
6421 silly ADD node_modules/filter-obj
6422 silly ADD node_modules/decode-uri-component
6423 silly ADD node_modules/object-assign
6424 silly ADD node_modules/source-map-js
6425 silly ADD node_modules/pngjs
6426 silly ADD node_modules/callsites
6427 silly ADD node_modules/yocto-queue
6428 silly ADD node_modules/word-wrap
6429 silly ADD node_modules/fast-levenshtein
6430 silly ADD node_modules/deep-is
6431 silly ADD node_modules/ee-first
6432 silly ADD node_modules/concat-map
6433 silly ADD node_modules/balanced-match
6434 silly ADD node_modules/brace-expansion
6435 silly ADD node_modules/mime-db
6436 silly ADD node_modules/to-regex-range
6437 silly ADD node_modules/fill-range
6438 silly ADD node_modules/braces
6439 silly ADD node_modules/vlq
6440 silly ADD node_modules/ob1
6441 silly ADD node_modules/@babel/traverse--for-generate-function-map
6442 silly ADD node_modules/terser
6443 silly ADD node_modules/terser/node_modules/commander
6444 silly ADD node_modules/node-int64
6445 silly ADD node_modules/bser
6446 silly ADD node_modules/walker
6447 silly ADD node_modules/micromatch
6448 silly ADD node_modules/fb-watchman
6449 silly ADD node_modules/leven
6450 silly ADD node_modules/jest-get-type
6451 silly ADD node_modules/camelcase
6452 silly ADD node_modules/yaml
6453 silly ADD node_modules/jest-validate
6454 silly ADD node_modules/agent-base
6455 silly ADD node_modules/https-proxy-agent
6456 silly ADD node_modules/exponential-backoff
6457 silly ADD node_modules/@types/yargs-parser
6458 silly ADD node_modules/@types/istanbul-lib-report
6459 silly ADD node_modules/@sinclair/typebox
6460 silly ADD node_modules/@types/yargs
6461 silly ADD node_modules/@types/istanbul-reports
6462 silly ADD node_modules/@types/istanbul-lib-coverage
6463 silly ADD node_modules/@jest/schemas
6464 silly ADD node_modules/picomatch
6465 silly ADD node_modules/@jest/types
6466 silly ADD node_modules/undici-types
6467 silly ADD node_modules/merge-stream
6468 silly ADD node_modules/jest-util
6469 silly ADD node_modules/jest-util/node_modules/ci-info
6470 silly ADD node_modules/@types/node
6471 silly ADD node_modules/queue
6472 silly ADD node_modules/unpipe
6473 silly ADD node_modules/statuses
6474 silly ADD node_modules/on-finished
6475 silly ADD node_modules/escape-html
6476 silly ADD node_modules/encodeurl
6477 silly ADD node_modules/stackframe
6478 silly ADD node_modules/utils-merge
6479 silly ADD node_modules/parseurl
6480 silly ADD node_modules/finalhandler
6481 silly ADD node_modules/finalhandler/node_modules/ms
6482 silly ADD node_modules/finalhandler/node_modules/debug
6483 silly ADD node_modules/negotiator
6484 silly ADD node_modules/ws
6485 silly ADD node_modules/throat
6486 silly ADD node_modules/source-map
6487 silly ADD node_modules/serialize-error
6488 silly ADD node_modules/mime-types
6489 silly ADD node_modules/lodash.throttle
6490 silly ADD node_modules/jest-worker
6491 silly ADD node_modules/jest-worker/node_modules/supports-color
6492 silly ADD node_modules/image-size
6493 silly ADD node_modules/graceful-fs
6494 silly ADD node_modules/flow-enums-runtime
6495 silly ADD node_modules/error-stack-parser
6496 silly ADD node_modules/connect
6497 silly ADD node_modules/connect/node_modules/ms
6498 silly ADD node_modules/connect/node_modules/debug
6499 silly ADD node_modules/ci-info
6500 silly ADD node_modules/accepts
6501 silly ADD node_modules/yallist
6502 silly ADD node_modules/p-locate
6503 silly ADD node_modules/lightningcss-darwin-arm64
6504 silly ADD node_modules/detect-libc
6505 silly ADD node_modules/type-check
6506 silly ADD node_modules/prelude-ls
6507 silly ADD node_modules/json-buffer
6508 silly ADD node_modules/argparse
6509 silly ADD node_modules/set-function-name
6510 silly ADD node_modules/is-extglob
6511 silly ADD node_modules/loose-envify
6512 silly ADD node_modules/side-channel
6513 silly ADD node_modules/parent-module
6514 silly ADD node_modules/hermes-estree
6515 silly ADD node_modules/path-scurry
6516 silly ADD node_modules/path-scurry/node_modules/lru-cache
6517 silly ADD node_modules/minipass
6518 silly ADD node_modules/resolve-pkg-maps
6519 silly ADD node_modules/dunder-proto
6520 silly ADD node_modules/functions-have-names
6521 silly ADD node_modules/keyv
6522 silly ADD node_modules/flatted
6523 silly ADD node_modules/path-exists
6524 silly ADD node_modules/locate-path
6525 silly ADD node_modules/flat-cache
6526 silly ADD node_modules/@react-native/normalize-colors
6527 silly ADD node_modules/@expo/prebuild-config
6528 silly ADD node_modules/@expo/prebuild-config/node_modules/semver
6529 silly ADD node_modules/warn-once
6530 silly ADD node_modules/@radix-ui/react-compose-refs
6531 silly ADD node_modules/whatwg-fetch
6532 silly ADD node_modules/stacktrace-parser
6533 silly ADD node_modules/anser
6534 silly ADD node_modules/vaul
6535 silly ADD node_modules/vaul/node_modules/@radix-ui/react-slot
6536 silly ADD node_modules/vaul/node_modules/@radix-ui/react-primitive
6537 silly ADD node_modules/vaul/node_modules/@radix-ui/react-presence
6538 silly ADD node_modules/vaul/node_modules/@radix-ui/react-portal
6539 silly ADD node_modules/vaul/node_modules/@radix-ui/react-focus-scope
6540 silly ADD node_modules/vaul/node_modules/@radix-ui/react-dismissable-layer
6541 silly ADD node_modules/vaul/node_modules/@radix-ui/react-dialog
6542 silly ADD node_modules/shallowequal
6543 silly ADD node_modules/server-only
6544 silly ADD node_modules/react-native-is-edge-to-edge
6545 silly ADD node_modules/react-fast-compare
6546 silly ADD node_modules/expo-server
6547 silly ADD node_modules/client-only
6548 silly ADD node_modules/@react-navigation/native-stack
6549 silly ADD node_modules/@radix-ui/react-slot
6550 silly ADD node_modules/@expo/schema-utils
6551 silly ADD node_modules/@expo/metro-runtime
6552 silly ADD node_modules/commander
6553 silly ADD node_modules/fontfaceobserver
6554 silly ADD node_modules/parse-png
6555 silly ADD node_modules/jimp-compact
6556 silly ADD node_modules/@expo/require-utils
6557 silly ADD node_modules/@expo/image-utils
6558 silly ADD node_modules/@expo/image-utils/node_modules/semver
6559 silly ADD node_modules/core-js-compat
6560 silly ADD node_modules/lodash.debounce
6561 silly ADD node_modules/@babel/helper-define-polyfill-provider
6562 silly ADD node_modules/@babel/helper-define-polyfill-provider/node_modules/resolve
6563 silly ADD node_modules/yargs
6564 silly ADD node_modules/nullthrows
6565 silly ADD node_modules/invariant
6566 silly ADD node_modules/@react-native/codegen
6567 silly ADD node_modules/@react-native/codegen/node_modules/glob
6568 silly ADD node_modules/regexpu-core
6569 silly ADD node_modules/@babel/helper-create-regexp-features-plugin
6570 silly ADD node_modules/@babel/helper-wrap-function
6571 silly ADD node_modules/@babel/helper-remap-async-to-generator
6572 silly ADD node_modules/@react-native/babel-plugin-codegen
6573 silly ADD node_modules/@babel/plugin-transform-unicode-regex
6574 silly ADD node_modules/@babel/plugin-transform-sticky-regex
6575 silly ADD node_modules/@babel/plugin-transform-spread
6576 silly ADD node_modules/@babel/plugin-transform-shorthand-properties
6577 silly ADD node_modules/@babel/plugin-transform-regenerator
6578 silly ADD node_modules/@babel/plugin-transform-react-jsx-source
6579 silly ADD node_modules/@babel/plugin-transform-react-jsx-self
6580 silly ADD node_modules/@babel/plugin-transform-optional-chaining
6581 silly ADD node_modules/@babel/plugin-transform-optional-catch-binding
6582 silly ADD node_modules/@babel/plugin-transform-numeric-separator
6583 silly ADD node_modules/@babel/plugin-transform-nullish-coalescing-operator
6584 silly ADD node_modules/@babel/plugin-transform-named-capturing-groups-regex
6585 silly ADD node_modules/@babel/plugin-transform-logical-assignment-operators
6586 silly ADD node_modules/@babel/plugin-transform-literals
6587 silly ADD node_modules/@babel/plugin-transform-function-name
6588 silly ADD node_modules/@babel/plugin-transform-for-of
6589 silly ADD node_modules/@babel/plugin-transform-computed-properties
6590 silly ADD node_modules/@babel/plugin-transform-classes
6591 silly ADD node_modules/@babel/plugin-transform-class-properties
6592 silly ADD node_modules/@babel/plugin-transform-block-scoping
6593 silly ADD node_modules/@babel/plugin-transform-async-to-generator
6594 silly ADD node_modules/@babel/plugin-transform-async-generator-functions
6595 silly ADD node_modules/@babel/plugin-transform-arrow-functions
6596 silly ADD node_modules/@babel/plugin-syntax-optional-chaining
6597 silly ADD node_modules/@babel/plugin-syntax-nullish-coalescing-operator
6598 silly ADD node_modules/@babel/plugin-syntax-dynamic-import
6599 silly ADD node_modules/@babel/plugin-syntax-typescript
6600 silly ADD node_modules/@babel/plugin-transform-typescript
6601 silly ADD node_modules/@babel/plugin-syntax-jsx
6602 silly ADD node_modules/@babel/plugin-transform-react-pure-annotations
6603 silly ADD node_modules/@babel/plugin-transform-react-jsx-development
6604 silly ADD node_modules/@babel/plugin-transform-react-jsx
6605 silly ADD node_modules/@babel/plugin-transform-react-display-name
6606 silly ADD node_modules/babel-plugin-polyfill-regenerator
6607 silly ADD node_modules/babel-plugin-polyfill-corejs3
6608 silly ADD node_modules/babel-plugin-polyfill-corejs2
6609 silly ADD node_modules/@babel/plugin-transform-destructuring
6610 silly ADD node_modules/@babel/plugin-syntax-flow
6611 silly ADD node_modules/@babel/helper-skip-transparent-expression-wrappers
6612 silly ADD node_modules/@babel/helper-replace-supers
6613 silly ADD node_modules/@babel/helper-optimise-call-expression
6614 silly ADD node_modules/@babel/helper-member-expression-to-functions
6615 silly ADD node_modules/@babel/helper-annotate-as-pure
6616 silly ADD node_modules/@babel/plugin-syntax-decorators
6617 silly ADD node_modules/@babel/helper-plugin-utils
6618 silly ADD node_modules/@babel/helper-create-class-features-plugin
6619 silly ADD node_modules/babel-plugin-transform-flow-enums
6620 silly ADD node_modules/babel-plugin-syntax-hermes-parser
6621 silly ADD node_modules/babel-plugin-react-native-web
6622 silly ADD node_modules/babel-plugin-react-compiler
6623 silly ADD node_modules/@react-native/babel-preset
6624 silly ADD node_modules/@babel/preset-typescript
6625 silly ADD node_modules/@babel/preset-react
6626 silly ADD node_modules/@babel/plugin-transform-runtime
6627 silly ADD node_modules/@babel/plugin-transform-private-property-in-object
6628 silly ADD node_modules/@babel/plugin-transform-private-methods
6629 silly ADD node_modules/@babel/plugin-transform-parameters
6630 silly ADD node_modules/@babel/plugin-transform-object-rest-spread
6631 silly ADD node_modules/@babel/plugin-transform-modules-commonjs
6632 silly ADD node_modules/@babel/plugin-transform-flow-strip-types
6633 silly ADD node_modules/@babel/plugin-transform-export-namespace-from
6634 silly ADD node_modules/@babel/plugin-transform-class-static-block
6635 silly ADD node_modules/@babel/plugin-syntax-export-default-from
6636 silly ADD node_modules/@babel/plugin-proposal-export-default-from
6637 silly ADD node_modules/@babel/plugin-proposal-decorators
6638 silly ADD node_modules/xmlbuilder
6639 silly ADD node_modules/base64-js
6640 silly ADD node_modules/@xmldom/xmldom
6641 silly ADD node_modules/postcss
6642 silly ADD node_modules/lightningcss
6643 silly ADD node_modules/jsc-safe-url
6644 silly ADD node_modules/hermes-parser
6645 silly ADD node_modules/dotenv-expand
6646 silly ADD node_modules/dotenv
6647 silly ADD node_modules/@expo/env
6648 silly ADD node_modules/metro-transform-worker
6649 silly ADD node_modules/metro-transform-plugins
6650 silly ADD node_modules/metro-symbolicate
6651 silly ADD node_modules/metro-source-map
6652 silly ADD node_modules/metro-runtime
6653 silly ADD node_modules/metro-resolver
6654 silly ADD node_modules/metro-minify-terser
6655 silly ADD node_modules/metro-file-map
6656 silly ADD node_modules/metro-core
6657 silly ADD node_modules/metro-config
6658 silly ADD node_modules/metro-cache-key
6659 silly ADD node_modules/metro-cache
6660 silly ADD node_modules/metro-babel-transformer
6661 silly ADD node_modules/metro-babel-transformer/node_modules/hermes-estree
6662 silly ADD node_modules/metro-babel-transformer/node_modules/hermes-parser
6663 silly ADD node_modules/metro
6664 silly ADD node_modules/metro/node_modules/hermes-estree
6665 silly ADD node_modules/metro/node_modules/hermes-parser
6666 silly ADD node_modules/p-limit
6667 silly ADD node_modules/arg
6668 silly ADD node_modules/@expo/spawn-async
6669 silly ADD node_modules/xml2js
6670 silly ADD node_modules/xml2js/node_modules/xmlbuilder
6671 silly ADD node_modules/xcode
6672 silly ADD node_modules/slash
6673 silly ADD node_modules/@expo/sdk-runtime-versions
6674 silly ADD node_modules/@expo/plist
6675 silly ADD node_modules/sucrase
6676 silly ADD node_modules/sucrase/node_modules/commander
6677 silly ADD node_modules/slugify
6678 silly ADD node_modules/resolve-workspace-root
6679 silly ADD node_modules/resolve-from
6680 silly ADD node_modules/require-from-string
6681 silly ADD node_modules/glob
6682 silly ADD node_modules/glob/node_modules/balanced-match
6683 silly ADD node_modules/glob/node_modules/brace-expansion
6684 silly ADD node_modules/glob/node_modules/minimatch
6685 silly ADD node_modules/getenv
6686 silly ADD node_modules/deepmerge
6687 silly ADD node_modules/@expo/json-file
6688 silly ADD node_modules/@expo/config-types
6689 silly ADD node_modules/whatwg-url-without-unicode
6690 silly ADD node_modules/whatwg-url-without-unicode/node_modules/webidl-conversions
6691 silly ADD node_modules/pretty-format
6692 silly ADD node_modules/pretty-format/node_modules/react-is
6693 silly ADD node_modules/pretty-format/node_modules/ansi-styles
6694 silly ADD node_modules/expo-modules-core
6695 silly ADD node_modules/expo-modules-autolinking
6696 silly ADD node_modules/expo-keep-awake
6697 silly ADD node_modules/expo-file-system
6698 silly ADD node_modules/expo-asset
6699 silly ADD node_modules/react-refresh
6700 silly ADD node_modules/babel-preset-expo
6701 silly ADD node_modules/@ungap/structured-clone
6702 silly ADD node_modules/@expo/metro-config
6703 silly ADD node_modules/@expo/metro-config/node_modules/brace-expansion
6704 silly ADD node_modules/@expo/metro-config/node_modules/minimatch
6705 silly ADD node_modules/@expo/metro
6706 silly ADD node_modules/@expo/fingerprint
6707 silly ADD node_modules/@expo/fingerprint/node_modules/brace-expansion
6708 silly ADD node_modules/@expo/fingerprint/node_modules/semver
6709 silly ADD node_modules/@expo/fingerprint/node_modules/minimatch
6710 silly ADD node_modules/@expo/devtools
6711 silly ADD node_modules/@expo/config-plugins
6712 silly ADD node_modules/@expo/config-plugins/node_modules/semver
6713 silly ADD node_modules/@expo/config
6714 silly ADD node_modules/@expo/config/node_modules/semver
6715 silly ADD node_modules/@expo/config/node_modules/@babel/code-frame
6716 silly ADD node_modules/@babel/runtime
6717 silly ADD node_modules/acorn-jsx
6718 silly ADD node_modules/acorn
6719 silly ADD node_modules/esrecurse
6720 silly ADD node_modules/iterator.prototype
6721 silly ADD node_modules/string.prototype.repeat
6722 silly ADD node_modules/string.prototype.matchall
6723 silly ADD node_modules/prop-types
6724 silly ADD node_modules/prop-types/node_modules/react-is
6725 silly ADD node_modules/object.entries
6726 silly ADD node_modules/jsx-ast-utils
6727 silly ADD node_modules/estraverse
6728 silly ADD node_modules/es-iterator-helpers
6729 silly ADD node_modules/array.prototype.tosorted
6730 silly ADD node_modules/array.prototype.findlast
6731 silly ADD node_modules/resolve
6732 silly ADD node_modules/is-symbol
6733 silly ADD node_modules/is-date-object
6734 silly ADD node_modules/has-tostringtag
6735 silly ADD node_modules/possible-typed-array-names
6736 silly ADD node_modules/which-typed-array
6737 silly ADD node_modules/unbox-primitive
6738 silly ADD node_modules/typed-array-length
6739 silly ADD node_modules/typed-array-byte-offset
6740 silly ADD node_modules/typed-array-byte-length
6741 silly ADD node_modules/typed-array-buffer
6742 silly ADD node_modules/string.prototype.trimstart
6743 silly ADD node_modules/string.prototype.trim
6744 silly ADD node_modules/stop-iteration-iterator
6745 silly ADD node_modules/set-proto
6746 silly ADD node_modules/safe-regex-test
6747 silly ADD node_modules/safe-push-apply
6748 silly ADD node_modules/safe-array-concat
6749 silly ADD node_modules/regexp.prototype.flags
6750 silly ADD node_modules/own-keys
6751 silly ADD node_modules/object.assign
6752 silly ADD node_modules/object-inspect
6753 silly ADD node_modules/is-weakref
6754 silly ADD node_modules/is-typed-array
6755 silly ADD node_modules/is-shared-array-buffer
6756 silly ADD node_modules/is-set
6757 silly ADD node_modules/is-regex
6758 silly ADD node_modules/is-negative-zero
6759 silly ADD node_modules/is-data-view
6760 silly ADD node_modules/is-callable
6761 silly ADD node_modules/is-array-buffer
6762 silly ADD node_modules/internal-slot
6763 silly ADD node_modules/has-symbols
6764 silly ADD node_modules/has-proto
6765 silly ADD node_modules/globalthis
6766 silly ADD node_modules/get-symbol-description
6767 silly ADD node_modules/get-proto
6768 silly ADD node_modules/function.prototype.name
6769 silly ADD node_modules/es-to-primitive
6770 silly ADD node_modules/es-set-tostringtag
6771 silly ADD node_modules/data-view-byte-offset
6772 silly ADD node_modules/data-view-byte-length
6773 silly ADD node_modules/data-view-buffer
6774 silly ADD node_modules/available-typed-arrays
6775 silly ADD node_modules/arraybuffer.prototype.slice
6776 silly ADD node_modules/array-buffer-byte-length
6777 silly ADD node_modules/gopd
6778 silly ADD node_modules/object-keys
6779 silly ADD node_modules/has-property-descriptors
6780 silly ADD node_modules/define-data-property
6781 silly ADD node_modules/function-bind
6782 silly ADD node_modules/set-function-length
6783 silly ADD node_modules/es-define-property
6784 silly ADD node_modules/call-bind-apply-helpers
6785 silly ADD node_modules/es-shim-unscopables
6786 silly ADD node_modules/es-errors
6787 silly ADD node_modules/math-intrinsics
6788 silly ADD node_modules/is-string
6789 silly ADD node_modules/get-intrinsic
6790 silly ADD node_modules/es-object-atoms
6791 silly ADD node_modules/es-abstract
6792 silly ADD node_modules/define-properties
6793 silly ADD node_modules/call-bound
6794 silly ADD node_modules/call-bind
6795 silly ADD node_modules/tsconfig-paths
6796 silly ADD node_modules/tsconfig-paths/node_modules/json5
6797 silly ADD node_modules/string.prototype.trimend
6798 silly ADD node_modules/object.values
6799 silly ADD node_modules/object.groupby
6800 silly ADD node_modules/object.fromentries
6801 silly ADD node_modules/is-core-module
6802 silly ADD node_modules/hasown
6803 silly ADD node_modules/eslint-module-utils
6804 silly ADD node_modules/eslint-module-utils/node_modules/debug
6805 silly ADD node_modules/eslint-import-resolver-node
6806 silly ADD node_modules/eslint-import-resolver-node/node_modules/debug
6807 silly ADD node_modules/doctrine
6808 silly ADD node_modules/array.prototype.flatmap
6809 silly ADD node_modules/array.prototype.flat
6810 silly ADD node_modules/array.prototype.findlastindex
6811 silly ADD node_modules/array-includes
6812 silly ADD node_modules/@rtsao/scc
6813 silly ADD node_modules/unrs-resolver
6814 silly ADD node_modules/stable-hash
6815 silly ADD node_modules/is-bun-module
6816 silly ADD node_modules/is-bun-module/node_modules/semver
6817 silly ADD node_modules/get-tsconfig
6818 silly ADD node_modules/@nolyfill/is-core-module
6819 silly ADD node_modules/tinyglobby
6820 silly ADD node_modules/tinyglobby/node_modules/picomatch
6821 silly ADD node_modules/tinyglobby/node_modules/fdir
6822 silly ADD node_modules/@typescript-eslint/tsconfig-utils
6823 silly ADD node_modules/@typescript-eslint/project-service
6824 silly ADD node_modules/@typescript-eslint/typescript-estree
6825 silly ADD node_modules/@typescript-eslint/typescript-estree/node_modules/balanced-match
6826 silly ADD node_modules/@typescript-eslint/typescript-estree/node_modules/brace-expansion
6827 silly ADD node_modules/@typescript-eslint/typescript-estree/node_modules/semver
6828 silly ADD node_modules/@typescript-eslint/typescript-estree/node_modules/minimatch
6829 silly ADD node_modules/@typescript-eslint/types
6830 silly ADD node_modules/ts-api-utils
6831 silly ADD node_modules/@typescript-eslint/visitor-keys
6832 silly ADD node_modules/@typescript-eslint/visitor-keys/node_modules/eslint-visitor-keys
6833 silly ADD node_modules/@typescript-eslint/utils
6834 silly ADD node_modules/@typescript-eslint/type-utils
6835 silly ADD node_modules/@typescript-eslint/scope-manager
6836 silly ADD node_modules/eslint-plugin-react-hooks
6837 silly ADD node_modules/eslint-plugin-react
6838 silly ADD node_modules/eslint-plugin-import
6839 silly ADD node_modules/eslint-plugin-import/node_modules/debug
6840 silly ADD node_modules/eslint-plugin-expo
6841 silly ADD node_modules/eslint-import-resolver-typescript
6842 silly ADD node_modules/@typescript-eslint/parser
6843 silly ADD node_modules/@typescript-eslint/eslint-plugin
6844 silly ADD node_modules/@typescript-eslint/eslint-plugin/node_modules/ignore
6845 silly ADD node_modules/which
6846 silly ADD node_modules/shebang-command
6847 silly ADD node_modules/path-key
6848 silly ADD node_modules/supports-color
6849 silly ADD node_modules/ansi-styles
6850 silly ADD node_modules/uri-js
6851 silly ADD node_modules/json-schema-traverse
6852 silly ADD node_modules/fast-json-stable-stringify
6853 silly ADD node_modules/@humanfs/types
6854 silly ADD node_modules/@humanfs/core
6855 silly ADD node_modules/levn
6856 silly ADD node_modules/strip-json-comments
6857 silly ADD node_modules/js-yaml
6858 silly ADD node_modules/import-fresh
6859 silly ADD node_modules/import-fresh/node_modules/resolve-from
6860 silly ADD node_modules/globals
6861 silly ADD node_modules/@types/json-schema
6862 silly ADD node_modules/@eslint/object-schema
6863 silly ADD node_modules/optionator
6864 silly ADD node_modules/natural-compare
6865 silly ADD node_modules/minimatch
6866 silly ADD node_modules/lodash.merge
6867 silly ADD node_modules/json-stable-stringify-without-jsonify
6868 silly ADD node_modules/is-glob
6869 silly ADD node_modules/imurmurhash
6870 silly ADD node_modules/ignore
6871 silly ADD node_modules/glob-parent
6872 silly ADD node_modules/find-up
6873 silly ADD node_modules/file-entry-cache
6874 silly ADD node_modules/esutils
6875 silly ADD node_modules/esquery
6876 silly ADD node_modules/espree
6877 silly ADD node_modules/eslint-visitor-keys
6878 silly ADD node_modules/eslint-scope
6879 silly ADD node_modules/cross-spawn
6880 silly ADD node_modules/chalk
6881 silly ADD node_modules/ajv
6882 silly ADD node_modules/@types/estree
6883 silly ADD node_modules/@humanwhocodes/retry
6884 silly ADD node_modules/@humanwhocodes/module-importer
6885 silly ADD node_modules/@humanfs/node
6886 silly ADD node_modules/@eslint/plugin-kit
6887 silly ADD node_modules/@eslint/js
6888 silly ADD node_modules/@eslint/eslintrc
6889 silly ADD node_modules/@eslint/core
6890 silly ADD node_modules/@eslint/config-helpers
6891 silly ADD node_modules/@eslint/config-array
6892 silly ADD node_modules/@eslint-community/regexpp
6893 silly ADD node_modules/@eslint-community/eslint-utils
6894 silly ADD node_modules/@eslint-community/eslint-utils/node_modules/eslint-visitor-keys
6895 silly ADD node_modules/ms
6896 silly ADD node_modules/simple-swizzle
6897 silly ADD node_modules/color-name
6898 silly ADD node_modules/color-string
6899 silly ADD node_modules/color-convert
6900 silly ADD node_modules/update-browserslist-db
6901 silly ADD node_modules/node-releases
6902 silly ADD node_modules/electron-to-chromium
6903 silly ADD node_modules/caniuse-lite
6904 silly ADD node_modules/baseline-browser-mapping
6905 silly ADD node_modules/csstype
6906 silly ADD node_modules/react-is
6907 silly ADD node_modules/query-string
6908 silly ADD node_modules/@react-navigation/routers
6909 silly ADD node_modules/nanoid
6910 silly ADD node_modules/fast-deep-equal
6911 silly ADD node_modules/escape-string-regexp
6912 silly ADD node_modules/@react-navigation/core
6913 silly ADD node_modules/use-sync-external-store
6914 silly ADD node_modules/use-latest-callback
6915 silly ADD node_modules/sf-symbols-typescript
6916 silly ADD node_modules/color
6917 silly ADD node_modules/@jridgewell/resolve-uri
6918 silly ADD node_modules/@jridgewell/sourcemap-codec
6919 silly ADD node_modules/@babel/helper-string-parser
6920 silly ADD node_modules/@babel/helper-globals
6921 silly ADD node_modules/@babel/helper-module-imports
6922 silly ADD node_modules/lru-cache
6923 silly ADD node_modules/browserslist
6924 silly ADD node_modules/@babel/helper-validator-option
6925 silly ADD node_modules/@babel/compat-data
6926 silly ADD node_modules/jsesc
6927 silly ADD node_modules/@jridgewell/trace-mapping
6928 silly ADD node_modules/@jridgewell/gen-mapping
6929 silly ADD node_modules/picocolors
6930 silly ADD node_modules/js-tokens
6931 silly ADD node_modules/@babel/helper-validator-identifier
6932 silly ADD node_modules/semver
6933 silly ADD node_modules/json5
6934 silly ADD node_modules/gensync
6935 silly ADD node_modules/debug
6936 silly ADD node_modules/convert-source-map
6937 silly ADD node_modules/@jridgewell/remapping
6938 silly ADD node_modules/@babel/types
6939 silly ADD node_modules/@babel/traverse
6940 silly ADD node_modules/@babel/template
6941 silly ADD node_modules/@babel/parser
6942 silly ADD node_modules/@babel/helpers
6943 silly ADD node_modules/@babel/helper-module-transforms
6944 silly ADD node_modules/@babel/helper-compilation-targets
6945 silly ADD node_modules/@babel/generator
6946 silly ADD node_modules/@babel/code-frame
6947 silly ADD node_modules/typescript
6948 silly ADD node_modules/socket.io-client
6949 silly ADD node_modules/react-native-web
6950 silly ADD node_modules/react-native-web/node_modules/memoize-one
6951 silly ADD node_modules/react-native-web/node_modules/@react-native/normalize-colors
6952 silly ADD node_modules/@babel/core
6953 silly ADD node_modules/react-native-worklets
6954 silly ADD node_modules/react-native-worklets/node_modules/semver
6955 silly ADD node_modules/react-native-reanimated
6956 silly ADD node_modules/react-native-reanimated/node_modules/semver
6957 silly ADD node_modules/react-native-gesture-handler
6958 silly ADD node_modules/react-dom
6959 silly ADD node_modules/react-native-svg
6960 silly ADD node_modules/lucide-react-native
6961 silly ADD node_modules/expo-web-browser
6962 silly ADD node_modules/expo-system-ui
6963 silly ADD node_modules/expo-symbols
6964 silly ADD node_modules/expo-status-bar
6965 silly ADD node_modules/expo-splash-screen
6966 silly ADD node_modules/expo-router
6967 silly ADD node_modules/expo-router/node_modules/@radix-ui/react-collection
6968 silly ADD node_modules/expo-router/node_modules/@radix-ui/react-collection/node_modules/@radix-ui/react-slot
6969 silly ADD node_modules/expo-router/node_modules/@radix-ui/react-roving-focus
6970 silly ADD node_modules/expo-router/node_modules/@radix-ui/react-primitive
6971 silly ADD node_modules/expo-router/node_modules/@radix-ui/react-primitive/node_modules/@radix-ui/react-slot
6972 silly ADD node_modules/expo-router/node_modules/@radix-ui/react-presence
6973 silly ADD node_modules/expo-router/node_modules/semver
6974 silly ADD node_modules/expo-router/node_modules/@radix-ui/react-tabs
6975 silly ADD node_modules/expo-linking
6976 silly ADD node_modules/expo-image
6977 silly ADD node_modules/expo-haptics
6978 silly ADD node_modules/expo-constants
6979 silly ADD node_modules/eslint-config-expo
6980 silly ADD node_modules/eslint-config-expo/node_modules/globals
6981 silly ADD node_modules/eslint
6982 silly ADD node_modules/@types/react
6983 silly ADD node_modules/@react-navigation/elements
6984 silly ADD node_modules/react-native-safe-area-context
6985 silly ADD node_modules/@react-navigation/native
6986 silly ADD node_modules/react-native-screens
6987 silly ADD node_modules/@react-navigation/bottom-tabs
6988 silly ADD node_modules/react-native
6989 silly ADD node_modules/react-native/node_modules/ws
6990 silly ADD node_modules/react-native/node_modules/semver
6991 silly ADD node_modules/react-native/node_modules/glob
6992 silly ADD node_modules/react-native/node_modules/commander
6993 silly ADD node_modules/react-native/node_modules/@react-native/virtualized-lists
6994 silly ADD node_modules/expo
6995 silly ADD node_modules/expo/node_modules/brace-expansion
6996 silly ADD node_modules/expo/node_modules/ws
6997 silly ADD node_modules/expo/node_modules/semver
6998 silly ADD node_modules/expo/node_modules/resolve
6999 silly ADD node_modules/expo/node_modules/picomatch
7000 silly ADD node_modules/expo/node_modules/minimatch
7001 silly ADD node_modules/expo/node_modules/ci-info
7002 silly ADD node_modules/expo/node_modules/@expo/cli
7003 silly ADD node_modules/expo-font
7004 silly ADD node_modules/react
7005 silly ADD node_modules/@expo/vector-icons
7006 verbose cwd /Users/dhyey/Documents/GitHub/GlobeHack/driver-app
7007 verbose os Darwin 25.3.0
7008 verbose node v24.14.1
7009 verbose npm  v11.11.0
7010 verbose exit 0
7011 info ok
