0 verbose cli /usr/local/bin/node /usr/local/bin/npm
1 info using npm@11.11.0
2 info using node@v24.14.1
3 silly config load:file:/usr/local/lib/node_modules/npm/npmrc
4 silly config load:file:/Users/dhyey/Documents/GitHub/GlobeHack/web/.npmrc
5 silly config load:file:/Users/dhyey/.npmrc
6 silly config load:file:/usr/local/etc/npmrc
7 verbose title npm install
8 verbose argv "install" "--cache" "../server/.npm-cache"
9 verbose logfile logs-max:10 dir:/Users/dhyey/Documents/GitHub/GlobeHack/server/.npm-cache/_logs/2026-04-18T23_24_28_389Z-
10 verbose logfile /Users/dhyey/Documents/GitHub/GlobeHack/server/.npm-cache/_logs/2026-04-18T23_24_28_389Z-debug-0.log
11 silly logfile done cleaning log files
12 silly packumentCache heap:4496293888 maxSize:1124073472 maxEntrySize:562036736
13 silly idealTree buildDeps
14 silly fetch manifest react@^19.2.4
15 silly packumentCache full:https://registry.npmjs.org/react cache-miss
16 http fetch GET 200 https://registry.npmjs.org/react 489ms (cache miss)
17 silly packumentCache full:https://registry.npmjs.org/react set size:undefined disposed:false
18 silly fetch manifest react-dom@^19.2.4
19 silly packumentCache full:https://registry.npmjs.org/react-dom cache-miss
20 http fetch GET 200 https://registry.npmjs.org/react-dom 325ms (cache miss)
21 silly packumentCache full:https://registry.npmjs.org/react-dom set size:undefined disposed:false
22 silly fetch manifest @eslint/js@^9.39.4
23 silly packumentCache full:https://registry.npmjs.org/@eslint%2fjs cache-miss
24 http fetch GET 200 https://registry.npmjs.org/@eslint%2fjs 74ms (cache miss)
25 silly packumentCache full:https://registry.npmjs.org/@eslint%2fjs set size:undefined disposed:false
26 silly fetch manifest @types/react@^19.2.14
27 silly packumentCache full:https://registry.npmjs.org/@types%2freact cache-miss
28 http fetch GET 200 https://registry.npmjs.org/@types%2freact 107ms (cache miss)
29 silly packumentCache full:https://registry.npmjs.org/@types%2freact set size:undefined disposed:false
30 silly fetch manifest @types/react-dom@^19.2.3
31 silly packumentCache full:https://registry.npmjs.org/@types%2freact-dom cache-miss
32 http fetch GET 200 https://registry.npmjs.org/@types%2freact-dom 78ms (cache miss)
33 silly packumentCache full:https://registry.npmjs.org/@types%2freact-dom set size:undefined disposed:false
34 silly fetch manifest @vitejs/plugin-react@^6.0.1
35 silly packumentCache full:https://registry.npmjs.org/@vitejs%2fplugin-react cache-miss
36 http fetch GET 200 https://registry.npmjs.org/@vitejs%2fplugin-react 67ms (cache miss)
37 silly packumentCache full:https://registry.npmjs.org/@vitejs%2fplugin-react set size:undefined disposed:false
38 silly fetch manifest @rolldown/plugin-babel@^0.1.7 || ^0.2.0
39 silly packumentCache full:https://registry.npmjs.org/@rolldown%2fplugin-babel cache-miss
40 http fetch GET 200 https://registry.npmjs.org/@rolldown%2fplugin-babel 136ms (cache miss)
41 silly packumentCache full:https://registry.npmjs.org/@rolldown%2fplugin-babel set size:undefined disposed:false
42 silly fetch manifest @babel/core@^7.29.0 || ^8.0.0-rc.1
43 silly packumentCache full:https://registry.npmjs.org/@babel%2fcore cache-miss
44 http fetch GET 200 https://registry.npmjs.org/@babel%2fcore 77ms (cache miss)
45 silly packumentCache full:https://registry.npmjs.org/@babel%2fcore set size:undefined disposed:false
46 silly fetch manifest @babel/plugin-transform-runtime@^7.29.0 || ^8.0.0-rc.1
47 silly packumentCache full:https://registry.npmjs.org/@babel%2fplugin-transform-runtime cache-miss
48 http fetch GET 200 https://registry.npmjs.org/@babel%2fplugin-transform-runtime 72ms (cache miss)
49 silly packumentCache full:https://registry.npmjs.org/@babel%2fplugin-transform-runtime set size:undefined disposed:false
50 silly fetch manifest @babel/runtime@^7.27.0 || ^8.0.0-rc.1
51 silly packumentCache full:https://registry.npmjs.org/@babel%2fruntime cache-miss
52 http cache https://registry.npmjs.org/@babel%2fruntime 10ms (cache hit)
53 silly packumentCache full:https://registry.npmjs.org/@babel%2fruntime set size:3372292 disposed:false
54 silly fetch manifest rolldown@^1.0.0-rc.5
55 silly packumentCache full:https://registry.npmjs.org/rolldown cache-miss
56 http fetch GET 200 https://registry.npmjs.org/rolldown 84ms (cache miss)
57 silly packumentCache full:https://registry.npmjs.org/rolldown set size:undefined disposed:false
58 silly fetch manifest vite@^8.0.4
59 silly packumentCache full:https://registry.npmjs.org/vite cache-miss
60 http fetch GET 200 https://registry.npmjs.org/vite 809ms (cache miss)
61 silly packumentCache full:https://registry.npmjs.org/vite set size:undefined disposed:false
62 silly fetch manifest @types/node@^20.19.0 || >=22.12.0
63 silly packumentCache full:https://registry.npmjs.org/@types%2fnode cache-miss
64 http cache https://registry.npmjs.org/@types%2fnode 22ms (cache hit)
65 silly packumentCache full:https://registry.npmjs.org/@types%2fnode set size:10972342 disposed:false
66 silly fetch manifest @vitejs/devtools@^0.1.0
67 silly packumentCache full:https://registry.npmjs.org/@vitejs%2fdevtools cache-miss
68 http fetch GET 200 https://registry.npmjs.org/@vitejs%2fdevtools 129ms (cache miss)
69 silly packumentCache full:https://registry.npmjs.org/@vitejs%2fdevtools set size:undefined disposed:false
70 silly fetch manifest esbuild@^0.27.0 || ^0.28.0
71 silly packumentCache full:https://registry.npmjs.org/esbuild cache-miss
72 http fetch GET 200 https://registry.npmjs.org/esbuild 94ms (cache miss)
73 silly packumentCache full:https://registry.npmjs.org/esbuild set size:undefined disposed:false
74 silly fetch manifest jiti@>=1.21.0
75 silly packumentCache full:https://registry.npmjs.org/jiti cache-miss
76 http fetch GET 200 https://registry.npmjs.org/jiti 104ms (cache miss)
77 silly packumentCache full:https://registry.npmjs.org/jiti set size:undefined disposed:false
78 silly fetch manifest less@^4.0.0
79 silly packumentCache full:https://registry.npmjs.org/less cache-miss
80 http fetch GET 200 https://registry.npmjs.org/less 62ms (cache miss)
81 silly packumentCache full:https://registry.npmjs.org/less set size:undefined disposed:false
82 silly fetch manifest sass@^1.70.0
83 silly packumentCache full:https://registry.npmjs.org/sass cache-miss
84 http fetch GET 200 https://registry.npmjs.org/sass 82ms (cache miss)
85 silly packumentCache full:https://registry.npmjs.org/sass set size:undefined disposed:false
86 silly fetch manifest sass-embedded@^1.70.0
87 silly packumentCache full:https://registry.npmjs.org/sass-embedded cache-miss
88 http fetch GET 200 https://registry.npmjs.org/sass-embedded 64ms (cache miss)
89 silly packumentCache full:https://registry.npmjs.org/sass-embedded set size:undefined disposed:false
90 silly fetch manifest stylus@>=0.54.8
91 silly packumentCache full:https://registry.npmjs.org/stylus cache-miss
92 http fetch GET 200 https://registry.npmjs.org/stylus 58ms (cache miss)
93 silly packumentCache full:https://registry.npmjs.org/stylus set size:undefined disposed:false
94 silly fetch manifest sugarss@^5.0.0
95 silly packumentCache full:https://registry.npmjs.org/sugarss cache-miss
96 http fetch GET 200 https://registry.npmjs.org/sugarss 61ms (cache miss)
97 silly packumentCache full:https://registry.npmjs.org/sugarss set size:undefined disposed:false
98 silly fetch manifest postcss@^8.3.3
99 silly packumentCache full:https://registry.npmjs.org/postcss cache-miss
100 http fetch GET 200 https://registry.npmjs.org/postcss 68ms (cache miss)
101 silly packumentCache full:https://registry.npmjs.org/postcss set size:undefined disposed:false
102 silly fetch manifest terser@^5.16.0
103 silly packumentCache full:https://registry.npmjs.org/terser cache-miss
104 http fetch GET 200 https://registry.npmjs.org/terser 153ms (cache miss)
105 silly packumentCache full:https://registry.npmjs.org/terser set size:undefined disposed:false
106 silly fetch manifest tsx@^4.8.1
107 silly packumentCache full:https://registry.npmjs.org/tsx cache-miss
108 http fetch GET 200 https://registry.npmjs.org/tsx 56ms (cache miss)
109 silly packumentCache full:https://registry.npmjs.org/tsx set size:undefined disposed:false
110 silly fetch manifest yaml@^2.4.2
111 silly packumentCache full:https://registry.npmjs.org/yaml cache-miss
112 http fetch GET 200 https://registry.npmjs.org/yaml 55ms (cache miss)
113 silly packumentCache full:https://registry.npmjs.org/yaml set size:undefined disposed:false
114 silly fetch manifest babel-plugin-react-compiler@^1.0.0
115 silly packumentCache full:https://registry.npmjs.org/babel-plugin-react-compiler cache-miss
116 http fetch GET 200 https://registry.npmjs.org/babel-plugin-react-compiler 64ms (cache miss)
117 silly packumentCache full:https://registry.npmjs.org/babel-plugin-react-compiler set size:undefined disposed:false
118 silly fetch manifest eslint@^9.39.4
119 silly packumentCache full:https://registry.npmjs.org/eslint cache-miss
120 http fetch GET 200 https://registry.npmjs.org/eslint 80ms (cache miss)
121 silly packumentCache full:https://registry.npmjs.org/eslint set size:undefined disposed:false
122 silly fetch manifest jiti@*
123 silly packumentCache full:https://registry.npmjs.org/jiti cache-miss
124 http cache https://registry.npmjs.org/jiti 6ms (cache hit)
125 silly packumentCache full:https://registry.npmjs.org/jiti set size:382310 disposed:false
126 silly fetch manifest eslint-plugin-react-hooks@^7.0.1
127 silly packumentCache full:https://registry.npmjs.org/eslint-plugin-react-hooks cache-miss
128 http fetch GET 200 https://registry.npmjs.org/eslint-plugin-react-hooks 369ms (cache miss)
129 silly packumentCache full:https://registry.npmjs.org/eslint-plugin-react-hooks set size:undefined disposed:false
130 silly fetch manifest eslint-plugin-react-refresh@^0.5.2
131 silly packumentCache full:https://registry.npmjs.org/eslint-plugin-react-refresh cache-miss
132 http fetch GET 200 https://registry.npmjs.org/eslint-plugin-react-refresh 49ms (cache miss)
133 silly packumentCache full:https://registry.npmjs.org/eslint-plugin-react-refresh set size:undefined disposed:false
134 silly fetch manifest globals@^17.4.0
135 silly packumentCache full:https://registry.npmjs.org/globals cache-miss
136 http fetch GET 200 https://registry.npmjs.org/globals 61ms (cache miss)
137 silly packumentCache full:https://registry.npmjs.org/globals set size:undefined disposed:false
138 silly placeDep ROOT @eslint/js@9.39.4 OK for: web@0.0.0 want: ^9.39.4
139 silly placeDep ROOT @types/react@19.2.14 OK for: web@0.0.0 want: ^19.2.14
140 silly placeDep ROOT @types/react-dom@19.2.3 OK for: web@0.0.0 want: ^19.2.3
141 silly placeDep ROOT @vitejs/plugin-react@6.0.1 OK for: web@0.0.0 want: ^6.0.1
142 silly placeDep ROOT vite@8.0.8 OK for: @vitejs/plugin-react@6.0.1 want: ^8.0.0
143 silly placeDep ROOT eslint@9.39.4 OK for: web@0.0.0 want: ^9.39.4
144 silly placeDep ROOT eslint-plugin-react-hooks@7.1.1 OK for: web@0.0.0 want: ^7.0.1
145 silly placeDep ROOT eslint-plugin-react-refresh@0.5.2 OK for: web@0.0.0 want: ^0.5.2
146 silly placeDep ROOT globals@17.5.0 OK for: web@0.0.0 want: ^17.4.0
147 silly placeDep ROOT react@19.2.5 OK for: web@0.0.0 want: ^19.2.4
148 silly placeDep ROOT react-dom@19.2.5 OK for: web@0.0.0 want: ^19.2.4
149 silly fetch manifest csstype@^3.2.2
150 silly packumentCache full:https://registry.npmjs.org/csstype cache-miss
151 silly fetch manifest @rolldown/pluginutils@1.0.0-rc.7
152 silly packumentCache full:https://registry.npmjs.org/@rolldown%2fpluginutils cache-miss
153 silly fetch manifest lightningcss@^1.32.0
154 silly packumentCache full:https://registry.npmjs.org/lightningcss cache-miss
155 silly fetch manifest picomatch@^4.0.4
156 silly packumentCache full:https://registry.npmjs.org/picomatch cache-miss
157 silly fetch manifest postcss@^8.5.8
158 silly packumentCache full:https://registry.npmjs.org/postcss cache-miss
159 silly fetch manifest rolldown@1.0.0-rc.15
160 silly packumentCache full:https://registry.npmjs.org/rolldown cache-miss
161 silly fetch manifest tinyglobby@^0.2.15
162 silly packumentCache full:https://registry.npmjs.org/tinyglobby cache-miss
163 http cache https://registry.npmjs.org/postcss 10ms (cache hit)
164 silly packumentCache full:https://registry.npmjs.org/postcss set size:708244 disposed:false
165 silly fetch manifest fsevents@~2.3.3
166 silly packumentCache full:https://registry.npmjs.org/fsevents cache-miss
167 http cache https://registry.npmjs.org/rolldown 16ms (cache hit)
168 silly packumentCache full:https://registry.npmjs.org/rolldown set size:3682064 disposed:false
169 silly fetch manifest ajv@^6.14.0
170 silly packumentCache full:https://registry.npmjs.org/ajv cache-miss
171 http cache https://registry.npmjs.org/picomatch 29ms (cache hit)
172 silly packumentCache full:https://registry.npmjs.org/picomatch set size:126376 disposed:false
173 silly fetch manifest chalk@^4.0.0
174 silly packumentCache full:https://registry.npmjs.org/chalk cache-miss
175 http cache https://registry.npmjs.org/fsevents 22ms (cache hit)
176 silly packumentCache full:https://registry.npmjs.org/fsevents set size:182472 disposed:false
177 silly fetch manifest debug@^4.3.2
178 silly packumentCache full:https://registry.npmjs.org/debug cache-miss
179 http cache https://registry.npmjs.org/debug 1ms (cache hit)
180 silly packumentCache full:https://registry.npmjs.org/debug set size:195840 disposed:false
181 silly fetch manifest espree@^10.4.0
182 silly packumentCache full:https://registry.npmjs.org/espree cache-miss
183 http fetch GET 200 https://registry.npmjs.org/csstype 56ms (cache miss)
184 silly packumentCache full:https://registry.npmjs.org/csstype set size:undefined disposed:false
185 silly fetch manifest ignore@^5.2.0
186 silly packumentCache full:https://registry.npmjs.org/ignore cache-miss
187 http fetch GET 200 https://registry.npmjs.org/ignore 156ms (cache miss)
188 silly packumentCache full:https://registry.npmjs.org/ignore set size:undefined disposed:false
189 silly fetch manifest esquery@^1.5.0
190 silly packumentCache full:https://registry.npmjs.org/esquery cache-miss
191 http fetch GET 200 https://registry.npmjs.org/lightningcss 254ms (cache miss)
192 silly packumentCache full:https://registry.npmjs.org/lightningcss set size:undefined disposed:false
193 silly fetch manifest esutils@^2.0.2
194 silly packumentCache full:https://registry.npmjs.org/esutils cache-miss
195 http fetch GET 200 https://registry.npmjs.org/tinyglobby 265ms (cache miss)
196 silly packumentCache full:https://registry.npmjs.org/tinyglobby set size:undefined disposed:false
197 silly fetch manifest find-up@^5.0.0
198 silly packumentCache full:https://registry.npmjs.org/find-up cache-miss
199 http fetch GET 200 https://registry.npmjs.org/@rolldown%2fpluginutils 270ms (cache miss)
200 silly packumentCache full:https://registry.npmjs.org/@rolldown%2fpluginutils set size:undefined disposed:false
201 silly fetch manifest is-glob@^4.0.0
202 silly packumentCache full:https://registry.npmjs.org/is-glob cache-miss
203 http cache https://registry.npmjs.org/is-glob 2ms (cache hit)
204 silly packumentCache full:https://registry.npmjs.org/is-glob set size:40530 disposed:false
205 silly fetch manifest minimatch@^3.1.5
206 silly packumentCache full:https://registry.npmjs.org/minimatch cache-miss
207 http cache https://registry.npmjs.org/minimatch 3ms (cache hit)
208 silly packumentCache full:https://registry.npmjs.org/minimatch set size:375282 disposed:false
209 silly fetch manifest optionator@^0.9.3
210 silly packumentCache full:https://registry.npmjs.org/optionator cache-miss
211 http fetch GET 200 https://registry.npmjs.org/esquery 67ms (cache miss)
212 silly packumentCache full:https://registry.npmjs.org/esquery set size:undefined disposed:false
213 silly fetch manifest cross-spawn@^7.0.6
214 silly packumentCache full:https://registry.npmjs.org/cross-spawn cache-miss
215 http fetch GET 200 https://registry.npmjs.org/esutils 61ms (cache miss)
216 silly packumentCache full:https://registry.npmjs.org/esutils set size:undefined disposed:false
217 silly fetch manifest glob-parent@^6.0.2
218 silly packumentCache full:https://registry.npmjs.org/glob-parent cache-miss
219 http fetch GET 200 https://registry.npmjs.org/find-up 52ms (cache miss)
220 silly packumentCache full:https://registry.npmjs.org/find-up set size:undefined disposed:false
221 silly fetch manifest imurmurhash@^0.1.4
222 silly packumentCache full:https://registry.npmjs.org/imurmurhash cache-miss
223 http cache https://registry.npmjs.org/glob-parent 6ms (cache hit)
224 silly packumentCache full:https://registry.npmjs.org/glob-parent set size:42445 disposed:false
225 silly fetch manifest @eslint/core@^0.17.0
226 silly packumentCache full:https://registry.npmjs.org/@eslint%2fcore cache-miss
227 http fetch GET 200 https://registry.npmjs.org/chalk 298ms (cache miss)
228 silly packumentCache full:https://registry.npmjs.org/chalk set size:undefined disposed:false
229 silly fetch manifest eslint-scope@^8.4.0
230 silly packumentCache full:https://registry.npmjs.org/eslint-scope cache-miss
231 http fetch GET 200 https://registry.npmjs.org/espree 295ms (cache miss)
232 silly packumentCache full:https://registry.npmjs.org/espree set size:undefined disposed:false
233 silly fetch manifest lodash.merge@^4.6.2
234 silly packumentCache full:https://registry.npmjs.org/lodash.merge cache-miss
235 http fetch GET 200 https://registry.npmjs.org/optionator 55ms (cache miss)
236 silly packumentCache full:https://registry.npmjs.org/optionator set size:undefined disposed:false
237 silly fetch manifest @humanfs/node@^0.16.6
238 silly packumentCache full:https://registry.npmjs.org/@humanfs%2fnode cache-miss
239 http fetch GET 200 https://registry.npmjs.org/ajv 310ms (cache miss)
240 silly packumentCache full:https://registry.npmjs.org/ajv set size:undefined disposed:false
241 silly fetch manifest @types/estree@^1.0.6
242 silly packumentCache full:https://registry.npmjs.org/@types%2festree cache-miss
243 http fetch GET 200 https://registry.npmjs.org/cross-spawn 58ms (cache miss)
244 silly packumentCache full:https://registry.npmjs.org/cross-spawn set size:undefined disposed:false
245 silly fetch manifest fast-deep-equal@^3.1.3
246 silly packumentCache full:https://registry.npmjs.org/fast-deep-equal cache-miss
247 http fetch GET 200 https://registry.npmjs.org/imurmurhash 54ms (cache miss)
248 silly packumentCache full:https://registry.npmjs.org/imurmurhash set size:undefined disposed:false
249 silly fetch manifest natural-compare@^1.4.0
250 silly packumentCache full:https://registry.npmjs.org/natural-compare cache-miss
251 http fetch GET 200 https://registry.npmjs.org/fast-deep-equal 48ms (cache miss)
252 silly packumentCache full:https://registry.npmjs.org/fast-deep-equal set size:undefined disposed:false
253 silly fetch manifest @eslint/eslintrc@^3.3.5
254 silly packumentCache full:https://registry.npmjs.org/@eslint%2feslintrc cache-miss
255 http fetch GET 200 https://registry.npmjs.org/@eslint%2fcore 67ms (cache miss)
256 silly packumentCache full:https://registry.npmjs.org/@eslint%2fcore set size:undefined disposed:false
257 silly fetch manifest file-entry-cache@^8.0.0
258 silly packumentCache full:https://registry.npmjs.org/file-entry-cache cache-miss
259 http fetch GET 200 https://registry.npmjs.org/eslint-scope 63ms (cache miss)
260 silly packumentCache full:https://registry.npmjs.org/eslint-scope set size:undefined disposed:false
261 silly fetch manifest @eslint/plugin-kit@^0.4.1
262 silly packumentCache full:https://registry.npmjs.org/@eslint%2fplugin-kit cache-miss
263 http fetch GET 200 https://registry.npmjs.org/@types%2festree 58ms (cache miss)
264 silly packumentCache full:https://registry.npmjs.org/@types%2festree set size:undefined disposed:false
265 silly fetch manifest eslint-visitor-keys@^4.2.1
266 silly packumentCache full:https://registry.npmjs.org/eslint-visitor-keys cache-miss
267 http fetch GET 200 https://registry.npmjs.org/lodash.merge 79ms (cache miss)
268 silly packumentCache full:https://registry.npmjs.org/lodash.merge set size:undefined disposed:false
269 silly fetch manifest @eslint/config-array@^0.21.2
270 silly packumentCache full:https://registry.npmjs.org/@eslint%2fconfig-array cache-miss
271 http fetch GET 200 https://registry.npmjs.org/natural-compare 45ms (cache miss)
272 silly packumentCache full:https://registry.npmjs.org/natural-compare set size:undefined disposed:false
273 silly fetch manifest @humanwhocodes/retry@^0.4.2
274 silly packumentCache full:https://registry.npmjs.org/@humanwhocodes%2fretry cache-miss
275 http fetch GET 200 https://registry.npmjs.org/@humanfs%2fnode 101ms (cache miss)
276 silly packumentCache full:https://registry.npmjs.org/@humanfs%2fnode set size:undefined disposed:false
277 silly fetch manifest escape-string-regexp@^4.0.0
278 silly packumentCache full:https://registry.npmjs.org/escape-string-regexp cache-miss
279 http fetch GET 200 https://registry.npmjs.org/eslint-visitor-keys 47ms (cache miss)
280 silly packumentCache full:https://registry.npmjs.org/eslint-visitor-keys set size:undefined disposed:false
281 silly fetch manifest @eslint/config-helpers@^0.4.2
282 silly packumentCache full:https://registry.npmjs.org/@eslint%2fconfig-helpers cache-miss
283 http fetch GET 200 https://registry.npmjs.org/file-entry-cache 57ms (cache miss)
284 silly packumentCache full:https://registry.npmjs.org/file-entry-cache set size:undefined disposed:false
285 silly fetch manifest @eslint-community/regexpp@^4.12.1
286 silly packumentCache full:https://registry.npmjs.org/@eslint-community%2fregexpp cache-miss
287 http fetch GET 200 https://registry.npmjs.org/@eslint%2fplugin-kit 80ms (cache miss)
288 silly packumentCache full:https://registry.npmjs.org/@eslint%2fplugin-kit set size:undefined disposed:false
289 silly fetch manifest @eslint-community/eslint-utils@^4.8.0
290 silly packumentCache full:https://registry.npmjs.org/@eslint-community%2feslint-utils cache-miss
291 http fetch GET 200 https://registry.npmjs.org/@eslint%2feslintrc 84ms (cache miss)
292 silly packumentCache full:https://registry.npmjs.org/@eslint%2feslintrc set size:undefined disposed:false
293 silly fetch manifest @humanwhocodes/module-importer@^1.0.1
294 silly packumentCache full:https://registry.npmjs.org/@humanwhocodes%2fmodule-importer cache-miss
295 http fetch GET 200 https://registry.npmjs.org/@humanwhocodes%2fretry 65ms (cache miss)
296 silly packumentCache full:https://registry.npmjs.org/@humanwhocodes%2fretry set size:undefined disposed:false
297 silly fetch manifest json-stable-stringify-without-jsonify@^1.0.1
298 silly packumentCache full:https://registry.npmjs.org/json-stable-stringify-without-jsonify cache-miss
299 http fetch GET 200 https://registry.npmjs.org/escape-string-regexp 56ms (cache miss)
300 silly packumentCache full:https://registry.npmjs.org/escape-string-regexp set size:undefined disposed:false
301 silly fetch manifest @babel/core@^7.24.4
302 silly packumentCache full:https://registry.npmjs.org/@babel%2fcore cache-miss
303 http cache https://registry.npmjs.org/@babel%2fcore 5ms (cache hit)
304 silly packumentCache full:https://registry.npmjs.org/@babel%2fcore set size:760113 disposed:false
305 silly fetch manifest @babel/parser@^7.24.4
306 silly packumentCache full:https://registry.npmjs.org/@babel%2fparser cache-miss
307 http fetch GET 200 https://registry.npmjs.org/@eslint%2fconfig-array 95ms (cache miss)
308 silly packumentCache full:https://registry.npmjs.org/@eslint%2fconfig-array set size:undefined disposed:false
309 silly fetch manifest hermes-parser@^0.25.1
310 silly packumentCache full:https://registry.npmjs.org/hermes-parser cache-miss
311 http fetch GET 200 https://registry.npmjs.org/@eslint%2fconfig-helpers 70ms (cache miss)
312 silly packumentCache full:https://registry.npmjs.org/@eslint%2fconfig-helpers set size:undefined disposed:false
313 silly fetch manifest zod@^3.25.0 || ^4.0.0
314 silly packumentCache full:https://registry.npmjs.org/zod cache-miss
315 http fetch GET 200 https://registry.npmjs.org/@eslint-community%2fregexpp 67ms (cache miss)
316 silly packumentCache full:https://registry.npmjs.org/@eslint-community%2fregexpp set size:undefined disposed:false
317 silly fetch manifest zod-validation-error@^3.5.0 || ^4.0.0
318 silly packumentCache full:https://registry.npmjs.org/zod-validation-error cache-miss
319 http cache https://registry.npmjs.org/zod 8ms (cache hit)
320 silly packumentCache full:https://registry.npmjs.org/zod set size:3489329 disposed:false
321 silly fetch manifest scheduler@^0.27.0
322 silly packumentCache full:https://registry.npmjs.org/scheduler cache-miss
323 http fetch GET 200 https://registry.npmjs.org/json-stable-stringify-without-jsonify 55ms (cache miss)
324 silly packumentCache full:https://registry.npmjs.org/json-stable-stringify-without-jsonify set size:undefined disposed:false
325 http fetch GET 200 https://registry.npmjs.org/@humanwhocodes%2fmodule-importer 75ms (cache miss)
326 silly packumentCache full:https://registry.npmjs.org/@humanwhocodes%2fmodule-importer set size:undefined disposed:false
327 http fetch GET 200 https://registry.npmjs.org/@eslint-community%2feslint-utils 76ms (cache miss)
328 silly packumentCache full:https://registry.npmjs.org/@eslint-community%2feslint-utils set size:undefined disposed:false
329 http fetch GET 200 https://registry.npmjs.org/zod-validation-error 54ms (cache miss)
330 silly packumentCache full:https://registry.npmjs.org/zod-validation-error set size:undefined disposed:false
331 http fetch GET 200 https://registry.npmjs.org/hermes-parser 184ms (cache miss)
332 silly packumentCache full:https://registry.npmjs.org/hermes-parser set size:undefined disposed:false
333 http fetch GET 200 https://registry.npmjs.org/@babel%2fparser 195ms (cache miss)
334 silly packumentCache full:https://registry.npmjs.org/@babel%2fparser set size:undefined disposed:false
335 http fetch GET 200 https://registry.npmjs.org/scheduler 739ms (cache miss)
336 silly packumentCache full:https://registry.npmjs.org/scheduler set size:undefined disposed:false
337 silly placeDep ROOT csstype@3.2.3 OK for: @types/react@19.2.14 want: ^3.2.2
338 silly placeDep ROOT @rolldown/pluginutils@1.0.0-rc.7 OK for: @vitejs/plugin-react@6.0.1 want: 1.0.0-rc.7
339 silly fetch manifest eslint@^6.0.0 || ^7.0.0 || >=8.0.0
340 silly packumentCache full:https://registry.npmjs.org/eslint cache-miss
341 http cache https://registry.npmjs.org/eslint 5ms (cache hit)
342 silly packumentCache full:https://registry.npmjs.org/eslint set size:1983515 disposed:false
343 silly placeDep ROOT @eslint-community/eslint-utils@4.9.1 OK for: eslint@9.39.4 want: ^4.8.0
344 silly placeDep ROOT @eslint-community/regexpp@4.12.2 OK for: eslint@9.39.4 want: ^4.12.1
345 silly placeDep ROOT @eslint/config-array@0.21.2 OK for: eslint@9.39.4 want: ^0.21.2
346 silly placeDep ROOT @eslint/config-helpers@0.4.2 OK for: eslint@9.39.4 want: ^0.4.2
347 silly placeDep ROOT @eslint/core@0.17.0 OK for: eslint@9.39.4 want: ^0.17.0
348 silly placeDep ROOT @eslint/eslintrc@3.3.5 OK for: eslint@9.39.4 want: ^3.3.5
349 silly placeDep ROOT @eslint/plugin-kit@0.4.1 OK for: eslint@9.39.4 want: ^0.4.1
350 silly placeDep ROOT @humanfs/node@0.16.8 OK for: eslint@9.39.4 want: ^0.16.6
351 silly placeDep ROOT @humanwhocodes/module-importer@1.0.1 OK for: eslint@9.39.4 want: ^1.0.1
352 silly placeDep ROOT @humanwhocodes/retry@0.4.3 OK for: eslint@9.39.4 want: ^0.4.2
353 silly placeDep ROOT @types/estree@1.0.8 OK for: eslint@9.39.4 want: ^1.0.6
354 silly placeDep ROOT ajv@6.14.0 OK for: eslint@9.39.4 want: ^6.14.0
355 silly placeDep ROOT chalk@4.1.2 OK for: eslint@9.39.4 want: ^4.0.0
356 silly placeDep ROOT cross-spawn@7.0.6 OK for: eslint@9.39.4 want: ^7.0.6
357 silly placeDep ROOT debug@4.4.3 OK for: eslint@9.39.4 want: ^4.3.2
358 silly placeDep ROOT escape-string-regexp@4.0.0 OK for: eslint@9.39.4 want: ^4.0.0
359 silly placeDep ROOT eslint-scope@8.4.0 OK for: eslint@9.39.4 want: ^8.4.0
360 silly placeDep ROOT eslint-visitor-keys@4.2.1 OK for: eslint@9.39.4 want: ^4.2.1
361 silly placeDep ROOT espree@10.4.0 OK for: eslint@9.39.4 want: ^10.4.0
362 silly placeDep ROOT esquery@1.7.0 OK for: eslint@9.39.4 want: ^1.5.0
363 silly placeDep ROOT esutils@2.0.3 OK for: eslint@9.39.4 want: ^2.0.2
364 silly placeDep ROOT fast-deep-equal@3.1.3 OK for: eslint@9.39.4 want: ^3.1.3
365 silly placeDep ROOT file-entry-cache@8.0.0 OK for: eslint@9.39.4 want: ^8.0.0
366 silly placeDep ROOT find-up@5.0.0 OK for: eslint@9.39.4 want: ^5.0.0
367 silly placeDep ROOT glob-parent@6.0.2 OK for: eslint@9.39.4 want: ^6.0.2
368 silly placeDep ROOT ignore@5.3.2 OK for: eslint@9.39.4 want: ^5.2.0
369 silly placeDep ROOT imurmurhash@0.1.4 OK for: eslint@9.39.4 want: ^0.1.4
370 silly placeDep ROOT is-glob@4.0.3 OK for: eslint@9.39.4 want: ^4.0.0
371 silly placeDep ROOT json-stable-stringify-without-jsonify@1.0.1 OK for: eslint@9.39.4 want: ^1.0.1
372 silly placeDep ROOT lodash.merge@4.6.2 OK for: eslint@9.39.4 want: ^4.6.2
373 silly placeDep ROOT minimatch@3.1.5 OK for: eslint@9.39.4 want: ^3.1.5
374 silly placeDep ROOT natural-compare@1.4.0 OK for: eslint@9.39.4 want: ^1.4.0
375 silly placeDep ROOT optionator@0.9.4 OK for: eslint@9.39.4 want: ^0.9.3
376 silly fetch manifest eslint-visitor-keys@^3.4.3
377 silly packumentCache full:https://registry.npmjs.org/eslint-visitor-keys cache-miss
378 silly fetch manifest debug@^4.3.1
379 silly packumentCache full:https://registry.npmjs.org/debug cache-hit
380 silly fetch manifest @eslint/object-schema@^2.1.7
381 silly packumentCache full:https://registry.npmjs.org/@eslint%2fobject-schema cache-miss
382 silly fetch manifest @types/json-schema@^7.0.15
383 silly packumentCache full:https://registry.npmjs.org/@types%2fjson-schema cache-miss
384 silly fetch manifest espree@^10.0.1
385 silly packumentCache full:https://registry.npmjs.org/espree cache-miss
386 silly fetch manifest globals@^14.0.0
387 silly packumentCache full:https://registry.npmjs.org/globals cache-miss
388 silly fetch manifest import-fresh@^3.2.1
389 silly packumentCache full:https://registry.npmjs.org/import-fresh cache-miss
390 silly fetch manifest js-yaml@^4.1.1
391 silly packumentCache full:https://registry.npmjs.org/js-yaml cache-miss
392 http cache https://registry.npmjs.org/espree 6ms (cache hit)
393 silly packumentCache full:https://registry.npmjs.org/espree set size:326080 disposed:false
394 silly fetch manifest strip-json-comments@^3.1.1
395 silly packumentCache full:https://registry.npmjs.org/strip-json-comments cache-miss
396 http cache https://registry.npmjs.org/eslint-visitor-keys 9ms (cache hit)
397 silly packumentCache full:https://registry.npmjs.org/eslint-visitor-keys set size:69949 disposed:false
398 silly fetch manifest levn@^0.4.1
399 silly packumentCache full:https://registry.npmjs.org/levn cache-miss
400 http cache https://registry.npmjs.org/globals 9ms (cache hit)
401 silly packumentCache full:https://registry.npmjs.org/globals set size:312297 disposed:false
402 silly fetch manifest @humanwhocodes/retry@^0.4.0
403 silly packumentCache full:https://registry.npmjs.org/@humanwhocodes%2fretry cache-miss
404 http cache https://registry.npmjs.org/@humanwhocodes%2fretry 1ms (cache hit)
405 silly packumentCache full:https://registry.npmjs.org/@humanwhocodes%2fretry set size:42348 disposed:false
406 silly fetch manifest @humanfs/core@^0.19.2
407 silly packumentCache full:https://registry.npmjs.org/@humanfs%2fcore cache-miss
408 http fetch GET 200 https://registry.npmjs.org/import-fresh 55ms (cache miss)
409 silly packumentCache full:https://registry.npmjs.org/import-fresh set size:undefined disposed:false
410 silly fetch manifest @humanfs/types@^0.15.0
411 silly packumentCache full:https://registry.npmjs.org/@humanfs%2ftypes cache-miss
412 http fetch GET 200 https://registry.npmjs.org/js-yaml 63ms (cache miss)
413 silly packumentCache full:https://registry.npmjs.org/js-yaml set size:undefined disposed:false
414 silly fetch manifest fast-deep-equal@^3.1.1
415 silly packumentCache full:https://registry.npmjs.org/fast-deep-equal cache-miss
416 http fetch GET 200 https://registry.npmjs.org/strip-json-comments 59ms (cache miss)
417 silly packumentCache full:https://registry.npmjs.org/strip-json-comments set size:undefined disposed:false
418 silly fetch manifest fast-json-stable-stringify@^2.0.0
419 silly packumentCache full:https://registry.npmjs.org/fast-json-stable-stringify cache-miss
420 http cache https://registry.npmjs.org/fast-deep-equal 3ms (cache hit)
421 silly packumentCache full:https://registry.npmjs.org/fast-deep-equal set size:48634 disposed:false
422 silly fetch manifest json-schema-traverse@^0.4.1
423 silly packumentCache full:https://registry.npmjs.org/json-schema-traverse cache-miss
424 http fetch GET 200 https://registry.npmjs.org/@types%2fjson-schema 72ms (cache miss)
425 silly packumentCache full:https://registry.npmjs.org/@types%2fjson-schema set size:undefined disposed:false
426 silly fetch manifest uri-js@^4.2.2
427 silly packumentCache full:https://registry.npmjs.org/uri-js cache-miss
428 http fetch GET 200 https://registry.npmjs.org/@eslint%2fobject-schema 79ms (cache miss)
429 silly packumentCache full:https://registry.npmjs.org/@eslint%2fobject-schema set size:undefined disposed:false
430 silly fetch manifest ansi-styles@^4.1.0
431 silly packumentCache full:https://registry.npmjs.org/ansi-styles cache-miss
432 http fetch GET 200 https://registry.npmjs.org/@humanfs%2fcore 68ms (cache miss)
433 silly packumentCache full:https://registry.npmjs.org/@humanfs%2fcore set size:undefined disposed:false
434 silly fetch manifest supports-color@^7.1.0
435 silly packumentCache full:https://registry.npmjs.org/supports-color cache-miss
436 http cache https://registry.npmjs.org/supports-color 1ms (cache hit)
437 silly packumentCache full:https://registry.npmjs.org/supports-color set size:118680 disposed:false
438 silly fetch manifest which@^2.0.1
439 silly packumentCache full:https://registry.npmjs.org/which cache-miss
440 http fetch GET 200 https://registry.npmjs.org/levn 81ms (cache miss)
441 silly packumentCache full:https://registry.npmjs.org/levn set size:undefined disposed:false
442 silly fetch manifest path-key@^3.1.0
443 silly packumentCache full:https://registry.npmjs.org/path-key cache-miss
444 http fetch GET 200 https://registry.npmjs.org/@humanfs%2ftypes 68ms (cache miss)
445 silly packumentCache full:https://registry.npmjs.org/@humanfs%2ftypes set size:undefined disposed:false
446 silly fetch manifest shebang-command@^2.0.0
447 silly packumentCache full:https://registry.npmjs.org/shebang-command cache-miss
448 http fetch GET 200 https://registry.npmjs.org/uri-js 57ms (cache miss)
449 silly packumentCache full:https://registry.npmjs.org/uri-js set size:undefined disposed:false
450 silly fetch manifest ms@^2.1.3
451 silly packumentCache full:https://registry.npmjs.org/ms cache-miss
452 http cache https://registry.npmjs.org/ms 2ms (cache hit)
453 silly packumentCache full:https://registry.npmjs.org/ms set size:92208 disposed:false
454 silly fetch manifest esrecurse@^4.3.0
455 silly packumentCache full:https://registry.npmjs.org/esrecurse cache-miss
456 http fetch GET 200 https://registry.npmjs.org/ansi-styles 54ms (cache miss)
457 silly packumentCache full:https://registry.npmjs.org/ansi-styles set size:undefined disposed:false
458 silly fetch manifest estraverse@^5.2.0
459 silly packumentCache full:https://registry.npmjs.org/estraverse cache-miss
460 http fetch GET 200 https://registry.npmjs.org/fast-json-stable-stringify 68ms (cache miss)
461 silly packumentCache full:https://registry.npmjs.org/fast-json-stable-stringify set size:undefined disposed:false
462 silly fetch manifest acorn@^8.15.0
463 silly packumentCache full:https://registry.npmjs.org/acorn cache-miss
464 http fetch GET 200 https://registry.npmjs.org/json-schema-traverse 68ms (cache miss)
465 silly packumentCache full:https://registry.npmjs.org/json-schema-traverse set size:undefined disposed:false
466 silly fetch manifest acorn-jsx@^5.3.2
467 silly packumentCache full:https://registry.npmjs.org/acorn-jsx cache-miss
468 http fetch GET 200 https://registry.npmjs.org/path-key 47ms (cache miss)
469 silly packumentCache full:https://registry.npmjs.org/path-key set size:undefined disposed:false
470 silly fetch manifest estraverse@^5.1.0
471 silly packumentCache full:https://registry.npmjs.org/estraverse cache-miss
472 http fetch GET 200 https://registry.npmjs.org/which 70ms (cache miss)
473 silly packumentCache full:https://registry.npmjs.org/which set size:undefined disposed:false
474 silly fetch manifest flat-cache@^4.0.0
475 silly packumentCache full:https://registry.npmjs.org/flat-cache cache-miss
476 http fetch GET 200 https://registry.npmjs.org/shebang-command 46ms (cache miss)
477 silly packumentCache full:https://registry.npmjs.org/shebang-command set size:undefined disposed:false
478 silly fetch manifest locate-path@^6.0.0
479 silly packumentCache full:https://registry.npmjs.org/locate-path cache-miss
480 http fetch GET 200 https://registry.npmjs.org/esrecurse 48ms (cache miss)
481 silly packumentCache full:https://registry.npmjs.org/esrecurse set size:undefined disposed:false
482 silly fetch manifest path-exists@^4.0.0
483 silly packumentCache full:https://registry.npmjs.org/path-exists cache-miss
484 http fetch GET 200 https://registry.npmjs.org/estraverse 50ms (cache miss)
485 silly packumentCache full:https://registry.npmjs.org/estraverse set size:undefined disposed:false
486 silly fetch manifest is-glob@^4.0.3
487 silly packumentCache full:https://registry.npmjs.org/is-glob cache-hit
488 silly fetch manifest is-extglob@^2.1.1
489 silly packumentCache full:https://registry.npmjs.org/is-extglob cache-miss
490 http cache https://registry.npmjs.org/is-extglob 1ms (cache hit)
491 silly packumentCache full:https://registry.npmjs.org/is-extglob set size:11766 disposed:false
492 silly fetch manifest brace-expansion@^1.1.7
493 silly packumentCache full:https://registry.npmjs.org/brace-expansion cache-miss
494 http cache https://registry.npmjs.org/brace-expansion 2ms (cache hit)
495 silly packumentCache full:https://registry.npmjs.org/brace-expansion set size:65768 disposed:false
496 silly fetch manifest prelude-ls@^1.2.1
497 silly packumentCache full:https://registry.npmjs.org/prelude-ls cache-miss
498 http fetch GET 200 https://registry.npmjs.org/acorn 58ms (cache miss)
499 silly packumentCache full:https://registry.npmjs.org/acorn set size:undefined disposed:false
500 silly fetch manifest deep-is@^0.1.3
501 silly packumentCache full:https://registry.npmjs.org/deep-is cache-miss
502 http fetch GET 200 https://registry.npmjs.org/estraverse 65ms (cache miss)
503 silly packumentCache full:https://registry.npmjs.org/estraverse set size:undefined disposed:false
504 silly fetch manifest word-wrap@^1.2.5
505 silly packumentCache full:https://registry.npmjs.org/word-wrap cache-miss
506 http fetch GET 200 https://registry.npmjs.org/flat-cache 56ms (cache miss)
507 silly packumentCache full:https://registry.npmjs.org/flat-cache set size:undefined disposed:false
508 silly fetch manifest type-check@^0.4.0
509 silly packumentCache full:https://registry.npmjs.org/type-check cache-miss
510 http fetch GET 200 https://registry.npmjs.org/acorn-jsx 74ms (cache miss)
511 silly packumentCache full:https://registry.npmjs.org/acorn-jsx set size:undefined disposed:false
512 silly fetch manifest fast-levenshtein@^2.0.6
513 silly packumentCache full:https://registry.npmjs.org/fast-levenshtein cache-miss
514 http fetch GET 200 https://registry.npmjs.org/locate-path 54ms (cache miss)
515 silly packumentCache full:https://registry.npmjs.org/locate-path set size:undefined disposed:false
516 http fetch GET 200 https://registry.npmjs.org/path-exists 50ms (cache miss)
517 silly packumentCache full:https://registry.npmjs.org/path-exists set size:undefined disposed:false
518 http fetch GET 200 https://registry.npmjs.org/deep-is 57ms (cache miss)
519 silly packumentCache full:https://registry.npmjs.org/deep-is set size:undefined disposed:false
520 http fetch GET 200 https://registry.npmjs.org/type-check 48ms (cache miss)
521 silly packumentCache full:https://registry.npmjs.org/type-check set size:undefined disposed:false
522 http fetch GET 200 https://registry.npmjs.org/prelude-ls 76ms (cache miss)
523 silly packumentCache full:https://registry.npmjs.org/prelude-ls set size:undefined disposed:false
524 http fetch GET 200 https://registry.npmjs.org/word-wrap 70ms (cache miss)
525 silly packumentCache full:https://registry.npmjs.org/word-wrap set size:undefined disposed:false
526 http fetch GET 200 https://registry.npmjs.org/fast-levenshtein 63ms (cache miss)
527 silly packumentCache full:https://registry.npmjs.org/fast-levenshtein set size:undefined disposed:false
528 silly placeDep node_modules/@eslint-community/eslint-utils eslint-visitor-keys@3.4.3 OK for: @eslint-community/eslint-utils@4.9.1 want: ^3.4.3
529 silly placeDep ROOT @eslint/object-schema@2.1.7 OK for: @eslint/config-array@0.21.2 want: ^2.1.7
530 silly placeDep ROOT @types/json-schema@7.0.15 OK for: @eslint/core@0.17.0 want: ^7.0.15
531 silly placeDep node_modules/@eslint/eslintrc globals@14.0.0 OK for: @eslint/eslintrc@3.3.5 want: ^14.0.0
532 silly placeDep ROOT import-fresh@3.3.1 OK for: @eslint/eslintrc@3.3.5 want: ^3.2.1
533 silly placeDep ROOT js-yaml@4.1.1 OK for: @eslint/eslintrc@3.3.5 want: ^4.1.1
534 silly placeDep ROOT strip-json-comments@3.1.1 OK for: @eslint/eslintrc@3.3.5 want: ^3.1.1
535 silly fetch manifest resolve-from@^4.0.0
536 silly packumentCache full:https://registry.npmjs.org/resolve-from cache-miss
537 silly fetch manifest parent-module@^1.0.0
538 silly packumentCache full:https://registry.npmjs.org/parent-module cache-miss
539 silly fetch manifest argparse@^2.0.1
540 silly packumentCache full:https://registry.npmjs.org/argparse cache-miss
541 http fetch GET 200 https://registry.npmjs.org/parent-module 114ms (cache miss)
542 silly packumentCache full:https://registry.npmjs.org/parent-module set size:undefined disposed:false
543 http fetch GET 200 https://registry.npmjs.org/argparse 115ms (cache miss)
544 silly packumentCache full:https://registry.npmjs.org/argparse set size:undefined disposed:false
545 http fetch GET 200 https://registry.npmjs.org/resolve-from 116ms (cache miss)
546 silly packumentCache full:https://registry.npmjs.org/resolve-from set size:undefined disposed:false
547 silly placeDep ROOT levn@0.4.1 OK for: @eslint/plugin-kit@0.4.1 want: ^0.4.1
548 silly fetch manifest type-check@~0.4.0
549 silly packumentCache full:https://registry.npmjs.org/type-check cache-miss
550 http cache https://registry.npmjs.org/type-check 2ms (cache hit)
551 silly packumentCache full:https://registry.npmjs.org/type-check set size:21221 disposed:false
552 silly placeDep ROOT @humanfs/core@0.19.2 OK for: @humanfs/node@0.16.8 want: ^0.19.2
553 silly placeDep ROOT @humanfs/types@0.15.0 OK for: @humanfs/node@0.16.8 want: ^0.15.0
554 silly placeDep ROOT fast-json-stable-stringify@2.1.0 OK for: ajv@6.14.0 want: ^2.0.0
555 silly placeDep ROOT json-schema-traverse@0.4.1 OK for: ajv@6.14.0 want: ^0.4.1
556 silly placeDep ROOT uri-js@4.4.1 OK for: ajv@6.14.0 want: ^4.2.2
557 silly fetch manifest punycode@^2.1.0
558 silly packumentCache full:https://registry.npmjs.org/punycode cache-miss
559 http fetch GET 200 https://registry.npmjs.org/punycode 59ms (cache miss)
560 silly packumentCache full:https://registry.npmjs.org/punycode set size:undefined disposed:false
561 silly placeDep ROOT ansi-styles@4.3.0 OK for: chalk@4.1.2 want: ^4.1.0
562 silly placeDep ROOT supports-color@7.2.0 OK for: chalk@4.1.2 want: ^7.1.0
563 silly fetch manifest color-convert@^2.0.1
564 silly packumentCache full:https://registry.npmjs.org/color-convert cache-miss
565 silly fetch manifest has-flag@^4.0.0
566 silly packumentCache full:https://registry.npmjs.org/has-flag cache-miss
567 http cache https://registry.npmjs.org/has-flag 2ms (cache hit)
568 silly packumentCache full:https://registry.npmjs.org/has-flag set size:15180 disposed:false
569 http fetch GET 200 https://registry.npmjs.org/color-convert 56ms (cache miss)
570 silly packumentCache full:https://registry.npmjs.org/color-convert set size:undefined disposed:false
571 silly placeDep ROOT color-convert@2.0.1 OK for: ansi-styles@4.3.0 want: ^2.0.1
572 silly fetch manifest color-name@~1.1.4
573 silly packumentCache full:https://registry.npmjs.org/color-name cache-miss
574 http fetch GET 200 https://registry.npmjs.org/color-name 56ms (cache miss)
575 silly packumentCache full:https://registry.npmjs.org/color-name set size:undefined disposed:false
576 silly placeDep ROOT color-name@1.1.4 OK for: color-convert@2.0.1 want: ~1.1.4
577 silly placeDep ROOT path-key@3.1.1 OK for: cross-spawn@7.0.6 want: ^3.1.0
578 silly placeDep ROOT shebang-command@2.0.0 OK for: cross-spawn@7.0.6 want: ^2.0.0
579 silly placeDep ROOT which@2.0.2 OK for: cross-spawn@7.0.6 want: ^2.0.1
580 silly fetch manifest shebang-regex@^3.0.0
581 silly packumentCache full:https://registry.npmjs.org/shebang-regex cache-miss
582 silly fetch manifest isexe@^2.0.0
583 silly packumentCache full:https://registry.npmjs.org/isexe cache-miss
584 http fetch GET 200 https://registry.npmjs.org/isexe 65ms (cache miss)
585 silly packumentCache full:https://registry.npmjs.org/isexe set size:undefined disposed:false
586 http fetch GET 200 https://registry.npmjs.org/shebang-regex 66ms (cache miss)
587 silly packumentCache full:https://registry.npmjs.org/shebang-regex set size:undefined disposed:false
588 silly placeDep ROOT ms@2.1.3 OK for: debug@4.4.3 want: ^2.1.3
589 silly placeDep ROOT @babel/core@7.29.0 OK for: eslint-plugin-react-hooks@7.1.1 want: ^7.24.4
590 silly placeDep ROOT @babel/parser@7.29.2 OK for: eslint-plugin-react-hooks@7.1.1 want: ^7.24.4
591 silly placeDep ROOT hermes-parser@0.25.1 OK for: eslint-plugin-react-hooks@7.1.1 want: ^0.25.1
592 silly placeDep ROOT zod@4.3.6 OK for: eslint-plugin-react-hooks@7.1.1 want: ^3.25.0 || ^4.0.0
593 silly placeDep ROOT zod-validation-error@4.0.2 OK for: eslint-plugin-react-hooks@7.1.1 want: ^3.5.0 || ^4.0.0
594 silly fetch manifest json5@^2.2.3
595 silly packumentCache full:https://registry.npmjs.org/json5 cache-miss
596 silly fetch manifest semver@^6.3.1
597 silly packumentCache full:https://registry.npmjs.org/semver cache-miss
598 silly fetch manifest gensync@^1.0.0-beta.2
599 silly packumentCache full:https://registry.npmjs.org/gensync cache-miss
600 silly fetch manifest @babel/types@^7.29.0
601 silly packumentCache full:https://registry.npmjs.org/@babel%2ftypes cache-miss
602 silly fetch manifest @babel/parser@^7.29.0
603 silly packumentCache full:https://registry.npmjs.org/@babel%2fparser cache-miss
604 silly fetch manifest @babel/helpers@^7.28.6
605 silly packumentCache full:https://registry.npmjs.org/@babel%2fhelpers cache-miss
606 silly fetch manifest @babel/template@^7.28.6
607 silly packumentCache full:https://registry.npmjs.org/@babel%2ftemplate cache-miss
608 http cache https://registry.npmjs.org/@babel%2fparser 5ms (cache hit)
609 silly packumentCache full:https://registry.npmjs.org/@babel%2fparser set size:718758 disposed:false
610 silly fetch manifest @babel/traverse@^7.29.0
611 silly packumentCache full:https://registry.npmjs.org/@babel%2ftraverse cache-miss
612 http cache https://registry.npmjs.org/semver 9ms (cache hit)
613 silly packumentCache full:https://registry.npmjs.org/semver set size:229620 disposed:false
614 silly fetch manifest @babel/generator@^7.29.0
615 silly packumentCache full:https://registry.npmjs.org/@babel%2fgenerator cache-miss
616 http fetch GET 200 https://registry.npmjs.org/gensync 53ms (cache miss)
617 silly packumentCache full:https://registry.npmjs.org/gensync set size:undefined disposed:false
618 silly fetch manifest @babel/code-frame@^7.29.0
619 silly packumentCache full:https://registry.npmjs.org/@babel%2fcode-frame cache-miss
620 http fetch GET 200 https://registry.npmjs.org/json5 72ms (cache miss)
621 silly packumentCache full:https://registry.npmjs.org/json5 set size:undefined disposed:false
622 silly fetch manifest convert-source-map@^2.0.0
623 silly packumentCache full:https://registry.npmjs.org/convert-source-map cache-miss
624 http fetch GET 200 https://registry.npmjs.org/@babel%2ftemplate 109ms (cache miss)
625 silly packumentCache full:https://registry.npmjs.org/@babel%2ftemplate set size:undefined disposed:false
626 silly fetch manifest @jridgewell/remapping@^2.3.5
627 silly packumentCache full:https://registry.npmjs.org/@jridgewell%2fremapping cache-miss
628 http fetch GET 200 https://registry.npmjs.org/@babel%2fhelpers 116ms (cache miss)
629 silly packumentCache full:https://registry.npmjs.org/@babel%2fhelpers set size:undefined disposed:false
630 silly fetch manifest @babel/helper-module-transforms@^7.28.6
631 silly packumentCache full:https://registry.npmjs.org/@babel%2fhelper-module-transforms cache-miss
632 http fetch GET 200 https://registry.npmjs.org/@babel%2ftypes 119ms (cache miss)
633 silly packumentCache full:https://registry.npmjs.org/@babel%2ftypes set size:undefined disposed:false
634 silly fetch manifest @babel/helper-compilation-targets@^7.28.6
635 silly packumentCache full:https://registry.npmjs.org/@babel%2fhelper-compilation-targets cache-miss
636 http fetch GET 200 https://registry.npmjs.org/@babel%2ftraverse 112ms (cache miss)
637 silly packumentCache full:https://registry.npmjs.org/@babel%2ftraverse set size:undefined disposed:false
638 silly fetch manifest hermes-estree@0.25.1
639 silly packumentCache full:https://registry.npmjs.org/hermes-estree cache-miss
640 http fetch GET 200 https://registry.npmjs.org/@babel%2fgenerator 114ms (cache miss)
641 silly packumentCache full:https://registry.npmjs.org/@babel%2fgenerator set size:undefined disposed:false
642 http fetch GET 200 https://registry.npmjs.org/@babel%2fcode-frame 73ms (cache miss)
643 silly packumentCache full:https://registry.npmjs.org/@babel%2fcode-frame set size:undefined disposed:false
644 http fetch GET 200 https://registry.npmjs.org/convert-source-map 67ms (cache miss)
645 silly packumentCache full:https://registry.npmjs.org/convert-source-map set size:undefined disposed:false
646 http fetch GET 200 https://registry.npmjs.org/@jridgewell%2fremapping 151ms (cache miss)
647 silly packumentCache full:https://registry.npmjs.org/@jridgewell%2fremapping set size:undefined disposed:false
648 http fetch GET 200 https://registry.npmjs.org/hermes-estree 141ms (cache miss)
649 silly packumentCache full:https://registry.npmjs.org/hermes-estree set size:undefined disposed:false
650 http fetch GET 200 https://registry.npmjs.org/@babel%2fhelper-module-transforms 147ms (cache miss)
651 silly packumentCache full:https://registry.npmjs.org/@babel%2fhelper-module-transforms set size:undefined disposed:false
652 http fetch GET 200 https://registry.npmjs.org/@babel%2fhelper-compilation-targets 172ms (cache miss)
653 silly packumentCache full:https://registry.npmjs.org/@babel%2fhelper-compilation-targets set size:undefined disposed:false
654 silly fetch manifest @babel/core@^7.0.0
655 silly packumentCache full:https://registry.npmjs.org/@babel%2fcore cache-hit
656 silly placeDep ROOT @babel/code-frame@7.29.0 OK for: @babel/core@7.29.0 want: ^7.29.0
657 silly placeDep ROOT @babel/generator@7.29.1 OK for: @babel/core@7.29.0 want: ^7.29.0
658 silly placeDep ROOT @babel/helper-compilation-targets@7.28.6 OK for: @babel/core@7.29.0 want: ^7.28.6
659 silly placeDep ROOT @babel/helper-module-transforms@7.28.6 OK for: @babel/core@7.29.0 want: ^7.28.6
660 silly placeDep ROOT @babel/helpers@7.29.2 OK for: @babel/core@7.29.0 want: ^7.28.6
661 silly placeDep ROOT @babel/template@7.28.6 OK for: @babel/core@7.29.0 want: ^7.28.6
662 silly placeDep ROOT @babel/traverse@7.29.0 OK for: @babel/core@7.29.0 want: ^7.29.0
663 silly placeDep ROOT @babel/types@7.29.0 OK for: @babel/core@7.29.0 want: ^7.29.0
664 silly placeDep ROOT @jridgewell/remapping@2.3.5 OK for: @babel/core@7.29.0 want: ^2.3.5
665 silly placeDep ROOT convert-source-map@2.0.0 OK for: @babel/core@7.29.0 want: ^2.0.0
666 silly placeDep ROOT gensync@1.0.0-beta.2 OK for: @babel/core@7.29.0 want: ^1.0.0-beta.2
667 silly placeDep ROOT json5@2.2.3 OK for: @babel/core@7.29.0 want: ^2.2.3
668 silly placeDep ROOT semver@6.3.1 OK for: @babel/core@7.29.0 want: ^6.3.1
669 silly fetch manifest js-tokens@^4.0.0
670 silly packumentCache full:https://registry.npmjs.org/js-tokens cache-miss
671 silly fetch manifest picocolors@^1.1.1
672 silly packumentCache full:https://registry.npmjs.org/picocolors cache-miss
673 silly fetch manifest @babel/helper-validator-identifier@^7.28.5
674 silly packumentCache full:https://registry.npmjs.org/@babel%2fhelper-validator-identifier cache-miss
675 silly fetch manifest jsesc@^3.0.2
676 silly packumentCache full:https://registry.npmjs.org/jsesc cache-miss
677 silly fetch manifest @jridgewell/gen-mapping@^0.3.12
678 silly packumentCache full:https://registry.npmjs.org/@jridgewell%2fgen-mapping cache-miss
679 silly fetch manifest @jridgewell/trace-mapping@^0.3.28
680 silly packumentCache full:https://registry.npmjs.org/@jridgewell%2ftrace-mapping cache-miss
681 silly fetch manifest lru-cache@^5.1.1
682 silly packumentCache full:https://registry.npmjs.org/lru-cache cache-miss
683 http fetch GET 200 https://registry.npmjs.org/picocolors 54ms (cache miss)
684 silly packumentCache full:https://registry.npmjs.org/picocolors set size:undefined disposed:false
685 silly fetch manifest browserslist@^4.24.0
686 silly packumentCache full:https://registry.npmjs.org/browserslist cache-miss
687 http fetch GET 200 https://registry.npmjs.org/jsesc 60ms (cache miss)
688 silly packumentCache full:https://registry.npmjs.org/jsesc set size:undefined disposed:false
689 silly fetch manifest @babel/compat-data@^7.28.6
690 silly packumentCache full:https://registry.npmjs.org/@babel%2fcompat-data cache-miss
691 http fetch GET 200 https://registry.npmjs.org/lru-cache 62ms (cache miss)
692 silly packumentCache full:https://registry.npmjs.org/lru-cache set size:undefined disposed:false
693 silly fetch manifest @babel/helper-validator-option@^7.27.1
694 silly packumentCache full:https://registry.npmjs.org/@babel%2fhelper-validator-option cache-miss
695 http fetch GET 200 https://registry.npmjs.org/@babel%2fhelper-validator-identifier 71ms (cache miss)
696 silly packumentCache full:https://registry.npmjs.org/@babel%2fhelper-validator-identifier set size:undefined disposed:false
697 silly fetch manifest @babel/traverse@^7.28.6
698 silly packumentCache full:https://registry.npmjs.org/@babel%2ftraverse cache-miss
699 http fetch GET 200 https://registry.npmjs.org/js-tokens 73ms (cache miss)
700 silly packumentCache full:https://registry.npmjs.org/js-tokens set size:undefined disposed:false
701 silly fetch manifest @babel/helper-module-imports@^7.28.6
702 silly packumentCache full:https://registry.npmjs.org/@babel%2fhelper-module-imports cache-miss
703 http fetch GET 200 https://registry.npmjs.org/@jridgewell%2fgen-mapping 73ms (cache miss)
704 silly packumentCache full:https://registry.npmjs.org/@jridgewell%2fgen-mapping set size:undefined disposed:false
705 silly fetch manifest @babel/types@^7.28.6
706 silly packumentCache full:https://registry.npmjs.org/@babel%2ftypes cache-miss
707 http cache https://registry.npmjs.org/@babel%2ftraverse 4ms (cache hit)
708 silly packumentCache full:https://registry.npmjs.org/@babel%2ftraverse set size:548722 disposed:false
709 silly fetch manifest @babel/helper-globals@^7.28.0
710 silly packumentCache full:https://registry.npmjs.org/@babel%2fhelper-globals cache-miss
711 http cache https://registry.npmjs.org/@babel%2ftypes 5ms (cache hit)
712 silly packumentCache full:https://registry.npmjs.org/@babel%2ftypes set size:487885 disposed:false
713 silly fetch manifest @babel/helper-string-parser@^7.27.1
714 silly packumentCache full:https://registry.npmjs.org/@babel%2fhelper-string-parser cache-miss
715 http fetch GET 200 https://registry.npmjs.org/@jridgewell%2ftrace-mapping 100ms (cache miss)
716 silly packumentCache full:https://registry.npmjs.org/@jridgewell%2ftrace-mapping set size:undefined disposed:false
717 silly fetch manifest @jridgewell/gen-mapping@^0.3.5
718 silly packumentCache full:https://registry.npmjs.org/@jridgewell%2fgen-mapping cache-miss
719 http cache https://registry.npmjs.org/@jridgewell%2fgen-mapping 1ms (cache hit)
720 silly packumentCache full:https://registry.npmjs.org/@jridgewell%2fgen-mapping set size:80719 disposed:false
721 silly fetch manifest @jridgewell/trace-mapping@^0.3.24
722 silly packumentCache full:https://registry.npmjs.org/@jridgewell%2ftrace-mapping cache-miss
723 http cache https://registry.npmjs.org/@jridgewell%2ftrace-mapping 1ms (cache hit)
724 silly packumentCache full:https://registry.npmjs.org/@jridgewell%2ftrace-mapping set size:170909 disposed:false
725 http fetch GET 200 https://registry.npmjs.org/@babel%2fhelper-validator-option 64ms (cache miss)
726 silly packumentCache full:https://registry.npmjs.org/@babel%2fhelper-validator-option set size:undefined disposed:false
727 http fetch GET 200 https://registry.npmjs.org/@babel%2fcompat-data 71ms (cache miss)
728 silly packumentCache full:https://registry.npmjs.org/@babel%2fcompat-data set size:undefined disposed:false
729 http fetch GET 200 https://registry.npmjs.org/@babel%2fhelper-module-imports 81ms (cache miss)
730 silly packumentCache full:https://registry.npmjs.org/@babel%2fhelper-module-imports set size:undefined disposed:false
731 http fetch GET 200 https://registry.npmjs.org/@babel%2fhelper-globals 76ms (cache miss)
732 silly packumentCache full:https://registry.npmjs.org/@babel%2fhelper-globals set size:undefined disposed:false
733 http fetch GET 200 https://registry.npmjs.org/browserslist 121ms (cache miss)
734 silly packumentCache full:https://registry.npmjs.org/browserslist set size:undefined disposed:false
735 http fetch GET 200 https://registry.npmjs.org/@babel%2fhelper-string-parser 98ms (cache miss)
736 silly packumentCache full:https://registry.npmjs.org/@babel%2fhelper-string-parser set size:undefined disposed:false
737 silly placeDep ROOT @babel/helper-validator-identifier@7.28.5 OK for: @babel/code-frame@7.29.0 want: ^7.28.5
738 silly placeDep ROOT js-tokens@4.0.0 OK for: @babel/code-frame@7.29.0 want: ^4.0.0
739 silly placeDep ROOT picocolors@1.1.1 OK for: @babel/code-frame@7.29.0 want: ^1.1.1
740 silly placeDep ROOT @jridgewell/gen-mapping@0.3.13 OK for: @babel/generator@7.29.1 want: ^0.3.12
741 silly placeDep ROOT @jridgewell/trace-mapping@0.3.31 OK for: @babel/generator@7.29.1 want: ^0.3.28
742 silly placeDep ROOT jsesc@3.1.0 OK for: @babel/generator@7.29.1 want: ^3.0.2
743 silly fetch manifest @jridgewell/sourcemap-codec@^1.5.0
744 silly packumentCache full:https://registry.npmjs.org/@jridgewell%2fsourcemap-codec cache-miss
745 silly fetch manifest @jridgewell/resolve-uri@^3.1.0
746 silly packumentCache full:https://registry.npmjs.org/@jridgewell%2fresolve-uri cache-miss
747 silly fetch manifest @jridgewell/sourcemap-codec@^1.4.14
748 silly packumentCache full:https://registry.npmjs.org/@jridgewell%2fsourcemap-codec cache-miss
749 http fetch GET 200 https://registry.npmjs.org/@jridgewell%2fsourcemap-codec 71ms (cache miss)
750 silly packumentCache full:https://registry.npmjs.org/@jridgewell%2fsourcemap-codec set size:undefined disposed:false
751 http fetch GET 200 https://registry.npmjs.org/@jridgewell%2fresolve-uri 71ms (cache miss)
752 silly packumentCache full:https://registry.npmjs.org/@jridgewell%2fresolve-uri set size:undefined disposed:false
753 http fetch GET 200 https://registry.npmjs.org/@jridgewell%2fsourcemap-codec 93ms (cache miss)
754 silly packumentCache full:https://registry.npmjs.org/@jridgewell%2fsourcemap-codec set size:undefined disposed:false
755 silly placeDep ROOT @babel/compat-data@7.29.0 OK for: @babel/helper-compilation-targets@7.28.6 want: ^7.28.6
756 silly placeDep ROOT @babel/helper-validator-option@7.27.1 OK for: @babel/helper-compilation-targets@7.28.6 want: ^7.27.1
757 silly placeDep ROOT browserslist@4.28.2 OK for: @babel/helper-compilation-targets@7.28.6 want: ^4.24.0
758 silly placeDep ROOT lru-cache@5.1.1 OK for: @babel/helper-compilation-targets@7.28.6 want: ^5.1.1
759 silly fetch manifest baseline-browser-mapping@^2.10.12
760 silly packumentCache full:https://registry.npmjs.org/baseline-browser-mapping cache-miss
761 silly fetch manifest caniuse-lite@^1.0.30001782
762 silly packumentCache full:https://registry.npmjs.org/caniuse-lite cache-miss
763 silly fetch manifest electron-to-chromium@^1.5.328
764 silly packumentCache full:https://registry.npmjs.org/electron-to-chromium cache-miss
765 silly fetch manifest node-releases@^2.0.36
766 silly packumentCache full:https://registry.npmjs.org/node-releases cache-miss
767 silly fetch manifest update-browserslist-db@^1.2.3
768 silly packumentCache full:https://registry.npmjs.org/update-browserslist-db cache-miss
769 silly fetch manifest yallist@^3.0.2
770 silly packumentCache full:https://registry.npmjs.org/yallist cache-miss
771 http fetch GET 200 https://registry.npmjs.org/update-browserslist-db 51ms (cache miss)
772 silly packumentCache full:https://registry.npmjs.org/update-browserslist-db set size:undefined disposed:false
773 http fetch GET 200 https://registry.npmjs.org/yallist 60ms (cache miss)
774 silly packumentCache full:https://registry.npmjs.org/yallist set size:undefined disposed:false
775 http fetch GET 200 https://registry.npmjs.org/baseline-browser-mapping 83ms (cache miss)
776 silly packumentCache full:https://registry.npmjs.org/baseline-browser-mapping set size:undefined disposed:false
777 http fetch GET 200 https://registry.npmjs.org/node-releases 85ms (cache miss)
778 silly packumentCache full:https://registry.npmjs.org/node-releases set size:undefined disposed:false
779 http fetch GET 200 https://registry.npmjs.org/caniuse-lite 243ms (cache miss)
780 silly packumentCache full:https://registry.npmjs.org/caniuse-lite set size:undefined disposed:false
781 http fetch GET 200 https://registry.npmjs.org/electron-to-chromium 285ms (cache miss)
782 silly packumentCache full:https://registry.npmjs.org/electron-to-chromium set size:undefined disposed:false
783 silly placeDep ROOT @babel/helper-module-imports@7.28.6 OK for: @babel/helper-module-transforms@7.28.6 want: ^7.28.6
784 silly placeDep ROOT @babel/helper-globals@7.28.0 OK for: @babel/traverse@7.29.0 want: ^7.28.0
785 silly placeDep ROOT @babel/helper-string-parser@7.27.1 OK for: @babel/types@7.29.0 want: ^7.27.1
786 silly placeDep ROOT @jridgewell/sourcemap-codec@1.5.5 OK for: @jridgewell/gen-mapping@0.3.13 want: ^1.5.0
787 silly placeDep ROOT @jridgewell/resolve-uri@3.1.2 OK for: @jridgewell/trace-mapping@0.3.31 want: ^3.1.0
788 silly fetch manifest browserslist@>= 4.21.0
789 silly packumentCache full:https://registry.npmjs.org/browserslist cache-miss
790 http cache https://registry.npmjs.org/browserslist 1ms (cache hit)
791 silly packumentCache full:https://registry.npmjs.org/browserslist set size:504681 disposed:false
792 silly placeDep ROOT baseline-browser-mapping@2.10.20 OK for: browserslist@4.28.2 want: ^2.10.12
793 silly placeDep ROOT caniuse-lite@1.0.30001788 OK for: browserslist@4.28.2 want: ^1.0.30001782
794 silly placeDep ROOT electron-to-chromium@1.5.340 OK for: browserslist@4.28.2 want: ^1.5.328
795 silly placeDep ROOT node-releases@2.0.37 OK for: browserslist@4.28.2 want: ^2.0.36
796 silly placeDep ROOT update-browserslist-db@1.2.3 OK for: browserslist@4.28.2 want: ^1.2.3
797 silly fetch manifest escalade@^3.2.0
798 silly packumentCache full:https://registry.npmjs.org/escalade cache-miss
799 http fetch GET 200 https://registry.npmjs.org/escalade 53ms (cache miss)
800 silly packumentCache full:https://registry.npmjs.org/escalade set size:undefined disposed:false
801 silly placeDep ROOT esrecurse@4.3.0 OK for: eslint-scope@8.4.0 want: ^4.3.0
802 silly placeDep ROOT estraverse@5.3.0 OK for: eslint-scope@8.4.0 want: ^5.2.0
803 silly placeDep ROOT acorn@8.16.0 OK for: espree@10.4.0 want: ^8.15.0
804 silly placeDep ROOT acorn-jsx@5.3.2 OK for: espree@10.4.0 want: ^5.3.2
805 silly placeDep ROOT flat-cache@4.0.1 OK for: file-entry-cache@8.0.0 want: ^4.0.0
806 silly fetch manifest keyv@^4.5.4
807 silly packumentCache full:https://registry.npmjs.org/keyv cache-miss
808 silly fetch manifest flatted@^3.2.9
809 silly packumentCache full:https://registry.npmjs.org/flatted cache-miss
810 http fetch GET 200 https://registry.npmjs.org/keyv 54ms (cache miss)
811 silly packumentCache full:https://registry.npmjs.org/keyv set size:undefined disposed:false
812 http fetch GET 200 https://registry.npmjs.org/flatted 64ms (cache miss)
813 silly packumentCache full:https://registry.npmjs.org/flatted set size:undefined disposed:false
814 silly placeDep ROOT locate-path@6.0.0 OK for: find-up@5.0.0 want: ^6.0.0
815 silly placeDep ROOT path-exists@4.0.0 OK for: find-up@5.0.0 want: ^4.0.0
816 silly fetch manifest p-locate@^5.0.0
817 silly packumentCache full:https://registry.npmjs.org/p-locate cache-miss
818 http fetch GET 200 https://registry.npmjs.org/p-locate 61ms (cache miss)
819 silly packumentCache full:https://registry.npmjs.org/p-locate set size:undefined disposed:false
820 silly placeDep ROOT flatted@3.4.2 OK for: flat-cache@4.0.1 want: ^3.2.9
821 silly placeDep ROOT keyv@4.5.4 OK for: flat-cache@4.0.1 want: ^4.5.4
822 silly fetch manifest json-buffer@3.0.1
823 silly packumentCache full:https://registry.npmjs.org/json-buffer cache-miss
824 http fetch GET 200 https://registry.npmjs.org/json-buffer 61ms (cache miss)
825 silly packumentCache full:https://registry.npmjs.org/json-buffer set size:undefined disposed:false
826 silly placeDep ROOT hermes-estree@0.25.1 OK for: hermes-parser@0.25.1 want: 0.25.1
827 silly placeDep ROOT parent-module@1.0.1 OK for: import-fresh@3.3.1 want: ^1.0.0
828 silly placeDep ROOT resolve-from@4.0.0 OK for: import-fresh@3.3.1 want: ^4.0.0
829 silly fetch manifest callsites@^3.0.0
830 silly packumentCache full:https://registry.npmjs.org/callsites cache-miss
831 http fetch GET 200 https://registry.npmjs.org/callsites 51ms (cache miss)
832 silly packumentCache full:https://registry.npmjs.org/callsites set size:undefined disposed:false
833 silly placeDep ROOT is-extglob@2.1.1 OK for: is-glob@4.0.3 want: ^2.1.1
834 silly placeDep ROOT argparse@2.0.1 OK for: js-yaml@4.1.1 want: ^2.0.1
835 silly placeDep ROOT json-buffer@3.0.1 OK for: keyv@4.5.4 want: 3.0.1
836 silly placeDep ROOT prelude-ls@1.2.1 OK for: levn@0.4.1 want: ^1.2.1
837 silly placeDep ROOT type-check@0.4.0 OK for: levn@0.4.1 want: ~0.4.0
838 silly placeDep ROOT p-locate@5.0.0 OK for: locate-path@6.0.0 want: ^5.0.0
839 silly fetch manifest p-limit@^3.0.2
840 silly packumentCache full:https://registry.npmjs.org/p-limit cache-miss
841 http fetch GET 200 https://registry.npmjs.org/p-limit 117ms (cache miss)
842 silly packumentCache full:https://registry.npmjs.org/p-limit set size:undefined disposed:false
843 silly placeDep ROOT yallist@3.1.1 OK for: lru-cache@5.1.1 want: ^3.0.2
844 silly placeDep ROOT brace-expansion@1.1.14 OK for: minimatch@3.1.5 want: ^1.1.7
845 silly fetch manifest concat-map@0.0.1
846 silly packumentCache full:https://registry.npmjs.org/concat-map cache-miss
847 silly fetch manifest balanced-match@^1.0.0
848 silly packumentCache full:https://registry.npmjs.org/balanced-match cache-miss
849 http cache https://registry.npmjs.org/balanced-match 5ms (cache hit)
850 silly packumentCache full:https://registry.npmjs.org/balanced-match set size:39082 disposed:false
851 http fetch GET 200 https://registry.npmjs.org/concat-map 54ms (cache miss)
852 silly packumentCache full:https://registry.npmjs.org/concat-map set size:undefined disposed:false
853 silly placeDep ROOT balanced-match@1.0.2 OK for: brace-expansion@1.1.14 want: ^1.0.0
854 silly placeDep ROOT concat-map@0.0.1 OK for: brace-expansion@1.1.14 want: 0.0.1
855 silly placeDep ROOT deep-is@0.1.4 OK for: optionator@0.9.4 want: ^0.1.3
856 silly placeDep ROOT fast-levenshtein@2.0.6 OK for: optionator@0.9.4 want: ^2.0.6
857 silly placeDep ROOT word-wrap@1.2.5 OK for: optionator@0.9.4 want: ^1.2.5
858 silly placeDep ROOT p-limit@3.1.0 OK for: p-locate@5.0.0 want: ^3.0.2
859 silly fetch manifest yocto-queue@^0.1.0
860 silly packumentCache full:https://registry.npmjs.org/yocto-queue cache-miss
861 http fetch GET 200 https://registry.npmjs.org/yocto-queue 49ms (cache miss)
862 silly packumentCache full:https://registry.npmjs.org/yocto-queue set size:undefined disposed:false
863 silly placeDep ROOT yocto-queue@0.1.0 OK for: p-limit@3.1.0 want: ^0.1.0
864 silly placeDep ROOT callsites@3.1.0 OK for: parent-module@1.0.1 want: ^3.0.0
865 silly placeDep ROOT scheduler@0.27.0 OK for: react-dom@19.2.5 want: ^0.27.0
866 silly placeDep ROOT shebang-regex@3.0.0 OK for: shebang-command@2.0.0 want: ^3.0.0
867 silly placeDep ROOT has-flag@4.0.0 OK for: supports-color@7.2.0 want: ^4.0.0
868 silly placeDep ROOT escalade@3.2.0 OK for: update-browserslist-db@1.2.3 want: ^3.2.0
869 silly placeDep ROOT punycode@2.3.1 OK for: uri-js@4.4.1 want: ^2.1.0
870 silly placeDep ROOT fsevents@2.3.3 OK for: vite@8.0.8 want: ~2.3.3
871 silly placeDep ROOT lightningcss@1.32.0 OK for: vite@8.0.8 want: ^1.32.0
872 silly placeDep ROOT picomatch@4.0.4 OK for: vite@8.0.8 want: ^4.0.4
873 silly placeDep ROOT postcss@8.5.10 OK for: vite@8.0.8 want: ^8.5.8
874 silly placeDep ROOT rolldown@1.0.0-rc.15 OK for: vite@8.0.8 want: 1.0.0-rc.15
875 silly placeDep ROOT tinyglobby@0.2.16 OK for: vite@8.0.8 want: ^0.2.15
876 silly fetch manifest detect-libc@^2.0.3
877 silly packumentCache full:https://registry.npmjs.org/detect-libc cache-miss
878 silly fetch manifest lightningcss-darwin-x64@1.32.0
879 silly packumentCache full:https://registry.npmjs.org/lightningcss-darwin-x64 cache-miss
880 silly fetch manifest lightningcss-linux-x64-gnu@1.32.0
881 silly packumentCache full:https://registry.npmjs.org/lightningcss-linux-x64-gnu cache-miss
882 silly fetch manifest lightningcss-win32-x64-msvc@1.32.0
883 silly packumentCache full:https://registry.npmjs.org/lightningcss-win32-x64-msvc cache-miss
884 silly fetch manifest lightningcss-win32-arm64-msvc@1.32.0
885 silly packumentCache full:https://registry.npmjs.org/lightningcss-win32-arm64-msvc cache-miss
886 silly fetch manifest lightningcss-darwin-arm64@1.32.0
887 silly packumentCache full:https://registry.npmjs.org/lightningcss-darwin-arm64 cache-miss
888 silly fetch manifest lightningcss-linux-arm64-gnu@1.32.0
889 silly packumentCache full:https://registry.npmjs.org/lightningcss-linux-arm64-gnu cache-miss
890 http fetch GET 200 https://registry.npmjs.org/detect-libc 53ms (cache miss)
891 silly packumentCache full:https://registry.npmjs.org/detect-libc set size:undefined disposed:false
892 silly fetch manifest lightningcss-linux-arm-gnueabihf@1.32.0
893 silly packumentCache full:https://registry.npmjs.org/lightningcss-linux-arm-gnueabihf cache-miss
894 http fetch GET 200 https://registry.npmjs.org/lightningcss-win32-arm64-msvc 62ms (cache miss)
895 silly packumentCache full:https://registry.npmjs.org/lightningcss-win32-arm64-msvc set size:undefined disposed:false
896 silly fetch manifest lightningcss-linux-arm64-musl@1.32.0
897 silly packumentCache full:https://registry.npmjs.org/lightningcss-linux-arm64-musl cache-miss
898 http fetch GET 200 https://registry.npmjs.org/lightningcss-linux-arm64-gnu 64ms (cache miss)
899 silly packumentCache full:https://registry.npmjs.org/lightningcss-linux-arm64-gnu set size:undefined disposed:false
900 silly fetch manifest lightningcss-linux-x64-musl@1.32.0
901 silly packumentCache full:https://registry.npmjs.org/lightningcss-linux-x64-musl cache-miss
902 http fetch GET 200 https://registry.npmjs.org/lightningcss-linux-x64-gnu 65ms (cache miss)
903 silly packumentCache full:https://registry.npmjs.org/lightningcss-linux-x64-gnu set size:undefined disposed:false
904 silly fetch manifest lightningcss-freebsd-x64@1.32.0
905 silly packumentCache full:https://registry.npmjs.org/lightningcss-freebsd-x64 cache-miss
906 http fetch GET 200 https://registry.npmjs.org/lightningcss-darwin-arm64 65ms (cache miss)
907 silly packumentCache full:https://registry.npmjs.org/lightningcss-darwin-arm64 set size:undefined disposed:false
908 silly fetch manifest lightningcss-android-arm64@1.32.0
909 silly packumentCache full:https://registry.npmjs.org/lightningcss-android-arm64 cache-miss
910 http fetch GET 200 https://registry.npmjs.org/lightningcss-win32-x64-msvc 68ms (cache miss)
911 silly packumentCache full:https://registry.npmjs.org/lightningcss-win32-x64-msvc set size:undefined disposed:false
912 silly fetch manifest nanoid@^3.3.11
913 silly packumentCache full:https://registry.npmjs.org/nanoid cache-miss
914 http fetch GET 200 https://registry.npmjs.org/lightningcss-darwin-x64 82ms (cache miss)
915 silly packumentCache full:https://registry.npmjs.org/lightningcss-darwin-x64 set size:undefined disposed:false
916 silly fetch manifest source-map-js@^1.2.1
917 silly packumentCache full:https://registry.npmjs.org/source-map-js cache-miss
918 http fetch GET 200 https://registry.npmjs.org/lightningcss-android-arm64 48ms (cache miss)
919 silly packumentCache full:https://registry.npmjs.org/lightningcss-android-arm64 set size:undefined disposed:false
920 silly fetch manifest @oxc-project/types@=0.124.0
921 silly packumentCache full:https://registry.npmjs.org/@oxc-project%2ftypes cache-miss
922 http fetch GET 200 https://registry.npmjs.org/lightningcss-linux-arm-gnueabihf 61ms (cache miss)
923 silly packumentCache full:https://registry.npmjs.org/lightningcss-linux-arm-gnueabihf set size:undefined disposed:false
924 silly fetch manifest @rolldown/pluginutils@1.0.0-rc.15
925 silly packumentCache full:https://registry.npmjs.org/@rolldown%2fpluginutils cache-miss
926 http fetch GET 200 https://registry.npmjs.org/lightningcss-linux-arm64-musl 53ms (cache miss)
927 silly packumentCache full:https://registry.npmjs.org/lightningcss-linux-arm64-musl set size:undefined disposed:false
928 silly fetch manifest @rolldown/binding-darwin-x64@1.0.0-rc.15
929 silly packumentCache full:https://registry.npmjs.org/@rolldown%2fbinding-darwin-x64 cache-miss
930 http cache https://registry.npmjs.org/@rolldown%2fpluginutils 3ms (cache hit)
931 silly packumentCache full:https://registry.npmjs.org/@rolldown%2fpluginutils set size:286972 disposed:false
932 silly fetch manifest @rolldown/binding-freebsd-x64@1.0.0-rc.15
933 silly packumentCache full:https://registry.npmjs.org/@rolldown%2fbinding-freebsd-x64 cache-miss
934 http fetch GET 200 https://registry.npmjs.org/lightningcss-linux-x64-musl 57ms (cache miss)
935 silly packumentCache full:https://registry.npmjs.org/lightningcss-linux-x64-musl set size:undefined disposed:false
936 silly fetch manifest @rolldown/binding-wasm32-wasi@1.0.0-rc.15
937 silly packumentCache full:https://registry.npmjs.org/@rolldown%2fbinding-wasm32-wasi cache-miss
938 http fetch GET 200 https://registry.npmjs.org/lightningcss-freebsd-x64 58ms (cache miss)
939 silly packumentCache full:https://registry.npmjs.org/lightningcss-freebsd-x64 set size:undefined disposed:false
940 silly fetch manifest @rolldown/binding-darwin-arm64@1.0.0-rc.15
941 silly packumentCache full:https://registry.npmjs.org/@rolldown%2fbinding-darwin-arm64 cache-miss
942 http fetch GET 200 https://registry.npmjs.org/nanoid 80ms (cache miss)
943 silly packumentCache full:https://registry.npmjs.org/nanoid set size:undefined disposed:false
944 silly fetch manifest @rolldown/binding-android-arm64@1.0.0-rc.15
945 silly packumentCache full:https://registry.npmjs.org/@rolldown%2fbinding-android-arm64 cache-miss
946 http fetch GET 200 https://registry.npmjs.org/source-map-js 70ms (cache miss)
947 silly packumentCache full:https://registry.npmjs.org/source-map-js set size:undefined disposed:false
948 silly fetch manifest @rolldown/binding-linux-x64-gnu@1.0.0-rc.15
949 silly packumentCache full:https://registry.npmjs.org/@rolldown%2fbinding-linux-x64-gnu cache-miss
950 http fetch GET 200 https://registry.npmjs.org/@oxc-project%2ftypes 80ms (cache miss)
951 silly packumentCache full:https://registry.npmjs.org/@oxc-project%2ftypes set size:undefined disposed:false
952 silly fetch manifest @rolldown/binding-linux-x64-musl@1.0.0-rc.15
953 silly packumentCache full:https://registry.npmjs.org/@rolldown%2fbinding-linux-x64-musl cache-miss
954 http fetch GET 200 https://registry.npmjs.org/@rolldown%2fbinding-darwin-x64 86ms (cache miss)
955 silly packumentCache full:https://registry.npmjs.org/@rolldown%2fbinding-darwin-x64 set size:undefined disposed:false
956 silly fetch manifest @rolldown/binding-win32-x64-msvc@1.0.0-rc.15
957 silly packumentCache full:https://registry.npmjs.org/@rolldown%2fbinding-win32-x64-msvc cache-miss
958 http fetch GET 200 https://registry.npmjs.org/@rolldown%2fbinding-freebsd-x64 95ms (cache miss)
959 silly packumentCache full:https://registry.npmjs.org/@rolldown%2fbinding-freebsd-x64 set size:undefined disposed:false
960 silly fetch manifest @rolldown/binding-linux-arm64-gnu@1.0.0-rc.15
961 silly packumentCache full:https://registry.npmjs.org/@rolldown%2fbinding-linux-arm64-gnu cache-miss
962 http fetch GET 200 https://registry.npmjs.org/@rolldown%2fbinding-wasm32-wasi 108ms (cache miss)
963 silly packumentCache full:https://registry.npmjs.org/@rolldown%2fbinding-wasm32-wasi set size:undefined disposed:false
964 silly fetch manifest @rolldown/binding-linux-ppc64-gnu@1.0.0-rc.15
965 silly packumentCache full:https://registry.npmjs.org/@rolldown%2fbinding-linux-ppc64-gnu cache-miss
966 http fetch GET 200 https://registry.npmjs.org/@rolldown%2fbinding-android-arm64 92ms (cache miss)
967 silly packumentCache full:https://registry.npmjs.org/@rolldown%2fbinding-android-arm64 set size:undefined disposed:false
968 silly fetch manifest @rolldown/binding-linux-s390x-gnu@1.0.0-rc.15
969 silly packumentCache full:https://registry.npmjs.org/@rolldown%2fbinding-linux-s390x-gnu cache-miss
970 http fetch GET 200 https://registry.npmjs.org/@rolldown%2fbinding-darwin-arm64 127ms (cache miss)
971 silly packumentCache full:https://registry.npmjs.org/@rolldown%2fbinding-darwin-arm64 set size:undefined disposed:false
972 silly fetch manifest @rolldown/binding-linux-arm64-musl@1.0.0-rc.15
973 silly packumentCache full:https://registry.npmjs.org/@rolldown%2fbinding-linux-arm64-musl cache-miss
974 http fetch GET 200 https://registry.npmjs.org/@rolldown%2fbinding-linux-x64-gnu 130ms (cache miss)
975 silly packumentCache full:https://registry.npmjs.org/@rolldown%2fbinding-linux-x64-gnu set size:undefined disposed:false
976 silly fetch manifest @rolldown/binding-win32-arm64-msvc@1.0.0-rc.15
977 silly packumentCache full:https://registry.npmjs.org/@rolldown%2fbinding-win32-arm64-msvc cache-miss
978 http fetch GET 200 https://registry.npmjs.org/@rolldown%2fbinding-win32-x64-msvc 84ms (cache miss)
979 silly packumentCache full:https://registry.npmjs.org/@rolldown%2fbinding-win32-x64-msvc set size:undefined disposed:false
980 silly fetch manifest @rolldown/binding-openharmony-arm64@1.0.0-rc.15
981 silly packumentCache full:https://registry.npmjs.org/@rolldown%2fbinding-openharmony-arm64 cache-miss
982 http fetch GET 200 https://registry.npmjs.org/@rolldown%2fbinding-linux-ppc64-gnu 172ms (cache miss)
983 silly packumentCache full:https://registry.npmjs.org/@rolldown%2fbinding-linux-ppc64-gnu set size:undefined disposed:false
984 silly fetch manifest @rolldown/binding-linux-arm-gnueabihf@1.0.0-rc.15
985 silly packumentCache full:https://registry.npmjs.org/@rolldown%2fbinding-linux-arm-gnueabihf cache-miss
986 http fetch GET 200 https://registry.npmjs.org/@rolldown%2fbinding-linux-s390x-gnu 165ms (cache miss)
987 silly packumentCache full:https://registry.npmjs.org/@rolldown%2fbinding-linux-s390x-gnu set size:undefined disposed:false
988 silly fetch manifest fdir@^6.5.0
989 silly packumentCache full:https://registry.npmjs.org/fdir cache-miss
990 http fetch GET 200 https://registry.npmjs.org/@rolldown%2fbinding-openharmony-arm64 115ms (cache miss)
991 silly packumentCache full:https://registry.npmjs.org/@rolldown%2fbinding-openharmony-arm64 set size:undefined disposed:false
992 http fetch GET 200 https://registry.npmjs.org/@rolldown%2fbinding-linux-x64-musl 218ms (cache miss)
993 silly packumentCache full:https://registry.npmjs.org/@rolldown%2fbinding-linux-x64-musl set size:undefined disposed:false
994 http fetch GET 200 https://registry.npmjs.org/@rolldown%2fbinding-linux-arm64-gnu 201ms (cache miss)
995 silly packumentCache full:https://registry.npmjs.org/@rolldown%2fbinding-linux-arm64-gnu set size:undefined disposed:false
996 http fetch GET 200 https://registry.npmjs.org/@rolldown%2fbinding-linux-arm64-musl 171ms (cache miss)
997 silly packumentCache full:https://registry.npmjs.org/@rolldown%2fbinding-linux-arm64-musl set size:undefined disposed:false
998 http fetch GET 200 https://registry.npmjs.org/@rolldown%2fbinding-win32-arm64-msvc 145ms (cache miss)
999 silly packumentCache full:https://registry.npmjs.org/@rolldown%2fbinding-win32-arm64-msvc set size:undefined disposed:false
1000 http fetch GET 200 https://registry.npmjs.org/fdir 50ms (cache miss)
1001 silly packumentCache full:https://registry.npmjs.org/fdir set size:undefined disposed:false
1002 http fetch GET 200 https://registry.npmjs.org/@rolldown%2fbinding-linux-arm-gnueabihf 77ms (cache miss)
1003 silly packumentCache full:https://registry.npmjs.org/@rolldown%2fbinding-linux-arm-gnueabihf set size:undefined disposed:false
1004 silly placeDep ROOT detect-libc@2.1.2 OK for: lightningcss@1.32.0 want: ^2.0.3
1005 silly placeDep ROOT lightningcss-android-arm64@1.32.0 OK for: lightningcss@1.32.0 want: 1.32.0
1006 silly placeDep ROOT lightningcss-darwin-arm64@1.32.0 OK for: lightningcss@1.32.0 want: 1.32.0
1007 silly placeDep ROOT lightningcss-darwin-x64@1.32.0 OK for: lightningcss@1.32.0 want: 1.32.0
1008 silly placeDep ROOT lightningcss-freebsd-x64@1.32.0 OK for: lightningcss@1.32.0 want: 1.32.0
1009 silly placeDep ROOT lightningcss-linux-arm-gnueabihf@1.32.0 OK for: lightningcss@1.32.0 want: 1.32.0
1010 silly placeDep ROOT lightningcss-linux-arm64-gnu@1.32.0 OK for: lightningcss@1.32.0 want: 1.32.0
1011 silly placeDep ROOT lightningcss-linux-arm64-musl@1.32.0 OK for: lightningcss@1.32.0 want: 1.32.0
1012 silly placeDep ROOT lightningcss-linux-x64-gnu@1.32.0 OK for: lightningcss@1.32.0 want: 1.32.0
1013 silly placeDep ROOT lightningcss-linux-x64-musl@1.32.0 OK for: lightningcss@1.32.0 want: 1.32.0
1014 silly placeDep ROOT lightningcss-win32-arm64-msvc@1.32.0 OK for: lightningcss@1.32.0 want: 1.32.0
1015 silly placeDep ROOT lightningcss-win32-x64-msvc@1.32.0 OK for: lightningcss@1.32.0 want: 1.32.0
1016 silly placeDep ROOT nanoid@3.3.11 OK for: postcss@8.5.10 want: ^3.3.11
1017 silly placeDep ROOT source-map-js@1.2.1 OK for: postcss@8.5.10 want: ^1.2.1
1018 silly placeDep ROOT @oxc-project/types@0.124.0 OK for: rolldown@1.0.0-rc.15 want: =0.124.0
1019 silly placeDep ROOT @rolldown/binding-android-arm64@1.0.0-rc.15 OK for: rolldown@1.0.0-rc.15 want: 1.0.0-rc.15
1020 silly placeDep ROOT @rolldown/binding-darwin-arm64@1.0.0-rc.15 OK for: rolldown@1.0.0-rc.15 want: 1.0.0-rc.15
1021 silly placeDep ROOT @rolldown/binding-darwin-x64@1.0.0-rc.15 OK for: rolldown@1.0.0-rc.15 want: 1.0.0-rc.15
1022 silly placeDep ROOT @rolldown/binding-freebsd-x64@1.0.0-rc.15 OK for: rolldown@1.0.0-rc.15 want: 1.0.0-rc.15
1023 silly placeDep ROOT @rolldown/binding-linux-arm-gnueabihf@1.0.0-rc.15 OK for: rolldown@1.0.0-rc.15 want: 1.0.0-rc.15
1024 silly placeDep ROOT @rolldown/binding-linux-arm64-gnu@1.0.0-rc.15 OK for: rolldown@1.0.0-rc.15 want: 1.0.0-rc.15
1025 silly placeDep ROOT @rolldown/binding-linux-arm64-musl@1.0.0-rc.15 OK for: rolldown@1.0.0-rc.15 want: 1.0.0-rc.15
1026 silly placeDep ROOT @rolldown/binding-linux-ppc64-gnu@1.0.0-rc.15 OK for: rolldown@1.0.0-rc.15 want: 1.0.0-rc.15
1027 silly placeDep ROOT @rolldown/binding-linux-s390x-gnu@1.0.0-rc.15 OK for: rolldown@1.0.0-rc.15 want: 1.0.0-rc.15
1028 silly placeDep ROOT @rolldown/binding-linux-x64-gnu@1.0.0-rc.15 OK for: rolldown@1.0.0-rc.15 want: 1.0.0-rc.15
1029 silly placeDep ROOT @rolldown/binding-linux-x64-musl@1.0.0-rc.15 OK for: rolldown@1.0.0-rc.15 want: 1.0.0-rc.15
1030 silly placeDep ROOT @rolldown/binding-openharmony-arm64@1.0.0-rc.15 OK for: rolldown@1.0.0-rc.15 want: 1.0.0-rc.15
1031 silly placeDep ROOT @rolldown/binding-wasm32-wasi@1.0.0-rc.15 OK for: rolldown@1.0.0-rc.15 want: 1.0.0-rc.15
1032 silly placeDep ROOT @rolldown/binding-win32-arm64-msvc@1.0.0-rc.15 OK for: rolldown@1.0.0-rc.15 want: 1.0.0-rc.15
1033 silly placeDep ROOT @rolldown/binding-win32-x64-msvc@1.0.0-rc.15 OK for: rolldown@1.0.0-rc.15 want: 1.0.0-rc.15
1034 silly placeDep node_modules/rolldown @rolldown/pluginutils@1.0.0-rc.15 OK for: rolldown@1.0.0-rc.15 want: 1.0.0-rc.15
1035 silly fetch manifest @emnapi/core@1.9.2
1036 silly packumentCache full:https://registry.npmjs.org/@emnapi%2fcore cache-miss
1037 silly fetch manifest @emnapi/runtime@1.9.2
1038 silly packumentCache full:https://registry.npmjs.org/@emnapi%2fruntime cache-miss
1039 silly fetch manifest @napi-rs/wasm-runtime@^1.1.3
1040 silly packumentCache full:https://registry.npmjs.org/@napi-rs%2fwasm-runtime cache-miss
1041 http fetch GET 200 https://registry.npmjs.org/@emnapi%2fcore 73ms (cache miss)
1042 silly packumentCache full:https://registry.npmjs.org/@emnapi%2fcore set size:undefined disposed:false
1043 http fetch GET 200 https://registry.npmjs.org/@emnapi%2fruntime 74ms (cache miss)
1044 silly packumentCache full:https://registry.npmjs.org/@emnapi%2fruntime set size:undefined disposed:false
1045 http fetch GET 200 https://registry.npmjs.org/@napi-rs%2fwasm-runtime 95ms (cache miss)
1046 silly packumentCache full:https://registry.npmjs.org/@napi-rs%2fwasm-runtime set size:undefined disposed:false
1047 silly placeDep ROOT @emnapi/core@1.9.2 OK for: @rolldown/binding-wasm32-wasi@1.0.0-rc.15 want: 1.9.2
1048 silly placeDep ROOT @emnapi/runtime@1.9.2 OK for: @rolldown/binding-wasm32-wasi@1.0.0-rc.15 want: 1.9.2
1049 silly placeDep ROOT @napi-rs/wasm-runtime@1.1.4 OK for: @rolldown/binding-wasm32-wasi@1.0.0-rc.15 want: ^1.1.3
1050 silly fetch manifest tslib@^2.4.0
1051 silly packumentCache full:https://registry.npmjs.org/tslib cache-miss
1052 silly fetch manifest @emnapi/wasi-threads@1.2.1
1053 silly packumentCache full:https://registry.npmjs.org/@emnapi%2fwasi-threads cache-miss
1054 silly fetch manifest tslib@^2.4.0
1055 silly packumentCache full:https://registry.npmjs.org/tslib cache-miss
1056 silly fetch manifest @tybys/wasm-util@^0.10.1
1057 silly packumentCache full:https://registry.npmjs.org/@tybys%2fwasm-util cache-miss
1058 http fetch GET 200 https://registry.npmjs.org/tslib 49ms (cache miss)
1059 silly packumentCache full:https://registry.npmjs.org/tslib set size:undefined disposed:false
1060 http fetch GET 200 https://registry.npmjs.org/tslib 58ms (cache miss)
1061 silly packumentCache full:https://registry.npmjs.org/tslib set size:undefined disposed:false
1062 http fetch GET 200 https://registry.npmjs.org/@tybys%2fwasm-util 61ms (cache miss)
1063 silly packumentCache full:https://registry.npmjs.org/@tybys%2fwasm-util set size:undefined disposed:false
1064 http fetch GET 200 https://registry.npmjs.org/@emnapi%2fwasi-threads 83ms (cache miss)
1065 silly packumentCache full:https://registry.npmjs.org/@emnapi%2fwasi-threads set size:undefined disposed:false
1066 silly placeDep ROOT @emnapi/wasi-threads@1.2.1 OK for: @emnapi/core@1.9.2 want: 1.2.1
1067 silly placeDep ROOT tslib@2.8.1 OK for: @emnapi/core@1.9.2 want: ^2.4.0
1068 silly placeDep ROOT @tybys/wasm-util@0.10.1 OK for: @napi-rs/wasm-runtime@1.1.4 want: ^0.10.1
1069 silly placeDep ROOT fdir@6.5.0 OK for: tinyglobby@0.2.16 want: ^6.5.0
1070 silly placeDep ROOT isexe@2.0.0 OK for: which@2.0.2 want: ^2.0.0
1071 silly reify moves {}
1072 silly audit bulk request {
1072 silly audit   '@eslint/js': [ '9.39.4' ],
1072 silly audit   '@types/react': [ '19.2.14' ],
1072 silly audit   '@types/react-dom': [ '19.2.3' ],
1072 silly audit   '@vitejs/plugin-react': [ '6.0.1' ],
1072 silly audit   vite: [ '8.0.8' ],
1072 silly audit   eslint: [ '9.39.4' ],
1072 silly audit   'eslint-plugin-react-hooks': [ '7.1.1' ],
1072 silly audit   'eslint-plugin-react-refresh': [ '0.5.2' ],
1072 silly audit   globals: [ '17.5.0', '14.0.0' ],
1072 silly audit   react: [ '19.2.5' ],
1072 silly audit   'react-dom': [ '19.2.5' ],
1072 silly audit   csstype: [ '3.2.3' ],
1072 silly audit   '@rolldown/pluginutils': [ '1.0.0-rc.7', '1.0.0-rc.15' ],
1072 silly audit   '@eslint-community/eslint-utils': [ '4.9.1' ],
1072 silly audit   '@eslint-community/regexpp': [ '4.12.2' ],
1072 silly audit   '@eslint/config-array': [ '0.21.2' ],
1072 silly audit   '@eslint/config-helpers': [ '0.4.2' ],
1072 silly audit   '@eslint/core': [ '0.17.0' ],
1072 silly audit   '@eslint/eslintrc': [ '3.3.5' ],
1072 silly audit   '@eslint/plugin-kit': [ '0.4.1' ],
1072 silly audit   '@humanfs/node': [ '0.16.8' ],
1072 silly audit   '@humanwhocodes/module-importer': [ '1.0.1' ],
1072 silly audit   '@humanwhocodes/retry': [ '0.4.3' ],
1072 silly audit   '@types/estree': [ '1.0.8' ],
1072 silly audit   ajv: [ '6.14.0' ],
1072 silly audit   chalk: [ '4.1.2' ],
1072 silly audit   'cross-spawn': [ '7.0.6' ],
1072 silly audit   debug: [ '4.4.3' ],
1072 silly audit   'escape-string-regexp': [ '4.0.0' ],
1072 silly audit   'eslint-scope': [ '8.4.0' ],
1072 silly audit   'eslint-visitor-keys': [ '4.2.1', '3.4.3' ],
1072 silly audit   espree: [ '10.4.0' ],
1072 silly audit   esquery: [ '1.7.0' ],
1072 silly audit   esutils: [ '2.0.3' ],
1072 silly audit   'fast-deep-equal': [ '3.1.3' ],
1072 silly audit   'file-entry-cache': [ '8.0.0' ],
1072 silly audit   'find-up': [ '5.0.0' ],
1072 silly audit   'glob-parent': [ '6.0.2' ],
1072 silly audit   ignore: [ '5.3.2' ],
1072 silly audit   imurmurhash: [ '0.1.4' ],
1072 silly audit   'is-glob': [ '4.0.3' ],
1072 silly audit   'json-stable-stringify-without-jsonify': [ '1.0.1' ],
1072 silly audit   'lodash.merge': [ '4.6.2' ],
1072 silly audit   minimatch: [ '3.1.5' ],
1072 silly audit   'natural-compare': [ '1.4.0' ],
1072 silly audit   optionator: [ '0.9.4' ],
1072 silly audit   '@eslint/object-schema': [ '2.1.7' ],
1072 silly audit   '@types/json-schema': [ '7.0.15' ],
1072 silly audit   'import-fresh': [ '3.3.1' ],
1072 silly audit   'js-yaml': [ '4.1.1' ],
1072 silly audit   'strip-json-comments': [ '3.1.1' ],
1072 silly audit   levn: [ '0.4.1' ],
1072 silly audit   '@humanfs/core': [ '0.19.2' ],
1072 silly audit   '@humanfs/types': [ '0.15.0' ],
1072 silly audit   'fast-json-stable-stringify': [ '2.1.0' ],
1072 silly audit   'json-schema-traverse': [ '0.4.1' ],
1072 silly audit   'uri-js': [ '4.4.1' ],
1072 silly audit   'ansi-styles': [ '4.3.0' ],
1072 silly audit   'supports-color': [ '7.2.0' ],
1072 silly audit   'color-convert': [ '2.0.1' ],
1072 silly audit   'color-name': [ '1.1.4' ],
1072 silly audit   'path-key': [ '3.1.1' ],
1072 silly audit   'shebang-command': [ '2.0.0' ],
1072 silly audit   which: [ '2.0.2' ],
1072 silly audit   ms: [ '2.1.3' ],
1072 silly audit   '@babel/core': [ '7.29.0' ],
1072 silly audit   '@babel/parser': [ '7.29.2' ],
1072 silly audit   'hermes-parser': [ '0.25.1' ],
1072 silly audit   zod: [ '4.3.6' ],
1072 silly audit   'zod-validation-error': [ '4.0.2' ],
1072 silly audit   '@babel/code-frame': [ '7.29.0' ],
1072 silly audit   '@babel/generator': [ '7.29.1' ],
1072 silly audit   '@babel/helper-compilation-targets': [ '7.28.6' ],
1072 silly audit   '@babel/helper-module-transforms': [ '7.28.6' ],
1072 silly audit   '@babel/helpers': [ '7.29.2' ],
1072 silly audit   '@babel/template': [ '7.28.6' ],
1072 silly audit   '@babel/traverse': [ '7.29.0' ],
1072 silly audit   '@babel/types': [ '7.29.0' ],
1072 silly audit   '@jridgewell/remapping': [ '2.3.5' ],
1072 silly audit   'convert-source-map': [ '2.0.0' ],
1072 silly audit   gensync: [ '1.0.0-beta.2' ],
1072 silly audit   json5: [ '2.2.3' ],
1072 silly audit   semver: [ '6.3.1' ],
1072 silly audit   '@babel/helper-validator-identifier': [ '7.28.5' ],
1072 silly audit   'js-tokens': [ '4.0.0' ],
1072 silly audit   picocolors: [ '1.1.1' ],
1072 silly audit   '@jridgewell/gen-mapping': [ '0.3.13' ],
1072 silly audit   '@jridgewell/trace-mapping': [ '0.3.31' ],
1072 silly audit   jsesc: [ '3.1.0' ],
1072 silly audit   '@babel/compat-data': [ '7.29.0' ],
1072 silly audit   '@babel/helper-validator-option': [ '7.27.1' ],
1072 silly audit   browserslist: [ '4.28.2' ],
1072 silly audit   'lru-cache': [ '5.1.1' ],
1072 silly audit   '@babel/helper-module-imports': [ '7.28.6' ],
1072 silly audit   '@babel/helper-globals': [ '7.28.0' ],
1072 silly audit   '@babel/helper-string-parser': [ '7.27.1' ],
1072 silly audit   '@jridgewell/sourcemap-codec': [ '1.5.5' ],
1072 silly audit   '@jridgewell/resolve-uri': [ '3.1.2' ],
1072 silly audit   'baseline-browser-mapping': [ '2.10.20' ],
1072 silly audit   'caniuse-lite': [ '1.0.30001788' ],
1072 silly audit   'electron-to-chromium': [ '1.5.340' ],
1072 silly audit   'node-releases': [ '2.0.37' ],
1072 silly audit   'update-browserslist-db': [ '1.2.3' ],
1072 silly audit   esrecurse: [ '4.3.0' ],
1072 silly audit   estraverse: [ '5.3.0' ],
1072 silly audit   acorn: [ '8.16.0' ],
1072 silly audit   'acorn-jsx': [ '5.3.2' ],
1072 silly audit   'flat-cache': [ '4.0.1' ],
1072 silly audit   'locate-path': [ '6.0.0' ],
1072 silly audit   'path-exists': [ '4.0.0' ],
1072 silly audit   flatted: [ '3.4.2' ],
1072 silly audit   keyv: [ '4.5.4' ],
1072 silly audit   'hermes-estree': [ '0.25.1' ],
1072 silly audit   'parent-module': [ '1.0.1' ],
1072 silly audit   'resolve-from': [ '4.0.0' ],
1072 silly audit   'is-extglob': [ '2.1.1' ],
1072 silly audit   argparse: [ '2.0.1' ],
1072 silly audit   'json-buffer': [ '3.0.1' ],
1072 silly audit   'prelude-ls': [ '1.2.1' ],
1072 silly audit   'type-check': [ '0.4.0' ],
1072 silly audit   'p-locate': [ '5.0.0' ],
1072 silly audit   yallist: [ '3.1.1' ],
1072 silly audit   'brace-expansion': [ '1.1.14' ],
1072 silly audit   'balanced-match': [ '1.0.2' ],
1072 silly audit   'concat-map': [ '0.0.1' ],
1072 silly audit   'deep-is': [ '0.1.4' ],
1072 silly audit   'fast-levenshtein': [ '2.0.6' ],
1072 silly audit   'word-wrap': [ '1.2.5' ],
1072 silly audit   'p-limit': [ '3.1.0' ],
1072 silly audit   'yocto-queue': [ '0.1.0' ],
1072 silly audit   callsites: [ '3.1.0' ],
1072 silly audit   scheduler: [ '0.27.0' ],
1072 silly audit   'shebang-regex': [ '3.0.0' ],
1072 silly audit   'has-flag': [ '4.0.0' ],
1072 silly audit   escalade: [ '3.2.0' ],
1072 silly audit   punycode: [ '2.3.1' ],
1072 silly audit   fsevents: [ '2.3.3' ],
1072 silly audit   lightningcss: [ '1.32.0' ],
1072 silly audit   picomatch: [ '4.0.4' ],
1072 silly audit   postcss: [ '8.5.10' ],
1072 silly audit   rolldown: [ '1.0.0-rc.15' ],
1072 silly audit   tinyglobby: [ '0.2.16' ],
1072 silly audit   'detect-libc': [ '2.1.2' ],
1072 silly audit   'lightningcss-android-arm64': [ '1.32.0' ],
1072 silly audit   'lightningcss-darwin-arm64': [ '1.32.0' ],
1072 silly audit   'lightningcss-darwin-x64': [ '1.32.0' ],
1072 silly audit   'lightningcss-freebsd-x64': [ '1.32.0' ],
1072 silly audit   'lightningcss-linux-arm-gnueabihf': [ '1.32.0' ],
1072 silly audit   'lightningcss-linux-arm64-gnu': [ '1.32.0' ],
1072 silly audit   'lightningcss-linux-arm64-musl': [ '1.32.0' ],
1072 silly audit   'lightningcss-linux-x64-gnu': [ '1.32.0' ],
1072 silly audit   'lightningcss-linux-x64-musl': [ '1.32.0' ],
1072 silly audit   'lightningcss-win32-arm64-msvc': [ '1.32.0' ],
1072 silly audit   'lightningcss-win32-x64-msvc': [ '1.32.0' ],
1072 silly audit   nanoid: [ '3.3.11' ],
1072 silly audit   'source-map-js': [ '1.2.1' ],
1072 silly audit   '@oxc-project/types': [ '0.124.0' ],
1072 silly audit   '@rolldown/binding-android-arm64': [ '1.0.0-rc.15' ],
1072 silly audit   '@rolldown/binding-darwin-arm64': [ '1.0.0-rc.15' ],
1072 silly audit   '@rolldown/binding-darwin-x64': [ '1.0.0-rc.15' ],
1072 silly audit   '@rolldown/binding-freebsd-x64': [ '1.0.0-rc.15' ],
1072 silly audit   '@rolldown/binding-linux-arm-gnueabihf': [ '1.0.0-rc.15' ],
1072 silly audit   '@rolldown/binding-linux-arm64-gnu': [ '1.0.0-rc.15' ],
1072 silly audit   '@rolldown/binding-linux-arm64-musl': [ '1.0.0-rc.15' ],
1072 silly audit   '@rolldown/binding-linux-ppc64-gnu': [ '1.0.0-rc.15' ],
1072 silly audit   '@rolldown/binding-linux-s390x-gnu': [ '1.0.0-rc.15' ],
1072 silly audit   '@rolldown/binding-linux-x64-gnu': [ '1.0.0-rc.15' ],
1072 silly audit   '@rolldown/binding-linux-x64-musl': [ '1.0.0-rc.15' ],
1072 silly audit   '@rolldown/binding-openharmony-arm64': [ '1.0.0-rc.15' ],
1072 silly audit   '@rolldown/binding-wasm32-wasi': [ '1.0.0-rc.15' ],
1072 silly audit   '@rolldown/binding-win32-arm64-msvc': [ '1.0.0-rc.15' ],
1072 silly audit   '@rolldown/binding-win32-x64-msvc': [ '1.0.0-rc.15' ],
1072 silly audit   '@emnapi/core': [ '1.9.2' ],
1072 silly audit   '@emnapi/runtime': [ '1.9.2' ],
1072 silly audit   '@napi-rs/wasm-runtime': [ '1.1.4' ],
1072 silly audit   '@emnapi/wasi-threads': [ '1.2.1' ],
1072 silly audit   tslib: [ '2.8.1' ],
1072 silly audit   '@tybys/wasm-util': [ '0.10.1' ],
1072 silly audit   fdir: [ '6.5.0' ],
1072 silly audit   isexe: [ '2.0.0' ]
1072 silly audit }
1073 http cache @rolldown/binding-darwin-arm64@https://registry.npmjs.org/@rolldown/binding-darwin-arm64/-/binding-darwin-arm64-1.0.0-rc.15.tgz 0ms (cache hit)
1074 http cache isexe@https://registry.npmjs.org/isexe/-/isexe-2.0.0.tgz 0ms (cache hit)
1075 http cache @oxc-project/types@https://registry.npmjs.org/@oxc-project/types/-/types-0.124.0.tgz 0ms (cache hit)
1076 http cache fdir@https://registry.npmjs.org/fdir/-/fdir-6.5.0.tgz 0ms (cache hit)
1077 http cache source-map-js@https://registry.npmjs.org/source-map-js/-/source-map-js-1.2.1.tgz 0ms (cache hit)
1078 http cache nanoid@https://registry.npmjs.org/nanoid/-/nanoid-3.3.11.tgz 0ms (cache hit)
1079 http cache lightningcss-darwin-arm64@https://registry.npmjs.org/lightningcss-darwin-arm64/-/lightningcss-darwin-arm64-1.32.0.tgz 0ms (cache hit)
1080 http cache detect-libc@https://registry.npmjs.org/detect-libc/-/detect-libc-2.1.2.tgz 0ms (cache hit)
1081 http cache tinyglobby@https://registry.npmjs.org/tinyglobby/-/tinyglobby-0.2.16.tgz 0ms (cache hit)
1082 http cache picomatch@https://registry.npmjs.org/picomatch/-/picomatch-4.0.4.tgz 0ms (cache hit)
1083 http cache rolldown@https://registry.npmjs.org/rolldown/-/rolldown-1.0.0-rc.15.tgz 0ms (cache hit)
1084 http cache lightningcss@https://registry.npmjs.org/lightningcss/-/lightningcss-1.32.0.tgz 0ms (cache hit)
1085 http cache postcss@https://registry.npmjs.org/postcss/-/postcss-8.5.10.tgz 0ms (cache hit)
1086 http cache punycode@https://registry.npmjs.org/punycode/-/punycode-2.3.1.tgz 0ms (cache hit)
1087 http cache has-flag@https://registry.npmjs.org/has-flag/-/has-flag-4.0.0.tgz 0ms (cache hit)
1088 http cache fsevents@https://registry.npmjs.org/fsevents/-/fsevents-2.3.3.tgz 0ms (cache hit)
1089 http cache scheduler@https://registry.npmjs.org/scheduler/-/scheduler-0.27.0.tgz 0ms (cache hit)
1090 http cache shebang-regex@https://registry.npmjs.org/shebang-regex/-/shebang-regex-3.0.0.tgz 0ms (cache hit)
1091 http cache yocto-queue@https://registry.npmjs.org/yocto-queue/-/yocto-queue-0.1.0.tgz 0ms (cache hit)
1092 http cache callsites@https://registry.npmjs.org/callsites/-/callsites-3.1.0.tgz 0ms (cache hit)
1093 http cache escalade@https://registry.npmjs.org/escalade/-/escalade-3.2.0.tgz 0ms (cache hit)
1094 http cache balanced-match@https://registry.npmjs.org/balanced-match/-/balanced-match-1.0.2.tgz 0ms (cache hit)
1095 http cache concat-map@https://registry.npmjs.org/concat-map/-/concat-map-0.0.1.tgz 0ms (cache hit)
1096 http cache p-limit@https://registry.npmjs.org/p-limit/-/p-limit-3.1.0.tgz 0ms (cache hit)
1097 http cache deep-is@https://registry.npmjs.org/deep-is/-/deep-is-0.1.4.tgz 0ms (cache hit)
1098 http cache p-locate@https://registry.npmjs.org/p-locate/-/p-locate-5.0.0.tgz 0ms (cache hit)
1099 http cache type-check@https://registry.npmjs.org/type-check/-/type-check-0.4.0.tgz 0ms (cache hit)
1100 http cache brace-expansion@https://registry.npmjs.org/brace-expansion/-/brace-expansion-1.1.14.tgz 0ms (cache hit)
1101 http cache json-buffer@https://registry.npmjs.org/json-buffer/-/json-buffer-3.0.1.tgz 0ms (cache hit)
1102 http cache yallist@https://registry.npmjs.org/yallist/-/yallist-3.1.1.tgz 0ms (cache hit)
1103 http cache prelude-ls@https://registry.npmjs.org/prelude-ls/-/prelude-ls-1.2.1.tgz 0ms (cache hit)
1104 http cache argparse@https://registry.npmjs.org/argparse/-/argparse-2.0.1.tgz 0ms (cache hit)
1105 http cache hermes-estree@https://registry.npmjs.org/hermes-estree/-/hermes-estree-0.25.1.tgz 0ms (cache hit)
1106 http cache word-wrap@https://registry.npmjs.org/word-wrap/-/word-wrap-1.2.5.tgz 0ms (cache hit)
1107 http cache resolve-from@https://registry.npmjs.org/resolve-from/-/resolve-from-4.0.0.tgz 0ms (cache hit)
1108 http cache locate-path@https://registry.npmjs.org/locate-path/-/locate-path-6.0.0.tgz 0ms (cache hit)
1109 http cache parent-module@https://registry.npmjs.org/parent-module/-/parent-module-1.0.1.tgz 0ms (cache hit)
1110 http cache flatted@https://registry.npmjs.org/flatted/-/flatted-3.4.2.tgz 0ms (cache hit)
1111 http cache keyv@https://registry.npmjs.org/keyv/-/keyv-4.5.4.tgz 0ms (cache hit)
1112 http cache path-exists@https://registry.npmjs.org/path-exists/-/path-exists-4.0.0.tgz 0ms (cache hit)
1113 http cache is-extglob@https://registry.npmjs.org/is-extglob/-/is-extglob-2.1.1.tgz 0ms (cache hit)
1114 http cache acorn-jsx@https://registry.npmjs.org/acorn-jsx/-/acorn-jsx-5.3.2.tgz 0ms (cache hit)
1115 http cache acorn@https://registry.npmjs.org/acorn/-/acorn-8.16.0.tgz 0ms (cache hit)
1116 http cache flat-cache@https://registry.npmjs.org/flat-cache/-/flat-cache-4.0.1.tgz 0ms (cache hit)
1117 http cache esrecurse@https://registry.npmjs.org/esrecurse/-/esrecurse-4.3.0.tgz 0ms (cache hit)
1118 http cache node-releases@https://registry.npmjs.org/node-releases/-/node-releases-2.0.37.tgz 0ms (cache hit)
1119 http cache update-browserslist-db@https://registry.npmjs.org/update-browserslist-db/-/update-browserslist-db-1.2.3.tgz 0ms (cache hit)
1120 http cache fast-levenshtein@https://registry.npmjs.org/fast-levenshtein/-/fast-levenshtein-2.0.6.tgz 0ms (cache hit)
1121 http cache estraverse@https://registry.npmjs.org/estraverse/-/estraverse-5.3.0.tgz 0ms (cache hit)
1122 http cache @jridgewell/resolve-uri@https://registry.npmjs.org/@jridgewell/resolve-uri/-/resolve-uri-3.1.2.tgz 0ms (cache hit)
1123 http cache caniuse-lite@https://registry.npmjs.org/caniuse-lite/-/caniuse-lite-1.0.30001788.tgz 0ms (cache hit)
1124 http cache @babel/helper-module-imports@https://registry.npmjs.org/@babel/helper-module-imports/-/helper-module-imports-7.28.6.tgz 0ms (cache hit)
1125 http cache @babel/helper-globals@https://registry.npmjs.org/@babel/helper-globals/-/helper-globals-7.28.0.tgz 0ms (cache hit)
1126 http cache electron-to-chromium@https://registry.npmjs.org/electron-to-chromium/-/electron-to-chromium-1.5.340.tgz 0ms (cache hit)
1127 http cache @babel/helper-string-parser@https://registry.npmjs.org/@babel/helper-string-parser/-/helper-string-parser-7.27.1.tgz 0ms (cache hit)
1128 http cache baseline-browser-mapping@https://registry.npmjs.org/baseline-browser-mapping/-/baseline-browser-mapping-2.10.20.tgz 0ms (cache hit)
1129 http cache @babel/helper-validator-option@https://registry.npmjs.org/@babel/helper-validator-option/-/helper-validator-option-7.27.1.tgz 0ms (cache hit)
1130 http cache @jridgewell/sourcemap-codec@https://registry.npmjs.org/@jridgewell/sourcemap-codec/-/sourcemap-codec-1.5.5.tgz 0ms (cache hit)
1131 http cache @jridgewell/gen-mapping@https://registry.npmjs.org/@jridgewell/gen-mapping/-/gen-mapping-0.3.13.tgz 0ms (cache hit)
1132 http cache @babel/compat-data@https://registry.npmjs.org/@babel/compat-data/-/compat-data-7.29.0.tgz 0ms (cache hit)
1133 http cache lru-cache@https://registry.npmjs.org/lru-cache/-/lru-cache-5.1.1.tgz 0ms (cache hit)
1134 http cache jsesc@https://registry.npmjs.org/jsesc/-/jsesc-3.1.0.tgz 0ms (cache hit)
1135 http cache @jridgewell/trace-mapping@https://registry.npmjs.org/@jridgewell/trace-mapping/-/trace-mapping-0.3.31.tgz 0ms (cache hit)
1136 http cache @babel/helper-validator-identifier@https://registry.npmjs.org/@babel/helper-validator-identifier/-/helper-validator-identifier-7.28.5.tgz 0ms (cache hit)
1137 http cache picocolors@https://registry.npmjs.org/picocolors/-/picocolors-1.1.1.tgz 0ms (cache hit)
1138 http cache gensync@https://registry.npmjs.org/gensync/-/gensync-1.0.0-beta.2.tgz 0ms (cache hit)
1139 http cache browserslist@https://registry.npmjs.org/browserslist/-/browserslist-4.28.2.tgz 0ms (cache hit)
1140 http cache json5@https://registry.npmjs.org/json5/-/json5-2.2.3.tgz 0ms (cache hit)
1141 http cache convert-source-map@https://registry.npmjs.org/convert-source-map/-/convert-source-map-2.0.0.tgz 0ms (cache hit)
1142 http cache @babel/types@https://registry.npmjs.org/@babel/types/-/types-7.29.0.tgz 0ms (cache hit)
1143 http cache @jridgewell/remapping@https://registry.npmjs.org/@jridgewell/remapping/-/remapping-2.3.5.tgz 0ms (cache hit)
1144 http cache @babel/helper-module-transforms@https://registry.npmjs.org/@babel/helper-module-transforms/-/helper-module-transforms-7.28.6.tgz 0ms (cache hit)
1145 http cache js-tokens@https://registry.npmjs.org/js-tokens/-/js-tokens-4.0.0.tgz 0ms (cache hit)
1146 http cache @babel/helpers@https://registry.npmjs.org/@babel/helpers/-/helpers-7.29.2.tgz 0ms (cache hit)
1147 http cache @babel/traverse@https://registry.npmjs.org/@babel/traverse/-/traverse-7.29.0.tgz 0ms (cache hit)
1148 http cache @babel/generator@https://registry.npmjs.org/@babel/generator/-/generator-7.29.1.tgz 0ms (cache hit)
1149 http cache semver@https://registry.npmjs.org/semver/-/semver-6.3.1.tgz 0ms (cache hit)
1150 http cache @babel/helper-compilation-targets@https://registry.npmjs.org/@babel/helper-compilation-targets/-/helper-compilation-targets-7.28.6.tgz 0ms (cache hit)
1151 http cache @babel/code-frame@https://registry.npmjs.org/@babel/code-frame/-/code-frame-7.29.0.tgz 0ms (cache hit)
1152 http cache zod@https://registry.npmjs.org/zod/-/zod-4.3.6.tgz 0ms (cache hit)
1153 http cache hermes-parser@https://registry.npmjs.org/hermes-parser/-/hermes-parser-0.25.1.tgz 0ms (cache hit)
1154 http cache @babel/parser@https://registry.npmjs.org/@babel/parser/-/parser-7.29.2.tgz 0ms (cache hit)
1155 http cache ms@https://registry.npmjs.org/ms/-/ms-2.1.3.tgz 0ms (cache hit)
1156 http cache zod-validation-error@https://registry.npmjs.org/zod-validation-error/-/zod-validation-error-4.0.2.tgz 0ms (cache hit)
1157 http cache @babel/core@https://registry.npmjs.org/@babel/core/-/core-7.29.0.tgz 0ms (cache hit)
1158 http cache path-key@https://registry.npmjs.org/path-key/-/path-key-3.1.1.tgz 0ms (cache hit)
1159 http cache which@https://registry.npmjs.org/which/-/which-2.0.2.tgz 0ms (cache hit)
1160 http cache color-name@https://registry.npmjs.org/color-name/-/color-name-1.1.4.tgz 0ms (cache hit)
1161 http cache color-convert@https://registry.npmjs.org/color-convert/-/color-convert-2.0.1.tgz 0ms (cache hit)
1162 http cache supports-color@https://registry.npmjs.org/supports-color/-/supports-color-7.2.0.tgz 0ms (cache hit)
1163 http cache ansi-styles@https://registry.npmjs.org/ansi-styles/-/ansi-styles-4.3.0.tgz 0ms (cache hit)
1164 http cache json-schema-traverse@https://registry.npmjs.org/json-schema-traverse/-/json-schema-traverse-0.4.1.tgz 0ms (cache hit)
1165 http cache uri-js@https://registry.npmjs.org/uri-js/-/uri-js-4.4.1.tgz 0ms (cache hit)
1166 http cache shebang-command@https://registry.npmjs.org/shebang-command/-/shebang-command-2.0.0.tgz 0ms (cache hit)
1167 http cache @humanfs/types@https://registry.npmjs.org/@humanfs/types/-/types-0.15.0.tgz 0ms (cache hit)
1168 http cache @humanfs/core@https://registry.npmjs.org/@humanfs/core/-/core-0.19.2.tgz 0ms (cache hit)
1169 http cache js-yaml@https://registry.npmjs.org/js-yaml/-/js-yaml-4.1.1.tgz 0ms (cache hit)
1170 http cache strip-json-comments@https://registry.npmjs.org/strip-json-comments/-/strip-json-comments-3.1.1.tgz 0ms (cache hit)
1171 http cache import-fresh@https://registry.npmjs.org/import-fresh/-/import-fresh-3.3.1.tgz 0ms (cache hit)
1172 http cache fast-json-stable-stringify@https://registry.npmjs.org/fast-json-stable-stringify/-/fast-json-stable-stringify-2.1.0.tgz 0ms (cache hit)
1173 http cache @types/json-schema@https://registry.npmjs.org/@types/json-schema/-/json-schema-7.0.15.tgz 0ms (cache hit)
1174 http cache @eslint/object-schema@https://registry.npmjs.org/@eslint/object-schema/-/object-schema-2.1.7.tgz 0ms (cache hit)
1175 http cache optionator@https://registry.npmjs.org/optionator/-/optionator-0.9.4.tgz 0ms (cache hit)
1176 http cache natural-compare@https://registry.npmjs.org/natural-compare/-/natural-compare-1.4.0.tgz 0ms (cache hit)
1177 http cache levn@https://registry.npmjs.org/levn/-/levn-0.4.1.tgz 0ms (cache hit)
1178 http cache minimatch@https://registry.npmjs.org/minimatch/-/minimatch-3.1.5.tgz 0ms (cache hit)
1179 http cache lodash.merge@https://registry.npmjs.org/lodash.merge/-/lodash.merge-4.6.2.tgz 0ms (cache hit)
1180 http cache json-stable-stringify-without-jsonify@https://registry.npmjs.org/json-stable-stringify-without-jsonify/-/json-stable-stringify-without-jsonify-1.0.1.tgz 0ms (cache hit)
1181 http cache is-glob@https://registry.npmjs.org/is-glob/-/is-glob-4.0.3.tgz 0ms (cache hit)
1182 http cache @babel/template@https://registry.npmjs.org/@babel/template/-/template-7.28.6.tgz 0ms (cache hit)
1183 http cache glob-parent@https://registry.npmjs.org/glob-parent/-/glob-parent-6.0.2.tgz 0ms (cache hit)
1184 http cache imurmurhash@https://registry.npmjs.org/imurmurhash/-/imurmurhash-0.1.4.tgz 0ms (cache hit)
1185 http cache ignore@https://registry.npmjs.org/ignore/-/ignore-5.3.2.tgz 0ms (cache hit)
1186 http cache esquery@https://registry.npmjs.org/esquery/-/esquery-1.7.0.tgz 0ms (cache hit)
1187 http cache fast-deep-equal@https://registry.npmjs.org/fast-deep-equal/-/fast-deep-equal-3.1.3.tgz 0ms (cache hit)
1188 http cache esutils@https://registry.npmjs.org/esutils/-/esutils-2.0.3.tgz 0ms (cache hit)
1189 http cache find-up@https://registry.npmjs.org/find-up/-/find-up-5.0.0.tgz 0ms (cache hit)
1190 http cache file-entry-cache@https://registry.npmjs.org/file-entry-cache/-/file-entry-cache-8.0.0.tgz 0ms (cache hit)
1191 http cache espree@https://registry.npmjs.org/espree/-/espree-10.4.0.tgz 0ms (cache hit)
1192 http cache cross-spawn@https://registry.npmjs.org/cross-spawn/-/cross-spawn-7.0.6.tgz 0ms (cache hit)
1193 http cache eslint-scope@https://registry.npmjs.org/eslint-scope/-/eslint-scope-8.4.0.tgz 0ms (cache hit)
1194 http cache escape-string-regexp@https://registry.npmjs.org/escape-string-regexp/-/escape-string-regexp-4.0.0.tgz 0ms (cache hit)
1195 http cache eslint-visitor-keys@https://registry.npmjs.org/eslint-visitor-keys/-/eslint-visitor-keys-4.2.1.tgz 0ms (cache hit)
1196 http cache chalk@https://registry.npmjs.org/chalk/-/chalk-4.1.2.tgz 0ms (cache hit)
1197 http cache @humanwhocodes/retry@https://registry.npmjs.org/@humanwhocodes/retry/-/retry-0.4.3.tgz 0ms (cache hit)
1198 http cache @types/estree@https://registry.npmjs.org/@types/estree/-/estree-1.0.8.tgz 0ms (cache hit)
1199 http cache debug@https://registry.npmjs.org/debug/-/debug-4.4.3.tgz 0ms (cache hit)
1200 http cache @humanfs/node@https://registry.npmjs.org/@humanfs/node/-/node-0.16.8.tgz 0ms (cache hit)
1201 http cache ajv@https://registry.npmjs.org/ajv/-/ajv-6.14.0.tgz 0ms (cache hit)
1202 http cache @eslint/core@https://registry.npmjs.org/@eslint/core/-/core-0.17.0.tgz 0ms (cache hit)
1203 http cache @eslint/eslintrc@https://registry.npmjs.org/@eslint/eslintrc/-/eslintrc-3.3.5.tgz 0ms (cache hit)
1204 http cache @eslint/plugin-kit@https://registry.npmjs.org/@eslint/plugin-kit/-/plugin-kit-0.4.1.tgz 0ms (cache hit)
1205 http cache @humanwhocodes/module-importer@https://registry.npmjs.org/@humanwhocodes/module-importer/-/module-importer-1.0.1.tgz 0ms (cache hit)
1206 http cache @eslint/config-helpers@https://registry.npmjs.org/@eslint/config-helpers/-/config-helpers-0.4.2.tgz 0ms (cache hit)
1207 http cache @eslint-community/regexpp@https://registry.npmjs.org/@eslint-community/regexpp/-/regexpp-4.12.2.tgz 0ms (cache hit)
1208 http cache @eslint-community/eslint-utils@https://registry.npmjs.org/@eslint-community/eslint-utils/-/eslint-utils-4.9.1.tgz 0ms (cache hit)
1209 http cache csstype@https://registry.npmjs.org/csstype/-/csstype-3.2.3.tgz 0ms (cache hit)
1210 http cache react@https://registry.npmjs.org/react/-/react-19.2.5.tgz 0ms (cache hit)
1211 http cache react-dom@https://registry.npmjs.org/react-dom/-/react-dom-19.2.5.tgz 0ms (cache hit)
1212 http cache @eslint/config-array@https://registry.npmjs.org/@eslint/config-array/-/config-array-0.21.2.tgz 0ms (cache hit)
1213 http cache globals@https://registry.npmjs.org/globals/-/globals-17.5.0.tgz 0ms (cache hit)
1214 http cache eslint-plugin-react-hooks@https://registry.npmjs.org/eslint-plugin-react-hooks/-/eslint-plugin-react-hooks-7.1.1.tgz 0ms (cache hit)
1215 http cache eslint-plugin-react-refresh@https://registry.npmjs.org/eslint-plugin-react-refresh/-/eslint-plugin-react-refresh-0.5.2.tgz 0ms (cache hit)
1216 http cache vite@https://registry.npmjs.org/vite/-/vite-8.0.8.tgz 0ms (cache hit)
1217 http cache eslint@https://registry.npmjs.org/eslint/-/eslint-9.39.4.tgz 0ms (cache hit)
1218 http cache @types/react-dom@https://registry.npmjs.org/@types/react-dom/-/react-dom-19.2.3.tgz 0ms (cache hit)
1219 http cache @vitejs/plugin-react@https://registry.npmjs.org/@vitejs/plugin-react/-/plugin-react-6.0.1.tgz 0ms (cache hit)
1220 http cache @rolldown/pluginutils@https://registry.npmjs.org/@rolldown/pluginutils/-/pluginutils-1.0.0-rc.7.tgz 0ms (cache hit)
1221 http cache @types/react@https://registry.npmjs.org/@types/react/-/react-19.2.14.tgz 0ms (cache hit)
1222 http cache @eslint/js@https://registry.npmjs.org/@eslint/js/-/js-9.39.4.tgz 0ms (cache hit)
1223 silly tarball no local data for @rolldown/binding-darwin-arm64@https://registry.npmjs.org/@rolldown/binding-darwin-arm64/-/binding-darwin-arm64-1.0.0-rc.15.tgz. Extracting by manifest.
1224 silly tarball no local data for isexe@https://registry.npmjs.org/isexe/-/isexe-2.0.0.tgz. Extracting by manifest.
1225 silly tarball no local data for @oxc-project/types@https://registry.npmjs.org/@oxc-project/types/-/types-0.124.0.tgz. Extracting by manifest.
1226 http cache @rolldown/pluginutils@https://registry.npmjs.org/@rolldown/pluginutils/-/pluginutils-1.0.0-rc.15.tgz 0ms (cache hit)
1227 silly tarball no local data for fdir@https://registry.npmjs.org/fdir/-/fdir-6.5.0.tgz. Extracting by manifest.
1228 http cache eslint-visitor-keys@https://registry.npmjs.org/eslint-visitor-keys/-/eslint-visitor-keys-3.4.3.tgz 0ms (cache hit)
1229 http cache globals@https://registry.npmjs.org/globals/-/globals-14.0.0.tgz 0ms (cache hit)
1230 silly tarball no local data for source-map-js@https://registry.npmjs.org/source-map-js/-/source-map-js-1.2.1.tgz. Extracting by manifest.
1231 silly tarball no local data for nanoid@https://registry.npmjs.org/nanoid/-/nanoid-3.3.11.tgz. Extracting by manifest.
1232 silly tarball no local data for lightningcss-darwin-arm64@https://registry.npmjs.org/lightningcss-darwin-arm64/-/lightningcss-darwin-arm64-1.32.0.tgz. Extracting by manifest.
1233 silly tarball no local data for detect-libc@https://registry.npmjs.org/detect-libc/-/detect-libc-2.1.2.tgz. Extracting by manifest.
1234 silly tarball no local data for tinyglobby@https://registry.npmjs.org/tinyglobby/-/tinyglobby-0.2.16.tgz. Extracting by manifest.
1235 silly tarball no local data for picomatch@https://registry.npmjs.org/picomatch/-/picomatch-4.0.4.tgz. Extracting by manifest.
1236 silly tarball no local data for rolldown@https://registry.npmjs.org/rolldown/-/rolldown-1.0.0-rc.15.tgz. Extracting by manifest.
1237 silly tarball no local data for lightningcss@https://registry.npmjs.org/lightningcss/-/lightningcss-1.32.0.tgz. Extracting by manifest.
1238 silly tarball no local data for postcss@https://registry.npmjs.org/postcss/-/postcss-8.5.10.tgz. Extracting by manifest.
1239 silly tarball no local data for punycode@https://registry.npmjs.org/punycode/-/punycode-2.3.1.tgz. Extracting by manifest.
1240 silly tarball no local data for has-flag@https://registry.npmjs.org/has-flag/-/has-flag-4.0.0.tgz. Extracting by manifest.
1241 silly tarball no local data for scheduler@https://registry.npmjs.org/scheduler/-/scheduler-0.27.0.tgz. Extracting by manifest.
1242 silly tarball no local data for shebang-regex@https://registry.npmjs.org/shebang-regex/-/shebang-regex-3.0.0.tgz. Extracting by manifest.
1243 silly tarball no local data for yocto-queue@https://registry.npmjs.org/yocto-queue/-/yocto-queue-0.1.0.tgz. Extracting by manifest.
1244 silly tarball no local data for callsites@https://registry.npmjs.org/callsites/-/callsites-3.1.0.tgz. Extracting by manifest.
1245 silly tarball no local data for escalade@https://registry.npmjs.org/escalade/-/escalade-3.2.0.tgz. Extracting by manifest.
1246 silly tarball no local data for balanced-match@https://registry.npmjs.org/balanced-match/-/balanced-match-1.0.2.tgz. Extracting by manifest.
1247 silly tarball no local data for concat-map@https://registry.npmjs.org/concat-map/-/concat-map-0.0.1.tgz. Extracting by manifest.
1248 silly tarball no local data for p-limit@https://registry.npmjs.org/p-limit/-/p-limit-3.1.0.tgz. Extracting by manifest.
1249 silly tarball no local data for deep-is@https://registry.npmjs.org/deep-is/-/deep-is-0.1.4.tgz. Extracting by manifest.
1250 silly tarball no local data for p-locate@https://registry.npmjs.org/p-locate/-/p-locate-5.0.0.tgz. Extracting by manifest.
1251 silly tarball no local data for type-check@https://registry.npmjs.org/type-check/-/type-check-0.4.0.tgz. Extracting by manifest.
1252 silly tarball no local data for brace-expansion@https://registry.npmjs.org/brace-expansion/-/brace-expansion-1.1.14.tgz. Extracting by manifest.
1253 silly tarball no local data for json-buffer@https://registry.npmjs.org/json-buffer/-/json-buffer-3.0.1.tgz. Extracting by manifest.
1254 silly tarball no local data for yallist@https://registry.npmjs.org/yallist/-/yallist-3.1.1.tgz. Extracting by manifest.
1255 silly tarball no local data for prelude-ls@https://registry.npmjs.org/prelude-ls/-/prelude-ls-1.2.1.tgz. Extracting by manifest.
1256 silly tarball no local data for argparse@https://registry.npmjs.org/argparse/-/argparse-2.0.1.tgz. Extracting by manifest.
1257 silly tarball no local data for hermes-estree@https://registry.npmjs.org/hermes-estree/-/hermes-estree-0.25.1.tgz. Extracting by manifest.
1258 silly tarball no local data for word-wrap@https://registry.npmjs.org/word-wrap/-/word-wrap-1.2.5.tgz. Extracting by manifest.
1259 silly tarball no local data for resolve-from@https://registry.npmjs.org/resolve-from/-/resolve-from-4.0.0.tgz. Extracting by manifest.
1260 silly tarball no local data for locate-path@https://registry.npmjs.org/locate-path/-/locate-path-6.0.0.tgz. Extracting by manifest.
1261 silly tarball no local data for parent-module@https://registry.npmjs.org/parent-module/-/parent-module-1.0.1.tgz. Extracting by manifest.
1262 silly tarball no local data for flatted@https://registry.npmjs.org/flatted/-/flatted-3.4.2.tgz. Extracting by manifest.
1263 silly tarball no local data for keyv@https://registry.npmjs.org/keyv/-/keyv-4.5.4.tgz. Extracting by manifest.
1264 silly tarball no local data for path-exists@https://registry.npmjs.org/path-exists/-/path-exists-4.0.0.tgz. Extracting by manifest.
1265 silly tarball no local data for acorn-jsx@https://registry.npmjs.org/acorn-jsx/-/acorn-jsx-5.3.2.tgz. Extracting by manifest.
1266 silly tarball no local data for acorn@https://registry.npmjs.org/acorn/-/acorn-8.16.0.tgz. Extracting by manifest.
1267 silly tarball no local data for flat-cache@https://registry.npmjs.org/flat-cache/-/flat-cache-4.0.1.tgz. Extracting by manifest.
1268 silly tarball no local data for esrecurse@https://registry.npmjs.org/esrecurse/-/esrecurse-4.3.0.tgz. Extracting by manifest.
1269 silly tarball no local data for node-releases@https://registry.npmjs.org/node-releases/-/node-releases-2.0.37.tgz. Extracting by manifest.
1270 silly tarball no local data for update-browserslist-db@https://registry.npmjs.org/update-browserslist-db/-/update-browserslist-db-1.2.3.tgz. Extracting by manifest.
1271 silly tarball no local data for fast-levenshtein@https://registry.npmjs.org/fast-levenshtein/-/fast-levenshtein-2.0.6.tgz. Extracting by manifest.
1272 silly tarball no local data for estraverse@https://registry.npmjs.org/estraverse/-/estraverse-5.3.0.tgz. Extracting by manifest.
1273 silly tarball no local data for @jridgewell/resolve-uri@https://registry.npmjs.org/@jridgewell/resolve-uri/-/resolve-uri-3.1.2.tgz. Extracting by manifest.
1274 silly tarball no local data for caniuse-lite@https://registry.npmjs.org/caniuse-lite/-/caniuse-lite-1.0.30001788.tgz. Extracting by manifest.
1275 silly tarball no local data for @babel/helper-module-imports@https://registry.npmjs.org/@babel/helper-module-imports/-/helper-module-imports-7.28.6.tgz. Extracting by manifest.
1276 silly tarball no local data for @babel/helper-globals@https://registry.npmjs.org/@babel/helper-globals/-/helper-globals-7.28.0.tgz. Extracting by manifest.
1277 silly tarball no local data for electron-to-chromium@https://registry.npmjs.org/electron-to-chromium/-/electron-to-chromium-1.5.340.tgz. Extracting by manifest.
1278 silly tarball no local data for @babel/helper-string-parser@https://registry.npmjs.org/@babel/helper-string-parser/-/helper-string-parser-7.27.1.tgz. Extracting by manifest.
1279 silly tarball no local data for baseline-browser-mapping@https://registry.npmjs.org/baseline-browser-mapping/-/baseline-browser-mapping-2.10.20.tgz. Extracting by manifest.
1280 silly tarball no local data for @babel/helper-validator-option@https://registry.npmjs.org/@babel/helper-validator-option/-/helper-validator-option-7.27.1.tgz. Extracting by manifest.
1281 silly tarball no local data for @jridgewell/sourcemap-codec@https://registry.npmjs.org/@jridgewell/sourcemap-codec/-/sourcemap-codec-1.5.5.tgz. Extracting by manifest.
1282 silly tarball no local data for @jridgewell/gen-mapping@https://registry.npmjs.org/@jridgewell/gen-mapping/-/gen-mapping-0.3.13.tgz. Extracting by manifest.
1283 silly tarball no local data for @babel/compat-data@https://registry.npmjs.org/@babel/compat-data/-/compat-data-7.29.0.tgz. Extracting by manifest.
1284 silly tarball no local data for lru-cache@https://registry.npmjs.org/lru-cache/-/lru-cache-5.1.1.tgz. Extracting by manifest.
1285 silly tarball no local data for jsesc@https://registry.npmjs.org/jsesc/-/jsesc-3.1.0.tgz. Extracting by manifest.
1286 silly tarball no local data for @jridgewell/trace-mapping@https://registry.npmjs.org/@jridgewell/trace-mapping/-/trace-mapping-0.3.31.tgz. Extracting by manifest.
1287 silly tarball no local data for @babel/helper-validator-identifier@https://registry.npmjs.org/@babel/helper-validator-identifier/-/helper-validator-identifier-7.28.5.tgz. Extracting by manifest.
1288 silly tarball no local data for picocolors@https://registry.npmjs.org/picocolors/-/picocolors-1.1.1.tgz. Extracting by manifest.
1289 silly tarball no local data for gensync@https://registry.npmjs.org/gensync/-/gensync-1.0.0-beta.2.tgz. Extracting by manifest.
1290 silly tarball no local data for browserslist@https://registry.npmjs.org/browserslist/-/browserslist-4.28.2.tgz. Extracting by manifest.
1291 silly tarball no local data for json5@https://registry.npmjs.org/json5/-/json5-2.2.3.tgz. Extracting by manifest.
1292 silly tarball no local data for convert-source-map@https://registry.npmjs.org/convert-source-map/-/convert-source-map-2.0.0.tgz. Extracting by manifest.
1293 silly tarball no local data for @babel/types@https://registry.npmjs.org/@babel/types/-/types-7.29.0.tgz. Extracting by manifest.
1294 silly tarball no local data for @jridgewell/remapping@https://registry.npmjs.org/@jridgewell/remapping/-/remapping-2.3.5.tgz. Extracting by manifest.
1295 silly tarball no local data for @babel/helper-module-transforms@https://registry.npmjs.org/@babel/helper-module-transforms/-/helper-module-transforms-7.28.6.tgz. Extracting by manifest.
1296 silly tarball no local data for js-tokens@https://registry.npmjs.org/js-tokens/-/js-tokens-4.0.0.tgz. Extracting by manifest.
1297 silly tarball no local data for @babel/helpers@https://registry.npmjs.org/@babel/helpers/-/helpers-7.29.2.tgz. Extracting by manifest.
1298 silly tarball no local data for @babel/traverse@https://registry.npmjs.org/@babel/traverse/-/traverse-7.29.0.tgz. Extracting by manifest.
1299 silly tarball no local data for @babel/generator@https://registry.npmjs.org/@babel/generator/-/generator-7.29.1.tgz. Extracting by manifest.
1300 silly tarball no local data for semver@https://registry.npmjs.org/semver/-/semver-6.3.1.tgz. Extracting by manifest.
1301 silly tarball no local data for @babel/helper-compilation-targets@https://registry.npmjs.org/@babel/helper-compilation-targets/-/helper-compilation-targets-7.28.6.tgz. Extracting by manifest.
1302 silly tarball no local data for @babel/code-frame@https://registry.npmjs.org/@babel/code-frame/-/code-frame-7.29.0.tgz. Extracting by manifest.
1303 silly tarball no local data for zod@https://registry.npmjs.org/zod/-/zod-4.3.6.tgz. Extracting by manifest.
1304 silly tarball no local data for hermes-parser@https://registry.npmjs.org/hermes-parser/-/hermes-parser-0.25.1.tgz. Extracting by manifest.
1305 silly tarball no local data for @babel/parser@https://registry.npmjs.org/@babel/parser/-/parser-7.29.2.tgz. Extracting by manifest.
1306 silly tarball no local data for zod-validation-error@https://registry.npmjs.org/zod-validation-error/-/zod-validation-error-4.0.2.tgz. Extracting by manifest.
1307 silly tarball no local data for @babel/core@https://registry.npmjs.org/@babel/core/-/core-7.29.0.tgz. Extracting by manifest.
1308 silly tarball no local data for path-key@https://registry.npmjs.org/path-key/-/path-key-3.1.1.tgz. Extracting by manifest.
1309 silly tarball no local data for which@https://registry.npmjs.org/which/-/which-2.0.2.tgz. Extracting by manifest.
1310 silly tarball no local data for color-name@https://registry.npmjs.org/color-name/-/color-name-1.1.4.tgz. Extracting by manifest.
1311 silly tarball no local data for color-convert@https://registry.npmjs.org/color-convert/-/color-convert-2.0.1.tgz. Extracting by manifest.
1312 silly tarball no local data for supports-color@https://registry.npmjs.org/supports-color/-/supports-color-7.2.0.tgz. Extracting by manifest.
1313 silly tarball no local data for ansi-styles@https://registry.npmjs.org/ansi-styles/-/ansi-styles-4.3.0.tgz. Extracting by manifest.
1314 silly tarball no local data for json-schema-traverse@https://registry.npmjs.org/json-schema-traverse/-/json-schema-traverse-0.4.1.tgz. Extracting by manifest.
1315 silly tarball no local data for uri-js@https://registry.npmjs.org/uri-js/-/uri-js-4.4.1.tgz. Extracting by manifest.
1316 silly tarball no local data for shebang-command@https://registry.npmjs.org/shebang-command/-/shebang-command-2.0.0.tgz. Extracting by manifest.
1317 silly tarball no local data for @humanfs/types@https://registry.npmjs.org/@humanfs/types/-/types-0.15.0.tgz. Extracting by manifest.
1318 silly tarball no local data for @humanfs/core@https://registry.npmjs.org/@humanfs/core/-/core-0.19.2.tgz. Extracting by manifest.
1319 silly tarball no local data for js-yaml@https://registry.npmjs.org/js-yaml/-/js-yaml-4.1.1.tgz. Extracting by manifest.
1320 silly tarball no local data for strip-json-comments@https://registry.npmjs.org/strip-json-comments/-/strip-json-comments-3.1.1.tgz. Extracting by manifest.
1321 silly tarball no local data for import-fresh@https://registry.npmjs.org/import-fresh/-/import-fresh-3.3.1.tgz. Extracting by manifest.
1322 silly tarball no local data for fast-json-stable-stringify@https://registry.npmjs.org/fast-json-stable-stringify/-/fast-json-stable-stringify-2.1.0.tgz. Extracting by manifest.
1323 silly tarball no local data for @types/json-schema@https://registry.npmjs.org/@types/json-schema/-/json-schema-7.0.15.tgz. Extracting by manifest.
1324 silly tarball no local data for @eslint/object-schema@https://registry.npmjs.org/@eslint/object-schema/-/object-schema-2.1.7.tgz. Extracting by manifest.
1325 silly tarball no local data for optionator@https://registry.npmjs.org/optionator/-/optionator-0.9.4.tgz. Extracting by manifest.
1326 silly tarball no local data for natural-compare@https://registry.npmjs.org/natural-compare/-/natural-compare-1.4.0.tgz. Extracting by manifest.
1327 silly tarball no local data for levn@https://registry.npmjs.org/levn/-/levn-0.4.1.tgz. Extracting by manifest.
1328 silly tarball no local data for minimatch@https://registry.npmjs.org/minimatch/-/minimatch-3.1.5.tgz. Extracting by manifest.
1329 silly tarball no local data for lodash.merge@https://registry.npmjs.org/lodash.merge/-/lodash.merge-4.6.2.tgz. Extracting by manifest.
1330 silly tarball no local data for json-stable-stringify-without-jsonify@https://registry.npmjs.org/json-stable-stringify-without-jsonify/-/json-stable-stringify-without-jsonify-1.0.1.tgz. Extracting by manifest.
1331 silly tarball no local data for @babel/template@https://registry.npmjs.org/@babel/template/-/template-7.28.6.tgz. Extracting by manifest.
1332 silly tarball no local data for glob-parent@https://registry.npmjs.org/glob-parent/-/glob-parent-6.0.2.tgz. Extracting by manifest.
1333 silly tarball no local data for imurmurhash@https://registry.npmjs.org/imurmurhash/-/imurmurhash-0.1.4.tgz. Extracting by manifest.
1334 silly tarball no local data for ignore@https://registry.npmjs.org/ignore/-/ignore-5.3.2.tgz. Extracting by manifest.
1335 silly tarball no local data for esquery@https://registry.npmjs.org/esquery/-/esquery-1.7.0.tgz. Extracting by manifest.
1336 silly tarball no local data for fast-deep-equal@https://registry.npmjs.org/fast-deep-equal/-/fast-deep-equal-3.1.3.tgz. Extracting by manifest.
1337 silly tarball no local data for esutils@https://registry.npmjs.org/esutils/-/esutils-2.0.3.tgz. Extracting by manifest.
1338 silly tarball no local data for find-up@https://registry.npmjs.org/find-up/-/find-up-5.0.0.tgz. Extracting by manifest.
1339 silly tarball no local data for file-entry-cache@https://registry.npmjs.org/file-entry-cache/-/file-entry-cache-8.0.0.tgz. Extracting by manifest.
1340 silly tarball no local data for espree@https://registry.npmjs.org/espree/-/espree-10.4.0.tgz. Extracting by manifest.
1341 silly tarball no local data for cross-spawn@https://registry.npmjs.org/cross-spawn/-/cross-spawn-7.0.6.tgz. Extracting by manifest.
1342 silly tarball no local data for eslint-scope@https://registry.npmjs.org/eslint-scope/-/eslint-scope-8.4.0.tgz. Extracting by manifest.
1343 silly tarball no local data for escape-string-regexp@https://registry.npmjs.org/escape-string-regexp/-/escape-string-regexp-4.0.0.tgz. Extracting by manifest.
1344 silly tarball no local data for eslint-visitor-keys@https://registry.npmjs.org/eslint-visitor-keys/-/eslint-visitor-keys-4.2.1.tgz. Extracting by manifest.
1345 silly tarball no local data for chalk@https://registry.npmjs.org/chalk/-/chalk-4.1.2.tgz. Extracting by manifest.
1346 silly tarball no local data for @humanwhocodes/retry@https://registry.npmjs.org/@humanwhocodes/retry/-/retry-0.4.3.tgz. Extracting by manifest.
1347 silly tarball no local data for @types/estree@https://registry.npmjs.org/@types/estree/-/estree-1.0.8.tgz. Extracting by manifest.
1348 silly tarball no local data for @humanfs/node@https://registry.npmjs.org/@humanfs/node/-/node-0.16.8.tgz. Extracting by manifest.
1349 silly tarball no local data for ajv@https://registry.npmjs.org/ajv/-/ajv-6.14.0.tgz. Extracting by manifest.
1350 silly tarball no local data for @eslint/core@https://registry.npmjs.org/@eslint/core/-/core-0.17.0.tgz. Extracting by manifest.
1351 silly tarball no local data for @eslint/eslintrc@https://registry.npmjs.org/@eslint/eslintrc/-/eslintrc-3.3.5.tgz. Extracting by manifest.
1352 silly tarball no local data for @eslint/plugin-kit@https://registry.npmjs.org/@eslint/plugin-kit/-/plugin-kit-0.4.1.tgz. Extracting by manifest.
1353 silly tarball no local data for @humanwhocodes/module-importer@https://registry.npmjs.org/@humanwhocodes/module-importer/-/module-importer-1.0.1.tgz. Extracting by manifest.
1354 silly tarball no local data for @eslint/config-helpers@https://registry.npmjs.org/@eslint/config-helpers/-/config-helpers-0.4.2.tgz. Extracting by manifest.
1355 silly tarball no local data for @eslint-community/regexpp@https://registry.npmjs.org/@eslint-community/regexpp/-/regexpp-4.12.2.tgz. Extracting by manifest.
1356 silly tarball no local data for @eslint-community/eslint-utils@https://registry.npmjs.org/@eslint-community/eslint-utils/-/eslint-utils-4.9.1.tgz. Extracting by manifest.
1357 silly tarball no local data for csstype@https://registry.npmjs.org/csstype/-/csstype-3.2.3.tgz. Extracting by manifest.
1358 silly tarball no local data for react@https://registry.npmjs.org/react/-/react-19.2.5.tgz. Extracting by manifest.
1359 silly tarball no local data for react-dom@https://registry.npmjs.org/react-dom/-/react-dom-19.2.5.tgz. Extracting by manifest.
1360 silly tarball no local data for @eslint/config-array@https://registry.npmjs.org/@eslint/config-array/-/config-array-0.21.2.tgz. Extracting by manifest.
1361 silly tarball no local data for globals@https://registry.npmjs.org/globals/-/globals-17.5.0.tgz. Extracting by manifest.
1362 silly tarball no local data for eslint-plugin-react-hooks@https://registry.npmjs.org/eslint-plugin-react-hooks/-/eslint-plugin-react-hooks-7.1.1.tgz. Extracting by manifest.
1363 silly tarball no local data for eslint-plugin-react-refresh@https://registry.npmjs.org/eslint-plugin-react-refresh/-/eslint-plugin-react-refresh-0.5.2.tgz. Extracting by manifest.
1364 silly tarball no local data for vite@https://registry.npmjs.org/vite/-/vite-8.0.8.tgz. Extracting by manifest.
1365 silly tarball no local data for eslint@https://registry.npmjs.org/eslint/-/eslint-9.39.4.tgz. Extracting by manifest.
1366 silly tarball no local data for @types/react-dom@https://registry.npmjs.org/@types/react-dom/-/react-dom-19.2.3.tgz. Extracting by manifest.
1367 silly tarball no local data for @vitejs/plugin-react@https://registry.npmjs.org/@vitejs/plugin-react/-/plugin-react-6.0.1.tgz. Extracting by manifest.
1368 silly tarball no local data for @rolldown/pluginutils@https://registry.npmjs.org/@rolldown/pluginutils/-/pluginutils-1.0.0-rc.7.tgz. Extracting by manifest.
1369 silly tarball no local data for @types/react@https://registry.npmjs.org/@types/react/-/react-19.2.14.tgz. Extracting by manifest.
1370 silly tarball no local data for @eslint/js@https://registry.npmjs.org/@eslint/js/-/js-9.39.4.tgz. Extracting by manifest.
1371 silly tarball no local data for @rolldown/pluginutils@https://registry.npmjs.org/@rolldown/pluginutils/-/pluginutils-1.0.0-rc.15.tgz. Extracting by manifest.
1372 silly tarball no local data for eslint-visitor-keys@https://registry.npmjs.org/eslint-visitor-keys/-/eslint-visitor-keys-3.4.3.tgz. Extracting by manifest.
1373 silly tarball no local data for globals@https://registry.npmjs.org/globals/-/globals-14.0.0.tgz. Extracting by manifest.
1374 http fetch GET 200 https://registry.npmjs.org/nanoid/-/nanoid-3.3.11.tgz 66ms (cache miss)
1375 http fetch GET 200 https://registry.npmjs.org/fdir/-/fdir-6.5.0.tgz 70ms (cache miss)
1376 http fetch GET 200 https://registry.npmjs.org/isexe/-/isexe-2.0.0.tgz 82ms (cache miss)
1377 http fetch GET 200 https://registry.npmjs.org/@oxc-project/types/-/types-0.124.0.tgz 88ms (cache miss)
1378 http fetch GET 200 https://registry.npmjs.org/source-map-js/-/source-map-js-1.2.1.tgz 89ms (cache miss)
1379 http fetch POST 200 https://registry.npmjs.org/-/npm/v1/security/advisories/bulk 111ms
1380 silly audit report {}
1381 http fetch GET 200 https://registry.npmjs.org/has-flag/-/has-flag-4.0.0.tgz 217ms (cache miss)
1382 http fetch GET 200 https://registry.npmjs.org/callsites/-/callsites-3.1.0.tgz 217ms (cache miss)
1383 http fetch GET 200 https://registry.npmjs.org/escalade/-/escalade-3.2.0.tgz 218ms (cache miss)
1384 http fetch GET 200 https://registry.npmjs.org/shebang-regex/-/shebang-regex-3.0.0.tgz 218ms (cache miss)
1385 http fetch GET 200 https://registry.npmjs.org/scheduler/-/scheduler-0.27.0.tgz 218ms (cache miss)
1386 http fetch GET 200 https://registry.npmjs.org/yocto-queue/-/yocto-queue-0.1.0.tgz 218ms (cache miss)
1387 http fetch GET 200 https://registry.npmjs.org/deep-is/-/deep-is-0.1.4.tgz 273ms (cache miss)
1388 http fetch GET 200 https://registry.npmjs.org/balanced-match/-/balanced-match-1.0.2.tgz 286ms (cache miss)
1389 http fetch GET 200 https://registry.npmjs.org/p-limit/-/p-limit-3.1.0.tgz 287ms (cache miss)
1390 http fetch GET 200 https://registry.npmjs.org/concat-map/-/concat-map-0.0.1.tgz 287ms (cache miss)
1391 http fetch GET 200 https://registry.npmjs.org/type-check/-/type-check-0.4.0.tgz 292ms (cache miss)
1392 http fetch GET 200 https://registry.npmjs.org/tinyglobby/-/tinyglobby-0.2.16.tgz 297ms (cache miss)
1393 http fetch GET 200 https://registry.npmjs.org/p-locate/-/p-locate-5.0.0.tgz 297ms (cache miss)
1394 http fetch GET 200 https://registry.npmjs.org/punycode/-/punycode-2.3.1.tgz 299ms (cache miss)
1395 http fetch GET 200 https://registry.npmjs.org/detect-libc/-/detect-libc-2.1.2.tgz 302ms (cache miss)
1396 http fetch GET 200 https://registry.npmjs.org/picomatch/-/picomatch-4.0.4.tgz 303ms (cache miss)
1397 http fetch GET 200 https://registry.npmjs.org/postcss/-/postcss-8.5.10.tgz 312ms (cache miss)
1398 http fetch GET 200 https://registry.npmjs.org/lightningcss/-/lightningcss-1.32.0.tgz 316ms (cache miss)
1399 http fetch GET 200 https://registry.npmjs.org/rolldown/-/rolldown-1.0.0-rc.15.tgz 324ms (cache miss)
1400 http fetch GET 200 https://registry.npmjs.org/brace-expansion/-/brace-expansion-1.1.14.tgz 328ms (cache miss)
1401 http fetch GET 200 https://registry.npmjs.org/yallist/-/yallist-3.1.1.tgz 327ms (cache miss)
1402 http fetch GET 200 https://registry.npmjs.org/prelude-ls/-/prelude-ls-1.2.1.tgz 338ms (cache miss)
1403 http fetch GET 200 https://registry.npmjs.org/resolve-from/-/resolve-from-4.0.0.tgz 340ms (cache miss)
1404 http fetch GET 200 https://registry.npmjs.org/json-buffer/-/json-buffer-3.0.1.tgz 341ms (cache miss)
1405 http fetch GET 200 https://registry.npmjs.org/hermes-estree/-/hermes-estree-0.25.1.tgz 343ms (cache miss)
1406 http fetch GET 200 https://registry.npmjs.org/word-wrap/-/word-wrap-1.2.5.tgz 344ms (cache miss)
1407 http fetch GET 200 https://registry.npmjs.org/parent-module/-/parent-module-1.0.1.tgz 356ms (cache miss)
1408 http fetch GET 200 https://registry.npmjs.org/locate-path/-/locate-path-6.0.0.tgz 356ms (cache miss)
1409 http fetch GET 200 https://registry.npmjs.org/argparse/-/argparse-2.0.1.tgz 362ms (cache miss)
1410 http fetch GET 200 https://registry.npmjs.org/keyv/-/keyv-4.5.4.tgz 364ms (cache miss)
1411 http fetch GET 200 https://registry.npmjs.org/path-exists/-/path-exists-4.0.0.tgz 371ms (cache miss)
1412 http fetch GET 200 https://registry.npmjs.org/flatted/-/flatted-3.4.2.tgz 372ms (cache miss)
1413 http fetch GET 200 https://registry.npmjs.org/acorn-jsx/-/acorn-jsx-5.3.2.tgz 375ms (cache miss)
1414 http fetch GET 200 https://registry.npmjs.org/flat-cache/-/flat-cache-4.0.1.tgz 384ms (cache miss)
1415 http fetch GET 200 https://registry.npmjs.org/esrecurse/-/esrecurse-4.3.0.tgz 385ms (cache miss)
1416 http fetch GET 200 https://registry.npmjs.org/node-releases/-/node-releases-2.0.37.tgz 390ms (cache miss)
1417 http fetch GET 200 https://registry.npmjs.org/acorn/-/acorn-8.16.0.tgz 390ms (cache miss)
1418 http fetch GET 200 https://registry.npmjs.org/update-browserslist-db/-/update-browserslist-db-1.2.3.tgz 395ms (cache miss)
1419 http fetch GET 200 https://registry.npmjs.org/fast-levenshtein/-/fast-levenshtein-2.0.6.tgz 394ms (cache miss)
1420 http fetch GET 200 https://registry.npmjs.org/estraverse/-/estraverse-5.3.0.tgz 424ms (cache miss)
1421 http fetch GET 200 https://registry.npmjs.org/electron-to-chromium/-/electron-to-chromium-1.5.340.tgz 428ms (cache miss)
1422 http fetch GET 200 https://registry.npmjs.org/@babel/helper-module-imports/-/helper-module-imports-7.28.6.tgz 432ms (cache miss)
1423 http fetch GET 200 https://registry.npmjs.org/@babel/helper-string-parser/-/helper-string-parser-7.27.1.tgz 443ms (cache miss)
1424 http fetch GET 200 https://registry.npmjs.org/@jridgewell/resolve-uri/-/resolve-uri-3.1.2.tgz 443ms (cache miss)
1425 http fetch GET 200 https://registry.npmjs.org/@babel/helper-validator-option/-/helper-validator-option-7.27.1.tgz 443ms (cache miss)
1426 http fetch GET 200 https://registry.npmjs.org/lru-cache/-/lru-cache-5.1.1.tgz 461ms (cache miss)
1427 http fetch GET 200 https://registry.npmjs.org/@babel/helper-globals/-/helper-globals-7.28.0.tgz 465ms (cache miss)
1428 http fetch GET 200 https://registry.npmjs.org/baseline-browser-mapping/-/baseline-browser-mapping-2.10.20.tgz 467ms (cache miss)
1429 http fetch GET 200 https://registry.npmjs.org/@jridgewell/sourcemap-codec/-/sourcemap-codec-1.5.5.tgz 473ms (cache miss)
1430 http fetch GET 200 https://registry.npmjs.org/@jridgewell/gen-mapping/-/gen-mapping-0.3.13.tgz 478ms (cache miss)
1431 http fetch GET 200 https://registry.npmjs.org/@babel/compat-data/-/compat-data-7.29.0.tgz 500ms (cache miss)
1432 http fetch GET 200 https://registry.npmjs.org/picocolors/-/picocolors-1.1.1.tgz 503ms (cache miss)
1433 http fetch GET 200 https://registry.npmjs.org/jsesc/-/jsesc-3.1.0.tgz 505ms (cache miss)
1434 http fetch GET 200 https://registry.npmjs.org/@babel/helper-validator-identifier/-/helper-validator-identifier-7.28.5.tgz 505ms (cache miss)
1435 http fetch GET 200 https://registry.npmjs.org/lightningcss-darwin-arm64/-/lightningcss-darwin-arm64-1.32.0.tgz 514ms (cache miss)
1436 http fetch GET 200 https://registry.npmjs.org/convert-source-map/-/convert-source-map-2.0.0.tgz 509ms (cache miss)
1437 http fetch GET 200 https://registry.npmjs.org/json5/-/json5-2.2.3.tgz 513ms (cache miss)
1438 http fetch GET 200 https://registry.npmjs.org/browserslist/-/browserslist-4.28.2.tgz 514ms (cache miss)
1439 http fetch GET 200 https://registry.npmjs.org/@jridgewell/trace-mapping/-/trace-mapping-0.3.31.tgz 519ms (cache miss)
1440 http fetch GET 200 https://registry.npmjs.org/gensync/-/gensync-1.0.0-beta.2.tgz 528ms (cache miss)
1441 http fetch GET 200 https://registry.npmjs.org/js-tokens/-/js-tokens-4.0.0.tgz 539ms (cache miss)
1442 http fetch GET 200 https://registry.npmjs.org/semver/-/semver-6.3.1.tgz 565ms (cache miss)
1443 http fetch GET 200 https://registry.npmjs.org/@babel/helper-module-transforms/-/helper-module-transforms-7.28.6.tgz 567ms (cache miss)
1444 http fetch GET 200 https://registry.npmjs.org/@babel/helper-compilation-targets/-/helper-compilation-targets-7.28.6.tgz 573ms (cache miss)
1445 http fetch GET 200 https://registry.npmjs.org/@jridgewell/remapping/-/remapping-2.3.5.tgz 582ms (cache miss)
1446 http fetch GET 200 https://registry.npmjs.org/zod-validation-error/-/zod-validation-error-4.0.2.tgz 584ms (cache miss)
1447 http fetch GET 200 https://registry.npmjs.org/@babel/code-frame/-/code-frame-7.29.0.tgz 591ms (cache miss)
1448 http fetch GET 200 https://registry.npmjs.org/hermes-parser/-/hermes-parser-0.25.1.tgz 613ms (cache miss)
1449 http fetch GET 200 https://registry.npmjs.org/which/-/which-2.0.2.tgz 618ms (cache miss)
1450 http fetch GET 200 https://registry.npmjs.org/color-name/-/color-name-1.1.4.tgz 618ms (cache miss)
1451 http fetch GET 200 https://registry.npmjs.org/@babel/generator/-/generator-7.29.1.tgz 622ms (cache miss)
1452 http fetch GET 200 https://registry.npmjs.org/color-convert/-/color-convert-2.0.1.tgz 621ms (cache miss)
1453 http fetch GET 200 https://registry.npmjs.org/@babel/traverse/-/traverse-7.29.0.tgz 645ms (cache miss)
1454 http fetch GET 200 https://registry.npmjs.org/@babel/types/-/types-7.29.0.tgz 675ms (cache miss)
1455 http fetch GET 200 https://registry.npmjs.org/@babel/core/-/core-7.29.0.tgz 675ms (cache miss)
1456 http fetch GET 200 https://registry.npmjs.org/@babel/helpers/-/helpers-7.29.2.tgz 700ms (cache miss)
1457 http fetch GET 200 https://registry.npmjs.org/caniuse-lite/-/caniuse-lite-1.0.30001788.tgz 707ms (cache miss)
1458 http fetch GET 200 https://registry.npmjs.org/path-key/-/path-key-3.1.1.tgz 726ms (cache miss)
1459 http fetch GET 200 https://registry.npmjs.org/supports-color/-/supports-color-7.2.0.tgz 727ms (cache miss)
1460 http fetch GET 200 https://registry.npmjs.org/ansi-styles/-/ansi-styles-4.3.0.tgz 728ms (cache miss)
1461 http fetch GET 200 https://registry.npmjs.org/json-schema-traverse/-/json-schema-traverse-0.4.1.tgz 734ms (cache miss)
1462 http fetch GET 200 https://registry.npmjs.org/import-fresh/-/import-fresh-3.3.1.tgz 734ms (cache miss)
1463 http fetch GET 200 https://registry.npmjs.org/strip-json-comments/-/strip-json-comments-3.1.1.tgz 734ms (cache miss)
1464 http fetch GET 200 https://registry.npmjs.org/fast-json-stable-stringify/-/fast-json-stable-stringify-2.1.0.tgz 734ms (cache miss)
1465 http fetch GET 200 https://registry.npmjs.org/@humanfs/types/-/types-0.15.0.tgz 734ms (cache miss)
1466 http fetch GET 200 https://registry.npmjs.org/@types/json-schema/-/json-schema-7.0.15.tgz 734ms (cache miss)
1467 http fetch GET 200 https://registry.npmjs.org/@humanfs/core/-/core-0.19.2.tgz 734ms (cache miss)
1468 http fetch GET 200 https://registry.npmjs.org/shebang-command/-/shebang-command-2.0.0.tgz 735ms (cache miss)
1469 http fetch GET 200 https://registry.npmjs.org/@babel/parser/-/parser-7.29.2.tgz 739ms (cache miss)
1470 http fetch GET 200 https://registry.npmjs.org/js-yaml/-/js-yaml-4.1.1.tgz 743ms (cache miss)
1471 http fetch GET 200 https://registry.npmjs.org/uri-js/-/uri-js-4.4.1.tgz 748ms (cache miss)
1472 http fetch GET 200 https://registry.npmjs.org/optionator/-/optionator-0.9.4.tgz 798ms (cache miss)
1473 http fetch GET 200 https://registry.npmjs.org/lodash.merge/-/lodash.merge-4.6.2.tgz 799ms (cache miss)
1474 http fetch GET 200 https://registry.npmjs.org/imurmurhash/-/imurmurhash-0.1.4.tgz 798ms (cache miss)
1475 http fetch GET 200 https://registry.npmjs.org/minimatch/-/minimatch-3.1.5.tgz 800ms (cache miss)
1476 http fetch GET 200 https://registry.npmjs.org/levn/-/levn-0.4.1.tgz 800ms (cache miss)
1477 http fetch GET 200 https://registry.npmjs.org/ignore/-/ignore-5.3.2.tgz 799ms (cache miss)
1478 http fetch GET 200 https://registry.npmjs.org/fast-deep-equal/-/fast-deep-equal-3.1.3.tgz 800ms (cache miss)
1479 http fetch GET 200 https://registry.npmjs.org/natural-compare/-/natural-compare-1.4.0.tgz 801ms (cache miss)
1480 http fetch GET 200 https://registry.npmjs.org/glob-parent/-/glob-parent-6.0.2.tgz 801ms (cache miss)
1481 http fetch GET 200 https://registry.npmjs.org/json-stable-stringify-without-jsonify/-/json-stable-stringify-without-jsonify-1.0.1.tgz 803ms (cache miss)
1482 http fetch GET 200 https://registry.npmjs.org/@eslint/object-schema/-/object-schema-2.1.7.tgz 804ms (cache miss)
1483 http fetch GET 200 https://registry.npmjs.org/@babel/template/-/template-7.28.6.tgz 807ms (cache miss)
1484 http fetch GET 200 https://registry.npmjs.org/esutils/-/esutils-2.0.3.tgz 806ms (cache miss)
1485 http fetch GET 200 https://registry.npmjs.org/esquery/-/esquery-1.7.0.tgz 809ms (cache miss)
1486 http fetch GET 200 https://registry.npmjs.org/zod/-/zod-4.3.6.tgz 819ms (cache miss)
1487 http fetch GET 200 https://registry.npmjs.org/find-up/-/find-up-5.0.0.tgz 827ms (cache miss)
1488 http fetch GET 200 https://registry.npmjs.org/file-entry-cache/-/file-entry-cache-8.0.0.tgz 840ms (cache miss)
1489 http fetch GET 200 https://registry.npmjs.org/chalk/-/chalk-4.1.2.tgz 839ms (cache miss)
1490 http fetch GET 200 https://registry.npmjs.org/escape-string-regexp/-/escape-string-regexp-4.0.0.tgz 839ms (cache miss)
1491 http fetch GET 200 https://registry.npmjs.org/cross-spawn/-/cross-spawn-7.0.6.tgz 840ms (cache miss)
1492 http fetch GET 200 https://registry.npmjs.org/eslint-scope/-/eslint-scope-8.4.0.tgz 840ms (cache miss)
1493 http fetch GET 200 https://registry.npmjs.org/espree/-/espree-10.4.0.tgz 843ms (cache miss)
1494 http fetch GET 200 https://registry.npmjs.org/@humanwhocodes/retry/-/retry-0.4.3.tgz 851ms (cache miss)
1495 http fetch GET 200 https://registry.npmjs.org/@types/estree/-/estree-1.0.8.tgz 858ms (cache miss)
1496 http fetch GET 200 https://registry.npmjs.org/ajv/-/ajv-6.14.0.tgz 859ms (cache miss)
1497 http fetch GET 200 https://registry.npmjs.org/eslint-visitor-keys/-/eslint-visitor-keys-4.2.1.tgz 864ms (cache miss)
1498 http fetch GET 200 https://registry.npmjs.org/@eslint/plugin-kit/-/plugin-kit-0.4.1.tgz 888ms (cache miss)
1499 http fetch GET 200 https://registry.npmjs.org/@eslint/core/-/core-0.17.0.tgz 889ms (cache miss)
1500 http fetch GET 200 https://registry.npmjs.org/@eslint/eslintrc/-/eslintrc-3.3.5.tgz 893ms (cache miss)
1501 http fetch GET 200 https://registry.npmjs.org/@eslint-community/regexpp/-/regexpp-4.12.2.tgz 907ms (cache miss)
1502 http fetch GET 200 https://registry.npmjs.org/@humanfs/node/-/node-0.16.8.tgz 909ms (cache miss)
1503 http fetch GET 200 https://registry.npmjs.org/@humanwhocodes/module-importer/-/module-importer-1.0.1.tgz 909ms (cache miss)
1504 http fetch GET 200 https://registry.npmjs.org/react/-/react-19.2.5.tgz 911ms (cache miss)
1505 http fetch GET 200 https://registry.npmjs.org/@eslint-community/eslint-utils/-/eslint-utils-4.9.1.tgz 911ms (cache miss)
1506 http fetch GET 200 https://registry.npmjs.org/csstype/-/csstype-3.2.3.tgz 912ms (cache miss)
1507 http fetch GET 200 https://registry.npmjs.org/globals/-/globals-17.5.0.tgz 924ms (cache miss)
1508 http fetch GET 200 https://registry.npmjs.org/@eslint/config-array/-/config-array-0.21.2.tgz 925ms (cache miss)
1509 http fetch GET 200 https://registry.npmjs.org/@types/react-dom/-/react-dom-19.2.3.tgz 967ms (cache miss)
1510 http fetch GET 200 https://registry.npmjs.org/@vitejs/plugin-react/-/plugin-react-6.0.1.tgz 969ms (cache miss)
1511 http fetch GET 200 https://registry.npmjs.org/@rolldown/pluginutils/-/pluginutils-1.0.0-rc.15.tgz 975ms (cache miss)
1512 http fetch GET 200 https://registry.npmjs.org/eslint-visitor-keys/-/eslint-visitor-keys-3.4.3.tgz 975ms (cache miss)
1513 http fetch GET 200 https://registry.npmjs.org/@rolldown/pluginutils/-/pluginutils-1.0.0-rc.7.tgz 979ms (cache miss)
1514 http fetch GET 200 https://registry.npmjs.org/eslint-plugin-react-hooks/-/eslint-plugin-react-hooks-7.1.1.tgz 985ms (cache miss)
1515 http fetch GET 200 https://registry.npmjs.org/globals/-/globals-14.0.0.tgz 983ms (cache miss)
1516 http fetch GET 200 https://registry.npmjs.org/eslint-plugin-react-refresh/-/eslint-plugin-react-refresh-0.5.2.tgz 990ms (cache miss)
1517 http fetch GET 200 https://registry.npmjs.org/@types/react/-/react-19.2.14.tgz 990ms (cache miss)
1518 http fetch GET 200 https://registry.npmjs.org/@eslint/js/-/js-9.39.4.tgz 992ms (cache miss)
1519 http fetch GET 200 https://registry.npmjs.org/@eslint/config-helpers/-/config-helpers-0.4.2.tgz 1011ms (cache miss)
1520 http fetch GET 200 https://registry.npmjs.org/vite/-/vite-8.0.8.tgz 1022ms (cache miss)
1521 http fetch GET 200 https://registry.npmjs.org/react-dom/-/react-dom-19.2.5.tgz 1030ms (cache miss)
1522 http fetch GET 200 https://registry.npmjs.org/eslint/-/eslint-9.39.4.tgz 1054ms (cache miss)
1523 http fetch GET 200 https://registry.npmjs.org/@rolldown/binding-darwin-arm64/-/binding-darwin-arm64-1.0.0-rc.15.tgz 2420ms (cache miss)
1524 info run fsevents@2.3.3 install node_modules/fsevents node-gyp rebuild
1525 info run fsevents@2.3.3 install { code: 1, signal: null }
1526 verbose reify failed optional dependency /Users/dhyey/Documents/GitHub/GlobeHack/web/node_modules/fsevents
1527 silly reify mark deleted [ '/Users/dhyey/Documents/GitHub/GlobeHack/web/node_modules/fsevents' ]
1528 silly ADD node_modules/isexe
1529 silly ADD node_modules/fdir
1530 silly ADD node_modules/@rolldown/binding-darwin-arm64
1531 silly ADD node_modules/@oxc-project/types
1532 silly ADD node_modules/source-map-js
1533 silly ADD node_modules/nanoid
1534 silly ADD node_modules/lightningcss-darwin-arm64
1535 silly ADD node_modules/detect-libc
1536 silly ADD node_modules/tinyglobby
1537 silly ADD node_modules/rolldown
1538 silly ADD node_modules/rolldown/node_modules/@rolldown/pluginutils
1539 silly ADD node_modules/postcss
1540 silly ADD node_modules/picomatch
1541 silly ADD node_modules/lightningcss
1542 silly ADD
1543 silly ADD node_modules/punycode
1544 silly ADD node_modules/escalade
1545 silly ADD node_modules/has-flag
1546 silly ADD node_modules/shebang-regex
1547 silly ADD node_modules/scheduler
1548 silly ADD node_modules/callsites
1549 silly ADD node_modules/yocto-queue
1550 silly ADD node_modules/p-limit
1551 silly ADD node_modules/word-wrap
1552 silly ADD node_modules/fast-levenshtein
1553 silly ADD node_modules/deep-is
1554 silly ADD node_modules/concat-map
1555 silly ADD node_modules/balanced-match
1556 silly ADD node_modules/brace-expansion
1557 silly ADD node_modules/yallist
1558 silly ADD node_modules/p-locate
1559 silly ADD node_modules/type-check
1560 silly ADD node_modules/prelude-ls
1561 silly ADD node_modules/json-buffer
1562 silly ADD node_modules/argparse
1563 silly ADD node_modules/is-extglob
1564 silly ADD node_modules/resolve-from
1565 silly ADD node_modules/parent-module
1566 silly ADD node_modules/hermes-estree
1567 silly ADD node_modules/keyv
1568 silly ADD node_modules/flatted
1569 silly ADD node_modules/path-exists
1570 silly ADD node_modules/locate-path
1571 silly ADD node_modules/flat-cache
1572 silly ADD node_modules/acorn-jsx
1573 silly ADD node_modules/acorn
1574 silly ADD node_modules/estraverse
1575 silly ADD node_modules/esrecurse
1576 silly ADD node_modules/update-browserslist-db
1577 silly ADD node_modules/node-releases
1578 silly ADD node_modules/electron-to-chromium
1579 silly ADD node_modules/caniuse-lite
1580 silly ADD node_modules/baseline-browser-mapping
1581 silly ADD node_modules/@jridgewell/resolve-uri
1582 silly ADD node_modules/@jridgewell/sourcemap-codec
1583 silly ADD node_modules/@babel/helper-string-parser
1584 silly ADD node_modules/@babel/helper-globals
1585 silly ADD node_modules/@babel/helper-module-imports
1586 silly ADD node_modules/lru-cache
1587 silly ADD node_modules/browserslist
1588 silly ADD node_modules/@babel/helper-validator-option
1589 silly ADD node_modules/@babel/compat-data
1590 silly ADD node_modules/jsesc
1591 silly ADD node_modules/@jridgewell/trace-mapping
1592 silly ADD node_modules/@jridgewell/gen-mapping
1593 silly ADD node_modules/picocolors
1594 silly ADD node_modules/js-tokens
1595 silly ADD node_modules/@babel/helper-validator-identifier
1596 silly ADD node_modules/semver
1597 silly ADD node_modules/json5
1598 silly ADD node_modules/gensync
1599 silly ADD node_modules/convert-source-map
1600 silly ADD node_modules/@jridgewell/remapping
1601 silly ADD node_modules/@babel/types
1602 silly ADD node_modules/@babel/traverse
1603 silly ADD node_modules/@babel/template
1604 silly ADD node_modules/@babel/helpers
1605 silly ADD node_modules/@babel/helper-module-transforms
1606 silly ADD node_modules/@babel/helper-compilation-targets
1607 silly ADD node_modules/@babel/generator
1608 silly ADD node_modules/@babel/code-frame
1609 silly ADD node_modules/zod-validation-error
1610 silly ADD node_modules/zod
1611 silly ADD node_modules/hermes-parser
1612 silly ADD node_modules/@babel/parser
1613 silly ADD node_modules/@babel/core
1614 silly ADD node_modules/ms
1615 silly ADD node_modules/which
1616 silly ADD node_modules/shebang-command
1617 silly ADD node_modules/path-key
1618 silly ADD node_modules/color-name
1619 silly ADD node_modules/color-convert
1620 silly ADD node_modules/supports-color
1621 silly ADD node_modules/ansi-styles
1622 silly ADD node_modules/uri-js
1623 silly ADD node_modules/json-schema-traverse
1624 silly ADD node_modules/fast-json-stable-stringify
1625 silly ADD node_modules/@humanfs/types
1626 silly ADD node_modules/@humanfs/core
1627 silly ADD node_modules/levn
1628 silly ADD node_modules/strip-json-comments
1629 silly ADD node_modules/js-yaml
1630 silly ADD node_modules/import-fresh
1631 silly ADD node_modules/@types/json-schema
1632 silly ADD node_modules/@eslint/object-schema
1633 silly ADD node_modules/optionator
1634 silly ADD node_modules/natural-compare
1635 silly ADD node_modules/minimatch
1636 silly ADD node_modules/lodash.merge
1637 silly ADD node_modules/json-stable-stringify-without-jsonify
1638 silly ADD node_modules/is-glob
1639 silly ADD node_modules/imurmurhash
1640 silly ADD node_modules/ignore
1641 silly ADD node_modules/glob-parent
1642 silly ADD node_modules/find-up
1643 silly ADD node_modules/file-entry-cache
1644 silly ADD node_modules/fast-deep-equal
1645 silly ADD node_modules/esutils
1646 silly ADD node_modules/esquery
1647 silly ADD node_modules/espree
1648 silly ADD node_modules/eslint-visitor-keys
1649 silly ADD node_modules/eslint-scope
1650 silly ADD node_modules/escape-string-regexp
1651 silly ADD node_modules/debug
1652 silly ADD node_modules/cross-spawn
1653 silly ADD node_modules/chalk
1654 silly ADD node_modules/ajv
1655 silly ADD node_modules/@types/estree
1656 silly ADD node_modules/@humanwhocodes/retry
1657 silly ADD node_modules/@humanwhocodes/module-importer
1658 silly ADD node_modules/@humanfs/node
1659 silly ADD node_modules/@eslint/plugin-kit
1660 silly ADD node_modules/@eslint/eslintrc
1661 silly ADD node_modules/@eslint/eslintrc/node_modules/globals
1662 silly ADD node_modules/@eslint/core
1663 silly ADD node_modules/@eslint/config-helpers
1664 silly ADD node_modules/@eslint/config-array
1665 silly ADD node_modules/@eslint-community/regexpp
1666 silly ADD node_modules/@eslint-community/eslint-utils
1667 silly ADD node_modules/@eslint-community/eslint-utils/node_modules/eslint-visitor-keys
1668 silly ADD node_modules/@rolldown/pluginutils
1669 silly ADD node_modules/csstype
1670 silly ADD node_modules/react-dom
1671 silly ADD node_modules/react
1672 silly ADD node_modules/globals
1673 silly ADD node_modules/eslint-plugin-react-refresh
1674 silly ADD node_modules/eslint-plugin-react-hooks
1675 silly ADD node_modules/eslint
1676 silly ADD node_modules/vite
1677 silly ADD node_modules/@vitejs/plugin-react
1678 silly ADD node_modules/@types/react-dom
1679 silly ADD node_modules/@types/react
1680 silly ADD node_modules/@eslint/js
1681 verbose cwd /Users/dhyey/Documents/GitHub/GlobeHack/web
1682 verbose os Darwin 25.3.0
1683 verbose node v24.14.1
1684 verbose npm  v11.11.0
1685 verbose exit 0
1686 info ok
