0 verbose cli /usr/local/bin/node /usr/local/bin/npm
1 info using npm@11.11.0
2 info using node@v24.14.1
3 silly config load:file:/usr/local/lib/node_modules/npm/npmrc
4 silly config load:file:/Users/dhyey/Documents/GitHub/GlobeHack/driver-app/.npmrc
5 silly config load:file:/Users/dhyey/.npmrc
6 silly config load:file:/usr/local/etc/npmrc
7 verbose title npm install
8 verbose argv "install" "--cache" "../server/.npm-cache"
9 verbose logfile logs-max:10 dir:/Users/dhyey/Documents/GitHub/GlobeHack/server/.npm-cache/_logs/2026-04-18T23_26_18_276Z-
10 verbose logfile /Users/dhyey/Documents/GitHub/GlobeHack/server/.npm-cache/_logs/2026-04-18T23_26_18_276Z-debug-0.log
11 silly logfile done cleaning log files
12 silly packumentCache heap:4496293888 maxSize:1124073472 maxEntrySize:562036736
13 silly idealTree buildDeps
14 silly fetch manifest @expo/vector-icons@^15.0.3
15 silly packumentCache full:https://registry.npmjs.org/@expo%2fvector-icons cache-miss
16 http cache https://registry.npmjs.org/@expo%2fvector-icons 6ms (cache hit)
17 silly packumentCache full:https://registry.npmjs.org/@expo%2fvector-icons set size:222427 disposed:false
18 silly fetch manifest expo-font@~14.0.11
19 silly packumentCache full:https://registry.npmjs.org/expo-font cache-miss
20 http cache https://registry.npmjs.org/expo-font 2ms (cache hit)
21 silly packumentCache full:https://registry.npmjs.org/expo-font set size:841633 disposed:false
22 silly fetch manifest expo@~54.0.33
23 silly packumentCache full:https://registry.npmjs.org/expo cache-miss
24 http cache https://registry.npmjs.org/expo 4ms (cache hit)
25 silly packumentCache full:https://registry.npmjs.org/expo set size:3631121 disposed:false
26 silly fetch manifest @expo/dom-webview@*
27 silly packumentCache full:https://registry.npmjs.org/@expo%2fdom-webview cache-miss
28 http cache https://registry.npmjs.org/@expo%2fdom-webview 2ms (cache hit)
29 silly packumentCache full:https://registry.npmjs.org/@expo%2fdom-webview set size:353315 disposed:false
30 silly fetch manifest react@19.1.0
31 silly packumentCache full:https://registry.npmjs.org/react cache-miss
32 http cache https://registry.npmjs.org/react 6ms (cache hit)
33 silly packumentCache full:https://registry.npmjs.org/react set size:6613874 disposed:false
34 silly fetch manifest react-native@0.81.5
35 silly packumentCache full:https://registry.npmjs.org/react-native cache-miss
36 http cache https://registry.npmjs.org/react-native 15ms (cache hit)
37 silly packumentCache full:https://registry.npmjs.org/react-native set size:15135231 disposed:false
38 silly fetch manifest @types/react@~19.1.0
39 silly packumentCache full:https://registry.npmjs.org/@types%2freact cache-miss
40 http cache https://registry.npmjs.org/@types%2freact 6ms (cache hit)
41 silly packumentCache full:https://registry.npmjs.org/@types%2freact set size:2588964 disposed:false
42 silly fetch manifest @expo/metro-runtime@*
43 silly packumentCache full:https://registry.npmjs.org/@expo%2fmetro-runtime cache-miss
44 http cache https://registry.npmjs.org/@expo%2fmetro-runtime 2ms (cache hit)
45 silly packumentCache full:https://registry.npmjs.org/@expo%2fmetro-runtime set size:620260 disposed:false
46 silly fetch manifest react-dom@19.1.0
47 silly packumentCache full:https://registry.npmjs.org/react-dom cache-miss
48 http cache https://registry.npmjs.org/react-dom 8ms (cache hit)
49 silly packumentCache full:https://registry.npmjs.org/react-dom set size:8805723 disposed:false
50 silly fetch manifest react-native-webview@*
51 silly packumentCache full:https://registry.npmjs.org/react-native-webview cache-miss
52 http cache https://registry.npmjs.org/react-native-webview 4ms (cache hit)
53 silly packumentCache full:https://registry.npmjs.org/react-native-webview set size:1355349 disposed:false
54 silly fetch manifest @react-navigation/bottom-tabs@^7.4.0
55 silly packumentCache full:https://registry.npmjs.org/@react-navigation%2fbottom-tabs cache-miss
56 http cache https://registry.npmjs.org/@react-navigation%2fbottom-tabs 2ms (cache hit)
57 silly packumentCache full:https://registry.npmjs.org/@react-navigation%2fbottom-tabs set size:1148150 disposed:false
58 silly fetch manifest @react-navigation/native@^7.1.8
59 silly packumentCache full:https://registry.npmjs.org/@react-navigation%2fnative cache-miss
60 http cache https://registry.npmjs.org/@react-navigation%2fnative 2ms (cache hit)
61 silly packumentCache full:https://registry.npmjs.org/@react-navigation%2fnative set size:1074065 disposed:false
62 silly fetch manifest react-native-safe-area-context@~5.6.0
63 silly packumentCache full:https://registry.npmjs.org/react-native-safe-area-context cache-miss
64 http cache https://registry.npmjs.org/react-native-safe-area-context 4ms (cache hit)
65 silly packumentCache full:https://registry.npmjs.org/react-native-safe-area-context set size:662443 disposed:false
66 silly fetch manifest react-native-screens@~4.16.0
67 silly packumentCache full:https://registry.npmjs.org/react-native-screens cache-miss
68 http cache https://registry.npmjs.org/react-native-screens 4ms (cache hit)
69 silly packumentCache full:https://registry.npmjs.org/react-native-screens set size:3757676 disposed:false
70 silly fetch manifest @react-navigation/elements@^2.6.3
71 silly packumentCache full:https://registry.npmjs.org/@react-navigation%2felements cache-miss
72 http cache https://registry.npmjs.org/@react-navigation%2felements 2ms (cache hit)
73 silly packumentCache full:https://registry.npmjs.org/@react-navigation%2felements set size:619146 disposed:false
74 silly fetch manifest @react-native-masked-view/masked-view@>= 0.2.0
75 silly packumentCache full:https://registry.npmjs.org/@react-native-masked-view%2fmasked-view cache-miss
76 http cache https://registry.npmjs.org/@react-native-masked-view%2fmasked-view 1ms (cache hit)
77 silly packumentCache full:https://registry.npmjs.org/@react-native-masked-view%2fmasked-view set size:42980 disposed:false
78 silly fetch manifest expo-constants@~18.0.13
79 silly packumentCache full:https://registry.npmjs.org/expo-constants cache-miss
80 http cache https://registry.npmjs.org/expo-constants 2ms (cache hit)
81 silly packumentCache full:https://registry.npmjs.org/expo-constants set size:966169 disposed:false
82 silly fetch manifest expo-haptics@~15.0.8
83 silly packumentCache full:https://registry.npmjs.org/expo-haptics cache-miss
84 http cache https://registry.npmjs.org/expo-haptics 2ms (cache hit)
85 silly packumentCache full:https://registry.npmjs.org/expo-haptics set size:637274 disposed:false
86 silly fetch manifest expo-image@~3.0.11
87 silly packumentCache full:https://registry.npmjs.org/expo-image cache-miss
88 http cache https://registry.npmjs.org/expo-image 2ms (cache hit)
89 silly packumentCache full:https://registry.npmjs.org/expo-image set size:790627 disposed:false
90 silly fetch manifest react-native-web@~0.21.0
91 silly packumentCache full:https://registry.npmjs.org/react-native-web cache-miss
92 http cache https://registry.npmjs.org/react-native-web 1ms (cache hit)
93 silly packumentCache full:https://registry.npmjs.org/react-native-web set size:1090363 disposed:false
94 silly fetch manifest expo-linking@~8.0.11
95 silly packumentCache full:https://registry.npmjs.org/expo-linking cache-miss
96 http cache https://registry.npmjs.org/expo-linking 1ms (cache hit)
97 silly packumentCache full:https://registry.npmjs.org/expo-linking set size:693270 disposed:false
98 silly fetch manifest expo-router@~6.0.23
99 silly packumentCache full:https://registry.npmjs.org/expo-router cache-miss
100 http cache https://registry.npmjs.org/expo-router 3ms (cache hit)
101 silly packumentCache full:https://registry.npmjs.org/expo-router set size:1674961 disposed:false
102 silly fetch manifest @react-navigation/drawer@^7.5.0
103 silly packumentCache full:https://registry.npmjs.org/@react-navigation%2fdrawer cache-miss
104 http cache https://registry.npmjs.org/@react-navigation%2fdrawer 3ms (cache hit)
105 silly packumentCache full:https://registry.npmjs.org/@react-navigation%2fdrawer set size:1218846 disposed:false
106 silly fetch manifest react-native-gesture-handler@~2.28.0
107 silly packumentCache full:https://registry.npmjs.org/react-native-gesture-handler cache-miss
108 http cache https://registry.npmjs.org/react-native-gesture-handler 4ms (cache hit)
109 silly packumentCache full:https://registry.npmjs.org/react-native-gesture-handler set size:916636 disposed:false
110 silly fetch manifest react-native-reanimated@~4.1.1
111 silly packumentCache full:https://registry.npmjs.org/react-native-reanimated cache-miss
112 http cache https://registry.npmjs.org/react-native-reanimated 9ms (cache hit)
113 silly packumentCache full:https://registry.npmjs.org/react-native-reanimated set size:10666794 disposed:false
114 silly fetch manifest react-native-worklets@0.5.1
115 silly packumentCache full:https://registry.npmjs.org/react-native-worklets cache-miss
116 http cache https://registry.npmjs.org/react-native-worklets 3ms (cache hit)
117 silly packumentCache full:https://registry.npmjs.org/react-native-worklets set size:2503720 disposed:false
118 silly fetch manifest @babel/core@^7.0.0-0
119 silly packumentCache full:https://registry.npmjs.org/@babel%2fcore cache-miss
120 http cache https://registry.npmjs.org/@babel%2fcore 8ms (cache hit)
121 silly packumentCache full:https://registry.npmjs.org/@babel%2fcore set size:760113 disposed:false
122 silly fetch manifest @testing-library/react-native@>= 12.0.0
123 silly packumentCache full:https://registry.npmjs.org/@testing-library%2freact-native cache-miss
124 http cache https://registry.npmjs.org/@testing-library%2freact-native 1ms (cache hit)
125 silly packumentCache full:https://registry.npmjs.org/@testing-library%2freact-native set size:580317 disposed:false
126 silly fetch manifest jest@>=29.0.0
127 silly packumentCache full:https://registry.npmjs.org/jest cache-miss
128 http cache https://registry.npmjs.org/jest 2ms (cache hit)
129 silly packumentCache full:https://registry.npmjs.org/jest set size:855903 disposed:false
130 silly fetch manifest node-notifier@^8.0.1 || ^9.0.0 || ^10.0.0
131 silly packumentCache full:https://registry.npmjs.org/node-notifier cache-miss
132 http cache https://registry.npmjs.org/node-notifier 1ms (cache hit)
133 silly packumentCache full:https://registry.npmjs.org/node-notifier set size:171533 disposed:false
134 silly fetch manifest react-test-renderer@>=18.2.0
135 silly packumentCache full:https://registry.npmjs.org/react-test-renderer cache-miss
136 http cache https://registry.npmjs.org/react-test-renderer 8ms (cache hit)
137 silly packumentCache full:https://registry.npmjs.org/react-test-renderer set size:6342360 disposed:false
138 silly fetch manifest react@^19.2.5
139 silly packumentCache full:https://registry.npmjs.org/react cache-miss
140 http cache https://registry.npmjs.org/react 6ms (cache hit)
141 silly packumentCache full:https://registry.npmjs.org/react set size:6613874 disposed:false
142 silly fetch manifest react-server-dom-webpack@~19.0.4 || ~19.1.5 || ~19.2.4
143 silly packumentCache full:https://registry.npmjs.org/react-server-dom-webpack cache-miss
144 http cache https://registry.npmjs.org/react-server-dom-webpack 10ms (cache hit)
145 silly packumentCache full:https://registry.npmjs.org/react-server-dom-webpack set size:7138532 disposed:false
146 silly fetch manifest react-dom@^19.2.5
147 silly packumentCache full:https://registry.npmjs.org/react-dom cache-miss
148 http cache https://registry.npmjs.org/react-dom 8ms (cache hit)
149 silly packumentCache full:https://registry.npmjs.org/react-dom set size:8805723 disposed:false
150 silly fetch manifest webpack@^5.59.0
151 silly packumentCache full:https://registry.npmjs.org/webpack cache-miss
152 http cache https://registry.npmjs.org/webpack 16ms (cache hit)
153 silly packumentCache full:https://registry.npmjs.org/webpack set size:5004069 disposed:false
154 silly fetch manifest expo-splash-screen@~31.0.13
155 silly packumentCache full:https://registry.npmjs.org/expo-splash-screen cache-miss
156 http cache https://registry.npmjs.org/expo-splash-screen 3ms (cache hit)
157 silly packumentCache full:https://registry.npmjs.org/expo-splash-screen set size:948114 disposed:false
158 silly fetch manifest expo-status-bar@~3.0.9
159 silly packumentCache full:https://registry.npmjs.org/expo-status-bar cache-miss
160 http cache https://registry.npmjs.org/expo-status-bar 2ms (cache hit)
161 silly packumentCache full:https://registry.npmjs.org/expo-status-bar set size:638271 disposed:false
162 silly fetch manifest expo-symbols@~1.0.8
163 silly packumentCache full:https://registry.npmjs.org/expo-symbols cache-miss
164 http cache https://registry.npmjs.org/expo-symbols 2ms (cache hit)
165 silly packumentCache full:https://registry.npmjs.org/expo-symbols set size:492877 disposed:false
166 silly fetch manifest expo-system-ui@~6.0.9
167 silly packumentCache full:https://registry.npmjs.org/expo-system-ui cache-miss
168 http cache https://registry.npmjs.org/expo-system-ui 1ms (cache hit)
169 silly packumentCache full:https://registry.npmjs.org/expo-system-ui set size:665173 disposed:false
170 silly fetch manifest expo-web-browser@~15.0.10
171 silly packumentCache full:https://registry.npmjs.org/expo-web-browser cache-miss
172 http cache https://registry.npmjs.org/expo-web-browser 2ms (cache hit)
173 silly packumentCache full:https://registry.npmjs.org/expo-web-browser set size:765803 disposed:false
174 silly fetch manifest typescript@~5.9.2
175 silly packumentCache full:https://registry.npmjs.org/typescript cache-miss
176 http cache https://registry.npmjs.org/typescript 14ms (cache hit)
177 silly packumentCache full:https://registry.npmjs.org/typescript set size:15409943 disposed:false
178 silly fetch manifest eslint@^9.25.0
179 silly packumentCache full:https://registry.npmjs.org/eslint cache-miss
180 http cache https://registry.npmjs.org/eslint 9ms (cache hit)
181 silly packumentCache full:https://registry.npmjs.org/eslint set size:1983515 disposed:false
182 silly fetch manifest jiti@*
183 silly packumentCache full:https://registry.npmjs.org/jiti cache-miss
184 http cache https://registry.npmjs.org/jiti 2ms (cache hit)
185 silly packumentCache full:https://registry.npmjs.org/jiti set size:382310 disposed:false
186 silly fetch manifest eslint-config-expo@~10.0.0
187 silly packumentCache full:https://registry.npmjs.org/eslint-config-expo cache-miss
188 http cache https://registry.npmjs.org/eslint-config-expo 2ms (cache hit)
189 silly packumentCache full:https://registry.npmjs.org/eslint-config-expo set size:392584 disposed:false
190 silly placeDep ROOT @expo/vector-icons@15.1.1 OK for: driver-app@1.0.0 want: ^15.0.3
191 silly placeDep ROOT react@19.1.0 OK for: @expo/vector-icons@15.1.1 want: *
192 silly placeDep ROOT expo-font@14.0.11 OK for: @expo/vector-icons@15.1.1 want: >=14.0.4
193 silly placeDep ROOT expo@54.0.33 OK for: expo-font@14.0.11 want: *
194 silly placeDep ROOT react-native@0.81.5 OK for: expo@54.0.33 want: *
195 silly placeDep ROOT @react-navigation/bottom-tabs@7.15.9 OK for: driver-app@1.0.0 want: ^7.4.0
196 silly placeDep ROOT react-native-screens@4.16.0 OK for: @react-navigation/bottom-tabs@7.15.9 want: >= 4.0.0
197 silly placeDep ROOT @react-navigation/native@7.2.2 OK for: @react-navigation/bottom-tabs@7.15.9 want: ^7.2.2
198 silly placeDep ROOT react-native-safe-area-context@5.6.2 OK for: @react-navigation/bottom-tabs@7.15.9 want: >= 4.0.0
199 silly placeDep ROOT @react-navigation/elements@2.9.14 OK for: driver-app@1.0.0 want: ^2.6.3
200 silly placeDep ROOT @types/react@19.1.17 OK for: driver-app@1.0.0 want: ~19.1.0
201 silly placeDep ROOT eslint@9.39.4 OK for: driver-app@1.0.0 want: ^9.25.0
202 silly placeDep ROOT eslint-config-expo@10.0.0 OK for: driver-app@1.0.0 want: ~10.0.0
203 silly placeDep ROOT expo-constants@18.0.13 OK for: driver-app@1.0.0 want: ~18.0.13
204 silly placeDep ROOT expo-haptics@15.0.8 OK for: driver-app@1.0.0 want: ~15.0.8
205 silly placeDep ROOT expo-image@3.0.11 OK for: driver-app@1.0.0 want: ~3.0.11
206 silly placeDep ROOT expo-linking@8.0.11 OK for: driver-app@1.0.0 want: ~8.0.11
207 silly placeDep ROOT expo-router@6.0.23 OK for: driver-app@1.0.0 want: ~6.0.23
208 silly placeDep ROOT expo-splash-screen@31.0.13 OK for: driver-app@1.0.0 want: ~31.0.13
209 silly placeDep ROOT expo-status-bar@3.0.9 OK for: driver-app@1.0.0 want: ~3.0.9
210 silly placeDep ROOT expo-symbols@1.0.8 OK for: driver-app@1.0.0 want: ~1.0.8
211 silly placeDep ROOT expo-system-ui@6.0.9 OK for: driver-app@1.0.0 want: ~6.0.9
212 silly placeDep ROOT expo-web-browser@15.0.10 OK for: driver-app@1.0.0 want: ~15.0.10
213 silly placeDep ROOT react-dom@19.1.0 OK for: driver-app@1.0.0 want: 19.1.0
214 silly placeDep ROOT react-native-gesture-handler@2.28.0 OK for: driver-app@1.0.0 want: ~2.28.0
215 silly placeDep ROOT react-native-reanimated@4.1.7 OK for: driver-app@1.0.0 want: ~4.1.1
216 silly placeDep ROOT react-native-worklets@0.5.1 OK for: react-native-reanimated@4.1.7 want: 0.5 - 0.8
217 silly placeDep ROOT @babel/core@7.29.0 OK for: react-native-worklets@0.5.1 want: ^7.0.0-0
218 silly placeDep ROOT react-native-web@0.21.2 OK for: driver-app@1.0.0 want: ~0.21.0
219 silly placeDep ROOT typescript@5.9.3 OK for: driver-app@1.0.0 want: ~5.9.2
220 silly fetch manifest fontfaceobserver@^2.1.0
221 silly packumentCache full:https://registry.npmjs.org/fontfaceobserver cache-miss
222 silly fetch manifest @expo/cli@54.0.23
223 silly packumentCache full:https://registry.npmjs.org/@expo%2fcli cache-miss
224 silly fetch manifest expo-asset@~12.0.12
225 silly packumentCache full:https://registry.npmjs.org/expo-asset cache-miss
226 silly fetch manifest @expo/metro@~54.2.0
227 silly packumentCache full:https://registry.npmjs.org/@expo%2fmetro cache-miss
228 silly fetch manifest @expo/config@~12.0.13
229 silly packumentCache full:https://registry.npmjs.org/@expo%2fconfig cache-miss
230 silly fetch manifest pretty-format@^29.7.0
231 silly packumentCache full:https://registry.npmjs.org/pretty-format cache-miss
232 silly fetch manifest react-refresh@^0.14.2
233 silly packumentCache full:https://registry.npmjs.org/react-refresh cache-miss
234 http cache https://registry.npmjs.org/fontfaceobserver 4ms (cache hit)
235 silly packumentCache full:https://registry.npmjs.org/fontfaceobserver set size:113480 disposed:false
236 silly fetch manifest @babel/runtime@^7.20.0
237 silly packumentCache full:https://registry.npmjs.org/@babel%2fruntime cache-miss
238 http cache https://registry.npmjs.org/@expo%2fcli 7ms (cache hit)
239 silly packumentCache full:https://registry.npmjs.org/@expo%2fcli set size:2447633 disposed:false
240 silly fetch manifest @expo/devtools@0.1.8
241 silly packumentCache full:https://registry.npmjs.org/@expo%2fdevtools cache-miss
242 http cache https://registry.npmjs.org/expo-asset 15ms (cache hit)
243 silly packumentCache full:https://registry.npmjs.org/expo-asset set size:942071 disposed:false
244 silly fetch manifest expo-keep-awake@~15.0.8
245 silly packumentCache full:https://registry.npmjs.org/expo-keep-awake cache-miss
246 http cache https://registry.npmjs.org/pretty-format 19ms (cache hit)
247 silly packumentCache full:https://registry.npmjs.org/pretty-format set size:593858 disposed:false
248 silly fetch manifest expo-file-system@~19.0.21
249 silly packumentCache full:https://registry.npmjs.org/expo-file-system cache-miss
250 http cache https://registry.npmjs.org/@expo%2fconfig 22ms (cache hit)
251 silly packumentCache full:https://registry.npmjs.org/@expo%2fconfig set size:1386983 disposed:false
252 silly fetch manifest @expo/fingerprint@0.15.4
253 silly packumentCache full:https://registry.npmjs.org/@expo%2ffingerprint cache-miss
254 http cache https://registry.npmjs.org/react-refresh 29ms (cache hit)
255 silly packumentCache full:https://registry.npmjs.org/react-refresh set size:6300571 disposed:false
256 silly fetch manifest babel-preset-expo@~54.0.10
257 silly packumentCache full:https://registry.npmjs.org/babel-preset-expo cache-miss
258 http cache https://registry.npmjs.org/@expo%2fmetro 48ms (cache hit)
259 silly packumentCache full:https://registry.npmjs.org/@expo%2fmetro set size:52025 disposed:false
260 silly fetch manifest expo-modules-core@3.0.29
261 silly packumentCache full:https://registry.npmjs.org/expo-modules-core cache-miss
262 http cache https://registry.npmjs.org/expo-file-system 32ms (cache hit)
263 silly packumentCache full:https://registry.npmjs.org/expo-file-system set size:990270 disposed:false
264 silly fetch manifest @expo/metro-config@54.0.14
265 silly packumentCache full:https://registry.npmjs.org/@expo%2fmetro-config cache-miss
266 http cache https://registry.npmjs.org/@babel%2fruntime 53ms (cache hit)
267 silly packumentCache full:https://registry.npmjs.org/@babel%2fruntime set size:3372292 disposed:false
268 silly fetch manifest @expo/config-plugins@~54.0.4
269 silly packumentCache full:https://registry.npmjs.org/@expo%2fconfig-plugins cache-miss
270 http cache https://registry.npmjs.org/@expo%2fdevtools 52ms (cache hit)
271 silly packumentCache full:https://registry.npmjs.org/@expo%2fdevtools set size:177515 disposed:false
272 silly fetch manifest @ungap/structured-clone@^1.3.0
273 silly packumentCache full:https://registry.npmjs.org/@ungap%2fstructured-clone cache-miss
274 http cache https://registry.npmjs.org/babel-preset-expo 21ms (cache hit)
275 silly packumentCache full:https://registry.npmjs.org/babel-preset-expo set size:1078897 disposed:false
276 silly fetch manifest expo-modules-autolinking@3.0.24
277 silly packumentCache full:https://registry.npmjs.org/expo-modules-autolinking cache-miss
278 http cache https://registry.npmjs.org/@expo%2ffingerprint 47ms (cache hit)
279 silly packumentCache full:https://registry.npmjs.org/@expo%2ffingerprint set size:663867 disposed:false
280 silly fetch manifest whatwg-url-without-unicode@8.0.0-3
281 silly packumentCache full:https://registry.npmjs.org/whatwg-url-without-unicode cache-miss
282 http cache https://registry.npmjs.org/expo-keep-awake 61ms (cache hit)
283 silly packumentCache full:https://registry.npmjs.org/expo-keep-awake set size:675491 disposed:false
284 silly fetch manifest ws@^6.2.3
285 silly packumentCache full:https://registry.npmjs.org/ws cache-miss
286 http cache https://registry.npmjs.org/expo-modules-core 34ms (cache hit)
287 silly packumentCache full:https://registry.npmjs.org/expo-modules-core set size:1200805 disposed:false
288 silly fetch manifest glob@^7.1.1
289 silly packumentCache full:https://registry.npmjs.org/glob cache-miss
290 http cache https://registry.npmjs.org/@ungap%2fstructured-clone 18ms (cache hit)
291 silly packumentCache full:https://registry.npmjs.org/@ungap%2fstructured-clone set size:55958 disposed:false
292 silly fetch manifest anser@^1.4.9
293 silly packumentCache full:https://registry.npmjs.org/anser cache-miss
294 http cache https://registry.npmjs.org/whatwg-url-without-unicode 11ms (cache hit)
295 silly packumentCache full:https://registry.npmjs.org/whatwg-url-without-unicode set size:35141 disposed:false
296 silly fetch manifest yargs@^17.6.2
297 silly packumentCache full:https://registry.npmjs.org/yargs cache-miss
298 http cache https://registry.npmjs.org/expo-modules-autolinking 15ms (cache hit)
299 silly packumentCache full:https://registry.npmjs.org/expo-modules-autolinking set size:859836 disposed:false
300 silly fetch manifest semver@^7.1.3
301 silly packumentCache full:https://registry.npmjs.org/semver cache-miss
302 http cache https://registry.npmjs.org/@expo%2fconfig-plugins 24ms (cache hit)
303 silly packumentCache full:https://registry.npmjs.org/@expo%2fconfig-plugins set size:1147001 disposed:false
304 silly fetch manifest promise@^8.3.0
305 silly packumentCache full:https://registry.npmjs.org/promise cache-miss
306 http cache https://registry.npmjs.org/@expo%2fmetro-config 39ms (cache hit)
307 silly packumentCache full:https://registry.npmjs.org/@expo%2fmetro-config set size:1411109 disposed:false
308 silly fetch manifest base64-js@^1.5.1
309 silly packumentCache full:https://registry.npmjs.org/base64-js cache-miss
310 http cache https://registry.npmjs.org/ws 19ms (cache hit)
311 silly packumentCache full:https://registry.npmjs.org/ws set size:415737 disposed:false
312 silly fetch manifest commander@^12.0.0
313 silly packumentCache full:https://registry.npmjs.org/commander cache-miss
314 http cache https://registry.npmjs.org/glob 19ms (cache hit)
315 silly packumentCache full:https://registry.npmjs.org/glob set size:469465 disposed:false
316 silly fetch manifest invariant@^2.2.4
317 silly packumentCache full:https://registry.npmjs.org/invariant cache-miss
318 http cache https://registry.npmjs.org/promise 12ms (cache hit)
319 silly packumentCache full:https://registry.npmjs.org/promise set size:112704 disposed:false
320 silly fetch manifest scheduler@0.26.0
321 silly packumentCache full:https://registry.npmjs.org/scheduler cache-miss
322 http cache https://registry.npmjs.org/anser 21ms (cache hit)
323 silly packumentCache full:https://registry.npmjs.org/anser set size:109321 disposed:false
324 silly fetch manifest ansi-regex@^5.0.0
325 silly packumentCache full:https://registry.npmjs.org/ansi-regex cache-miss
326 http cache https://registry.npmjs.org/semver 18ms (cache hit)
327 silly packumentCache full:https://registry.npmjs.org/semver set size:229620 disposed:false
328 silly fetch manifest babel-jest@^29.7.0
329 silly packumentCache full:https://registry.npmjs.org/babel-jest cache-miss
330 http cache https://registry.npmjs.org/yargs 22ms (cache hit)
331 silly packumentCache full:https://registry.npmjs.org/yargs set size:743056 disposed:false
332 silly fetch manifest nullthrows@^1.1.1
333 silly packumentCache full:https://registry.npmjs.org/nullthrows cache-miss
334 http cache https://registry.npmjs.org/base64-js 13ms (cache hit)
335 silly packumentCache full:https://registry.npmjs.org/base64-js set size:41270 disposed:false
336 silly fetch manifest memoize-one@^5.0.0
337 silly packumentCache full:https://registry.npmjs.org/memoize-one cache-miss
338 http cache https://registry.npmjs.org/invariant 9ms (cache hit)
339 silly packumentCache full:https://registry.npmjs.org/invariant set size:22008 disposed:false
340 silly fetch manifest whatwg-fetch@^3.0.0
341 silly packumentCache full:https://registry.npmjs.org/whatwg-fetch cache-miss
342 http cache https://registry.npmjs.org/commander 11ms (cache hit)
343 silly packumentCache full:https://registry.npmjs.org/commander set size:306325 disposed:false
344 silly fetch manifest metro-runtime@^0.83.1
345 silly packumentCache full:https://registry.npmjs.org/metro-runtime cache-miss
346 http cache https://registry.npmjs.org/ansi-regex 10ms (cache hit)
347 silly packumentCache full:https://registry.npmjs.org/ansi-regex set size:43572 disposed:false
348 silly fetch manifest react-refresh@^0.14.0
349 silly packumentCache full:https://registry.npmjs.org/react-refresh cache-miss
350 http cache https://registry.npmjs.org/babel-jest 9ms (cache hit)
351 silly packumentCache full:https://registry.npmjs.org/babel-jest set size:686500 disposed:false
352 silly fetch manifest abort-controller@^3.0.0
353 silly packumentCache full:https://registry.npmjs.org/abort-controller cache-miss
354 http cache https://registry.npmjs.org/nullthrows 9ms (cache hit)
355 silly packumentCache full:https://registry.npmjs.org/nullthrows set size:14885 disposed:false
356 silly fetch manifest metro-source-map@^0.83.1
357 silly packumentCache full:https://registry.npmjs.org/metro-source-map cache-miss
358 http cache https://registry.npmjs.org/scheduler 18ms (cache hit)
359 silly packumentCache full:https://registry.npmjs.org/scheduler set size:5480996 disposed:false
360 silly fetch manifest stacktrace-parser@^0.1.10
361 silly packumentCache full:https://registry.npmjs.org/stacktrace-parser cache-miss
362 http cache https://registry.npmjs.org/memoize-one 32ms (cache hit)
363 silly packumentCache full:https://registry.npmjs.org/memoize-one set size:217155 disposed:false
364 silly fetch manifest flow-enums-runtime@^0.0.6
365 silly packumentCache full:https://registry.npmjs.org/flow-enums-runtime cache-miss
366 http cache https://registry.npmjs.org/whatwg-fetch 34ms (cache hit)
367 silly packumentCache full:https://registry.npmjs.org/whatwg-fetch set size:120970 disposed:false
368 silly fetch manifest react-devtools-core@^6.1.5
369 silly packumentCache full:https://registry.npmjs.org/react-devtools-core cache-miss
370 http cache https://registry.npmjs.org/metro-runtime 33ms (cache hit)
371 silly packumentCache full:https://registry.npmjs.org/metro-runtime set size:212197 disposed:false
372 silly fetch manifest regenerator-runtime@^0.13.2
373 silly packumentCache full:https://registry.npmjs.org/regenerator-runtime cache-miss
374 http cache https://registry.npmjs.org/react-refresh 37ms (cache hit)
375 silly packumentCache full:https://registry.npmjs.org/react-refresh set size:6300571 disposed:false
376 silly fetch manifest @react-native/codegen@0.81.5
377 silly packumentCache full:https://registry.npmjs.org/@react-native%2fcodegen cache-miss
378 http cache https://registry.npmjs.org/metro-source-map 51ms (cache hit)
379 silly packumentCache full:https://registry.npmjs.org/metro-source-map set size:419987 disposed:false
380 silly fetch manifest jest-environment-node@^29.7.0
381 silly packumentCache full:https://registry.npmjs.org/jest-environment-node cache-miss
382 http cache https://registry.npmjs.org/abort-controller 53ms (cache hit)
383 silly packumentCache full:https://registry.npmjs.org/abort-controller set size:47272 disposed:false
384 silly fetch manifest @react-native/js-polyfills@0.81.5
385 silly packumentCache full:https://registry.npmjs.org/@react-native%2fjs-polyfills cache-miss
386 http cache https://registry.npmjs.org/stacktrace-parser 34ms (cache hit)
387 silly packumentCache full:https://registry.npmjs.org/stacktrace-parser set size:31168 disposed:false
388 silly fetch manifest @react-native/gradle-plugin@0.81.5
389 silly packumentCache full:https://registry.npmjs.org/@react-native%2fgradle-plugin cache-miss
390 http cache https://registry.npmjs.org/flow-enums-runtime 28ms (cache hit)
391 silly packumentCache full:https://registry.npmjs.org/flow-enums-runtime set size:20749 disposed:false
392 silly fetch manifest @react-native/assets-registry@0.81.5
393 silly packumentCache full:https://registry.npmjs.org/@react-native%2fassets-registry cache-miss
394 http cache https://registry.npmjs.org/react-devtools-core 29ms (cache hit)
395 silly packumentCache full:https://registry.npmjs.org/react-devtools-core set size:459848 disposed:false
396 silly fetch manifest @react-native/normalize-colors@0.81.5
397 silly packumentCache full:https://registry.npmjs.org/@react-native%2fnormalize-colors cache-miss
398 http cache https://registry.npmjs.org/regenerator-runtime 29ms (cache hit)
399 silly packumentCache full:https://registry.npmjs.org/regenerator-runtime set size:59671 disposed:false
400 silly fetch manifest @jest/create-cache-key-function@^29.7.0
401 silly packumentCache full:https://registry.npmjs.org/@jest%2fcreate-cache-key-function cache-miss
402 http cache https://registry.npmjs.org/@react-native%2fcodegen 11ms (cache hit)
403 silly packumentCache full:https://registry.npmjs.org/@react-native%2fcodegen set size:2757552 disposed:false
404 silly fetch manifest @react-native/virtualized-lists@0.81.5
405 silly packumentCache full:https://registry.npmjs.org/@react-native%2fvirtualized-lists cache-miss
406 http cache https://registry.npmjs.org/jest-environment-node 16ms (cache hit)
407 silly packumentCache full:https://registry.npmjs.org/jest-environment-node set size:643853 disposed:false
408 silly fetch manifest babel-plugin-syntax-hermes-parser@0.29.1
409 silly packumentCache full:https://registry.npmjs.org/babel-plugin-syntax-hermes-parser cache-miss
410 http cache https://registry.npmjs.org/@react-native%2fjs-polyfills 20ms (cache hit)
411 silly packumentCache full:https://registry.npmjs.org/@react-native%2fjs-polyfills set size:1805763 disposed:false
412 silly fetch manifest @react-native/community-cli-plugin@0.81.5
413 silly packumentCache full:https://registry.npmjs.org/@react-native%2fcommunity-cli-plugin cache-miss
414 http cache https://registry.npmjs.org/@react-native%2fgradle-plugin 24ms (cache hit)
415 silly packumentCache full:https://registry.npmjs.org/@react-native%2fgradle-plugin set size:1953989 disposed:false
416 silly fetch manifest color@^4.2.3
417 silly packumentCache full:https://registry.npmjs.org/color cache-miss
418 http cache https://registry.npmjs.org/@react-native%2fassets-registry 32ms (cache hit)
419 silly packumentCache full:https://registry.npmjs.org/@react-native%2fassets-registry set size:1810460 disposed:false
420 silly fetch manifest sf-symbols-typescript@^2.1.0
421 silly packumentCache full:https://registry.npmjs.org/sf-symbols-typescript cache-miss
422 http cache https://registry.npmjs.org/@jest%2fcreate-cache-key-function 32ms (cache hit)
423 silly packumentCache full:https://registry.npmjs.org/@jest%2fcreate-cache-key-function set size:227866 disposed:false
424 silly fetch manifest @react-navigation/elements@^2.9.14
425 silly packumentCache full:https://registry.npmjs.org/@react-navigation%2felements cache-hit
426 silly fetch manifest nanoid@^3.3.11
427 silly packumentCache full:https://registry.npmjs.org/nanoid cache-miss
428 http cache https://registry.npmjs.org/@react-native%2fnormalize-colors 34ms (cache hit)
429 silly packumentCache full:https://registry.npmjs.org/@react-native%2fnormalize-colors set size:1819045 disposed:false
430 silly fetch manifest fast-deep-equal@^3.1.3
431 silly packumentCache full:https://registry.npmjs.org/fast-deep-equal cache-miss
432 http cache https://registry.npmjs.org/@react-native%2fvirtualized-lists 32ms (cache hit)
433 silly packumentCache full:https://registry.npmjs.org/@react-native%2fvirtualized-lists set size:2235760 disposed:false
434 silly fetch manifest use-latest-callback@^0.2.4
435 silly packumentCache full:https://registry.npmjs.org/use-latest-callback cache-miss
436 http cache https://registry.npmjs.org/babel-plugin-syntax-hermes-parser 35ms (cache hit)
437 silly packumentCache full:https://registry.npmjs.org/babel-plugin-syntax-hermes-parser set size:100651 disposed:false
438 silly fetch manifest escape-string-regexp@^4.0.0
439 silly packumentCache full:https://registry.npmjs.org/escape-string-regexp cache-miss
440 http cache https://registry.npmjs.org/color 24ms (cache hit)
441 silly packumentCache full:https://registry.npmjs.org/color set size:98234 disposed:false
442 silly fetch manifest @react-navigation/core@^7.17.2
443 silly packumentCache full:https://registry.npmjs.org/@react-navigation%2fcore cache-miss
444 http cache https://registry.npmjs.org/@react-native%2fcommunity-cli-plugin 33ms (cache hit)
445 silly packumentCache full:https://registry.npmjs.org/@react-native%2fcommunity-cli-plugin set size:2410087 disposed:false
446 silly fetch manifest warn-once@^0.1.0
447 silly packumentCache full:https://registry.npmjs.org/warn-once cache-miss
448 http cache https://registry.npmjs.org/sf-symbols-typescript 31ms (cache hit)
449 silly packumentCache full:https://registry.npmjs.org/sf-symbols-typescript set size:18602 disposed:false
450 silly fetch manifest react-freeze@^1.0.0
451 silly packumentCache full:https://registry.npmjs.org/react-freeze cache-miss
452 http cache https://registry.npmjs.org/nanoid 31ms (cache hit)
453 silly packumentCache full:https://registry.npmjs.org/nanoid set size:304025 disposed:false
454 silly fetch manifest react-native-is-edge-to-edge@^1.2.1
455 silly packumentCache full:https://registry.npmjs.org/react-native-is-edge-to-edge cache-miss
456 http cache https://registry.npmjs.org/escape-string-regexp 17ms (cache hit)
457 silly packumentCache full:https://registry.npmjs.org/escape-string-regexp set size:22244 disposed:false
458 silly fetch manifest use-latest-callback@^0.2.4
459 silly packumentCache full:https://registry.npmjs.org/use-latest-callback cache-miss
460 http cache https://registry.npmjs.org/fast-deep-equal 29ms (cache hit)
461 silly packumentCache full:https://registry.npmjs.org/fast-deep-equal set size:48634 disposed:false
462 silly fetch manifest use-sync-external-store@^1.5.0
463 silly packumentCache full:https://registry.npmjs.org/use-sync-external-store cache-miss
464 http cache https://registry.npmjs.org/use-latest-callback 19ms (cache hit)
465 silly packumentCache full:https://registry.npmjs.org/use-latest-callback set size:64855 disposed:false
466 silly fetch manifest csstype@^3.0.2
467 silly packumentCache full:https://registry.npmjs.org/csstype cache-miss
468 http cache https://registry.npmjs.org/warn-once 10ms (cache hit)
469 silly packumentCache full:https://registry.npmjs.org/warn-once set size:8138 disposed:false
470 silly fetch manifest ajv@^6.14.0
471 silly packumentCache full:https://registry.npmjs.org/ajv cache-miss
472 http cache https://registry.npmjs.org/@react-navigation%2fcore 20ms (cache hit)
473 silly packumentCache full:https://registry.npmjs.org/@react-navigation%2fcore set size:1016158 disposed:false
474 silly fetch manifest chalk@^4.0.0
475 silly packumentCache full:https://registry.npmjs.org/chalk cache-miss
476 http cache https://registry.npmjs.org/react-freeze 8ms (cache hit)
477 silly packumentCache full:https://registry.npmjs.org/react-freeze set size:30139 disposed:false
478 silly fetch manifest debug@^4.3.2
479 silly packumentCache full:https://registry.npmjs.org/debug cache-miss
480 http cache https://registry.npmjs.org/react-native-is-edge-to-edge 7ms (cache hit)
481 silly packumentCache full:https://registry.npmjs.org/react-native-is-edge-to-edge set size:36085 disposed:false
482 silly fetch manifest espree@^10.4.0
483 silly packumentCache full:https://registry.npmjs.org/espree cache-miss
484 http cache https://registry.npmjs.org/use-latest-callback 8ms (cache hit)
485 silly packumentCache full:https://registry.npmjs.org/use-latest-callback set size:64855 disposed:false
486 silly packumentCache full:https://registry.npmjs.org/use-latest-callback dispose
487 silly fetch manifest ignore@^5.2.0
488 silly packumentCache full:https://registry.npmjs.org/ignore cache-miss
489 http cache https://registry.npmjs.org/csstype 9ms (cache hit)
490 silly packumentCache full:https://registry.npmjs.org/csstype set size:274189 disposed:false
491 silly fetch manifest esquery@^1.5.0
492 silly packumentCache full:https://registry.npmjs.org/esquery cache-miss
493 http cache https://registry.npmjs.org/use-sync-external-store 14ms (cache hit)
494 silly packumentCache full:https://registry.npmjs.org/use-sync-external-store set size:4639755 disposed:false
495 silly fetch manifest esutils@^2.0.2
496 silly packumentCache full:https://registry.npmjs.org/esutils cache-miss
497 http cache https://registry.npmjs.org/chalk 18ms (cache hit)
498 silly packumentCache full:https://registry.npmjs.org/chalk set size:117861 disposed:false
499 silly fetch manifest find-up@^5.0.0
500 silly packumentCache full:https://registry.npmjs.org/find-up cache-miss
501 http cache https://registry.npmjs.org/ajv 22ms (cache hit)
502 silly packumentCache full:https://registry.npmjs.org/ajv set size:1120197 disposed:false
503 silly fetch manifest is-glob@^4.0.0
504 silly packumentCache full:https://registry.npmjs.org/is-glob cache-miss
505 http cache https://registry.npmjs.org/debug 22ms (cache hit)
506 silly packumentCache full:https://registry.npmjs.org/debug set size:195840 disposed:false
507 silly fetch manifest minimatch@^3.1.5
508 silly packumentCache full:https://registry.npmjs.org/minimatch cache-miss
509 http cache https://registry.npmjs.org/espree 24ms (cache hit)
510 silly packumentCache full:https://registry.npmjs.org/espree set size:326080 disposed:false
511 silly fetch manifest @eslint/js@9.39.4
512 silly packumentCache full:https://registry.npmjs.org/@eslint%2fjs cache-miss
513 http cache https://registry.npmjs.org/ignore 25ms (cache hit)
514 silly packumentCache full:https://registry.npmjs.org/ignore set size:237380 disposed:false
515 silly fetch manifest optionator@^0.9.3
516 silly packumentCache full:https://registry.npmjs.org/optionator cache-miss
517 http cache https://registry.npmjs.org/find-up 10ms (cache hit)
518 silly packumentCache full:https://registry.npmjs.org/find-up set size:42620 disposed:false
519 silly fetch manifest cross-spawn@^7.0.6
520 silly packumentCache full:https://registry.npmjs.org/cross-spawn cache-miss
521 http cache https://registry.npmjs.org/esquery 24ms (cache hit)
522 silly packumentCache full:https://registry.npmjs.org/esquery set size:48888 disposed:false
523 silly fetch manifest glob-parent@^6.0.2
524 silly packumentCache full:https://registry.npmjs.org/glob-parent cache-miss
525 http cache https://registry.npmjs.org/esutils 13ms (cache hit)
526 silly packumentCache full:https://registry.npmjs.org/esutils set size:29522 disposed:false
527 silly fetch manifest imurmurhash@^0.1.4
528 silly packumentCache full:https://registry.npmjs.org/imurmurhash cache-miss
529 http cache https://registry.npmjs.org/is-glob 8ms (cache hit)
530 silly packumentCache full:https://registry.npmjs.org/is-glob set size:40530 disposed:false
531 silly fetch manifest @eslint/core@^0.17.0
532 silly packumentCache full:https://registry.npmjs.org/@eslint%2fcore cache-miss
533 http cache https://registry.npmjs.org/minimatch 8ms (cache hit)
534 silly packumentCache full:https://registry.npmjs.org/minimatch set size:375282 disposed:false
535 silly fetch manifest eslint-scope@^8.4.0
536 silly packumentCache full:https://registry.npmjs.org/eslint-scope cache-miss
537 http cache https://registry.npmjs.org/@eslint%2fjs 7ms (cache hit)
538 silly packumentCache full:https://registry.npmjs.org/@eslint%2fjs set size:140022 disposed:false
539 silly fetch manifest lodash.merge@^4.6.2
540 silly packumentCache full:https://registry.npmjs.org/lodash.merge cache-miss
541 http cache https://registry.npmjs.org/optionator 7ms (cache hit)
542 silly packumentCache full:https://registry.npmjs.org/optionator set size:49651 disposed:false
543 silly fetch manifest @humanfs/node@^0.16.6
544 silly packumentCache full:https://registry.npmjs.org/@humanfs%2fnode cache-miss
545 http cache https://registry.npmjs.org/glob-parent 6ms (cache hit)
546 silly packumentCache full:https://registry.npmjs.org/glob-parent set size:42445 disposed:false
547 silly fetch manifest @types/estree@^1.0.6
548 silly packumentCache full:https://registry.npmjs.org/@types%2festree cache-miss
549 http cache https://registry.npmjs.org/cross-spawn 7ms (cache hit)
550 silly packumentCache full:https://registry.npmjs.org/cross-spawn set size:109066 disposed:false
551 silly fetch manifest natural-compare@^1.4.0
552 silly packumentCache full:https://registry.npmjs.org/natural-compare cache-miss
553 http cache https://registry.npmjs.org/imurmurhash 7ms (cache hit)
554 silly packumentCache full:https://registry.npmjs.org/imurmurhash set size:35819 disposed:false
555 silly fetch manifest @eslint/eslintrc@^3.3.5
556 silly packumentCache full:https://registry.npmjs.org/@eslint%2feslintrc cache-miss
557 http cache https://registry.npmjs.org/@eslint%2fcore 7ms (cache hit)
558 silly packumentCache full:https://registry.npmjs.org/@eslint%2fcore set size:58023 disposed:false
559 silly fetch manifest file-entry-cache@^8.0.0
560 silly packumentCache full:https://registry.npmjs.org/file-entry-cache cache-miss
561 http cache https://registry.npmjs.org/eslint-scope 6ms (cache hit)
562 silly packumentCache full:https://registry.npmjs.org/eslint-scope set size:98867 disposed:false
563 silly fetch manifest @eslint/plugin-kit@^0.4.1
564 silly packumentCache full:https://registry.npmjs.org/@eslint%2fplugin-kit cache-miss
565 http cache https://registry.npmjs.org/lodash.merge 5ms (cache hit)
566 silly packumentCache full:https://registry.npmjs.org/lodash.merge set size:78575 disposed:false
567 silly fetch manifest eslint-visitor-keys@^4.2.1
568 silly packumentCache full:https://registry.npmjs.org/eslint-visitor-keys cache-miss
569 http cache https://registry.npmjs.org/@humanfs%2fnode 5ms (cache hit)
570 silly packumentCache full:https://registry.npmjs.org/@humanfs%2fnode set size:39629 disposed:false
571 silly fetch manifest @eslint/config-array@^0.21.2
572 silly packumentCache full:https://registry.npmjs.org/@eslint%2fconfig-array cache-miss
573 http cache https://registry.npmjs.org/@types%2festree 6ms (cache hit)
574 silly packumentCache full:https://registry.npmjs.org/@types%2festree set size:74091 disposed:false
575 silly fetch manifest @humanwhocodes/retry@^0.4.2
576 silly packumentCache full:https://registry.npmjs.org/@humanwhocodes%2fretry cache-miss
577 http cache https://registry.npmjs.org/natural-compare 5ms (cache hit)
578 silly packumentCache full:https://registry.npmjs.org/natural-compare set size:7852 disposed:false
579 silly fetch manifest @eslint/config-helpers@^0.4.2
580 silly packumentCache full:https://registry.npmjs.org/@eslint%2fconfig-helpers cache-miss
581 http cache https://registry.npmjs.org/file-entry-cache 5ms (cache hit)
582 silly packumentCache full:https://registry.npmjs.org/file-entry-cache set size:151480 disposed:false
583 silly fetch manifest @eslint-community/regexpp@^4.12.1
584 silly packumentCache full:https://registry.npmjs.org/@eslint-community%2fregexpp cache-miss
585 http cache https://registry.npmjs.org/@eslint%2feslintrc 7ms (cache hit)
586 silly packumentCache full:https://registry.npmjs.org/@eslint%2feslintrc set size:168674 disposed:false
587 silly fetch manifest @eslint-community/eslint-utils@^4.8.0
588 silly packumentCache full:https://registry.npmjs.org/@eslint-community%2feslint-utils cache-miss
589 http cache https://registry.npmjs.org/@eslint%2fplugin-kit 6ms (cache hit)
590 silly packumentCache full:https://registry.npmjs.org/@eslint%2fplugin-kit set size:73270 disposed:false
591 silly fetch manifest @humanwhocodes/module-importer@^1.0.1
592 silly packumentCache full:https://registry.npmjs.org/@humanwhocodes%2fmodule-importer cache-miss
593 http cache https://registry.npmjs.org/eslint-visitor-keys 5ms (cache hit)
594 silly packumentCache full:https://registry.npmjs.org/eslint-visitor-keys set size:69949 disposed:false
595 silly fetch manifest json-stable-stringify-without-jsonify@^1.0.1
596 silly packumentCache full:https://registry.npmjs.org/json-stable-stringify-without-jsonify cache-miss
597 http cache https://registry.npmjs.org/@eslint%2fconfig-array 6ms (cache hit)
598 silly packumentCache full:https://registry.npmjs.org/@eslint%2fconfig-array set size:74140 disposed:false
599 silly fetch manifest globals@^16.0.0
600 silly packumentCache full:https://registry.npmjs.org/globals cache-miss
601 http cache https://registry.npmjs.org/@eslint%2fconfig-helpers 6ms (cache hit)
602 silly packumentCache full:https://registry.npmjs.org/@eslint%2fconfig-helpers set size:47979 disposed:false
603 silly fetch manifest eslint-plugin-expo@^1.0.0
604 silly packumentCache full:https://registry.npmjs.org/eslint-plugin-expo cache-miss
605 http cache https://registry.npmjs.org/@humanwhocodes%2fretry 6ms (cache hit)
606 silly packumentCache full:https://registry.npmjs.org/@humanwhocodes%2fretry set size:42348 disposed:false
607 silly fetch manifest eslint-plugin-react@^7.37.3
608 silly packumentCache full:https://registry.npmjs.org/eslint-plugin-react cache-miss
609 http cache https://registry.npmjs.org/@eslint-community%2fregexpp 5ms (cache hit)
610 silly packumentCache full:https://registry.npmjs.org/@eslint-community%2fregexpp set size:106609 disposed:false
611 silly fetch manifest eslint-plugin-import@^2.30.0
612 silly packumentCache full:https://registry.npmjs.org/eslint-plugin-import cache-miss
613 http cache https://registry.npmjs.org/@eslint-community%2feslint-utils 5ms (cache hit)
614 silly packumentCache full:https://registry.npmjs.org/@eslint-community%2feslint-utils set size:93301 disposed:false
615 silly fetch manifest @typescript-eslint/parser@^8.18.2
616 silly packumentCache full:https://registry.npmjs.org/@typescript-eslint%2fparser cache-miss
617 http cache https://registry.npmjs.org/@humanwhocodes%2fmodule-importer 6ms (cache hit)
618 silly packumentCache full:https://registry.npmjs.org/@humanwhocodes%2fmodule-importer set size:9516 disposed:false
619 silly fetch manifest eslint-plugin-react-hooks@^5.1.0
620 silly packumentCache full:https://registry.npmjs.org/eslint-plugin-react-hooks cache-miss
621 http cache https://registry.npmjs.org/json-stable-stringify-without-jsonify 5ms (cache hit)
622 silly packumentCache full:https://registry.npmjs.org/json-stable-stringify-without-jsonify set size:5808 disposed:false
623 silly fetch manifest @typescript-eslint/eslint-plugin@^8.18.2
624 silly packumentCache full:https://registry.npmjs.org/@typescript-eslint%2feslint-plugin cache-miss
625 http cache https://registry.npmjs.org/globals 5ms (cache hit)
626 silly packumentCache full:https://registry.npmjs.org/globals set size:312297 disposed:false
627 silly fetch manifest eslint-import-resolver-typescript@^3.6.3
628 silly packumentCache full:https://registry.npmjs.org/eslint-import-resolver-typescript cache-miss
629 http cache https://registry.npmjs.org/eslint-plugin-expo 7ms (cache hit)
630 silly packumentCache full:https://registry.npmjs.org/eslint-plugin-expo set size:353958 disposed:false
631 silly fetch manifest @expo/env@~2.0.8
632 silly packumentCache full:https://registry.npmjs.org/@expo%2fenv cache-miss
633 http cache https://registry.npmjs.org/eslint-plugin-react 9ms (cache hit)
634 silly packumentCache full:https://registry.npmjs.org/eslint-plugin-react set size:646827 disposed:false
635 silly fetch manifest vaul@^1.1.2
636 silly packumentCache full:https://registry.npmjs.org/vaul cache-miss
637 http cache https://registry.npmjs.org/eslint-plugin-import 11ms (cache hit)
638 silly packumentCache full:https://registry.npmjs.org/eslint-plugin-import set size:484928 disposed:false
639 silly fetch manifest debug@^4.3.4
640 silly packumentCache full:https://registry.npmjs.org/debug cache-hit
641 silly fetch manifest nanoid@^3.3.8
642 silly packumentCache full:https://registry.npmjs.org/nanoid cache-hit
643 silly fetch manifest semver@~7.6.3
644 silly packumentCache full:https://registry.npmjs.org/semver cache-hit
645 silly fetch manifest client-only@^0.0.1
646 silly packumentCache full:https://registry.npmjs.org/client-only cache-miss
647 http cache https://registry.npmjs.org/eslint-plugin-react-hooks 23ms (cache hit)
648 silly packumentCache full:https://registry.npmjs.org/eslint-plugin-react-hooks set size:7332785 disposed:false
649 silly fetch manifest expo-server@^1.0.5
650 silly packumentCache full:https://registry.npmjs.org/expo-server cache-miss
651 http cache https://registry.npmjs.org/eslint-import-resolver-typescript 52ms (cache hit)
652 silly packumentCache full:https://registry.npmjs.org/eslint-import-resolver-typescript set size:334387 disposed:false
653 silly fetch manifest server-only@^0.0.1
654 silly packumentCache full:https://registry.npmjs.org/server-only cache-miss
655 http cache https://registry.npmjs.org/@expo%2fenv 54ms (cache hit)
656 silly packumentCache full:https://registry.npmjs.org/@expo%2fenv set size:515149 disposed:false
657 silly fetch manifest query-string@^7.1.3
658 silly packumentCache full:https://registry.npmjs.org/query-string cache-miss
659 http cache https://registry.npmjs.org/@typescript-eslint%2fparser 74ms (cache hit)
660 silly packumentCache full:https://registry.npmjs.org/@typescript-eslint%2fparser set size:15034609 disposed:false
661 silly fetch manifest shallowequal@^1.1.0
662 silly packumentCache full:https://registry.npmjs.org/shallowequal cache-miss
663 http cache https://registry.npmjs.org/vaul 104ms (cache hit)
664 silly packumentCache full:https://registry.npmjs.org/vaul set size:132229 disposed:false
665 silly fetch manifest @expo/schema-utils@^0.1.8
666 silly packumentCache full:https://registry.npmjs.org/@expo%2fschema-utils cache-miss
667 http cache https://registry.npmjs.org/@typescript-eslint%2feslint-plugin 125ms (cache hit)
668 silly packumentCache full:https://registry.npmjs.org/@typescript-eslint%2feslint-plugin set size:17719383 disposed:false
669 silly fetch manifest react-fast-compare@^3.2.2
670 silly packumentCache full:https://registry.npmjs.org/react-fast-compare cache-miss
671 http cache https://registry.npmjs.org/client-only 157ms (cache hit)
672 silly packumentCache full:https://registry.npmjs.org/client-only set size:2750 disposed:false
673 silly fetch manifest @expo/metro-runtime@^6.1.2
674 silly packumentCache full:https://registry.npmjs.org/@expo%2fmetro-runtime cache-hit
675 silly fetch manifest use-latest-callback@^0.2.1
676 silly packumentCache full:https://registry.npmjs.org/use-latest-callback cache-hit
677 silly fetch manifest @radix-ui/react-slot@1.2.0
678 silly packumentCache full:https://registry.npmjs.org/@radix-ui%2freact-slot cache-miss
679 http cache https://registry.npmjs.org/react-fast-compare 5ms (cache hit)
680 silly packumentCache full:https://registry.npmjs.org/react-fast-compare set size:94506 disposed:false
681 silly fetch manifest @radix-ui/react-tabs@^1.1.12
682 silly packumentCache full:https://registry.npmjs.org/@radix-ui%2freact-tabs cache-miss
683 http cache https://registry.npmjs.org/@expo%2fschema-utils 63ms (cache hit)
684 silly packumentCache full:https://registry.npmjs.org/@expo%2fschema-utils set size:173591 disposed:false
685 silly fetch manifest react-native-is-edge-to-edge@^1.1.6
686 silly packumentCache full:https://registry.npmjs.org/react-native-is-edge-to-edge cache-hit
687 silly fetch manifest @react-navigation/native-stack@^7.3.16
688 silly packumentCache full:https://registry.npmjs.org/@react-navigation%2fnative-stack cache-miss
689 http cache https://registry.npmjs.org/server-only 117ms (cache hit)
690 silly packumentCache full:https://registry.npmjs.org/server-only set size:2750 disposed:false
691 silly fetch manifest @expo/prebuild-config@^54.0.8
692 silly packumentCache full:https://registry.npmjs.org/@expo%2fprebuild-config cache-miss
693 http cache https://registry.npmjs.org/expo-server 127ms (cache hit)
694 silly packumentCache full:https://registry.npmjs.org/expo-server set size:191538 disposed:false
695 silly fetch manifest sf-symbols-typescript@^2.0.0
696 silly packumentCache full:https://registry.npmjs.org/sf-symbols-typescript cache-hit
697 silly fetch manifest scheduler@^0.26.0
698 silly packumentCache full:https://registry.npmjs.org/scheduler cache-miss
699 http cache https://registry.npmjs.org/shallowequal 67ms (cache hit)
700 silly packumentCache full:https://registry.npmjs.org/shallowequal set size:18619 disposed:false
701 silly fetch manifest @egjs/hammerjs@^2.0.17
702 silly packumentCache full:https://registry.npmjs.org/@egjs%2fhammerjs cache-miss
703 http cache https://registry.npmjs.org/query-string 118ms (cache hit)
704 silly packumentCache full:https://registry.npmjs.org/query-string set size:217776 disposed:false
705 silly fetch manifest hoist-non-react-statics@^3.3.0
706 silly packumentCache full:https://registry.npmjs.org/hoist-non-react-statics cache-miss
707 http cache https://registry.npmjs.org/@radix-ui%2freact-slot 16ms (cache hit)
708 silly packumentCache full:https://registry.npmjs.org/@radix-ui%2freact-slot set size:387271 disposed:false
709 silly fetch manifest semver@^7.7.2
710 silly packumentCache full:https://registry.npmjs.org/semver cache-hit
711 silly fetch manifest semver@7.7.2
712 silly packumentCache full:https://registry.npmjs.org/semver cache-hit
713 silly fetch manifest convert-source-map@^2.0.0
714 silly packumentCache full:https://registry.npmjs.org/convert-source-map cache-miss
715 http cache https://registry.npmjs.org/scheduler 19ms (cache hit)
716 silly packumentCache full:https://registry.npmjs.org/scheduler set size:5480996 disposed:false
717 silly fetch manifest @babel/preset-typescript@^7.16.7
718 silly packumentCache full:https://registry.npmjs.org/@babel%2fpreset-typescript cache-miss
719 http cache https://registry.npmjs.org/@radix-ui%2freact-tabs 40ms (cache hit)
720 silly packumentCache full:https://registry.npmjs.org/@radix-ui%2freact-tabs set size:855865 disposed:false
721 silly fetch manifest @babel/plugin-transform-classes@^7.0.0-0
722 silly packumentCache full:https://registry.npmjs.org/@babel%2fplugin-transform-classes cache-miss
723 http cache https://registry.npmjs.org/@react-navigation%2fnative-stack 42ms (cache hit)
724 silly packumentCache full:https://registry.npmjs.org/@react-navigation%2fnative-stack set size:844521 disposed:false
725 silly fetch manifest @babel/plugin-transform-unicode-regex@^7.0.0-0
726 silly packumentCache full:https://registry.npmjs.org/@babel%2fplugin-transform-unicode-regex cache-miss
727 http cache https://registry.npmjs.org/@expo%2fprebuild-config 44ms (cache hit)
728 silly packumentCache full:https://registry.npmjs.org/@expo%2fprebuild-config set size:1063840 disposed:false
729 silly fetch manifest @babel/plugin-transform-arrow-functions@^7.0.0-0
730 silly packumentCache full:https://registry.npmjs.org/@babel%2fplugin-transform-arrow-functions cache-miss
731 http cache https://registry.npmjs.org/@egjs%2fhammerjs 46ms (cache hit)
732 silly packumentCache full:https://registry.npmjs.org/@egjs%2fhammerjs set size:49632 disposed:false
733 silly fetch manifest @babel/plugin-transform-class-properties@^7.0.0-0
734 silly packumentCache full:https://registry.npmjs.org/@babel%2fplugin-transform-class-properties cache-miss
735 http cache https://registry.npmjs.org/hoist-non-react-statics 45ms (cache hit)
736 silly packumentCache full:https://registry.npmjs.org/hoist-non-react-statics set size:97044 disposed:false
737 silly fetch manifest @babel/plugin-transform-optional-chaining@^7.0.0-0
738 silly packumentCache full:https://registry.npmjs.org/@babel%2fplugin-transform-optional-chaining cache-miss
739 http cache https://registry.npmjs.org/convert-source-map 37ms (cache hit)
740 silly packumentCache full:https://registry.npmjs.org/convert-source-map set size:66997 disposed:false
741 silly fetch manifest @babel/plugin-transform-template-literals@^7.0.0-0
742 silly packumentCache full:https://registry.npmjs.org/@babel%2fplugin-transform-template-literals cache-miss
743 http cache https://registry.npmjs.org/@babel%2fplugin-transform-unicode-regex 8ms (cache hit)
744 silly packumentCache full:https://registry.npmjs.org/@babel%2fplugin-transform-unicode-regex set size:207625 disposed:false
745 silly fetch manifest @babel/plugin-transform-shorthand-properties@^7.0.0-0
746 silly packumentCache full:https://registry.npmjs.org/@babel%2fplugin-transform-shorthand-properties cache-miss
747 http cache https://registry.npmjs.org/@babel%2fpreset-typescript 16ms (cache hit)
748 silly packumentCache full:https://registry.npmjs.org/@babel%2fpreset-typescript set size:257348 disposed:false
749 silly fetch manifest @babel/plugin-transform-nullish-coalescing-operator@^7.0.0-0
750 silly packumentCache full:https://registry.npmjs.org/@babel%2fplugin-transform-nullish-coalescing-operator cache-miss
751 http cache https://registry.npmjs.org/@babel%2fplugin-transform-optional-chaining 6ms (cache hit)
752 silly packumentCache full:https://registry.npmjs.org/@babel%2fplugin-transform-optional-chaining set size:104559 disposed:false
753 silly fetch manifest debug@^4.1.0
754 silly packumentCache full:https://registry.npmjs.org/debug cache-hit
755 silly fetch manifest json5@^2.2.3
756 silly packumentCache full:https://registry.npmjs.org/json5 cache-miss
757 http cache https://registry.npmjs.org/@babel%2fplugin-transform-class-properties 7ms (cache hit)
758 silly packumentCache full:https://registry.npmjs.org/@babel%2fplugin-transform-class-properties set size:81346 disposed:false
759 silly fetch manifest semver@^6.3.1
760 silly packumentCache full:https://registry.npmjs.org/semver cache-hit
761 silly fetch manifest gensync@^1.0.0-beta.2
762 silly packumentCache full:https://registry.npmjs.org/gensync cache-miss
763 http cache https://registry.npmjs.org/@babel%2fplugin-transform-classes 15ms (cache hit)
764 silly packumentCache full:https://registry.npmjs.org/@babel%2fplugin-transform-classes set size:326173 disposed:false
765 silly fetch manifest @babel/types@^7.29.0
766 silly packumentCache full:https://registry.npmjs.org/@babel%2ftypes cache-miss
767 http cache https://registry.npmjs.org/@babel%2fplugin-transform-arrow-functions 10ms (cache hit)
768 silly packumentCache full:https://registry.npmjs.org/@babel%2fplugin-transform-arrow-functions set size:205700 disposed:false
769 silly fetch manifest @babel/parser@^7.29.0
770 silly packumentCache full:https://registry.npmjs.org/@babel%2fparser cache-miss
771 http cache https://registry.npmjs.org/@babel%2fplugin-transform-template-literals 8ms (cache hit)
772 silly packumentCache full:https://registry.npmjs.org/@babel%2fplugin-transform-template-literals set size:216465 disposed:false
773 silly fetch manifest @babel/helpers@^7.28.6
774 silly packumentCache full:https://registry.npmjs.org/@babel%2fhelpers cache-miss
775 http cache https://registry.npmjs.org/@babel%2fplugin-transform-shorthand-properties 8ms (cache hit)
776 silly packumentCache full:https://registry.npmjs.org/@babel%2fplugin-transform-shorthand-properties set size:193713 disposed:false
777 silly fetch manifest @babel/template@^7.28.6
778 silly packumentCache full:https://registry.npmjs.org/@babel%2ftemplate cache-miss
779 http cache https://registry.npmjs.org/@babel%2fplugin-transform-nullish-coalescing-operator 8ms (cache hit)
780 silly packumentCache full:https://registry.npmjs.org/@babel%2fplugin-transform-nullish-coalescing-operator set size:87324 disposed:false
781 silly fetch manifest @babel/traverse@^7.29.0
782 silly packumentCache full:https://registry.npmjs.org/@babel%2ftraverse cache-miss
783 http cache https://registry.npmjs.org/json5 8ms (cache hit)
784 silly packumentCache full:https://registry.npmjs.org/json5 set size:86136 disposed:false
785 silly fetch manifest @babel/generator@^7.29.0
786 silly packumentCache full:https://registry.npmjs.org/@babel%2fgenerator cache-miss
787 http cache https://registry.npmjs.org/gensync 8ms (cache hit)
788 silly packumentCache full:https://registry.npmjs.org/gensync set size:15068 disposed:false
789 silly fetch manifest @babel/code-frame@^7.29.0
790 silly packumentCache full:https://registry.npmjs.org/@babel%2fcode-frame cache-miss
791 http cache https://registry.npmjs.org/@babel%2ftypes 7ms (cache hit)
792 silly packumentCache full:https://registry.npmjs.org/@babel%2ftypes set size:487885 disposed:false
793 silly fetch manifest @jridgewell/remapping@^2.3.5
794 silly packumentCache full:https://registry.npmjs.org/@jridgewell%2fremapping cache-miss
795 http cache https://registry.npmjs.org/@babel%2fparser 8ms (cache hit)
796 silly packumentCache full:https://registry.npmjs.org/@babel%2fparser set size:718758 disposed:false
797 silly fetch manifest @babel/helper-module-transforms@^7.28.6
798 silly packumentCache full:https://registry.npmjs.org/@babel%2fhelper-module-transforms cache-miss
799 http cache https://registry.npmjs.org/@babel%2fhelpers 10ms (cache hit)
800 silly packumentCache full:https://registry.npmjs.org/@babel%2fhelpers set size:388224 disposed:false
801 silly fetch manifest @babel/helper-compilation-targets@^7.28.6
802 silly packumentCache full:https://registry.npmjs.org/@babel%2fhelper-compilation-targets cache-miss
803 http cache https://registry.npmjs.org/@babel%2ftemplate 10ms (cache hit)
804 silly packumentCache full:https://registry.npmjs.org/@babel%2ftemplate set size:227169 disposed:false
805 silly fetch manifest @babel/runtime@^7.18.6
806 silly packumentCache full:https://registry.npmjs.org/@babel%2fruntime cache-miss
807 http cache https://registry.npmjs.org/@babel%2ftraverse 11ms (cache hit)
808 silly packumentCache full:https://registry.npmjs.org/@babel%2ftraverse set size:548722 disposed:false
809 silly fetch manifest @react-native/normalize-colors@^0.74.1
810 silly packumentCache full:https://registry.npmjs.org/@react-native%2fnormalize-colors cache-miss
811 http cache https://registry.npmjs.org/@jridgewell%2fremapping 9ms (cache hit)
812 silly packumentCache full:https://registry.npmjs.org/@jridgewell%2fremapping set size:23809 disposed:false
813 silly fetch manifest fbjs@^3.0.4
814 silly packumentCache full:https://registry.npmjs.org/fbjs cache-miss
815 http cache https://registry.npmjs.org/@babel%2fgenerator 13ms (cache hit)
816 silly packumentCache full:https://registry.npmjs.org/@babel%2fgenerator set size:507107 disposed:false
817 silly fetch manifest inline-style-prefixer@^7.0.1
818 silly packumentCache full:https://registry.npmjs.org/inline-style-prefixer cache-miss
819 http cache https://registry.npmjs.org/@babel%2fcode-frame 14ms (cache hit)
820 silly packumentCache full:https://registry.npmjs.org/@babel%2fcode-frame set size:196196 disposed:false
821 silly fetch manifest memoize-one@^6.0.0
822 silly packumentCache full:https://registry.npmjs.org/memoize-one cache-hit
823 silly fetch manifest postcss-value-parser@^4.2.0
824 silly packumentCache full:https://registry.npmjs.org/postcss-value-parser cache-miss
825 http cache https://registry.npmjs.org/@babel%2fhelper-module-transforms 12ms (cache hit)
826 silly packumentCache full:https://registry.npmjs.org/@babel%2fhelper-module-transforms set size:333553 disposed:false
827 silly fetch manifest styleq@^0.1.3
828 silly packumentCache full:https://registry.npmjs.org/styleq cache-miss
829 http cache https://registry.npmjs.org/@babel%2fhelper-compilation-targets 11ms (cache hit)
830 silly packumentCache full:https://registry.npmjs.org/@babel%2fhelper-compilation-targets set size:218757 disposed:false
831 http cache https://registry.npmjs.org/inline-style-prefixer 6ms (cache hit)
832 silly packumentCache full:https://registry.npmjs.org/inline-style-prefixer set size:232334 disposed:false
833 http cache https://registry.npmjs.org/postcss-value-parser 6ms (cache hit)
834 silly packumentCache full:https://registry.npmjs.org/postcss-value-parser set size:73484 disposed:false
835 http cache https://registry.npmjs.org/fbjs 11ms (cache hit)
836 silly packumentCache full:https://registry.npmjs.org/fbjs set size:175593 disposed:false
837 http cache https://registry.npmjs.org/@react-native%2fnormalize-colors 13ms (cache hit)
838 silly packumentCache full:https://registry.npmjs.org/@react-native%2fnormalize-colors set size:1819045 disposed:false
839 http cache https://registry.npmjs.org/@babel%2fruntime 24ms (cache hit)
840 silly packumentCache full:https://registry.npmjs.org/@babel%2fruntime set size:3372292 disposed:false
841 http cache https://registry.npmjs.org/styleq 26ms (cache hit)
842 silly packumentCache full:https://registry.npmjs.org/styleq set size:67761 disposed:false
843 silly fetch manifest @babel/core@^7.0.0
844 silly packumentCache full:https://registry.npmjs.org/@babel%2fcore cache-hit
845 silly placeDep ROOT @babel/code-frame@7.29.0 OK for: @babel/core@7.29.0 want: ^7.29.0
846 silly placeDep ROOT @babel/generator@7.29.1 OK for: @babel/core@7.29.0 want: ^7.29.0
847 silly placeDep ROOT @babel/helper-compilation-targets@7.28.6 OK for: @babel/core@7.29.0 want: ^7.28.6
848 silly placeDep ROOT @babel/helper-module-transforms@7.28.6 OK for: @babel/core@7.29.0 want: ^7.28.6
849 silly placeDep ROOT @babel/helpers@7.29.2 OK for: @babel/core@7.29.0 want: ^7.28.6
850 silly placeDep ROOT @babel/parser@7.29.2 OK for: @babel/core@7.29.0 want: ^7.29.0
851 silly placeDep ROOT @babel/template@7.28.6 OK for: @babel/core@7.29.0 want: ^7.28.6
852 silly placeDep ROOT @babel/traverse@7.29.0 OK for: @babel/core@7.29.0 want: ^7.29.0
853 silly placeDep ROOT @babel/types@7.29.0 OK for: @babel/core@7.29.0 want: ^7.29.0
854 silly placeDep ROOT @jridgewell/remapping@2.3.5 OK for: @babel/core@7.29.0 want: ^2.3.5
855 silly placeDep ROOT convert-source-map@2.0.0 OK for: @babel/core@7.29.0 want: ^2.0.0
856 silly placeDep ROOT debug@4.4.3 OK for: @babel/core@7.29.0 want: ^4.1.0
857 silly placeDep ROOT gensync@1.0.0-beta.2 OK for: @babel/core@7.29.0 want: ^1.0.0-beta.2
858 silly placeDep ROOT json5@2.2.3 OK for: @babel/core@7.29.0 want: ^2.2.3
859 silly placeDep ROOT semver@6.3.1 OK for: @babel/core@7.29.0 want: ^6.3.1
860 silly fetch manifest js-tokens@^4.0.0
861 silly packumentCache full:https://registry.npmjs.org/js-tokens cache-miss
862 silly fetch manifest picocolors@^1.1.1
863 silly packumentCache full:https://registry.npmjs.org/picocolors cache-miss
864 silly fetch manifest @babel/helper-validator-identifier@^7.28.5
865 silly packumentCache full:https://registry.npmjs.org/@babel%2fhelper-validator-identifier cache-miss
866 silly fetch manifest jsesc@^3.0.2
867 silly packumentCache full:https://registry.npmjs.org/jsesc cache-miss
868 silly fetch manifest @jridgewell/gen-mapping@^0.3.12
869 silly packumentCache full:https://registry.npmjs.org/@jridgewell%2fgen-mapping cache-miss
870 silly fetch manifest @jridgewell/trace-mapping@^0.3.28
871 silly packumentCache full:https://registry.npmjs.org/@jridgewell%2ftrace-mapping cache-miss
872 silly fetch manifest lru-cache@^5.1.1
873 silly packumentCache full:https://registry.npmjs.org/lru-cache cache-miss
874 http cache https://registry.npmjs.org/picocolors 7ms (cache hit)
875 silly packumentCache full:https://registry.npmjs.org/picocolors set size:16648 disposed:false
876 silly fetch manifest browserslist@^4.24.0
877 silly packumentCache full:https://registry.npmjs.org/browserslist cache-miss
878 http cache https://registry.npmjs.org/@babel%2fhelper-validator-identifier 8ms (cache hit)
879 silly packumentCache full:https://registry.npmjs.org/@babel%2fhelper-validator-identifier set size:116299 disposed:false
880 silly fetch manifest @babel/compat-data@^7.28.6
881 silly packumentCache full:https://registry.npmjs.org/@babel%2fcompat-data cache-miss
882 http cache https://registry.npmjs.org/js-tokens 8ms (cache hit)
883 silly packumentCache full:https://registry.npmjs.org/js-tokens set size:41947 disposed:false
884 silly fetch manifest @babel/helper-validator-option@^7.27.1
885 silly packumentCache full:https://registry.npmjs.org/@babel%2fhelper-validator-option cache-miss
886 http cache https://registry.npmjs.org/jsesc 9ms (cache hit)
887 silly packumentCache full:https://registry.npmjs.org/jsesc set size:61512 disposed:false
888 silly fetch manifest @babel/traverse@^7.28.6
889 silly packumentCache full:https://registry.npmjs.org/@babel%2ftraverse cache-hit
890 silly fetch manifest @babel/helper-module-imports@^7.28.6
891 silly packumentCache full:https://registry.npmjs.org/@babel%2fhelper-module-imports cache-miss
892 http cache https://registry.npmjs.org/@jridgewell%2ftrace-mapping 10ms (cache hit)
893 silly packumentCache full:https://registry.npmjs.org/@jridgewell%2ftrace-mapping set size:170909 disposed:false
894 silly fetch manifest @babel/types@^7.28.6
895 silly packumentCache full:https://registry.npmjs.org/@babel%2ftypes cache-hit
896 silly fetch manifest debug@^4.3.1
897 silly packumentCache full:https://registry.npmjs.org/debug cache-hit
898 silly fetch manifest @babel/helper-globals@^7.28.0
899 silly packumentCache full:https://registry.npmjs.org/@babel%2fhelper-globals cache-miss
900 http cache https://registry.npmjs.org/@jridgewell%2fgen-mapping 11ms (cache hit)
901 silly packumentCache full:https://registry.npmjs.org/@jridgewell%2fgen-mapping set size:80719 disposed:false
902 silly fetch manifest @babel/helper-string-parser@^7.27.1
903 silly packumentCache full:https://registry.npmjs.org/@babel%2fhelper-string-parser cache-miss
904 http cache https://registry.npmjs.org/lru-cache 12ms (cache hit)
905 silly packumentCache full:https://registry.npmjs.org/lru-cache set size:439357 disposed:false
906 silly fetch manifest @jridgewell/gen-mapping@^0.3.5
907 silly packumentCache full:https://registry.npmjs.org/@jridgewell%2fgen-mapping cache-hit
908 silly fetch manifest @jridgewell/trace-mapping@^0.3.24
909 silly packumentCache full:https://registry.npmjs.org/@jridgewell%2ftrace-mapping cache-hit
910 silly fetch manifest ms@^2.1.3
911 silly packumentCache full:https://registry.npmjs.org/ms cache-miss
912 http cache https://registry.npmjs.org/browserslist 10ms (cache hit)
913 silly packumentCache full:https://registry.npmjs.org/browserslist set size:504681 disposed:false
914 http cache https://registry.npmjs.org/@babel%2fcompat-data 11ms (cache hit)
915 silly packumentCache full:https://registry.npmjs.org/@babel%2fcompat-data set size:305632 disposed:false
916 http cache https://registry.npmjs.org/@babel%2fhelper-module-imports 10ms (cache hit)
917 silly packumentCache full:https://registry.npmjs.org/@babel%2fhelper-module-imports set size:193449 disposed:false
918 http cache https://registry.npmjs.org/@babel%2fhelper-validator-option 12ms (cache hit)
919 silly packumentCache full:https://registry.npmjs.org/@babel%2fhelper-validator-option set size:92248 disposed:false
920 http cache https://registry.npmjs.org/@babel%2fhelper-string-parser 9ms (cache hit)
921 silly packumentCache full:https://registry.npmjs.org/@babel%2fhelper-string-parser set size:82028 disposed:false
922 http cache https://registry.npmjs.org/@babel%2fhelper-globals 10ms (cache hit)
923 silly packumentCache full:https://registry.npmjs.org/@babel%2fhelper-globals set size:15475 disposed:false
924 http cache https://registry.npmjs.org/ms 7ms (cache hit)
925 silly packumentCache full:https://registry.npmjs.org/ms set size:92208 disposed:false
926 silly placeDep ROOT @babel/helper-validator-identifier@7.28.5 OK for: @babel/code-frame@7.29.0 want: ^7.28.5
927 silly placeDep ROOT js-tokens@4.0.0 OK for: @babel/code-frame@7.29.0 want: ^4.0.0
928 silly placeDep ROOT picocolors@1.1.1 OK for: @babel/code-frame@7.29.0 want: ^1.1.1
929 silly placeDep ROOT @jridgewell/gen-mapping@0.3.13 OK for: @babel/generator@7.29.1 want: ^0.3.12
930 silly placeDep ROOT @jridgewell/trace-mapping@0.3.31 OK for: @babel/generator@7.29.1 want: ^0.3.28
931 silly placeDep ROOT jsesc@3.1.0 OK for: @babel/generator@7.29.1 want: ^3.0.2
932 silly fetch manifest @jridgewell/sourcemap-codec@^1.5.0
933 silly packumentCache full:https://registry.npmjs.org/@jridgewell%2fsourcemap-codec cache-miss
934 silly fetch manifest @jridgewell/resolve-uri@^3.1.0
935 silly packumentCache full:https://registry.npmjs.org/@jridgewell%2fresolve-uri cache-miss
936 silly fetch manifest @jridgewell/sourcemap-codec@^1.4.14
937 silly packumentCache full:https://registry.npmjs.org/@jridgewell%2fsourcemap-codec cache-miss
938 http cache https://registry.npmjs.org/@jridgewell%2fresolve-uri 2ms (cache hit)
939 silly packumentCache full:https://registry.npmjs.org/@jridgewell%2fresolve-uri set size:57361 disposed:false
940 http cache https://registry.npmjs.org/@jridgewell%2fsourcemap-codec 2ms (cache hit)
941 silly packumentCache full:https://registry.npmjs.org/@jridgewell%2fsourcemap-codec set size:59275 disposed:false
942 http cache https://registry.npmjs.org/@jridgewell%2fsourcemap-codec 2ms (cache hit)
943 silly packumentCache full:https://registry.npmjs.org/@jridgewell%2fsourcemap-codec set size:59275 disposed:false
944 silly packumentCache full:https://registry.npmjs.org/@jridgewell%2fsourcemap-codec dispose
945 silly placeDep ROOT @babel/compat-data@7.29.0 OK for: @babel/helper-compilation-targets@7.28.6 want: ^7.28.6
946 silly placeDep ROOT @babel/helper-validator-option@7.27.1 OK for: @babel/helper-compilation-targets@7.28.6 want: ^7.27.1
947 silly placeDep ROOT browserslist@4.28.2 OK for: @babel/helper-compilation-targets@7.28.6 want: ^4.24.0
948 silly placeDep ROOT lru-cache@5.1.1 OK for: @babel/helper-compilation-targets@7.28.6 want: ^5.1.1
949 silly fetch manifest baseline-browser-mapping@^2.10.12
950 silly packumentCache full:https://registry.npmjs.org/baseline-browser-mapping cache-miss
951 silly fetch manifest caniuse-lite@^1.0.30001782
952 silly packumentCache full:https://registry.npmjs.org/caniuse-lite cache-miss
953 silly fetch manifest electron-to-chromium@^1.5.328
954 silly packumentCache full:https://registry.npmjs.org/electron-to-chromium cache-miss
955 silly fetch manifest node-releases@^2.0.36
956 silly packumentCache full:https://registry.npmjs.org/node-releases cache-miss
957 silly fetch manifest update-browserslist-db@^1.2.3
958 silly packumentCache full:https://registry.npmjs.org/update-browserslist-db cache-miss
959 silly fetch manifest yallist@^3.0.2
960 silly packumentCache full:https://registry.npmjs.org/yallist cache-miss
961 http cache https://registry.npmjs.org/baseline-browser-mapping 4ms (cache hit)
962 silly packumentCache full:https://registry.npmjs.org/baseline-browser-mapping set size:448101 disposed:false
963 http cache https://registry.npmjs.org/node-releases 5ms (cache hit)
964 silly packumentCache full:https://registry.npmjs.org/node-releases set size:272120 disposed:false
965 http cache https://registry.npmjs.org/update-browserslist-db 6ms (cache hit)
966 silly packumentCache full:https://registry.npmjs.org/update-browserslist-db set size:62000 disposed:false
967 http cache https://registry.npmjs.org/caniuse-lite 8ms (cache hit)
968 silly packumentCache full:https://registry.npmjs.org/caniuse-lite set size:2285165 disposed:false
969 http cache https://registry.npmjs.org/yallist 15ms (cache hit)
970 silly packumentCache full:https://registry.npmjs.org/yallist set size:34610 disposed:false
971 http cache https://registry.npmjs.org/electron-to-chromium 22ms (cache hit)
972 silly packumentCache full:https://registry.npmjs.org/electron-to-chromium set size:4761682 disposed:false
973 silly placeDep ROOT @babel/helper-module-imports@7.28.6 OK for: @babel/helper-module-transforms@7.28.6 want: ^7.28.6
974 silly placeDep ROOT @babel/helper-globals@7.28.0 OK for: @babel/traverse@7.29.0 want: ^7.28.0
975 silly placeDep ROOT @babel/helper-string-parser@7.27.1 OK for: @babel/types@7.29.0 want: ^7.27.1
976 silly placeDep ROOT @jridgewell/sourcemap-codec@1.5.5 OK for: @jridgewell/gen-mapping@0.3.13 want: ^1.5.0
977 silly placeDep ROOT @jridgewell/resolve-uri@3.1.2 OK for: @jridgewell/trace-mapping@0.3.31 want: ^3.1.0
978 silly placeDep ROOT color@4.2.3 OK for: @react-navigation/bottom-tabs@7.15.9 want: ^4.2.3
979 silly placeDep ROOT sf-symbols-typescript@2.2.0 OK for: @react-navigation/bottom-tabs@7.15.9 want: ^2.1.0
980 silly fetch manifest color-string@^1.9.0
981 silly packumentCache full:https://registry.npmjs.org/color-string cache-miss
982 silly fetch manifest color-convert@^2.0.1
983 silly packumentCache full:https://registry.npmjs.org/color-convert cache-miss
984 http cache https://registry.npmjs.org/color-string 2ms (cache hit)
985 silly packumentCache full:https://registry.npmjs.org/color-string set size:84418 disposed:false
986 http cache https://registry.npmjs.org/color-convert 2ms (cache hit)
987 silly packumentCache full:https://registry.npmjs.org/color-convert set size:72663 disposed:false
988 silly fetch manifest react@>= 18.2.0
989 silly packumentCache full:https://registry.npmjs.org/react cache-miss
990 http cache https://registry.npmjs.org/react 7ms (cache hit)
991 silly packumentCache full:https://registry.npmjs.org/react set size:6613874 disposed:false
992 silly placeDep ROOT use-latest-callback@0.2.6 OK for: @react-navigation/elements@2.9.14 want: ^0.2.4
993 silly placeDep ROOT use-sync-external-store@1.6.0 OK for: @react-navigation/elements@2.9.14 want: ^1.5.0
994 silly placeDep ROOT @react-navigation/core@7.17.2 OK for: @react-navigation/native@7.2.2 want: ^7.17.2
995 silly placeDep ROOT escape-string-regexp@4.0.0 OK for: @react-navigation/native@7.2.2 want: ^4.0.0
996 silly placeDep ROOT fast-deep-equal@3.1.3 OK for: @react-navigation/native@7.2.2 want: ^3.1.3
997 silly placeDep ROOT nanoid@3.3.11 OK for: @react-navigation/native@7.2.2 want: ^3.3.11
998 silly fetch manifest react-is@^19.1.0
999 silly packumentCache full:https://registry.npmjs.org/react-is cache-miss
1000 silly fetch manifest @react-navigation/routers@^7.5.3
1001 silly packumentCache full:https://registry.npmjs.org/@react-navigation%2frouters cache-miss
1002 http cache https://registry.npmjs.org/@react-navigation%2frouters 23ms (cache hit)
1003 silly packumentCache full:https://registry.npmjs.org/@react-navigation%2frouters set size:353163 disposed:false
1004 http cache https://registry.npmjs.org/react-is 31ms (cache hit)
1005 silly packumentCache full:https://registry.npmjs.org/react-is set size:5352319 disposed:false
1006 silly placeDep ROOT @react-navigation/routers@7.5.3 OK for: @react-navigation/core@7.17.2 want: ^7.5.3
1007 silly placeDep ROOT query-string@7.1.3 OK for: @react-navigation/core@7.17.2 want: ^7.1.3
1008 silly placeDep ROOT react-is@19.2.5 OK for: @react-navigation/core@7.17.2 want: ^19.1.0
1009 silly fetch manifest filter-obj@^1.1.0
1010 silly packumentCache full:https://registry.npmjs.org/filter-obj cache-miss
1011 silly fetch manifest split-on-first@^1.0.0
1012 silly packumentCache full:https://registry.npmjs.org/split-on-first cache-miss
1013 silly fetch manifest strict-uri-encode@^2.0.0
1014 silly packumentCache full:https://registry.npmjs.org/strict-uri-encode cache-miss
1015 silly fetch manifest decode-uri-component@^0.2.2
1016 silly packumentCache full:https://registry.npmjs.org/decode-uri-component cache-miss
1017 http cache https://registry.npmjs.org/split-on-first 2ms (cache hit)
1018 silly packumentCache full:https://registry.npmjs.org/split-on-first set size:16494 disposed:false
1019 http cache https://registry.npmjs.org/filter-obj 2ms (cache hit)
1020 silly packumentCache full:https://registry.npmjs.org/filter-obj set size:26902 disposed:false
1021 http cache https://registry.npmjs.org/decode-uri-component 3ms (cache hit)
1022 silly packumentCache full:https://registry.npmjs.org/decode-uri-component set size:20325 disposed:false
1023 http cache https://registry.npmjs.org/strict-uri-encode 3ms (cache hit)
1024 silly packumentCache full:https://registry.npmjs.org/strict-uri-encode set size:8716 disposed:false
1025 silly placeDep ROOT csstype@3.2.3 OK for: @types/react@19.1.17 want: ^3.0.2
1026 silly fetch manifest browserslist@>= 4.21.0
1027 silly packumentCache full:https://registry.npmjs.org/browserslist cache-hit
1028 silly placeDep ROOT baseline-browser-mapping@2.10.20 OK for: browserslist@4.28.2 want: ^2.10.12
1029 silly placeDep ROOT caniuse-lite@1.0.30001788 OK for: browserslist@4.28.2 want: ^1.0.30001782
1030 silly placeDep ROOT electron-to-chromium@1.5.340 OK for: browserslist@4.28.2 want: ^1.5.328
1031 silly placeDep ROOT node-releases@2.0.37 OK for: browserslist@4.28.2 want: ^2.0.36
1032 silly placeDep ROOT update-browserslist-db@1.2.3 OK for: browserslist@4.28.2 want: ^1.2.3
1033 silly fetch manifest escalade@^3.2.0
1034 silly packumentCache full:https://registry.npmjs.org/escalade cache-miss
1035 http cache https://registry.npmjs.org/escalade 1ms (cache hit)
1036 silly packumentCache full:https://registry.npmjs.org/escalade set size:33724 disposed:false
1037 silly placeDep ROOT color-convert@2.0.1 OK for: color@4.2.3 want: ^2.0.1
1038 silly placeDep ROOT color-string@1.9.1 OK for: color@4.2.3 want: ^1.9.0
1039 silly fetch manifest color-name@~1.1.4
1040 silly packumentCache full:https://registry.npmjs.org/color-name cache-miss
1041 silly fetch manifest color-name@^1.0.0
1042 silly packumentCache full:https://registry.npmjs.org/color-name cache-miss
1043 silly fetch manifest simple-swizzle@^0.2.2
1044 silly packumentCache full:https://registry.npmjs.org/simple-swizzle cache-miss
1045 http cache https://registry.npmjs.org/color-name 2ms (cache hit)
1046 silly packumentCache full:https://registry.npmjs.org/color-name set size:19467 disposed:false
1047 http cache https://registry.npmjs.org/simple-swizzle 1ms (cache hit)
1048 silly packumentCache full:https://registry.npmjs.org/simple-swizzle set size:10651 disposed:false
1049 http cache https://registry.npmjs.org/color-name 2ms (cache hit)
1050 silly packumentCache full:https://registry.npmjs.org/color-name set size:19467 disposed:false
1051 silly packumentCache full:https://registry.npmjs.org/color-name dispose
1052 silly placeDep ROOT color-name@1.1.4 OK for: color-convert@2.0.1 want: ~1.1.4
1053 silly placeDep ROOT simple-swizzle@0.2.4 OK for: color-string@1.9.1 want: ^0.2.2
1054 silly fetch manifest is-arrayish@^0.3.1
1055 silly packumentCache full:https://registry.npmjs.org/is-arrayish cache-miss
1056 http cache https://registry.npmjs.org/is-arrayish 1ms (cache hit)
1057 silly packumentCache full:https://registry.npmjs.org/is-arrayish set size:15371 disposed:false
1058 silly placeDep ROOT ms@2.1.3 OK for: debug@4.4.3 want: ^2.1.3
1059 silly fetch manifest eslint@^6.0.0 || ^7.0.0 || >=8.0.0
1060 silly packumentCache full:https://registry.npmjs.org/eslint cache-miss
1061 http cache https://registry.npmjs.org/eslint 3ms (cache hit)
1062 silly packumentCache full:https://registry.npmjs.org/eslint set size:1983515 disposed:false
1063 silly placeDep ROOT @eslint-community/eslint-utils@4.9.1 OK for: eslint@9.39.4 want: ^4.8.0
1064 silly placeDep ROOT @eslint-community/regexpp@4.12.2 OK for: eslint@9.39.4 want: ^4.12.1
1065 silly placeDep ROOT @eslint/config-array@0.21.2 OK for: eslint@9.39.4 want: ^0.21.2
1066 silly placeDep ROOT @eslint/config-helpers@0.4.2 OK for: eslint@9.39.4 want: ^0.4.2
1067 silly placeDep ROOT @eslint/core@0.17.0 OK for: eslint@9.39.4 want: ^0.17.0
1068 silly placeDep ROOT @eslint/eslintrc@3.3.5 OK for: eslint@9.39.4 want: ^3.3.5
1069 silly placeDep ROOT @eslint/js@9.39.4 OK for: eslint@9.39.4 want: 9.39.4
1070 silly placeDep ROOT @eslint/plugin-kit@0.4.1 OK for: eslint@9.39.4 want: ^0.4.1
1071 silly placeDep ROOT @humanfs/node@0.16.8 OK for: eslint@9.39.4 want: ^0.16.6
1072 silly placeDep ROOT @humanwhocodes/module-importer@1.0.1 OK for: eslint@9.39.4 want: ^1.0.1
1073 silly placeDep ROOT @humanwhocodes/retry@0.4.3 OK for: eslint@9.39.4 want: ^0.4.2
1074 silly placeDep ROOT @types/estree@1.0.8 OK for: eslint@9.39.4 want: ^1.0.6
1075 silly placeDep ROOT ajv@6.14.0 OK for: eslint@9.39.4 want: ^6.14.0
1076 silly placeDep ROOT chalk@4.1.2 OK for: eslint@9.39.4 want: ^4.0.0
1077 silly placeDep ROOT cross-spawn@7.0.6 OK for: eslint@9.39.4 want: ^7.0.6
1078 silly placeDep ROOT eslint-scope@8.4.0 OK for: eslint@9.39.4 want: ^8.4.0
1079 silly placeDep ROOT eslint-visitor-keys@4.2.1 OK for: eslint@9.39.4 want: ^4.2.1
1080 silly placeDep ROOT espree@10.4.0 OK for: eslint@9.39.4 want: ^10.4.0
1081 silly placeDep ROOT esquery@1.7.0 OK for: eslint@9.39.4 want: ^1.5.0
1082 silly placeDep ROOT esutils@2.0.3 OK for: eslint@9.39.4 want: ^2.0.2
1083 silly placeDep ROOT file-entry-cache@8.0.0 OK for: eslint@9.39.4 want: ^8.0.0
1084 silly placeDep ROOT find-up@5.0.0 OK for: eslint@9.39.4 want: ^5.0.0
1085 silly placeDep ROOT glob-parent@6.0.2 OK for: eslint@9.39.4 want: ^6.0.2
1086 silly placeDep ROOT ignore@5.3.2 OK for: eslint@9.39.4 want: ^5.2.0
1087 silly placeDep ROOT imurmurhash@0.1.4 OK for: eslint@9.39.4 want: ^0.1.4
1088 silly placeDep ROOT is-glob@4.0.3 OK for: eslint@9.39.4 want: ^4.0.0
1089 silly placeDep ROOT json-stable-stringify-without-jsonify@1.0.1 OK for: eslint@9.39.4 want: ^1.0.1
1090 silly placeDep ROOT lodash.merge@4.6.2 OK for: eslint@9.39.4 want: ^4.6.2
1091 silly placeDep ROOT minimatch@3.1.5 OK for: eslint@9.39.4 want: ^3.1.5
1092 silly placeDep ROOT natural-compare@1.4.0 OK for: eslint@9.39.4 want: ^1.4.0
1093 silly placeDep ROOT optionator@0.9.4 OK for: eslint@9.39.4 want: ^0.9.3
1094 silly fetch manifest eslint-visitor-keys@^3.4.3
1095 silly packumentCache full:https://registry.npmjs.org/eslint-visitor-keys cache-hit
1096 silly fetch manifest @eslint/object-schema@^2.1.7
1097 silly packumentCache full:https://registry.npmjs.org/@eslint%2fobject-schema cache-miss
1098 silly fetch manifest @types/json-schema@^7.0.15
1099 silly packumentCache full:https://registry.npmjs.org/@types%2fjson-schema cache-miss
1100 silly fetch manifest espree@^10.0.1
1101 silly packumentCache full:https://registry.npmjs.org/espree cache-hit
1102 silly fetch manifest globals@^14.0.0
1103 silly packumentCache full:https://registry.npmjs.org/globals cache-hit
1104 silly fetch manifest import-fresh@^3.2.1
1105 silly packumentCache full:https://registry.npmjs.org/import-fresh cache-miss
1106 silly fetch manifest js-yaml@^4.1.1
1107 silly packumentCache full:https://registry.npmjs.org/js-yaml cache-miss
1108 silly fetch manifest strip-json-comments@^3.1.1
1109 silly packumentCache full:https://registry.npmjs.org/strip-json-comments cache-miss
1110 silly fetch manifest levn@^0.4.1
1111 silly packumentCache full:https://registry.npmjs.org/levn cache-miss
1112 silly fetch manifest @humanwhocodes/retry@^0.4.0
1113 silly packumentCache full:https://registry.npmjs.org/@humanwhocodes%2fretry cache-hit
1114 silly fetch manifest @humanfs/core@^0.19.2
1115 silly packumentCache full:https://registry.npmjs.org/@humanfs%2fcore cache-miss
1116 http cache https://registry.npmjs.org/js-yaml 3ms (cache hit)
1117 silly packumentCache full:https://registry.npmjs.org/js-yaml set size:152232 disposed:false
1118 silly fetch manifest @humanfs/types@^0.15.0
1119 silly packumentCache full:https://registry.npmjs.org/@humanfs%2ftypes cache-miss
1120 http cache https://registry.npmjs.org/levn 4ms (cache hit)
1121 silly packumentCache full:https://registry.npmjs.org/levn set size:28223 disposed:false
1122 silly fetch manifest fast-json-stable-stringify@^2.0.0
1123 silly packumentCache full:https://registry.npmjs.org/fast-json-stable-stringify cache-miss
1124 http cache https://registry.npmjs.org/@types%2fjson-schema 6ms (cache hit)
1125 silly packumentCache full:https://registry.npmjs.org/@types%2fjson-schema set size:44704 disposed:false
1126 silly fetch manifest json-schema-traverse@^0.4.1
1127 silly packumentCache full:https://registry.npmjs.org/json-schema-traverse cache-miss
1128 http cache https://registry.npmjs.org/strip-json-comments 5ms (cache hit)
1129 silly packumentCache full:https://registry.npmjs.org/strip-json-comments set size:43569 disposed:false
1130 silly fetch manifest uri-js@^4.2.2
1131 silly packumentCache full:https://registry.npmjs.org/uri-js cache-miss
1132 http cache https://registry.npmjs.org/@eslint%2fobject-schema 7ms (cache hit)
1133 silly packumentCache full:https://registry.npmjs.org/@eslint%2fobject-schema set size:38535 disposed:false
1134 silly fetch manifest ansi-styles@^4.1.0
1135 silly packumentCache full:https://registry.npmjs.org/ansi-styles cache-miss
1136 http cache https://registry.npmjs.org/@humanfs%2fcore 5ms (cache hit)
1137 silly packumentCache full:https://registry.npmjs.org/@humanfs%2fcore set size:37261 disposed:false
1138 silly fetch manifest supports-color@^7.1.0
1139 silly packumentCache full:https://registry.npmjs.org/supports-color cache-miss
1140 http cache https://registry.npmjs.org/import-fresh 6ms (cache hit)
1141 silly packumentCache full:https://registry.npmjs.org/import-fresh set size:24604 disposed:false
1142 silly fetch manifest which@^2.0.1
1143 silly packumentCache full:https://registry.npmjs.org/which cache-miss
1144 http cache https://registry.npmjs.org/fast-json-stable-stringify 6ms (cache hit)
1145 silly packumentCache full:https://registry.npmjs.org/fast-json-stable-stringify set size:11337 disposed:false
1146 silly fetch manifest path-key@^3.1.0
1147 silly packumentCache full:https://registry.npmjs.org/path-key cache-miss
1148 http cache https://registry.npmjs.org/@humanfs%2ftypes 6ms (cache hit)
1149 silly packumentCache full:https://registry.npmjs.org/@humanfs%2ftypes set size:19212 disposed:false
1150 silly fetch manifest shebang-command@^2.0.0
1151 silly packumentCache full:https://registry.npmjs.org/shebang-command cache-miss
1152 http cache https://registry.npmjs.org/uri-js 4ms (cache hit)
1153 silly packumentCache full:https://registry.npmjs.org/uri-js set size:42559 disposed:false
1154 silly fetch manifest esrecurse@^4.3.0
1155 silly packumentCache full:https://registry.npmjs.org/esrecurse cache-miss
1156 http cache https://registry.npmjs.org/ansi-styles 5ms (cache hit)
1157 silly packumentCache full:https://registry.npmjs.org/ansi-styles set size:63233 disposed:false
1158 silly fetch manifest estraverse@^5.2.0
1159 silly packumentCache full:https://registry.npmjs.org/estraverse cache-miss
1160 http cache https://registry.npmjs.org/which 4ms (cache hit)
1161 silly packumentCache full:https://registry.npmjs.org/which set size:67747 disposed:false
1162 silly fetch manifest acorn@^8.15.0
1163 silly packumentCache full:https://registry.npmjs.org/acorn cache-miss
1164 http cache https://registry.npmjs.org/json-schema-traverse 7ms (cache hit)
1165 silly packumentCache full:https://registry.npmjs.org/json-schema-traverse set size:23537 disposed:false
1166 silly fetch manifest acorn-jsx@^5.3.2
1167 silly packumentCache full:https://registry.npmjs.org/acorn-jsx cache-miss
1168 http cache https://registry.npmjs.org/supports-color 6ms (cache hit)
1169 silly packumentCache full:https://registry.npmjs.org/supports-color set size:118680 disposed:false
1170 silly fetch manifest estraverse@^5.1.0
1171 silly packumentCache full:https://registry.npmjs.org/estraverse cache-miss
1172 http cache https://registry.npmjs.org/shebang-command 5ms (cache hit)
1173 silly packumentCache full:https://registry.npmjs.org/shebang-command set size:8525 disposed:false
1174 silly fetch manifest flat-cache@^4.0.0
1175 silly packumentCache full:https://registry.npmjs.org/flat-cache cache-miss
1176 http cache https://registry.npmjs.org/path-key 5ms (cache hit)
1177 silly packumentCache full:https://registry.npmjs.org/path-key set size:16975 disposed:false
1178 silly fetch manifest locate-path@^6.0.0
1179 silly packumentCache full:https://registry.npmjs.org/locate-path cache-miss
1180 http cache https://registry.npmjs.org/esrecurse 5ms (cache hit)
1181 silly packumentCache full:https://registry.npmjs.org/esrecurse set size:29005 disposed:false
1182 silly fetch manifest path-exists@^4.0.0
1183 silly packumentCache full:https://registry.npmjs.org/path-exists cache-miss
1184 http cache https://registry.npmjs.org/acorn 4ms (cache hit)
1185 silly packumentCache full:https://registry.npmjs.org/acorn set size:379626 disposed:false
1186 silly fetch manifest is-glob@^4.0.3
1187 silly packumentCache full:https://registry.npmjs.org/is-glob cache-hit
1188 silly fetch manifest is-extglob@^2.1.1
1189 silly packumentCache full:https://registry.npmjs.org/is-extglob cache-miss
1190 http cache https://registry.npmjs.org/acorn-jsx 6ms (cache hit)
1191 silly packumentCache full:https://registry.npmjs.org/acorn-jsx set size:71068 disposed:false
1192 silly fetch manifest brace-expansion@^1.1.7
1193 silly packumentCache full:https://registry.npmjs.org/brace-expansion cache-miss
1194 http cache https://registry.npmjs.org/estraverse 8ms (cache hit)
1195 silly packumentCache full:https://registry.npmjs.org/estraverse set size:62412 disposed:false
1196 silly fetch manifest prelude-ls@^1.2.1
1197 silly packumentCache full:https://registry.npmjs.org/prelude-ls cache-miss
1198 http cache https://registry.npmjs.org/estraverse 6ms (cache hit)
1199 silly packumentCache full:https://registry.npmjs.org/estraverse set size:62412 disposed:false
1200 silly packumentCache full:https://registry.npmjs.org/estraverse dispose
1201 silly fetch manifest deep-is@^0.1.3
1202 silly packumentCache full:https://registry.npmjs.org/deep-is cache-miss
1203 http cache https://registry.npmjs.org/locate-path 5ms (cache hit)
1204 silly packumentCache full:https://registry.npmjs.org/locate-path set size:31329 disposed:false
1205 silly fetch manifest word-wrap@^1.2.5
1206 silly packumentCache full:https://registry.npmjs.org/word-wrap cache-miss
1207 http cache https://registry.npmjs.org/is-extglob 4ms (cache hit)
1208 silly packumentCache full:https://registry.npmjs.org/is-extglob set size:11766 disposed:false
1209 silly fetch manifest type-check@^0.4.0
1210 silly packumentCache full:https://registry.npmjs.org/type-check cache-miss
1211 http cache https://registry.npmjs.org/flat-cache 7ms (cache hit)
1212 silly packumentCache full:https://registry.npmjs.org/flat-cache set size:169582 disposed:false
1213 silly fetch manifest fast-levenshtein@^2.0.6
1214 silly packumentCache full:https://registry.npmjs.org/fast-levenshtein cache-miss
1215 http cache https://registry.npmjs.org/brace-expansion 5ms (cache hit)
1216 silly packumentCache full:https://registry.npmjs.org/brace-expansion set size:65768 disposed:false
1217 http cache https://registry.npmjs.org/path-exists 8ms (cache hit)
1218 silly packumentCache full:https://registry.npmjs.org/path-exists set size:13704 disposed:false
1219 http cache https://registry.npmjs.org/prelude-ls 5ms (cache hit)
1220 silly packumentCache full:https://registry.npmjs.org/prelude-ls set size:25777 disposed:false
1221 http cache https://registry.npmjs.org/deep-is 6ms (cache hit)
1222 silly packumentCache full:https://registry.npmjs.org/deep-is set size:10205 disposed:false
1223 http cache https://registry.npmjs.org/type-check 4ms (cache hit)
1224 silly packumentCache full:https://registry.npmjs.org/type-check set size:21221 disposed:false
1225 http cache https://registry.npmjs.org/fast-levenshtein 3ms (cache hit)
1226 silly packumentCache full:https://registry.npmjs.org/fast-levenshtein set size:39317 disposed:false
1227 http cache https://registry.npmjs.org/word-wrap 4ms (cache hit)
1228 silly packumentCache full:https://registry.npmjs.org/word-wrap set size:37835 disposed:false
1229 silly placeDep node_modules/@eslint-community/eslint-utils eslint-visitor-keys@3.4.3 OK for: @eslint-community/eslint-utils@4.9.1 want: ^3.4.3
1230 silly placeDep ROOT @eslint/object-schema@2.1.7 OK for: @eslint/config-array@0.21.2 want: ^2.1.7
1231 silly placeDep ROOT @types/json-schema@7.0.15 OK for: @eslint/core@0.17.0 want: ^7.0.15
1232 silly placeDep ROOT globals@14.0.0 OK for: @eslint/eslintrc@3.3.5 want: ^14.0.0
1233 silly placeDep ROOT import-fresh@3.3.1 OK for: @eslint/eslintrc@3.3.5 want: ^3.2.1
1234 silly placeDep ROOT js-yaml@4.1.1 OK for: @eslint/eslintrc@3.3.5 want: ^4.1.1
1235 silly placeDep ROOT strip-json-comments@3.1.1 OK for: @eslint/eslintrc@3.3.5 want: ^3.1.1
1236 silly fetch manifest resolve-from@^4.0.0
1237 silly packumentCache full:https://registry.npmjs.org/resolve-from cache-miss
1238 silly fetch manifest parent-module@^1.0.0
1239 silly packumentCache full:https://registry.npmjs.org/parent-module cache-miss
1240 silly fetch manifest argparse@^2.0.1
1241 silly packumentCache full:https://registry.npmjs.org/argparse cache-miss
1242 http cache https://registry.npmjs.org/argparse 2ms (cache hit)
1243 silly packumentCache full:https://registry.npmjs.org/argparse set size:49266 disposed:false
1244 http cache https://registry.npmjs.org/resolve-from 3ms (cache hit)
1245 silly packumentCache full:https://registry.npmjs.org/resolve-from set size:12911 disposed:false
1246 http cache https://registry.npmjs.org/parent-module 3ms (cache hit)
1247 silly packumentCache full:https://registry.npmjs.org/parent-module set size:18255 disposed:false
1248 silly placeDep ROOT levn@0.4.1 OK for: @eslint/plugin-kit@0.4.1 want: ^0.4.1
1249 silly fetch manifest type-check@~0.4.0
1250 silly packumentCache full:https://registry.npmjs.org/type-check cache-hit
1251 silly placeDep ROOT @humanfs/core@0.19.2 OK for: @humanfs/node@0.16.8 want: ^0.19.2
1252 silly placeDep ROOT @humanfs/types@0.15.0 OK for: @humanfs/node@0.16.8 want: ^0.15.0
1253 silly placeDep ROOT fast-json-stable-stringify@2.1.0 OK for: ajv@6.14.0 want: ^2.0.0
1254 silly placeDep ROOT json-schema-traverse@0.4.1 OK for: ajv@6.14.0 want: ^0.4.1
1255 silly placeDep ROOT uri-js@4.4.1 OK for: ajv@6.14.0 want: ^4.2.2
1256 silly fetch manifest punycode@^2.1.0
1257 silly packumentCache full:https://registry.npmjs.org/punycode cache-miss
1258 http cache https://registry.npmjs.org/punycode 1ms (cache hit)
1259 silly packumentCache full:https://registry.npmjs.org/punycode set size:61302 disposed:false
1260 silly placeDep ROOT ansi-styles@4.3.0 OK for: chalk@4.1.2 want: ^4.1.0
1261 silly placeDep ROOT supports-color@7.2.0 OK for: chalk@4.1.2 want: ^7.1.0
1262 silly fetch manifest has-flag@^4.0.0
1263 silly packumentCache full:https://registry.npmjs.org/has-flag cache-miss
1264 http cache https://registry.npmjs.org/has-flag 1ms (cache hit)
1265 silly packumentCache full:https://registry.npmjs.org/has-flag set size:15180 disposed:false
1266 silly placeDep ROOT path-key@3.1.1 OK for: cross-spawn@7.0.6 want: ^3.1.0
1267 silly placeDep ROOT shebang-command@2.0.0 OK for: cross-spawn@7.0.6 want: ^2.0.0
1268 silly placeDep ROOT which@2.0.2 OK for: cross-spawn@7.0.6 want: ^2.0.1
1269 silly fetch manifest shebang-regex@^3.0.0
1270 silly packumentCache full:https://registry.npmjs.org/shebang-regex cache-miss
1271 silly fetch manifest isexe@^2.0.0
1272 silly packumentCache full:https://registry.npmjs.org/isexe cache-miss
1273 http cache https://registry.npmjs.org/shebang-regex 1ms (cache hit)
1274 silly packumentCache full:https://registry.npmjs.org/shebang-regex set size:9763 disposed:false
1275 http cache https://registry.npmjs.org/isexe 1ms (cache hit)
1276 silly packumentCache full:https://registry.npmjs.org/isexe set size:31756 disposed:false
1277 silly fetch manifest eslint@>=8.10
1278 silly packumentCache full:https://registry.npmjs.org/eslint cache-miss
1279 http cache https://registry.npmjs.org/eslint 2ms (cache hit)
1280 silly packumentCache full:https://registry.npmjs.org/eslint set size:1983515 disposed:false
1281 silly fetch manifest eslint@^3 || ^4 || ^5 || ^6 || ^7 || ^8 || ^9.7
1282 silly packumentCache full:https://registry.npmjs.org/eslint cache-miss
1283 http cache https://registry.npmjs.org/eslint 2ms (cache hit)
1284 silly packumentCache full:https://registry.npmjs.org/eslint set size:1983515 disposed:false
1285 silly fetch manifest eslint@^2 || ^3 || ^4 || ^5 || ^6 || ^7.2.0 || ^8 || ^9
1286 silly packumentCache full:https://registry.npmjs.org/eslint cache-miss
1287 http cache https://registry.npmjs.org/eslint 5ms (cache hit)
1288 silly packumentCache full:https://registry.npmjs.org/eslint set size:1983515 disposed:false
1289 silly fetch manifest typescript@>=4.8.4 <6.1.0
1290 silly packumentCache full:https://registry.npmjs.org/typescript cache-miss
1291 http cache https://registry.npmjs.org/typescript 16ms (cache hit)
1292 silly packumentCache full:https://registry.npmjs.org/typescript set size:15409943 disposed:false
1293 silly fetch manifest eslint@^3.0.0 || ^4.0.0 || ^5.0.0 || ^6.0.0 || ^7.0.0 || ^8.0.0-0 || ^9.0.0
1294 silly packumentCache full:https://registry.npmjs.org/eslint cache-miss
1295 http cache https://registry.npmjs.org/eslint 15ms (cache hit)
1296 silly packumentCache full:https://registry.npmjs.org/eslint set size:1983515 disposed:false
1297 silly fetch manifest eslint-plugin-import-x@*
1298 silly packumentCache full:https://registry.npmjs.org/eslint-plugin-import-x cache-miss
1299 http cache https://registry.npmjs.org/eslint-plugin-import-x 12ms (cache hit)
1300 silly packumentCache full:https://registry.npmjs.org/eslint-plugin-import-x set size:270770 disposed:false
1301 silly fetch manifest @typescript-eslint/utils@^8.56.0
1302 silly packumentCache full:https://registry.npmjs.org/@typescript-eslint%2futils cache-miss
1303 http cache https://registry.npmjs.org/@typescript-eslint%2futils 29ms (cache hit)
1304 silly packumentCache full:https://registry.npmjs.org/@typescript-eslint%2futils set size:9971849 disposed:false
1305 silly fetch manifest eslint-import-resolver-node@*
1306 silly packumentCache full:https://registry.npmjs.org/eslint-import-resolver-node cache-miss
1307 http cache https://registry.npmjs.org/eslint-import-resolver-node 13ms (cache hit)
1308 silly packumentCache full:https://registry.npmjs.org/eslint-import-resolver-node set size:37178 disposed:false
1309 silly placeDep ROOT @typescript-eslint/eslint-plugin@8.58.2 OK for: eslint-config-expo@10.0.0 want: ^8.18.2
1310 silly placeDep ROOT @typescript-eslint/parser@8.58.2 OK for: @typescript-eslint/eslint-plugin@8.58.2 want: ^8.58.2
1311 silly placeDep ROOT eslint-import-resolver-typescript@3.10.1 OK for: eslint-config-expo@10.0.0 want: ^3.6.3
1312 silly placeDep ROOT eslint-plugin-expo@1.0.0 OK for: eslint-config-expo@10.0.0 want: ^1.0.0
1313 silly placeDep ROOT eslint-plugin-import@2.32.0 OK for: eslint-config-expo@10.0.0 want: ^2.30.0
1314 silly placeDep ROOT eslint-plugin-react@7.37.5 OK for: eslint-config-expo@10.0.0 want: ^7.37.3
1315 silly placeDep ROOT eslint-plugin-react-hooks@5.2.0 OK for: eslint-config-expo@10.0.0 want: ^5.1.0
1316 silly placeDep node_modules/eslint-config-expo globals@16.5.0 OK for: eslint-config-expo@10.0.0 want: ^16.0.0
1317 silly fetch manifest ignore@^7.0.5
1318 silly packumentCache full:https://registry.npmjs.org/ignore cache-hit
1319 silly fetch manifest ts-api-utils@^2.5.0
1320 silly packumentCache full:https://registry.npmjs.org/ts-api-utils cache-miss
1321 silly fetch manifest @typescript-eslint/utils@8.58.2
1322 silly packumentCache full:https://registry.npmjs.org/@typescript-eslint%2futils cache-miss
1323 silly fetch manifest @typescript-eslint/type-utils@8.58.2
1324 silly packumentCache full:https://registry.npmjs.org/@typescript-eslint%2ftype-utils cache-miss
1325 silly fetch manifest @typescript-eslint/visitor-keys@8.58.2
1326 silly packumentCache full:https://registry.npmjs.org/@typescript-eslint%2fvisitor-keys cache-miss
1327 silly fetch manifest @typescript-eslint/scope-manager@8.58.2
1328 silly packumentCache full:https://registry.npmjs.org/@typescript-eslint%2fscope-manager cache-miss
1329 silly fetch manifest @typescript-eslint/types@8.58.2
1330 silly packumentCache full:https://registry.npmjs.org/@typescript-eslint%2ftypes cache-miss
1331 silly fetch manifest @typescript-eslint/visitor-keys@8.58.2
1332 silly packumentCache full:https://registry.npmjs.org/@typescript-eslint%2fvisitor-keys cache-miss
1333 http cache https://registry.npmjs.org/ts-api-utils 14ms (cache hit)
1334 silly packumentCache full:https://registry.npmjs.org/ts-api-utils set size:226785 disposed:false
1335 silly fetch manifest @typescript-eslint/scope-manager@8.58.2
1336 silly packumentCache full:https://registry.npmjs.org/@typescript-eslint%2fscope-manager cache-miss
1337 http cache https://registry.npmjs.org/@typescript-eslint%2futils 30ms (cache hit)
1338 silly packumentCache full:https://registry.npmjs.org/@typescript-eslint%2futils set size:9971849 disposed:false
1339 silly fetch manifest @typescript-eslint/typescript-estree@8.58.2
1340 silly packumentCache full:https://registry.npmjs.org/@typescript-eslint%2ftypescript-estree cache-miss
1341 http cache https://registry.npmjs.org/@typescript-eslint%2ftype-utils 98ms (cache hit)
1342 silly packumentCache full:https://registry.npmjs.org/@typescript-eslint%2ftype-utils set size:9155513 disposed:false
1343 silly fetch manifest tinyglobby@^0.2.13
1344 silly packumentCache full:https://registry.npmjs.org/tinyglobby cache-miss
1345 http cache https://registry.npmjs.org/@typescript-eslint%2fvisitor-keys 147ms (cache hit)
1346 silly packumentCache full:https://registry.npmjs.org/@typescript-eslint%2fvisitor-keys set size:11694500 disposed:false
1347 silly fetch manifest stable-hash@^0.0.5
1348 silly packumentCache full:https://registry.npmjs.org/stable-hash cache-miss
1349 http cache https://registry.npmjs.org/@typescript-eslint%2fvisitor-keys 198ms (cache hit)
1350 silly packumentCache full:https://registry.npmjs.org/@typescript-eslint%2fvisitor-keys set size:11694500 disposed:false
1351 silly fetch manifest get-tsconfig@^4.10.0
1352 silly packumentCache full:https://registry.npmjs.org/get-tsconfig cache-miss
1353 http cache https://registry.npmjs.org/@typescript-eslint%2fscope-manager 251ms (cache hit)
1354 silly packumentCache full:https://registry.npmjs.org/@typescript-eslint%2fscope-manager set size:12278687 disposed:false
1355 silly fetch manifest is-bun-module@^2.0.0
1356 silly packumentCache full:https://registry.npmjs.org/is-bun-module cache-miss
1357 http cache https://registry.npmjs.org/@typescript-eslint%2ftypes 331ms (cache hit)
1358 silly packumentCache full:https://registry.npmjs.org/@typescript-eslint%2ftypes set size:12087896 disposed:false
1359 silly fetch manifest unrs-resolver@^1.6.2
1360 silly packumentCache full:https://registry.npmjs.org/unrs-resolver cache-miss
1361 http cache https://registry.npmjs.org/@typescript-eslint%2fscope-manager 366ms (cache hit)
1362 silly packumentCache full:https://registry.npmjs.org/@typescript-eslint%2fscope-manager set size:12278687 disposed:false
1363 silly fetch manifest @nolyfill/is-core-module@1.0.39
1364 silly packumentCache full:https://registry.npmjs.org/@nolyfill%2fis-core-module cache-miss
1365 http cache https://registry.npmjs.org/tinyglobby 301ms (cache hit)
1366 silly packumentCache full:https://registry.npmjs.org/tinyglobby set size:52660 disposed:false
1367 silly fetch manifest @typescript-eslint/types@^8.29.1
1368 silly packumentCache full:https://registry.npmjs.org/@typescript-eslint%2ftypes cache-miss
1369 http cache https://registry.npmjs.org/get-tsconfig 201ms (cache hit)
1370 silly packumentCache full:https://registry.npmjs.org/get-tsconfig set size:125877 disposed:false
1371 silly fetch manifest @typescript-eslint/utils@^8.29.1
1372 silly packumentCache full:https://registry.npmjs.org/@typescript-eslint%2futils cache-miss
1373 http cache https://registry.npmjs.org/stable-hash 253ms (cache hit)
1374 silly packumentCache full:https://registry.npmjs.org/stable-hash set size:18359 disposed:false
1375 silly fetch manifest @rtsao/scc@^1.1.0
1376 silly packumentCache full:https://registry.npmjs.org/@rtsao%2fscc cache-miss
1377 http cache https://registry.npmjs.org/is-bun-module 123ms (cache hit)
1378 silly packumentCache full:https://registry.npmjs.org/is-bun-module set size:19768 disposed:false
1379 silly fetch manifest array-includes@^3.1.9
1380 silly packumentCache full:https://registry.npmjs.org/array-includes cache-miss
1381 http cache https://registry.npmjs.org/@typescript-eslint%2ftypescript-estree 368ms (cache hit)
1382 silly packumentCache full:https://registry.npmjs.org/@typescript-eslint%2ftypescript-estree set size:16218885 disposed:false
1383 silly fetch manifest array.prototype.findlastindex@^1.2.6
1384 silly packumentCache full:https://registry.npmjs.org/array.prototype.findlastindex cache-miss
1385 http cache https://registry.npmjs.org/unrs-resolver 136ms (cache hit)
1386 silly packumentCache full:https://registry.npmjs.org/unrs-resolver set size:142730 disposed:false
1387 silly fetch manifest array.prototype.flat@^1.3.3
1388 silly packumentCache full:https://registry.npmjs.org/array.prototype.flat cache-miss
1389 http cache https://registry.npmjs.org/array-includes 64ms (cache hit)
1390 silly packumentCache full:https://registry.npmjs.org/array-includes set size:77143 disposed:false
1391 silly fetch manifest array.prototype.flatmap@^1.3.3
1392 silly packumentCache full:https://registry.npmjs.org/array.prototype.flatmap cache-miss
1393 http cache https://registry.npmjs.org/array.prototype.findlastindex 8ms (cache hit)
1394 silly packumentCache full:https://registry.npmjs.org/array.prototype.findlastindex set size:44828 disposed:false
1395 silly fetch manifest debug@^3.2.7
1396 silly packumentCache full:https://registry.npmjs.org/debug cache-hit
1397 silly fetch manifest doctrine@^2.1.0
1398 silly packumentCache full:https://registry.npmjs.org/doctrine cache-miss
1399 http cache https://registry.npmjs.org/@nolyfill%2fis-core-module 72ms (cache hit)
1400 silly packumentCache full:https://registry.npmjs.org/@nolyfill%2fis-core-module set size:10461 disposed:false
1401 silly fetch manifest eslint-import-resolver-node@^0.3.9
1402 silly packumentCache full:https://registry.npmjs.org/eslint-import-resolver-node cache-hit
1403 silly fetch manifest eslint-module-utils@^2.12.1
1404 silly packumentCache full:https://registry.npmjs.org/eslint-module-utils cache-miss
1405 http cache https://registry.npmjs.org/@typescript-eslint%2ftypes 83ms (cache hit)
1406 silly packumentCache full:https://registry.npmjs.org/@typescript-eslint%2ftypes set size:12087896 disposed:false
1407 silly fetch manifest hasown@^2.0.2
1408 silly packumentCache full:https://registry.npmjs.org/hasown cache-miss
1409 http cache https://registry.npmjs.org/@typescript-eslint%2futils 166ms (cache hit)
1410 silly packumentCache full:https://registry.npmjs.org/@typescript-eslint%2futils set size:9971849 disposed:false
1411 silly fetch manifest is-core-module@^2.16.1
1412 silly packumentCache full:https://registry.npmjs.org/is-core-module cache-miss
1413 http cache https://registry.npmjs.org/array.prototype.flat 162ms (cache hit)
1414 silly packumentCache full:https://registry.npmjs.org/array.prototype.flat set size:38327 disposed:false
1415 silly fetch manifest object.fromentries@^2.0.8
1416 silly packumentCache full:https://registry.npmjs.org/object.fromentries cache-miss
1417 http cache https://registry.npmjs.org/@rtsao%2fscc 223ms (cache hit)
1418 silly packumentCache full:https://registry.npmjs.org/@rtsao%2fscc set size:6332 disposed:false
1419 silly fetch manifest object.groupby@^1.0.3
1420 silly packumentCache full:https://registry.npmjs.org/object.groupby cache-miss
1421 http cache https://registry.npmjs.org/array.prototype.flatmap 175ms (cache hit)
1422 silly packumentCache full:https://registry.npmjs.org/array.prototype.flatmap set size:51458 disposed:false
1423 silly fetch manifest object.values@^1.2.1
1424 silly packumentCache full:https://registry.npmjs.org/object.values cache-miss
1425 http cache https://registry.npmjs.org/doctrine 174ms (cache hit)
1426 silly packumentCache full:https://registry.npmjs.org/doctrine set size:64052 disposed:false
1427 silly fetch manifest string.prototype.trimend@^1.0.9
1428 silly packumentCache full:https://registry.npmjs.org/string.prototype.trimend cache-miss
1429 http cache https://registry.npmjs.org/eslint-module-utils 173ms (cache hit)
1430 silly packumentCache full:https://registry.npmjs.org/eslint-module-utils set size:77496 disposed:false
1431 silly fetch manifest tsconfig-paths@^3.15.0
1432 silly packumentCache full:https://registry.npmjs.org/tsconfig-paths cache-miss
1433 http cache https://registry.npmjs.org/object.fromentries 20ms (cache hit)
1434 silly packumentCache full:https://registry.npmjs.org/object.fromentries set size:37686 disposed:false
1435 silly fetch manifest array-includes@^3.1.8
1436 silly packumentCache full:https://registry.npmjs.org/array-includes cache-hit
1437 silly fetch manifest array.prototype.findlast@^1.2.5
1438 silly packumentCache full:https://registry.npmjs.org/array.prototype.findlast cache-miss
1439 http cache https://registry.npmjs.org/hasown 93ms (cache hit)
1440 silly packumentCache full:https://registry.npmjs.org/hasown set size:15429 disposed:false
1441 silly fetch manifest array.prototype.tosorted@^1.1.4
1442 silly packumentCache full:https://registry.npmjs.org/array.prototype.tosorted cache-miss
1443 http cache https://registry.npmjs.org/object.groupby 24ms (cache hit)
1444 silly packumentCache full:https://registry.npmjs.org/object.groupby set size:15504 disposed:false
1445 silly fetch manifest es-iterator-helpers@^1.2.1
1446 silly packumentCache full:https://registry.npmjs.org/es-iterator-helpers cache-miss
1447 http cache https://registry.npmjs.org/is-core-module 36ms (cache hit)
1448 silly packumentCache full:https://registry.npmjs.org/is-core-module set size:71788 disposed:false
1449 silly fetch manifest estraverse@^5.3.0
1450 silly packumentCache full:https://registry.npmjs.org/estraverse cache-hit
1451 silly fetch manifest jsx-ast-utils@^2.4.1 || ^3.0.0
1452 silly packumentCache full:https://registry.npmjs.org/jsx-ast-utils cache-miss
1453 http cache https://registry.npmjs.org/object.values 45ms (cache hit)
1454 silly packumentCache full:https://registry.npmjs.org/object.values set size:49009 disposed:false
1455 silly fetch manifest object.entries@^1.1.9
1456 silly packumentCache full:https://registry.npmjs.org/object.entries cache-miss
1457 http cache https://registry.npmjs.org/string.prototype.trimend 45ms (cache hit)
1458 silly packumentCache full:https://registry.npmjs.org/string.prototype.trimend set size:41090 disposed:false
1459 silly fetch manifest prop-types@^15.8.1
1460 silly packumentCache full:https://registry.npmjs.org/prop-types cache-miss
1461 http cache https://registry.npmjs.org/array.prototype.findlast 42ms (cache hit)
1462 silly packumentCache full:https://registry.npmjs.org/array.prototype.findlast set size:40323 disposed:false
1463 silly fetch manifest resolve@^2.0.0-next.5
1464 silly packumentCache full:https://registry.npmjs.org/resolve cache-miss
1465 http cache https://registry.npmjs.org/tsconfig-paths 45ms (cache hit)
1466 silly packumentCache full:https://registry.npmjs.org/tsconfig-paths set size:192565 disposed:false
1467 silly fetch manifest string.prototype.matchall@^4.0.12
1468 silly packumentCache full:https://registry.npmjs.org/string.prototype.matchall cache-miss
1469 http cache https://registry.npmjs.org/array.prototype.tosorted 47ms (cache hit)
1470 silly packumentCache full:https://registry.npmjs.org/array.prototype.tosorted set size:24661 disposed:false
1471 silly fetch manifest string.prototype.repeat@^1.0.0
1472 silly packumentCache full:https://registry.npmjs.org/string.prototype.repeat cache-miss
1473 http cache https://registry.npmjs.org/jsx-ast-utils 37ms (cache hit)
1474 silly packumentCache full:https://registry.npmjs.org/jsx-ast-utils set size:115998 disposed:false
1475 http cache https://registry.npmjs.org/es-iterator-helpers 49ms (cache hit)
1476 silly packumentCache full:https://registry.npmjs.org/es-iterator-helpers set size:258484 disposed:false
1477 http cache https://registry.npmjs.org/object.entries 19ms (cache hit)
1478 silly packumentCache full:https://registry.npmjs.org/object.entries set size:50037 disposed:false
1479 http cache https://registry.npmjs.org/prop-types 18ms (cache hit)
1480 silly packumentCache full:https://registry.npmjs.org/prop-types set size:76747 disposed:false
1481 http cache https://registry.npmjs.org/resolve 19ms (cache hit)
1482 silly packumentCache full:https://registry.npmjs.org/resolve set size:252941 disposed:false
1483 http cache https://registry.npmjs.org/string.prototype.matchall 20ms (cache hit)
1484 silly packumentCache full:https://registry.npmjs.org/string.prototype.matchall set size:63239 disposed:false
1485 http cache https://registry.npmjs.org/string.prototype.repeat 16ms (cache hit)
1486 silly packumentCache full:https://registry.npmjs.org/string.prototype.repeat set size:8608 disposed:false
1487 silly fetch manifest eslint@^8.57.0 || ^9.0.0 || ^10.0.0
1488 silly packumentCache full:https://registry.npmjs.org/eslint cache-miss
1489 http cache https://registry.npmjs.org/eslint 4ms (cache hit)
1490 silly packumentCache full:https://registry.npmjs.org/eslint set size:1983515 disposed:false
1491 silly placeDep ROOT @typescript-eslint/scope-manager@8.58.2 OK for: @typescript-eslint/eslint-plugin@8.58.2 want: 8.58.2
1492 silly placeDep ROOT @typescript-eslint/type-utils@8.58.2 OK for: @typescript-eslint/eslint-plugin@8.58.2 want: 8.58.2
1493 silly placeDep ROOT @typescript-eslint/utils@8.58.2 OK for: @typescript-eslint/eslint-plugin@8.58.2 want: 8.58.2
1494 silly placeDep ROOT @typescript-eslint/visitor-keys@8.58.2 OK for: @typescript-eslint/eslint-plugin@8.58.2 want: 8.58.2
1495 silly placeDep node_modules/@typescript-eslint/eslint-plugin ignore@7.0.5 OK for: @typescript-eslint/eslint-plugin@8.58.2 want: ^7.0.5
1496 silly placeDep ROOT ts-api-utils@2.5.0 OK for: @typescript-eslint/eslint-plugin@8.58.2 want: ^2.5.0
1497 silly fetch manifest eslint-visitor-keys@^5.0.0
1498 silly packumentCache full:https://registry.npmjs.org/eslint-visitor-keys cache-hit
1499 silly placeDep ROOT @typescript-eslint/types@8.58.2 OK for: @typescript-eslint/parser@8.58.2 want: 8.58.2
1500 silly placeDep ROOT @typescript-eslint/typescript-estree@8.58.2 OK for: @typescript-eslint/parser@8.58.2 want: 8.58.2
1501 silly fetch manifest semver@^7.7.3
1502 silly packumentCache full:https://registry.npmjs.org/semver cache-hit
1503 silly fetch manifest minimatch@^10.2.2
1504 silly packumentCache full:https://registry.npmjs.org/minimatch cache-hit
1505 silly fetch manifest tinyglobby@^0.2.15
1506 silly packumentCache full:https://registry.npmjs.org/tinyglobby cache-hit
1507 silly fetch manifest @typescript-eslint/tsconfig-utils@8.58.2
1508 silly packumentCache full:https://registry.npmjs.org/@typescript-eslint%2ftsconfig-utils cache-miss
1509 silly fetch manifest @typescript-eslint/project-service@8.58.2
1510 silly packumentCache full:https://registry.npmjs.org/@typescript-eslint%2fproject-service cache-miss
1511 http cache https://registry.npmjs.org/@typescript-eslint%2ftsconfig-utils 8ms (cache hit)
1512 silly packumentCache full:https://registry.npmjs.org/@typescript-eslint%2ftsconfig-utils set size:1103598 disposed:false
1513 http cache https://registry.npmjs.org/@typescript-eslint%2fproject-service 13ms (cache hit)
1514 silly packumentCache full:https://registry.npmjs.org/@typescript-eslint%2fproject-service set size:1172284 disposed:false
1515 silly placeDep ROOT @typescript-eslint/project-service@8.58.2 OK for: @typescript-eslint/typescript-estree@8.58.2 want: 8.58.2
1516 silly placeDep ROOT @typescript-eslint/tsconfig-utils@8.58.2 OK for: @typescript-eslint/typescript-estree@8.58.2 want: 8.58.2
1517 silly placeDep node_modules/@typescript-eslint/typescript-estree minimatch@10.2.5 OK for: @typescript-eslint/typescript-estree@8.58.2 want: ^10.2.2
1518 silly placeDep node_modules/@typescript-eslint/typescript-estree semver@7.7.4 OK for: @typescript-eslint/typescript-estree@8.58.2 want: ^7.7.3
1519 silly placeDep ROOT tinyglobby@0.2.16 OK for: @typescript-eslint/typescript-estree@8.58.2 want: ^0.2.15
1520 silly fetch manifest @typescript-eslint/tsconfig-utils@^8.58.2
1521 silly packumentCache full:https://registry.npmjs.org/@typescript-eslint%2ftsconfig-utils cache-miss
1522 silly fetch manifest brace-expansion@^5.0.5
1523 silly packumentCache full:https://registry.npmjs.org/brace-expansion cache-hit
1524 silly fetch manifest fdir@^6.5.0
1525 silly packumentCache full:https://registry.npmjs.org/fdir cache-miss
1526 silly fetch manifest picomatch@^4.0.4
1527 silly packumentCache full:https://registry.npmjs.org/picomatch cache-miss
1528 http cache https://registry.npmjs.org/@typescript-eslint%2ftsconfig-utils 4ms (cache hit)
1529 silly packumentCache full:https://registry.npmjs.org/@typescript-eslint%2ftsconfig-utils set size:1103598 disposed:false
1530 http cache https://registry.npmjs.org/picomatch 7ms (cache hit)
1531 silly packumentCache full:https://registry.npmjs.org/picomatch set size:126376 disposed:false
1532 http cache https://registry.npmjs.org/fdir 8ms (cache hit)
1533 silly packumentCache full:https://registry.npmjs.org/fdir set size:136182 disposed:false
1534 silly placeDep node_modules/@typescript-eslint/visitor-keys eslint-visitor-keys@5.0.1 OK for: @typescript-eslint/visitor-keys@8.58.2 want: ^5.0.0
1535 silly placeDep ROOT @nolyfill/is-core-module@1.0.39 OK for: eslint-import-resolver-typescript@3.10.1 want: 1.0.39
1536 silly placeDep ROOT get-tsconfig@4.14.0 OK for: eslint-import-resolver-typescript@3.10.1 want: ^4.10.0
1537 silly placeDep ROOT is-bun-module@2.0.0 OK for: eslint-import-resolver-typescript@3.10.1 want: ^2.0.0
1538 silly placeDep ROOT stable-hash@0.0.5 OK for: eslint-import-resolver-typescript@3.10.1 want: ^0.0.5
1539 silly placeDep ROOT unrs-resolver@1.11.1 OK for: eslint-import-resolver-typescript@3.10.1 want: ^1.6.2
1540 silly fetch manifest resolve-pkg-maps@^1.0.0
1541 silly packumentCache full:https://registry.npmjs.org/resolve-pkg-maps cache-miss
1542 silly fetch manifest semver@^7.7.1
1543 silly packumentCache full:https://registry.npmjs.org/semver cache-hit
1544 silly fetch manifest napi-postinstall@^0.3.0
1545 silly packumentCache full:https://registry.npmjs.org/napi-postinstall cache-miss
1546 silly fetch manifest @unrs/resolver-binding-win32-x64-msvc@1.11.1
1547 silly packumentCache full:https://registry.npmjs.org/@unrs%2fresolver-binding-win32-x64-msvc cache-miss
1548 silly fetch manifest @unrs/resolver-binding-win32-arm64-msvc@1.11.1
1549 silly packumentCache full:https://registry.npmjs.org/@unrs%2fresolver-binding-win32-arm64-msvc cache-miss
1550 silly fetch manifest @unrs/resolver-binding-win32-ia32-msvc@1.11.1
1551 silly packumentCache full:https://registry.npmjs.org/@unrs%2fresolver-binding-win32-ia32-msvc cache-miss
1552 silly fetch manifest @unrs/resolver-binding-linux-x64-gnu@1.11.1
1553 silly packumentCache full:https://registry.npmjs.org/@unrs%2fresolver-binding-linux-x64-gnu cache-miss
1554 silly fetch manifest @unrs/resolver-binding-linux-x64-musl@1.11.1
1555 silly packumentCache full:https://registry.npmjs.org/@unrs%2fresolver-binding-linux-x64-musl cache-miss
1556 http cache https://registry.npmjs.org/resolve-pkg-maps 6ms (cache hit)
1557 silly packumentCache full:https://registry.npmjs.org/resolve-pkg-maps set size:11615 disposed:false
1558 silly fetch manifest @unrs/resolver-binding-freebsd-x64@1.11.1
1559 silly packumentCache full:https://registry.npmjs.org/@unrs%2fresolver-binding-freebsd-x64 cache-miss
1560 http cache https://registry.npmjs.org/@unrs%2fresolver-binding-win32-arm64-msvc 5ms (cache hit)
1561 silly packumentCache full:https://registry.npmjs.org/@unrs%2fresolver-binding-win32-arm64-msvc set size:59292 disposed:false
1562 silly fetch manifest @unrs/resolver-binding-android-arm64@1.11.1
1563 silly packumentCache full:https://registry.npmjs.org/@unrs%2fresolver-binding-android-arm64 cache-miss
1564 http cache https://registry.npmjs.org/@unrs%2fresolver-binding-win32-ia32-msvc 6ms (cache hit)
1565 silly packumentCache full:https://registry.npmjs.org/@unrs%2fresolver-binding-win32-ia32-msvc set size:59023 disposed:false
1566 silly fetch manifest @unrs/resolver-binding-linux-arm64-gnu@1.11.1
1567 silly packumentCache full:https://registry.npmjs.org/@unrs%2fresolver-binding-linux-arm64-gnu cache-miss
1568 http cache https://registry.npmjs.org/napi-postinstall 6ms (cache hit)
1569 silly packumentCache full:https://registry.npmjs.org/napi-postinstall set size:41400 disposed:false
1570 silly fetch manifest @unrs/resolver-binding-linux-arm64-musl@1.11.1
1571 silly packumentCache full:https://registry.npmjs.org/@unrs%2fresolver-binding-linux-arm64-musl cache-miss
1572 http cache https://registry.npmjs.org/@unrs%2fresolver-binding-win32-x64-msvc 7ms (cache hit)
1573 silly packumentCache full:https://registry.npmjs.org/@unrs%2fresolver-binding-win32-x64-msvc set size:58760 disposed:false
1574 silly fetch manifest @unrs/resolver-binding-android-arm-eabi@1.11.1
1575 silly packumentCache full:https://registry.npmjs.org/@unrs%2fresolver-binding-android-arm-eabi cache-miss
1576 http cache https://registry.npmjs.org/@unrs%2fresolver-binding-linux-x64-gnu 8ms (cache hit)
1577 silly packumentCache full:https://registry.npmjs.org/@unrs%2fresolver-binding-linux-x64-gnu set size:59167 disposed:false
1578 silly fetch manifest @unrs/resolver-binding-linux-arm-gnueabihf@1.11.1
1579 silly packumentCache full:https://registry.npmjs.org/@unrs%2fresolver-binding-linux-arm-gnueabihf cache-miss
1580 http cache https://registry.npmjs.org/@unrs%2fresolver-binding-linux-x64-musl 8ms (cache hit)
1581 silly packumentCache full:https://registry.npmjs.org/@unrs%2fresolver-binding-linux-x64-musl set size:59364 disposed:false
1582 silly fetch manifest @unrs/resolver-binding-linux-arm-musleabihf@1.11.1
1583 silly packumentCache full:https://registry.npmjs.org/@unrs%2fresolver-binding-linux-arm-musleabihf cache-miss
1584 http cache https://registry.npmjs.org/@unrs%2fresolver-binding-android-arm64 6ms (cache hit)
1585 silly packumentCache full:https://registry.npmjs.org/@unrs%2fresolver-binding-android-arm64 set size:12351 disposed:false
1586 silly fetch manifest @unrs/resolver-binding-linux-ppc64-gnu@1.11.1
1587 silly packumentCache full:https://registry.npmjs.org/@unrs%2fresolver-binding-linux-ppc64-gnu cache-miss
1588 http cache https://registry.npmjs.org/@unrs%2fresolver-binding-linux-arm64-musl 5ms (cache hit)
1589 silly packumentCache full:https://registry.npmjs.org/@unrs%2fresolver-binding-linux-arm64-musl set size:59889 disposed:false
1590 silly fetch manifest @unrs/resolver-binding-linux-riscv64-gnu@1.11.1
1591 silly packumentCache full:https://registry.npmjs.org/@unrs%2fresolver-binding-linux-riscv64-gnu cache-miss
1592 http cache https://registry.npmjs.org/@unrs%2fresolver-binding-linux-arm64-gnu 7ms (cache hit)
1593 silly packumentCache full:https://registry.npmjs.org/@unrs%2fresolver-binding-linux-arm64-gnu set size:59697 disposed:false
1594 silly fetch manifest @unrs/resolver-binding-linux-riscv64-musl@1.11.1
1595 silly packumentCache full:https://registry.npmjs.org/@unrs%2fresolver-binding-linux-riscv64-musl cache-miss
1596 http cache https://registry.npmjs.org/@unrs%2fresolver-binding-android-arm-eabi 5ms (cache hit)
1597 silly packumentCache full:https://registry.npmjs.org/@unrs%2fresolver-binding-android-arm-eabi set size:12473 disposed:false
1598 silly fetch manifest @unrs/resolver-binding-linux-s390x-gnu@1.11.1
1599 silly packumentCache full:https://registry.npmjs.org/@unrs%2fresolver-binding-linux-s390x-gnu cache-miss
1600 http cache https://registry.npmjs.org/@unrs%2fresolver-binding-freebsd-x64 9ms (cache hit)
1601 silly packumentCache full:https://registry.npmjs.org/@unrs%2fresolver-binding-freebsd-x64 set size:58172 disposed:false
1602 silly fetch manifest @unrs/resolver-binding-darwin-x64@1.11.1
1603 silly packumentCache full:https://registry.npmjs.org/@unrs%2fresolver-binding-darwin-x64 cache-miss
1604 http cache https://registry.npmjs.org/@unrs%2fresolver-binding-linux-arm-gnueabihf 6ms (cache hit)
1605 silly packumentCache full:https://registry.npmjs.org/@unrs%2fresolver-binding-linux-arm-gnueabihf set size:59902 disposed:false
1606 silly fetch manifest @unrs/resolver-binding-darwin-arm64@1.11.1
1607 silly packumentCache full:https://registry.npmjs.org/@unrs%2fresolver-binding-darwin-arm64 cache-miss
1608 http cache https://registry.npmjs.org/@unrs%2fresolver-binding-linux-arm-musleabihf 6ms (cache hit)
1609 silly packumentCache full:https://registry.npmjs.org/@unrs%2fresolver-binding-linux-arm-musleabihf set size:60135 disposed:false
1610 silly fetch manifest @unrs/resolver-binding-wasm32-wasi@1.11.1
1611 silly packumentCache full:https://registry.npmjs.org/@unrs%2fresolver-binding-wasm32-wasi cache-miss
1612 http cache https://registry.npmjs.org/@unrs%2fresolver-binding-linux-s390x-gnu 8ms (cache hit)
1613 silly packumentCache full:https://registry.npmjs.org/@unrs%2fresolver-binding-linux-s390x-gnu set size:59697 disposed:false
1614 http cache https://registry.npmjs.org/@unrs%2fresolver-binding-linux-ppc64-gnu 9ms (cache hit)
1615 silly packumentCache full:https://registry.npmjs.org/@unrs%2fresolver-binding-linux-ppc64-gnu set size:59704 disposed:false
1616 http cache https://registry.npmjs.org/@unrs%2fresolver-binding-wasm32-wasi 6ms (cache hit)
1617 silly packumentCache full:https://registry.npmjs.org/@unrs%2fresolver-binding-wasm32-wasi set size:61704 disposed:false
1618 http cache https://registry.npmjs.org/@unrs%2fresolver-binding-linux-riscv64-gnu 9ms (cache hit)
1619 silly packumentCache full:https://registry.npmjs.org/@unrs%2fresolver-binding-linux-riscv64-gnu set size:50987 disposed:false
1620 http cache https://registry.npmjs.org/@unrs%2fresolver-binding-darwin-arm64 8ms (cache hit)
1621 silly packumentCache full:https://registry.npmjs.org/@unrs%2fresolver-binding-darwin-arm64 set size:58434 disposed:false
1622 http cache https://registry.npmjs.org/@unrs%2fresolver-binding-darwin-x64 8ms (cache hit)
1623 silly packumentCache full:https://registry.npmjs.org/@unrs%2fresolver-binding-darwin-x64 set size:57901 disposed:false
1624 http cache https://registry.npmjs.org/@unrs%2fresolver-binding-linux-riscv64-musl 10ms (cache hit)
1625 silly packumentCache full:https://registry.npmjs.org/@unrs%2fresolver-binding-linux-riscv64-musl set size:40293 disposed:false
1626 silly placeDep ROOT @rtsao/scc@1.1.0 OK for: eslint-plugin-import@2.32.0 want: ^1.1.0
1627 silly placeDep ROOT array-includes@3.1.9 OK for: eslint-plugin-import@2.32.0 want: ^3.1.9
1628 silly placeDep ROOT array.prototype.findlastindex@1.2.6 OK for: eslint-plugin-import@2.32.0 want: ^1.2.6
1629 silly placeDep ROOT array.prototype.flat@1.3.3 OK for: eslint-plugin-import@2.32.0 want: ^1.3.3
1630 silly placeDep ROOT array.prototype.flatmap@1.3.3 OK for: eslint-plugin-import@2.32.0 want: ^1.3.3
1631 silly placeDep node_modules/eslint-plugin-import debug@3.2.7 OK for: eslint-plugin-import@2.32.0 want: ^3.2.7
1632 silly placeDep ROOT doctrine@2.1.0 OK for: eslint-plugin-import@2.32.0 want: ^2.1.0
1633 silly placeDep ROOT eslint-import-resolver-node@0.3.10 OK for: eslint-plugin-import@2.32.0 want: ^0.3.9
1634 silly placeDep ROOT eslint-module-utils@2.12.1 OK for: eslint-plugin-import@2.32.0 want: ^2.12.1
1635 silly placeDep ROOT hasown@2.0.3 OK for: eslint-plugin-import@2.32.0 want: ^2.0.2
1636 silly placeDep ROOT is-core-module@2.16.1 OK for: eslint-plugin-import@2.32.0 want: ^2.16.1
1637 silly placeDep ROOT object.fromentries@2.0.8 OK for: eslint-plugin-import@2.32.0 want: ^2.0.8
1638 silly placeDep ROOT object.groupby@1.0.3 OK for: eslint-plugin-import@2.32.0 want: ^1.0.3
1639 silly placeDep ROOT object.values@1.2.1 OK for: eslint-plugin-import@2.32.0 want: ^1.2.1
1640 silly placeDep ROOT string.prototype.trimend@1.0.9 OK for: eslint-plugin-import@2.32.0 want: ^1.0.9
1641 silly placeDep ROOT tsconfig-paths@3.15.0 OK for: eslint-plugin-import@2.32.0 want: ^3.15.0
1642 silly fetch manifest call-bind@^1.0.8
1643 silly packumentCache full:https://registry.npmjs.org/call-bind cache-miss
1644 silly fetch manifest call-bound@^1.0.4
1645 silly packumentCache full:https://registry.npmjs.org/call-bound cache-miss
1646 silly fetch manifest define-properties@^1.2.1
1647 silly packumentCache full:https://registry.npmjs.org/define-properties cache-miss
1648 silly fetch manifest es-abstract@^1.24.0
1649 silly packumentCache full:https://registry.npmjs.org/es-abstract cache-miss
1650 silly fetch manifest es-object-atoms@^1.1.1
1651 silly packumentCache full:https://registry.npmjs.org/es-object-atoms cache-miss
1652 silly fetch manifest get-intrinsic@^1.3.0
1653 silly packumentCache full:https://registry.npmjs.org/get-intrinsic cache-miss
1654 silly fetch manifest is-string@^1.1.1
1655 silly packumentCache full:https://registry.npmjs.org/is-string cache-miss
1656 http cache https://registry.npmjs.org/call-bind 9ms (cache hit)
1657 silly packumentCache full:https://registry.npmjs.org/call-bind set size:32985 disposed:false
1658 silly fetch manifest math-intrinsics@^1.1.0
1659 silly packumentCache full:https://registry.npmjs.org/math-intrinsics cache-miss
1660 http cache https://registry.npmjs.org/define-properties 8ms (cache hit)
1661 silly packumentCache full:https://registry.npmjs.org/define-properties set size:31491 disposed:false
1662 silly fetch manifest call-bound@^1.0.4
1663 silly packumentCache full:https://registry.npmjs.org/call-bound cache-miss
1664 http cache https://registry.npmjs.org/call-bound 9ms (cache hit)
1665 silly packumentCache full:https://registry.npmjs.org/call-bound set size:15317 disposed:false
1666 silly fetch manifest es-abstract@^1.23.9
1667 silly packumentCache full:https://registry.npmjs.org/es-abstract cache-miss
1668 http cache https://registry.npmjs.org/es-object-atoms 9ms (cache hit)
1669 silly packumentCache full:https://registry.npmjs.org/es-object-atoms set size:15304 disposed:false
1670 silly fetch manifest es-errors@^1.3.0
1671 silly packumentCache full:https://registry.npmjs.org/es-errors cache-miss
1672 http cache https://registry.npmjs.org/es-abstract 10ms (cache hit)
1673 silly packumentCache full:https://registry.npmjs.org/es-abstract set size:384124 disposed:false
1674 silly fetch manifest es-shim-unscopables@^1.1.0
1675 silly packumentCache full:https://registry.npmjs.org/es-shim-unscopables cache-miss
1676 http cache https://registry.npmjs.org/is-string 12ms (cache hit)
1677 silly packumentCache full:https://registry.npmjs.org/is-string set size:29636 disposed:false
1678 silly fetch manifest es-abstract@^1.23.5
1679 silly packumentCache full:https://registry.npmjs.org/es-abstract cache-hit
1680 silly fetch manifest es-shim-unscopables@^1.0.2
1681 silly packumentCache full:https://registry.npmjs.org/es-shim-unscopables cache-miss
1682 http cache https://registry.npmjs.org/get-intrinsic 13ms (cache hit)
1683 silly packumentCache full:https://registry.npmjs.org/get-intrinsic set size:60985 disposed:false
1684 silly fetch manifest es-shim-unscopables@^1.0.2
1685 silly packumentCache full:https://registry.npmjs.org/es-shim-unscopables cache-miss
1686 http cache https://registry.npmjs.org/call-bound 8ms (cache hit)
1687 silly packumentCache full:https://registry.npmjs.org/call-bound set size:15317 disposed:false
1688 silly packumentCache full:https://registry.npmjs.org/call-bound dispose
1689 silly fetch manifest resolve@^2.0.0-next.6
1690 silly packumentCache full:https://registry.npmjs.org/resolve cache-hit
1691 silly fetch manifest function-bind@^1.1.2
1692 silly packumentCache full:https://registry.npmjs.org/function-bind cache-miss
1693 http cache https://registry.npmjs.org/es-abstract 9ms (cache hit)
1694 silly packumentCache full:https://registry.npmjs.org/es-abstract set size:384124 disposed:false
1695 silly packumentCache full:https://registry.npmjs.org/es-abstract dispose
1696 silly fetch manifest call-bind@^1.0.7
1697 silly packumentCache full:https://registry.npmjs.org/call-bind cache-hit
1698 silly fetch manifest es-abstract@^1.23.2
1699 silly packumentCache full:https://registry.npmjs.org/es-abstract cache-hit
1700 silly fetch manifest es-object-atoms@^1.0.0
1701 silly packumentCache full:https://registry.npmjs.org/es-object-atoms cache-hit
1702 silly fetch manifest call-bound@^1.0.3
1703 silly packumentCache full:https://registry.npmjs.org/call-bound cache-hit
1704 silly fetch manifest call-bound@^1.0.2
1705 silly packumentCache full:https://registry.npmjs.org/call-bound cache-hit
1706 silly fetch manifest json5@^1.0.2
1707 silly packumentCache full:https://registry.npmjs.org/json5 cache-hit
1708 silly fetch manifest minimist@^1.2.6
1709 silly packumentCache full:https://registry.npmjs.org/minimist cache-miss
1710 http cache https://registry.npmjs.org/math-intrinsics 13ms (cache hit)
1711 silly packumentCache full:https://registry.npmjs.org/math-intrinsics set size:9265 disposed:false
1712 silly fetch manifest strip-bom@^3.0.0
1713 silly packumentCache full:https://registry.npmjs.org/strip-bom cache-miss
1714 http cache https://registry.npmjs.org/es-errors 11ms (cache hit)
1715 silly packumentCache full:https://registry.npmjs.org/es-errors set size:16918 disposed:false
1716 silly fetch manifest @types/json5@^0.0.29
1717 silly packumentCache full:https://registry.npmjs.org/@types%2fjson5 cache-miss
1718 http cache https://registry.npmjs.org/es-shim-unscopables 8ms (cache hit)
1719 silly packumentCache full:https://registry.npmjs.org/es-shim-unscopables set size:13965 disposed:false
1720 http cache https://registry.npmjs.org/es-shim-unscopables 10ms (cache hit)
1721 silly packumentCache full:https://registry.npmjs.org/es-shim-unscopables set size:13965 disposed:false
1722 silly packumentCache full:https://registry.npmjs.org/es-shim-unscopables dispose
1723 http cache https://registry.npmjs.org/es-shim-unscopables 9ms (cache hit)
1724 silly packumentCache full:https://registry.npmjs.org/es-shim-unscopables set size:13965 disposed:true
1725 silly packumentCache full:https://registry.npmjs.org/es-shim-unscopables dispose
1726 http cache https://registry.npmjs.org/@types%2fjson5 3ms (cache hit)
1727 silly packumentCache full:https://registry.npmjs.org/@types%2fjson5 set size:19581 disposed:false
1728 http cache https://registry.npmjs.org/minimist 5ms (cache hit)
1729 silly packumentCache full:https://registry.npmjs.org/minimist set size:77063 disposed:false
1730 http cache https://registry.npmjs.org/strip-bom 5ms (cache hit)
1731 silly packumentCache full:https://registry.npmjs.org/strip-bom set size:19359 disposed:false
1732 http cache https://registry.npmjs.org/function-bind 8ms (cache hit)
1733 silly packumentCache full:https://registry.npmjs.org/function-bind set size:15733 disposed:false
1734 silly placeDep ROOT call-bind@1.0.9 OK for: array-includes@3.1.9 want: ^1.0.8
1735 silly placeDep ROOT call-bound@1.0.4 OK for: array-includes@3.1.9 want: ^1.0.4
1736 silly placeDep ROOT define-properties@1.2.1 OK for: array-includes@3.1.9 want: ^1.2.1
1737 silly placeDep ROOT es-abstract@1.24.2 OK for: array-includes@3.1.9 want: ^1.24.0
1738 silly placeDep ROOT es-object-atoms@1.1.1 OK for: array-includes@3.1.9 want: ^1.1.1
1739 silly placeDep ROOT get-intrinsic@1.3.0 OK for: array-includes@3.1.9 want: ^1.3.0
1740 silly placeDep ROOT is-string@1.1.1 OK for: array-includes@3.1.9 want: ^1.1.1
1741 silly placeDep ROOT math-intrinsics@1.1.0 OK for: array-includes@3.1.9 want: ^1.1.0
1742 silly fetch manifest call-bind-apply-helpers@^1.0.2
1743 silly packumentCache full:https://registry.npmjs.org/call-bind-apply-helpers cache-miss
1744 silly fetch manifest es-define-property@^1.0.1
1745 silly packumentCache full:https://registry.npmjs.org/es-define-property cache-miss
1746 silly fetch manifest set-function-length@^1.2.2
1747 silly packumentCache full:https://registry.npmjs.org/set-function-length cache-miss
1748 silly fetch manifest call-bind-apply-helpers@^1.0.2
1749 silly packumentCache full:https://registry.npmjs.org/call-bind-apply-helpers cache-miss
1750 silly fetch manifest define-data-property@^1.0.1
1751 silly packumentCache full:https://registry.npmjs.org/define-data-property cache-miss
1752 silly fetch manifest has-property-descriptors@^1.0.0
1753 silly packumentCache full:https://registry.npmjs.org/has-property-descriptors cache-miss
1754 silly fetch manifest object-keys@^1.1.1
1755 silly packumentCache full:https://registry.npmjs.org/object-keys cache-miss
1756 http cache https://registry.npmjs.org/call-bind-apply-helpers 7ms (cache hit)
1757 silly packumentCache full:https://registry.npmjs.org/call-bind-apply-helpers set size:12744 disposed:false
1758 silly fetch manifest array-buffer-byte-length@^1.0.2
1759 silly packumentCache full:https://registry.npmjs.org/array-buffer-byte-length cache-miss
1760 http cache https://registry.npmjs.org/call-bind-apply-helpers 8ms (cache hit)
1761 silly packumentCache full:https://registry.npmjs.org/call-bind-apply-helpers set size:12744 disposed:false
1762 silly packumentCache full:https://registry.npmjs.org/call-bind-apply-helpers dispose
1763 silly fetch manifest arraybuffer.prototype.slice@^1.0.4
1764 silly packumentCache full:https://registry.npmjs.org/arraybuffer.prototype.slice cache-miss
1765 http cache https://registry.npmjs.org/es-define-property 8ms (cache hit)
1766 silly packumentCache full:https://registry.npmjs.org/es-define-property set size:8542 disposed:false
1767 silly fetch manifest available-typed-arrays@^1.0.7
1768 silly packumentCache full:https://registry.npmjs.org/available-typed-arrays cache-miss
1769 http cache https://registry.npmjs.org/has-property-descriptors 8ms (cache hit)
1770 silly packumentCache full:https://registry.npmjs.org/has-property-descriptors set size:12452 disposed:false
1771 silly fetch manifest data-view-buffer@^1.0.2
1772 silly packumentCache full:https://registry.npmjs.org/data-view-buffer cache-miss
1773 http cache https://registry.npmjs.org/set-function-length 9ms (cache hit)
1774 silly packumentCache full:https://registry.npmjs.org/set-function-length set size:24261 disposed:false
1775 silly fetch manifest data-view-byte-length@^1.0.2
1776 silly packumentCache full:https://registry.npmjs.org/data-view-byte-length cache-miss
1777 http cache https://registry.npmjs.org/define-data-property 9ms (cache hit)
1778 silly packumentCache full:https://registry.npmjs.org/define-data-property set size:28048 disposed:false
1779 silly fetch manifest data-view-byte-offset@^1.0.1
1780 silly packumentCache full:https://registry.npmjs.org/data-view-byte-offset cache-miss
1781 http cache https://registry.npmjs.org/object-keys 10ms (cache hit)
1782 silly packumentCache full:https://registry.npmjs.org/object-keys set size:67744 disposed:false
1783 silly fetch manifest es-set-tostringtag@^2.1.0
1784 silly packumentCache full:https://registry.npmjs.org/es-set-tostringtag cache-miss
1785 http cache https://registry.npmjs.org/array-buffer-byte-length 11ms (cache hit)
1786 silly packumentCache full:https://registry.npmjs.org/array-buffer-byte-length set size:13099 disposed:false
1787 silly fetch manifest es-to-primitive@^1.3.0
1788 silly packumentCache full:https://registry.npmjs.org/es-to-primitive cache-miss
1789 http cache https://registry.npmjs.org/arraybuffer.prototype.slice 11ms (cache hit)
1790 silly packumentCache full:https://registry.npmjs.org/arraybuffer.prototype.slice set size:20917 disposed:false
1791 silly fetch manifest function.prototype.name@^1.1.8
1792 silly packumentCache full:https://registry.npmjs.org/function.prototype.name cache-miss
1793 http cache https://registry.npmjs.org/available-typed-arrays 12ms (cache hit)
1794 silly packumentCache full:https://registry.npmjs.org/available-typed-arrays set size:31390 disposed:false
1795 silly fetch manifest get-proto@^1.0.1
1796 silly packumentCache full:https://registry.npmjs.org/get-proto cache-miss
1797 http cache https://registry.npmjs.org/data-view-buffer 11ms (cache hit)
1798 silly packumentCache full:https://registry.npmjs.org/data-view-buffer set size:11789 disposed:false
1799 silly fetch manifest get-symbol-description@^1.1.0
1800 silly packumentCache full:https://registry.npmjs.org/get-symbol-description cache-miss
1801 http cache https://registry.npmjs.org/es-set-tostringtag 10ms (cache hit)
1802 silly packumentCache full:https://registry.npmjs.org/es-set-tostringtag set size:22094 disposed:false
1803 silly fetch manifest globalthis@^1.0.4
1804 silly packumentCache full:https://registry.npmjs.org/globalthis cache-miss
1805 http cache https://registry.npmjs.org/data-view-byte-length 11ms (cache hit)
1806 silly packumentCache full:https://registry.npmjs.org/data-view-byte-length set size:12269 disposed:false
1807 silly fetch manifest gopd@^1.2.0
1808 silly packumentCache full:https://registry.npmjs.org/gopd cache-miss
1809 http cache https://registry.npmjs.org/data-view-byte-offset 12ms (cache hit)
1810 silly packumentCache full:https://registry.npmjs.org/data-view-byte-offset set size:9200 disposed:false
1811 silly fetch manifest has-property-descriptors@^1.0.2
1812 silly packumentCache full:https://registry.npmjs.org/has-property-descriptors cache-hit
1813 silly fetch manifest has-proto@^1.2.0
1814 silly packumentCache full:https://registry.npmjs.org/has-proto cache-miss
1815 http cache https://registry.npmjs.org/es-to-primitive 6ms (cache hit)
1816 silly packumentCache full:https://registry.npmjs.org/es-to-primitive set size:22465 disposed:false
1817 silly fetch manifest has-symbols@^1.1.0
1818 silly packumentCache full:https://registry.npmjs.org/has-symbols cache-miss
1819 http cache https://registry.npmjs.org/globalthis 5ms (cache hit)
1820 silly packumentCache full:https://registry.npmjs.org/globalthis set size:22522 disposed:false
1821 silly fetch manifest internal-slot@^1.1.0
1822 silly packumentCache full:https://registry.npmjs.org/internal-slot cache-miss
1823 http cache https://registry.npmjs.org/function.prototype.name 6ms (cache hit)
1824 silly packumentCache full:https://registry.npmjs.org/function.prototype.name set size:44756 disposed:false
1825 silly fetch manifest is-array-buffer@^3.0.5
1826 silly packumentCache full:https://registry.npmjs.org/is-array-buffer cache-miss
1827 http cache https://registry.npmjs.org/has-proto 5ms (cache hit)
1828 silly packumentCache full:https://registry.npmjs.org/has-proto set size:21527 disposed:false
1829 silly fetch manifest is-callable@^1.2.7
1830 silly packumentCache full:https://registry.npmjs.org/is-callable cache-miss
1831 http cache https://registry.npmjs.org/get-proto 7ms (cache hit)
1832 silly packumentCache full:https://registry.npmjs.org/get-proto set size:8300 disposed:false
1833 silly fetch manifest is-data-view@^1.0.2
1834 silly packumentCache full:https://registry.npmjs.org/is-data-view cache-miss
1835 http cache https://registry.npmjs.org/gopd 7ms (cache hit)
1836 silly packumentCache full:https://registry.npmjs.org/gopd set size:11458 disposed:false
1837 silly fetch manifest is-negative-zero@^2.0.3
1838 silly packumentCache full:https://registry.npmjs.org/is-negative-zero cache-miss
1839 http cache https://registry.npmjs.org/get-symbol-description 7ms (cache hit)
1840 silly packumentCache full:https://registry.npmjs.org/get-symbol-description set size:15540 disposed:false
1841 silly fetch manifest is-regex@^1.2.1
1842 silly packumentCache full:https://registry.npmjs.org/is-regex cache-miss
1843 http cache https://registry.npmjs.org/has-symbols 5ms (cache hit)
1844 silly packumentCache full:https://registry.npmjs.org/has-symbols set size:21550 disposed:false
1845 silly fetch manifest is-set@^2.0.3
1846 silly packumentCache full:https://registry.npmjs.org/is-set cache-miss
1847 http cache https://registry.npmjs.org/internal-slot 5ms (cache hit)
1848 silly packumentCache full:https://registry.npmjs.org/internal-slot set size:30267 disposed:false
1849 silly fetch manifest is-shared-array-buffer@^1.0.4
1850 silly packumentCache full:https://registry.npmjs.org/is-shared-array-buffer cache-miss
1851 http cache https://registry.npmjs.org/is-data-view 4ms (cache hit)
1852 silly packumentCache full:https://registry.npmjs.org/is-data-view set size:13756 disposed:false
1853 silly fetch manifest is-typed-array@^1.1.15
1854 silly packumentCache full:https://registry.npmjs.org/is-typed-array cache-miss
1855 http cache https://registry.npmjs.org/is-array-buffer 5ms (cache hit)
1856 silly packumentCache full:https://registry.npmjs.org/is-array-buffer set size:33562 disposed:false
1857 silly fetch manifest is-weakref@^1.1.1
1858 silly packumentCache full:https://registry.npmjs.org/is-weakref cache-miss
1859 http cache https://registry.npmjs.org/is-negative-zero 5ms (cache hit)
1860 silly packumentCache full:https://registry.npmjs.org/is-negative-zero set size:22152 disposed:false
1861 silly fetch manifest object-inspect@^1.13.4
1862 silly packumentCache full:https://registry.npmjs.org/object-inspect cache-miss
1863 http cache https://registry.npmjs.org/is-callable 6ms (cache hit)
1864 silly packumentCache full:https://registry.npmjs.org/is-callable set size:66606 disposed:false
1865 silly fetch manifest object.assign@^4.1.7
1866 silly packumentCache full:https://registry.npmjs.org/object.assign cache-miss
1867 http cache https://registry.npmjs.org/is-regex 5ms (cache hit)
1868 silly packumentCache full:https://registry.npmjs.org/is-regex set size:42924 disposed:false
1869 silly fetch manifest own-keys@^1.0.1
1870 silly packumentCache full:https://registry.npmjs.org/own-keys cache-miss
1871 http cache https://registry.npmjs.org/is-typed-array 5ms (cache hit)
1872 silly packumentCache full:https://registry.npmjs.org/is-typed-array set size:79965 disposed:false
1873 silly fetch manifest regexp.prototype.flags@^1.5.4
1874 silly packumentCache full:https://registry.npmjs.org/regexp.prototype.flags cache-miss
1875 http cache https://registry.npmjs.org/is-set 7ms (cache hit)
1876 silly packumentCache full:https://registry.npmjs.org/is-set set size:16614 disposed:false
1877 silly fetch manifest safe-array-concat@^1.1.3
1878 silly packumentCache full:https://registry.npmjs.org/safe-array-concat cache-miss
1879 http cache https://registry.npmjs.org/is-weakref 5ms (cache hit)
1880 silly packumentCache full:https://registry.npmjs.org/is-weakref set size:18473 disposed:false
1881 silly fetch manifest safe-push-apply@^1.0.0
1882 silly packumentCache full:https://registry.npmjs.org/safe-push-apply cache-miss
1883 http cache https://registry.npmjs.org/is-shared-array-buffer 7ms (cache hit)
1884 silly packumentCache full:https://registry.npmjs.org/is-shared-array-buffer set size:19880 disposed:false
1885 silly fetch manifest safe-regex-test@^1.1.0
1886 silly packumentCache full:https://registry.npmjs.org/safe-regex-test cache-miss
1887 http cache https://registry.npmjs.org/object.assign 5ms (cache hit)
1888 silly packumentCache full:https://registry.npmjs.org/object.assign set size:85907 disposed:false
1889 silly fetch manifest set-proto@^1.0.0
1890 silly packumentCache full:https://registry.npmjs.org/set-proto cache-miss
1891 http cache https://registry.npmjs.org/object-inspect 7ms (cache hit)
1892 silly packumentCache full:https://registry.npmjs.org/object-inspect set size:101912 disposed:false
1893 silly fetch manifest stop-iteration-iterator@^1.1.0
1894 silly packumentCache full:https://registry.npmjs.org/stop-iteration-iterator cache-miss
1895 http cache https://registry.npmjs.org/own-keys 7ms (cache hit)
1896 silly packumentCache full:https://registry.npmjs.org/own-keys set size:8735 disposed:false
1897 silly fetch manifest string.prototype.trim@^1.2.10
1898 silly packumentCache full:https://registry.npmjs.org/string.prototype.trim cache-miss
1899 http cache https://registry.npmjs.org/safe-regex-test 5ms (cache hit)
1900 silly packumentCache full:https://registry.npmjs.org/safe-regex-test set size:17412 disposed:false
1901 silly fetch manifest string.prototype.trimstart@^1.0.8
1902 silly packumentCache full:https://registry.npmjs.org/string.prototype.trimstart cache-miss
1903 http cache https://registry.npmjs.org/regexp.prototype.flags 7ms (cache hit)
1904 silly packumentCache full:https://registry.npmjs.org/regexp.prototype.flags set size:60621 disposed:false
1905 silly fetch manifest typed-array-buffer@^1.0.3
1906 silly packumentCache full:https://registry.npmjs.org/typed-array-buffer cache-miss
1907 http cache https://registry.npmjs.org/safe-push-apply 6ms (cache hit)
1908 silly packumentCache full:https://registry.npmjs.org/safe-push-apply set size:5759 disposed:false
1909 silly fetch manifest typed-array-byte-length@^1.0.3
1910 silly packumentCache full:https://registry.npmjs.org/typed-array-byte-length cache-miss
1911 http cache https://registry.npmjs.org/safe-array-concat 7ms (cache hit)
1912 silly packumentCache full:https://registry.npmjs.org/safe-array-concat set size:22426 disposed:false
1913 silly fetch manifest typed-array-byte-offset@^1.0.4
1914 silly packumentCache full:https://registry.npmjs.org/typed-array-byte-offset cache-miss
1915 http cache https://registry.npmjs.org/set-proto 6ms (cache hit)
1916 silly packumentCache full:https://registry.npmjs.org/set-proto set size:5334 disposed:false
1917 silly fetch manifest typed-array-length@^1.0.7
1918 silly packumentCache full:https://registry.npmjs.org/typed-array-length cache-miss
1919 http cache https://registry.npmjs.org/stop-iteration-iterator 6ms (cache hit)
1920 silly packumentCache full:https://registry.npmjs.org/stop-iteration-iterator set size:9160 disposed:false
1921 silly fetch manifest unbox-primitive@^1.1.0
1922 silly packumentCache full:https://registry.npmjs.org/unbox-primitive cache-miss
1923 http cache https://registry.npmjs.org/string.prototype.trim 7ms (cache hit)
1924 silly packumentCache full:https://registry.npmjs.org/string.prototype.trim set size:54116 disposed:false
1925 silly fetch manifest which-typed-array@^1.1.19
1926 silly packumentCache full:https://registry.npmjs.org/which-typed-array cache-miss
1927 http cache https://registry.npmjs.org/typed-array-byte-offset 5ms (cache hit)
1928 silly packumentCache full:https://registry.npmjs.org/typed-array-byte-offset set size:21714 disposed:false
1929 silly fetch manifest has-tostringtag@^1.0.2
1930 silly packumentCache full:https://registry.npmjs.org/has-tostringtag cache-miss
1931 http cache https://registry.npmjs.org/unbox-primitive 4ms (cache hit)
1932 silly packumentCache full:https://registry.npmjs.org/unbox-primitive set size:15669 disposed:false
1933 http cache https://registry.npmjs.org/typed-array-length 5ms (cache hit)
1934 silly packumentCache full:https://registry.npmjs.org/typed-array-length set size:32113 disposed:false
1935 http cache https://registry.npmjs.org/typed-array-byte-length 7ms (cache hit)
1936 silly packumentCache full:https://registry.npmjs.org/typed-array-byte-length set size:18382 disposed:false
1937 http cache https://registry.npmjs.org/typed-array-buffer 7ms (cache hit)
1938 silly packumentCache full:https://registry.npmjs.org/typed-array-buffer set size:14045 disposed:false
1939 http cache https://registry.npmjs.org/string.prototype.trimstart 8ms (cache hit)
1940 silly packumentCache full:https://registry.npmjs.org/string.prototype.trimstart set size:38291 disposed:false
1941 http cache https://registry.npmjs.org/which-typed-array 6ms (cache hit)
1942 silly packumentCache full:https://registry.npmjs.org/which-typed-array set size:93605 disposed:false
1943 http cache https://registry.npmjs.org/has-tostringtag 4ms (cache hit)
1944 silly packumentCache full:https://registry.npmjs.org/has-tostringtag set size:13945 disposed:false
1945 silly placeDep ROOT es-errors@1.3.0 OK for: array.prototype.findlastindex@1.2.6 want: ^1.3.0
1946 silly placeDep ROOT es-shim-unscopables@1.1.0 OK for: array.prototype.findlastindex@1.2.6 want: ^1.1.0
1947 silly placeDep ROOT call-bind-apply-helpers@1.0.2 OK for: call-bind@1.0.9 want: ^1.0.2
1948 silly placeDep ROOT es-define-property@1.0.1 OK for: call-bind@1.0.9 want: ^1.0.1
1949 silly placeDep ROOT set-function-length@1.2.2 OK for: call-bind@1.0.9 want: ^1.2.2
1950 silly fetch manifest define-data-property@^1.1.4
1951 silly packumentCache full:https://registry.npmjs.org/define-data-property cache-hit
1952 silly fetch manifest gopd@^1.0.1
1953 silly packumentCache full:https://registry.npmjs.org/gopd cache-hit
1954 silly placeDep ROOT function-bind@1.1.2 OK for: call-bind-apply-helpers@1.0.2 want: ^1.1.2
1955 silly placeDep ROOT define-data-property@1.1.4 OK for: define-properties@1.2.1 want: ^1.0.1
1956 silly placeDep ROOT has-property-descriptors@1.0.2 OK for: define-properties@1.2.1 want: ^1.0.0
1957 silly placeDep ROOT object-keys@1.1.1 OK for: define-properties@1.2.1 want: ^1.1.1
1958 silly placeDep ROOT gopd@1.2.0 OK for: define-data-property@1.1.4 want: ^1.0.1
1959 silly placeDep ROOT array-buffer-byte-length@1.0.2 OK for: es-abstract@1.24.2 want: ^1.0.2
1960 silly placeDep ROOT arraybuffer.prototype.slice@1.0.4 OK for: es-abstract@1.24.2 want: ^1.0.4
1961 silly placeDep ROOT available-typed-arrays@1.0.7 OK for: es-abstract@1.24.2 want: ^1.0.7
1962 silly placeDep ROOT data-view-buffer@1.0.2 OK for: es-abstract@1.24.2 want: ^1.0.2
1963 silly placeDep ROOT data-view-byte-length@1.0.2 OK for: es-abstract@1.24.2 want: ^1.0.2
1964 silly placeDep ROOT data-view-byte-offset@1.0.1 OK for: es-abstract@1.24.2 want: ^1.0.1
1965 silly placeDep ROOT es-set-tostringtag@2.1.0 OK for: es-abstract@1.24.2 want: ^2.1.0
1966 silly placeDep ROOT es-to-primitive@1.3.0 OK for: es-abstract@1.24.2 want: ^1.3.0
1967 silly placeDep ROOT function.prototype.name@1.1.8 OK for: es-abstract@1.24.2 want: ^1.1.8
1968 silly placeDep ROOT get-proto@1.0.1 OK for: es-abstract@1.24.2 want: ^1.0.1
1969 silly placeDep ROOT get-symbol-description@1.1.0 OK for: es-abstract@1.24.2 want: ^1.1.0
1970 silly placeDep ROOT globalthis@1.0.4 OK for: es-abstract@1.24.2 want: ^1.0.4
1971 silly placeDep ROOT has-proto@1.2.0 OK for: es-abstract@1.24.2 want: ^1.2.0
1972 silly placeDep ROOT has-symbols@1.1.0 OK for: es-abstract@1.24.2 want: ^1.1.0
1973 silly placeDep ROOT internal-slot@1.1.0 OK for: es-abstract@1.24.2 want: ^1.1.0
1974 silly placeDep ROOT is-array-buffer@3.0.5 OK for: es-abstract@1.24.2 want: ^3.0.5
1975 silly placeDep ROOT is-callable@1.2.7 OK for: es-abstract@1.24.2 want: ^1.2.7
1976 silly placeDep ROOT is-data-view@1.0.2 OK for: es-abstract@1.24.2 want: ^1.0.2
1977 silly placeDep ROOT is-negative-zero@2.0.3 OK for: es-abstract@1.24.2 want: ^2.0.3
1978 silly placeDep ROOT is-regex@1.2.1 OK for: es-abstract@1.24.2 want: ^1.2.1
1979 silly placeDep ROOT is-set@2.0.3 OK for: es-abstract@1.24.2 want: ^2.0.3
1980 silly placeDep ROOT is-shared-array-buffer@1.0.4 OK for: es-abstract@1.24.2 want: ^1.0.4
1981 silly placeDep ROOT is-typed-array@1.1.15 OK for: es-abstract@1.24.2 want: ^1.1.15
1982 silly placeDep ROOT is-weakref@1.1.1 OK for: es-abstract@1.24.2 want: ^1.1.1
1983 silly placeDep ROOT object-inspect@1.13.4 OK for: es-abstract@1.24.2 want: ^1.13.4
1984 silly placeDep ROOT object.assign@4.1.7 OK for: es-abstract@1.24.2 want: ^4.1.7
1985 silly placeDep ROOT own-keys@1.0.1 OK for: es-abstract@1.24.2 want: ^1.0.1
1986 silly placeDep ROOT regexp.prototype.flags@1.5.4 OK for: es-abstract@1.24.2 want: ^1.5.4
1987 silly placeDep ROOT safe-array-concat@1.1.3 OK for: es-abstract@1.24.2 want: ^1.1.3
1988 silly placeDep ROOT safe-push-apply@1.0.0 OK for: es-abstract@1.24.2 want: ^1.0.0
1989 silly placeDep ROOT safe-regex-test@1.1.0 OK for: es-abstract@1.24.2 want: ^1.1.0
1990 silly placeDep ROOT set-proto@1.0.0 OK for: es-abstract@1.24.2 want: ^1.0.0
1991 silly placeDep ROOT stop-iteration-iterator@1.1.0 OK for: es-abstract@1.24.2 want: ^1.1.0
1992 silly placeDep ROOT string.prototype.trim@1.2.10 OK for: es-abstract@1.24.2 want: ^1.2.10
1993 silly placeDep ROOT string.prototype.trimstart@1.0.8 OK for: es-abstract@1.24.2 want: ^1.0.8
1994 silly placeDep ROOT typed-array-buffer@1.0.3 OK for: es-abstract@1.24.2 want: ^1.0.3
1995 silly placeDep ROOT typed-array-byte-length@1.0.3 OK for: es-abstract@1.24.2 want: ^1.0.3
1996 silly placeDep ROOT typed-array-byte-offset@1.0.4 OK for: es-abstract@1.24.2 want: ^1.0.4
1997 silly placeDep ROOT typed-array-length@1.0.7 OK for: es-abstract@1.24.2 want: ^1.0.7
1998 silly placeDep ROOT unbox-primitive@1.1.0 OK for: es-abstract@1.24.2 want: ^1.1.0
1999 silly placeDep ROOT which-typed-array@1.1.20 OK for: es-abstract@1.24.2 want: ^1.1.19
2000 silly fetch manifest is-array-buffer@^3.0.4
2001 silly packumentCache full:https://registry.npmjs.org/is-array-buffer cache-hit
2002 silly fetch manifest possible-typed-array-names@^1.0.0
2003 silly packumentCache full:https://registry.npmjs.org/possible-typed-array-names cache-miss
2004 silly fetch manifest is-data-view@^1.0.1
2005 silly packumentCache full:https://registry.npmjs.org/is-data-view cache-hit
2006 silly fetch manifest is-date-object@^1.0.5
2007 silly packumentCache full:https://registry.npmjs.org/is-date-object cache-miss
2008 silly fetch manifest is-symbol@^1.0.4
2009 silly packumentCache full:https://registry.npmjs.org/is-symbol cache-miss
2010 silly fetch manifest functions-have-names@^1.2.3
2011 silly packumentCache full:https://registry.npmjs.org/functions-have-names cache-miss
2012 silly fetch manifest dunder-proto@^1.0.1
2013 silly packumentCache full:https://registry.npmjs.org/dunder-proto cache-miss
2014 silly fetch manifest dunder-proto@^1.0.0
2015 silly packumentCache full:https://registry.npmjs.org/dunder-proto cache-miss
2016 silly fetch manifest side-channel@^1.1.0
2017 silly packumentCache full:https://registry.npmjs.org/side-channel cache-miss
2018 http cache https://registry.npmjs.org/dunder-proto 22ms (cache hit)
2019 silly packumentCache full:https://registry.npmjs.org/dunder-proto set size:8256 disposed:false
2020 silly fetch manifest is-typed-array@^1.1.13
2021 silly packumentCache full:https://registry.npmjs.org/is-typed-array cache-hit
2022 silly fetch manifest which-typed-array@^1.1.16
2023 silly packumentCache full:https://registry.npmjs.org/which-typed-array cache-hit
2024 silly fetch manifest set-function-name@^2.0.2
2025 silly packumentCache full:https://registry.npmjs.org/set-function-name cache-miss
2026 http cache https://registry.npmjs.org/possible-typed-array-names 24ms (cache hit)
2027 silly packumentCache full:https://registry.npmjs.org/possible-typed-array-names set size:9167 disposed:false
2028 silly fetch manifest isarray@^2.0.5
2029 silly packumentCache full:https://registry.npmjs.org/isarray cache-miss
2030 http cache https://registry.npmjs.org/dunder-proto 24ms (cache hit)
2031 silly packumentCache full:https://registry.npmjs.org/dunder-proto set size:8256 disposed:false
2032 silly packumentCache full:https://registry.npmjs.org/dunder-proto dispose
2033 silly fetch manifest isarray@^2.0.5
2034 silly packumentCache full:https://registry.npmjs.org/isarray cache-miss
2035 http cache https://registry.npmjs.org/is-symbol 24ms (cache hit)
2036 silly packumentCache full:https://registry.npmjs.org/is-symbol set size:22675 disposed:false
2037 silly fetch manifest for-each@^0.3.3
2038 silly packumentCache full:https://registry.npmjs.org/for-each cache-miss
2039 http cache https://registry.npmjs.org/is-date-object 24ms (cache hit)
2040 silly packumentCache full:https://registry.npmjs.org/is-date-object set size:25050 disposed:false
2041 silly fetch manifest for-each@^0.3.3
2042 silly packumentCache full:https://registry.npmjs.org/for-each cache-miss
2043 http cache https://registry.npmjs.org/functions-have-names 25ms (cache hit)
2044 silly packumentCache full:https://registry.npmjs.org/functions-have-names set size:24196 disposed:false
2045 silly fetch manifest reflect.getprototypeof@^1.0.9
2046 silly packumentCache full:https://registry.npmjs.org/reflect.getprototypeof cache-miss
2047 http cache https://registry.npmjs.org/side-channel 26ms (cache hit)
2048 silly packumentCache full:https://registry.npmjs.org/side-channel set size:24660 disposed:false
2049 silly fetch manifest for-each@^0.3.3
2050 silly packumentCache full:https://registry.npmjs.org/for-each cache-miss
2051 http cache https://registry.npmjs.org/set-function-name 7ms (cache hit)
2052 silly packumentCache full:https://registry.npmjs.org/set-function-name set size:13766 disposed:false
2053 silly fetch manifest reflect.getprototypeof@^1.0.6
2054 silly packumentCache full:https://registry.npmjs.org/reflect.getprototypeof cache-miss
2055 http cache https://registry.npmjs.org/isarray 7ms (cache hit)
2056 silly packumentCache full:https://registry.npmjs.org/isarray set size:17392 disposed:false
2057 silly fetch manifest has-bigints@^1.0.2
2058 silly packumentCache full:https://registry.npmjs.org/has-bigints cache-miss
2059 http cache https://registry.npmjs.org/reflect.getprototypeof 5ms (cache hit)
2060 silly packumentCache full:https://registry.npmjs.org/reflect.getprototypeof set size:44083 disposed:false
2061 silly fetch manifest which-boxed-primitive@^1.1.1
2062 silly packumentCache full:https://registry.npmjs.org/which-boxed-primitive cache-miss
2063 http cache https://registry.npmjs.org/isarray 9ms (cache hit)
2064 silly packumentCache full:https://registry.npmjs.org/isarray set size:17392 disposed:false
2065 silly packumentCache full:https://registry.npmjs.org/isarray dispose
2066 silly fetch manifest for-each@^0.3.5
2067 silly packumentCache full:https://registry.npmjs.org/for-each cache-miss
2068 http cache https://registry.npmjs.org/for-each 7ms (cache hit)
2069 silly packumentCache full:https://registry.npmjs.org/for-each set size:14327 disposed:false
2070 http cache https://registry.npmjs.org/for-each 9ms (cache hit)
2071 silly packumentCache full:https://registry.npmjs.org/for-each set size:14327 disposed:false
2072 silly packumentCache full:https://registry.npmjs.org/for-each dispose
2073 http cache https://registry.npmjs.org/for-each 7ms (cache hit)
2074 silly packumentCache full:https://registry.npmjs.org/for-each set size:14327 disposed:true
2075 silly packumentCache full:https://registry.npmjs.org/for-each dispose
2076 http cache https://registry.npmjs.org/for-each 3ms (cache hit)
2077 silly packumentCache full:https://registry.npmjs.org/for-each set size:14327 disposed:true
2078 silly packumentCache full:https://registry.npmjs.org/for-each dispose
2079 http cache https://registry.npmjs.org/which-boxed-primitive 3ms (cache hit)
2080 silly packumentCache full:https://registry.npmjs.org/which-boxed-primitive set size:19407 disposed:false
2081 http cache https://registry.npmjs.org/reflect.getprototypeof 5ms (cache hit)
2082 silly packumentCache full:https://registry.npmjs.org/reflect.getprototypeof set size:44083 disposed:false
2083 silly packumentCache full:https://registry.npmjs.org/reflect.getprototypeof dispose
2084 http cache https://registry.npmjs.org/has-bigints 6ms (cache hit)
2085 silly packumentCache full:https://registry.npmjs.org/has-bigints set size:14176 disposed:false
2086 silly placeDep ROOT possible-typed-array-names@1.1.0 OK for: available-typed-arrays@1.0.7 want: ^1.0.0
2087 silly placeDep ROOT has-tostringtag@1.0.2 OK for: es-set-tostringtag@2.1.0 want: ^1.0.2
2088 silly placeDep ROOT is-date-object@1.1.0 OK for: es-to-primitive@1.3.0 want: ^1.0.5
2089 silly placeDep ROOT is-symbol@1.1.1 OK for: es-to-primitive@1.3.0 want: ^1.0.4
2090 silly placeDep node_modules/eslint-import-resolver-node debug@3.2.7 OK for: eslint-import-resolver-node@0.3.10 want: ^3.2.7
2091 silly placeDep ROOT resolve@2.0.0-next.6 OK for: eslint-import-resolver-node@0.3.10 want: ^2.0.0-next.6
2092 silly fetch manifest path-parse@^1.0.7
2093 silly packumentCache full:https://registry.npmjs.org/path-parse cache-miss
2094 silly fetch manifest node-exports-info@^1.6.0
2095 silly packumentCache full:https://registry.npmjs.org/node-exports-info cache-miss
2096 silly fetch manifest supports-preserve-symlinks-flag@^1.0.0
2097 silly packumentCache full:https://registry.npmjs.org/supports-preserve-symlinks-flag cache-miss
2098 http cache https://registry.npmjs.org/path-parse 3ms (cache hit)
2099 silly packumentCache full:https://registry.npmjs.org/path-parse set size:14523 disposed:false
2100 http cache https://registry.npmjs.org/node-exports-info 3ms (cache hit)
2101 silly packumentCache full:https://registry.npmjs.org/node-exports-info set size:58723 disposed:false
2102 http cache https://registry.npmjs.org/supports-preserve-symlinks-flag 2ms (cache hit)
2103 silly packumentCache full:https://registry.npmjs.org/supports-preserve-symlinks-flag set size:6802 disposed:false
2104 silly placeDep node_modules/eslint-module-utils debug@3.2.7 OK for: eslint-module-utils@2.12.1 want: ^3.2.7
2105 silly placeDep ROOT array.prototype.findlast@1.2.5 OK for: eslint-plugin-react@7.37.5 want: ^1.2.5
2106 silly placeDep ROOT array.prototype.tosorted@1.1.4 OK for: eslint-plugin-react@7.37.5 want: ^1.1.4
2107 silly placeDep ROOT es-iterator-helpers@1.3.2 OK for: eslint-plugin-react@7.37.5 want: ^1.2.1
2108 silly placeDep ROOT estraverse@5.3.0 OK for: eslint-plugin-react@7.37.5 want: ^5.3.0
2109 silly placeDep ROOT jsx-ast-utils@3.3.5 OK for: eslint-plugin-react@7.37.5 want: ^2.4.1 || ^3.0.0
2110 silly placeDep ROOT object.entries@1.1.9 OK for: eslint-plugin-react@7.37.5 want: ^1.1.9
2111 silly placeDep ROOT prop-types@15.8.1 OK for: eslint-plugin-react@7.37.5 want: ^15.8.1
2112 silly placeDep ROOT string.prototype.matchall@4.0.12 OK for: eslint-plugin-react@7.37.5 want: ^4.0.12
2113 silly placeDep ROOT string.prototype.repeat@1.0.0 OK for: eslint-plugin-react@7.37.5 want: ^1.0.0
2114 silly fetch manifest iterator.prototype@^1.1.5
2115 silly packumentCache full:https://registry.npmjs.org/iterator.prototype cache-miss
2116 silly fetch manifest loose-envify@^1.4.0
2117 silly packumentCache full:https://registry.npmjs.org/loose-envify cache-miss
2118 silly fetch manifest object-assign@^4.1.1
2119 silly packumentCache full:https://registry.npmjs.org/object-assign cache-miss
2120 silly fetch manifest react-is@^16.13.1
2121 silly packumentCache full:https://registry.npmjs.org/react-is cache-miss
2122 http cache https://registry.npmjs.org/react-is 7ms (cache hit)
2123 silly packumentCache full:https://registry.npmjs.org/react-is set size:5352319 disposed:false
2124 http cache https://registry.npmjs.org/iterator.prototype 26ms (cache hit)
2125 silly packumentCache full:https://registry.npmjs.org/iterator.prototype set size:26870 disposed:false
2126 http cache https://registry.npmjs.org/object-assign 26ms (cache hit)
2127 silly packumentCache full:https://registry.npmjs.org/object-assign set size:28988 disposed:false
2128 http cache https://registry.npmjs.org/loose-envify 27ms (cache hit)
2129 silly packumentCache full:https://registry.npmjs.org/loose-envify set size:12559 disposed:false
2130 silly placeDep ROOT iterator.prototype@1.1.5 OK for: es-iterator-helpers@1.3.2 want: ^1.1.5
2131 silly placeDep ROOT esrecurse@4.3.0 OK for: eslint-scope@8.4.0 want: ^4.3.0
2132 silly placeDep ROOT acorn@8.16.0 OK for: espree@10.4.0 want: ^8.15.0
2133 silly placeDep ROOT acorn-jsx@5.3.2 OK for: espree@10.4.0 want: ^5.3.2
2134 silly fetch manifest expo@*
2135 silly packumentCache full:https://registry.npmjs.org/expo cache-miss
2136 http cache https://registry.npmjs.org/expo 7ms (cache hit)
2137 silly packumentCache full:https://registry.npmjs.org/expo set size:3631121 disposed:false
2138 silly fetch manifest react@*
2139 silly packumentCache full:https://registry.npmjs.org/react cache-miss
2140 http cache https://registry.npmjs.org/react 27ms (cache hit)
2141 silly packumentCache full:https://registry.npmjs.org/react set size:6613874 disposed:false
2142 silly fetch manifest react-native@*
2143 silly packumentCache full:https://registry.npmjs.org/react-native cache-miss
2144 http cache https://registry.npmjs.org/react-native 22ms (cache hit)
2145 silly packumentCache full:https://registry.npmjs.org/react-native set size:15135231 disposed:false
2146 silly fetch manifest @react-native/jest-preset@0.85.1
2147 silly packumentCache full:https://registry.npmjs.org/@react-native%2fjest-preset cache-miss
2148 http cache https://registry.npmjs.org/@react-native%2fjest-preset 4ms (cache hit)
2149 silly packumentCache full:https://registry.npmjs.org/@react-native%2fjest-preset set size:116665 disposed:false
2150 silly fetch manifest @types/react@^19.1.1
2151 silly packumentCache full:https://registry.npmjs.org/@types%2freact cache-miss
2152 http cache https://registry.npmjs.org/@types%2freact 4ms (cache hit)
2153 silly packumentCache full:https://registry.npmjs.org/@types%2freact set size:2588964 disposed:false
2154 silly fetch manifest react-dom@*
2155 silly packumentCache full:https://registry.npmjs.org/react-dom cache-miss
2156 http cache https://registry.npmjs.org/react-dom 18ms (cache hit)
2157 silly packumentCache full:https://registry.npmjs.org/react-dom set size:8805723 disposed:false
2158 silly fetch manifest expo-router@*
2159 silly packumentCache full:https://registry.npmjs.org/expo-router cache-miss
2160 http cache https://registry.npmjs.org/expo-router 3ms (cache hit)
2161 silly packumentCache full:https://registry.npmjs.org/expo-router set size:1674961 disposed:false
2162 silly fetch manifest @expo/log-box@55.0.10
2163 silly packumentCache full:https://registry.npmjs.org/@expo%2flog-box cache-miss
2164 http cache https://registry.npmjs.org/@expo%2flog-box 4ms (cache hit)
2165 silly packumentCache full:https://registry.npmjs.org/@expo%2flog-box set size:145862 disposed:false
2166 silly fetch manifest @react-navigation/drawer@^7.9.4
2167 silly packumentCache full:https://registry.npmjs.org/@react-navigation%2fdrawer cache-miss
2168 http cache https://registry.npmjs.org/@react-navigation%2fdrawer 3ms (cache hit)
2169 silly packumentCache full:https://registry.npmjs.org/@react-navigation%2fdrawer set size:1218846 disposed:false
2170 silly fetch manifest @react-navigation/native@^7.2.2
2171 silly packumentCache full:https://registry.npmjs.org/@react-navigation%2fnative cache-miss
2172 http cache https://registry.npmjs.org/@react-navigation%2fnative 3ms (cache hit)
2173 silly packumentCache full:https://registry.npmjs.org/@react-navigation%2fnative set size:1074065 disposed:false
2174 silly fetch manifest react-native-gesture-handler@>= 2.0.0
2175 silly packumentCache full:https://registry.npmjs.org/react-native-gesture-handler cache-hit
2176 silly fetch manifest react-native-reanimated@>= 2.0.0
2177 silly packumentCache full:https://registry.npmjs.org/react-native-reanimated cache-miss
2178 http cache https://registry.npmjs.org/react-native-reanimated 13ms (cache hit)
2179 silly packumentCache full:https://registry.npmjs.org/react-native-reanimated set size:10666794 disposed:false
2180 silly fetch manifest react-native-worklets@0.8.x
2181 silly packumentCache full:https://registry.npmjs.org/react-native-worklets cache-miss
2182 http cache https://registry.npmjs.org/react-native-worklets 12ms (cache hit)
2183 silly packumentCache full:https://registry.npmjs.org/react-native-worklets set size:2503720 disposed:false
2184 silly fetch manifest @babel/core@*
2185 silly packumentCache full:https://registry.npmjs.org/@babel%2fcore cache-hit
2186 silly fetch manifest @react-native/metro-config@*
2187 silly packumentCache full:https://registry.npmjs.org/@react-native%2fmetro-config cache-miss
2188 http cache https://registry.npmjs.org/@react-native%2fmetro-config 6ms (cache hit)
2189 silly packumentCache full:https://registry.npmjs.org/@react-native%2fmetro-config set size:2118962 disposed:false
2190 silly fetch manifest react-native-safe-area-context@>= 4.0.0
2191 silly packumentCache full:https://registry.npmjs.org/react-native-safe-area-context cache-hit
2192 silly fetch manifest react-native-screens@>= 4.0.0
2193 silly packumentCache full:https://registry.npmjs.org/react-native-screens cache-miss
2194 http cache https://registry.npmjs.org/react-native-screens 4ms (cache hit)
2195 silly packumentCache full:https://registry.npmjs.org/react-native-screens set size:3757676 disposed:false
2196 silly fetch manifest @testing-library/react-native@>= 13.2.0
2197 silly packumentCache full:https://registry.npmjs.org/@testing-library%2freact-native cache-hit
2198 silly fetch manifest expo-constants@^55.0.13
2199 silly packumentCache full:https://registry.npmjs.org/expo-constants cache-hit
2200 silly fetch manifest expo-linking@^55.0.12
2201 silly packumentCache full:https://registry.npmjs.org/expo-linking cache-hit
2202 silly fetch manifest react-native-web@*
2203 silly packumentCache full:https://registry.npmjs.org/react-native-web cache-miss
2204 http cache https://registry.npmjs.org/react-native-web 2ms (cache hit)
2205 silly packumentCache full:https://registry.npmjs.org/react-native-web set size:1090363 disposed:false
2206 silly placeDep ROOT @babel/runtime@7.29.2 OK for: expo@54.0.33 want: ^7.20.0
2207 silly placeDep node_modules/expo @expo/cli@54.0.23 CONFLICT for: expo@54.0.33 want: 54.0.23
2208 silly placeDep ROOT @expo/config@12.0.13 OK for: expo@54.0.33 want: ~12.0.13
2209 silly placeDep ROOT @expo/config-plugins@54.0.4 OK for: expo@54.0.33 want: ~54.0.4
2210 silly placeDep ROOT @expo/devtools@0.1.8 OK for: expo@54.0.33 want: 0.1.8
2211 silly placeDep ROOT @expo/fingerprint@0.15.4 OK for: expo@54.0.33 want: 0.15.4
2212 silly placeDep ROOT @expo/metro@54.2.0 OK for: expo@54.0.33 want: ~54.2.0
2213 silly placeDep ROOT @expo/metro-config@54.0.14 OK for: expo@54.0.33 want: 54.0.14
2214 silly placeDep ROOT @ungap/structured-clone@1.3.0 OK for: expo@54.0.33 want: ^1.3.0
2215 silly placeDep ROOT babel-preset-expo@54.0.10 OK for: expo@54.0.33 want: ~54.0.10
2216 silly placeDep ROOT react-refresh@0.14.2 OK for: babel-preset-expo@54.0.10 want: >=0.14.0 <1.0.0
2217 silly placeDep ROOT expo-asset@12.0.12 OK for: expo@54.0.33 want: ~12.0.12
2218 silly placeDep ROOT expo-file-system@19.0.21 OK for: expo@54.0.33 want: ~19.0.21
2219 silly placeDep ROOT expo-keep-awake@15.0.8 OK for: expo@54.0.33 want: ~15.0.8
2220 silly placeDep ROOT expo-modules-autolinking@3.0.24 OK for: expo@54.0.33 want: 3.0.24
2221 silly placeDep ROOT expo-modules-core@3.0.29 OK for: expo@54.0.33 want: 3.0.29
2222 silly placeDep ROOT pretty-format@29.7.0 OK for: expo@54.0.33 want: ^29.7.0
2223 silly placeDep ROOT whatwg-url-without-unicode@8.0.0-3 OK for: expo@54.0.33 want: 8.0.0-3
2224 silly fetch manifest ws@^8.12.1
2225 silly packumentCache full:https://registry.npmjs.org/ws cache-hit
2226 silly fetch manifest arg@^5.0.2
2227 silly packumentCache full:https://registry.npmjs.org/arg cache-miss
2228 silly fetch manifest ora@^3.4.0
2229 silly packumentCache full:https://registry.npmjs.org/ora cache-miss
2230 silly fetch manifest tar@^7.5.2
2231 silly packumentCache full:https://registry.npmjs.org/tar cache-miss
2232 silly fetch manifest glob@^13.0.0
2233 silly packumentCache full:https://registry.npmjs.org/glob cache-hit
2234 silly fetch manifest send@^0.19.0
2235 silly packumentCache full:https://registry.npmjs.org/send cache-miss
2236 silly fetch manifest getenv@^2.0.0
2237 silly packumentCache full:https://registry.npmjs.org/getenv cache-miss
2238 silly fetch manifest semver@^7.6.0
2239 silly packumentCache full:https://registry.npmjs.org/semver cache-hit
2240 silly fetch manifest undici@^6.18.2
2241 silly packumentCache full:https://registry.npmjs.org/undici cache-miss
2242 silly fetch manifest accepts@^1.3.8
2243 silly packumentCache full:https://registry.npmjs.org/accepts cache-miss
2244 http cache https://registry.npmjs.org/ora 4ms (cache hit)
2245 silly packumentCache full:https://registry.npmjs.org/ora set size:142374 disposed:false
2246 silly fetch manifest ci-info@^3.3.0
2247 silly packumentCache full:https://registry.npmjs.org/ci-info cache-miss
2248 http cache https://registry.npmjs.org/arg 6ms (cache hit)
2249 silly packumentCache full:https://registry.npmjs.org/arg set size:67036 disposed:false
2250 silly fetch manifest connect@^3.7.0
2251 silly packumentCache full:https://registry.npmjs.org/connect cache-miss
2252 http cache https://registry.npmjs.org/getenv 6ms (cache hit)
2253 silly packumentCache full:https://registry.npmjs.org/getenv set size:20110 disposed:false
2254 silly fetch manifest prompts@^2.3.2
2255 silly packumentCache full:https://registry.npmjs.org/prompts cache-miss
2256 http cache https://registry.npmjs.org/tar 7ms (cache hit)
2257 silly packumentCache full:https://registry.npmjs.org/tar set size:531438 disposed:false
2258 silly fetch manifest resolve@^1.22.2
2259 silly packumentCache full:https://registry.npmjs.org/resolve cache-hit
2260 silly fetch manifest slugify@^1.3.4
2261 silly packumentCache full:https://registry.npmjs.org/slugify cache-miss
2262 http cache https://registry.npmjs.org/accepts 8ms (cache hit)
2263 silly packumentCache full:https://registry.npmjs.org/accepts set size:77054 disposed:false
2264 silly fetch manifest progress@^2.0.3
2265 silly packumentCache full:https://registry.npmjs.org/progress cache-miss
2266 http cache https://registry.npmjs.org/undici 11ms (cache hit)
2267 silly packumentCache full:https://registry.npmjs.org/undici set size:1370112 disposed:false
2268 silly fetch manifest requireg@^0.2.2
2269 silly packumentCache full:https://registry.npmjs.org/requireg cache-miss
2270 http cache https://registry.npmjs.org/send 16ms (cache hit)
2271 silly packumentCache full:https://registry.npmjs.org/send set size:152810 disposed:false
2272 silly fetch manifest minimatch@^9.0.0
2273 silly packumentCache full:https://registry.npmjs.org/minimatch cache-hit
2274 silly fetch manifest picomatch@^3.0.1
2275 silly packumentCache full:https://registry.npmjs.org/picomatch cache-hit
2276 silly fetch manifest wrap-ansi@^7.0.0
2277 silly packumentCache full:https://registry.npmjs.org/wrap-ansi cache-miss
2278 http cache https://registry.npmjs.org/progress 11ms (cache hit)
2279 silly packumentCache full:https://registry.npmjs.org/progress set size:34179 disposed:false
2280 silly fetch manifest @urql/core@^5.0.6
2281 silly packumentCache full:https://registry.npmjs.org/@urql%2fcore cache-miss
2282 http cache https://registry.npmjs.org/connect 16ms (cache hit)
2283 silly packumentCache full:https://registry.npmjs.org/connect set size:438385 disposed:false
2284 silly fetch manifest better-opn@~3.0.2
2285 silly packumentCache full:https://registry.npmjs.org/better-opn cache-miss
2286 http cache https://registry.npmjs.org/requireg 9ms (cache hit)
2287 silly packumentCache full:https://registry.npmjs.org/requireg set size:25788 disposed:false
2288 silly fetch manifest env-editor@^0.4.1
2289 silly packumentCache full:https://registry.npmjs.org/env-editor cache-miss
2290 http cache https://registry.npmjs.org/prompts 18ms (cache hit)
2291 silly packumentCache full:https://registry.npmjs.org/prompts set size:115896 disposed:false
2292 silly fetch manifest node-forge@^1.3.3
2293 silly packumentCache full:https://registry.npmjs.org/node-forge cache-miss
2294 http cache https://registry.npmjs.org/wrap-ansi 8ms (cache hit)
2295 silly packumentCache full:https://registry.npmjs.org/wrap-ansi set size:55299 disposed:false
2296 silly fetch manifest @expo/plist@^0.4.8
2297 silly packumentCache full:https://registry.npmjs.org/@expo%2fplist cache-miss
2298 http cache https://registry.npmjs.org/ci-info 21ms (cache hit)
2299 silly packumentCache full:https://registry.npmjs.org/ci-info set size:91363 disposed:false
2300 silly fetch manifest compression@^1.7.4
2301 silly packumentCache full:https://registry.npmjs.org/compression cache-miss
2302 http cache https://registry.npmjs.org/slugify 17ms (cache hit)
2303 silly packumentCache full:https://registry.npmjs.org/slugify set size:103522 disposed:false
2304 silly fetch manifest lan-network@^0.1.6
2305 silly packumentCache full:https://registry.npmjs.org/lan-network cache-miss
2306 http cache https://registry.npmjs.org/env-editor 10ms (cache hit)
2307 silly packumentCache full:https://registry.npmjs.org/env-editor set size:31241 disposed:false
2308 silly fetch manifest pretty-bytes@^5.6.0
2309 silly packumentCache full:https://registry.npmjs.org/pretty-bytes cache-miss
2310 http cache https://registry.npmjs.org/better-opn 10ms (cache hit)
2311 silly packumentCache full:https://registry.npmjs.org/better-opn set size:48876 disposed:false
2312 silly fetch manifest resolve-from@^5.0.0
2313 silly packumentCache full:https://registry.npmjs.org/resolve-from cache-hit
2314 silly fetch manifest @expo/devcert@^1.2.1
2315 silly packumentCache full:https://registry.npmjs.org/@expo%2fdevcert cache-miss
2316 http cache https://registry.npmjs.org/compression 9ms (cache hit)
2317 silly packumentCache full:https://registry.npmjs.org/compression set size:98448 disposed:false
2318 silly fetch manifest bplist-parser@^0.3.1
2319 silly packumentCache full:https://registry.npmjs.org/bplist-parser cache-miss
2320 http cache https://registry.npmjs.org/@urql%2fcore 16ms (cache hit)
2321 silly packumentCache full:https://registry.npmjs.org/@urql%2fcore set size:1252254 disposed:false
2322 silly fetch manifest terminal-link@^2.1.1
2323 silly packumentCache full:https://registry.npmjs.org/terminal-link cache-miss
2324 http cache https://registry.npmjs.org/node-forge 18ms (cache hit)
2325 silly packumentCache full:https://registry.npmjs.org/node-forge set size:394631 disposed:false
2326 silly fetch manifest @expo/xcpretty@^4.3.0
2327 silly packumentCache full:https://registry.npmjs.org/@expo%2fxcpretty cache-miss
2328 http cache https://registry.npmjs.org/@expo%2fplist 20ms (cache hit)
2329 silly packumentCache full:https://registry.npmjs.org/@expo%2fplist set size:501835 disposed:false
2330 silly fetch manifest bplist-creator@0.1.0
2331 silly packumentCache full:https://registry.npmjs.org/bplist-creator cache-miss
2332 http cache https://registry.npmjs.org/lan-network 22ms (cache hit)
2333 silly packumentCache full:https://registry.npmjs.org/lan-network set size:65284 disposed:false
2334 silly fetch manifest freeport-async@^2.0.0
2335 silly packumentCache full:https://registry.npmjs.org/freeport-async cache-miss
2336 http cache https://registry.npmjs.org/pretty-bytes 21ms (cache hit)
2337 silly packumentCache full:https://registry.npmjs.org/pretty-bytes set size:64558 disposed:false
2338 silly fetch manifest @expo/json-file@^10.0.8
2339 silly packumentCache full:https://registry.npmjs.org/@expo%2fjson-file cache-miss
2340 http cache https://registry.npmjs.org/terminal-link 14ms (cache hit)
2341 silly packumentCache full:https://registry.npmjs.org/terminal-link set size:26728 disposed:false
2342 silly fetch manifest @expo/osascript@^2.3.8
2343 silly packumentCache full:https://registry.npmjs.org/@expo%2fosascript cache-miss
2344 http cache https://registry.npmjs.org/@expo%2fxcpretty 11ms (cache hit)
2345 silly packumentCache full:https://registry.npmjs.org/@expo%2fxcpretty set size:121361 disposed:false
2346 silly fetch manifest @expo/ws-tunnel@^1.0.1
2347 silly packumentCache full:https://registry.npmjs.org/@expo%2fws-tunnel cache-miss
2348 http cache https://registry.npmjs.org/bplist-creator 8ms (cache hit)
2349 silly packumentCache full:https://registry.npmjs.org/bplist-creator set size:18748 disposed:false
2350 silly fetch manifest npm-package-arg@^11.0.0
2351 silly packumentCache full:https://registry.npmjs.org/npm-package-arg cache-miss
2352 http cache https://registry.npmjs.org/freeport-async 8ms (cache hit)
2353 silly packumentCache full:https://registry.npmjs.org/freeport-async set size:10243 disposed:false
2354 silly fetch manifest qrcode-terminal@0.11.0
2355 silly packumentCache full:https://registry.npmjs.org/qrcode-terminal cache-miss
2356 http cache https://registry.npmjs.org/bplist-parser 26ms (cache hit)
2357 silly packumentCache full:https://registry.npmjs.org/bplist-parser set size:21877 disposed:false
2358 silly fetch manifest resolve.exports@^2.0.3
2359 silly packumentCache full:https://registry.npmjs.org/resolve.exports cache-miss
2360 http cache https://registry.npmjs.org/@expo%2fdevcert 27ms (cache hit)
2361 silly packumentCache full:https://registry.npmjs.org/@expo%2fdevcert set size:37746 disposed:false
2362 silly fetch manifest @expo/image-utils@^0.8.8
2363 silly packumentCache full:https://registry.npmjs.org/@expo%2fimage-utils cache-miss
2364 http cache https://registry.npmjs.org/@expo%2fjson-file 11ms (cache hit)
2365 silly packumentCache full:https://registry.npmjs.org/@expo%2fjson-file set size:704586 disposed:false
2366 silly fetch manifest @expo/spawn-async@^1.7.2
2367 silly packumentCache full:https://registry.npmjs.org/@expo%2fspawn-async cache-miss
2368 http cache https://registry.npmjs.org/@expo%2fosascript 13ms (cache hit)
2369 silly packumentCache full:https://registry.npmjs.org/@expo%2fosascript set size:592143 disposed:false
2370 silly fetch manifest @expo/metro-config@~54.0.14
2371 silly packumentCache full:https://registry.npmjs.org/@expo%2fmetro-config cache-miss
2372 http cache https://registry.npmjs.org/resolve.exports 10ms (cache hit)
2373 silly packumentCache full:https://registry.npmjs.org/resolve.exports set size:49558 disposed:false
2374 silly fetch manifest source-map-support@~0.5.21
2375 silly packumentCache full:https://registry.npmjs.org/source-map-support cache-miss
2376 http cache https://registry.npmjs.org/npm-package-arg 15ms (cache hit)
2377 silly packumentCache full:https://registry.npmjs.org/npm-package-arg set size:131397 disposed:false
2378 silly fetch manifest structured-headers@^0.4.1
2379 silly packumentCache full:https://registry.npmjs.org/structured-headers cache-miss
2380 http cache https://registry.npmjs.org/@expo%2fws-tunnel 17ms (cache hit)
2381 silly packumentCache full:https://registry.npmjs.org/@expo%2fws-tunnel set size:22270 disposed:false
2382 silly fetch manifest @0no-co/graphql.web@^1.0.8
2383 silly packumentCache full:https://registry.npmjs.org/@0no-co%2fgraphql.web cache-miss
2384 http cache https://registry.npmjs.org/qrcode-terminal 15ms (cache hit)
2385 silly packumentCache full:https://registry.npmjs.org/qrcode-terminal set size:29799 disposed:false
2386 silly fetch manifest require-from-string@^2.0.2
2387 silly packumentCache full:https://registry.npmjs.org/require-from-string cache-miss
2388 http cache https://registry.npmjs.org/@expo%2fimage-utils 13ms (cache hit)
2389 silly packumentCache full:https://registry.npmjs.org/@expo%2fimage-utils set size:730707 disposed:false
2390 silly fetch manifest @urql/exchange-retry@^1.3.0
2391 silly packumentCache full:https://registry.npmjs.org/@urql%2fexchange-retry cache-miss
2392 http cache https://registry.npmjs.org/@expo%2fmetro-config 10ms (cache hit)
2393 silly packumentCache full:https://registry.npmjs.org/@expo%2fmetro-config set size:1411109 disposed:false
2394 silly fetch manifest @expo/package-manager@^1.9.10
2395 silly packumentCache full:https://registry.npmjs.org/@expo%2fpackage-manager cache-miss
2396 http cache https://registry.npmjs.org/@expo%2fspawn-async 18ms (cache hit)
2397 silly packumentCache full:https://registry.npmjs.org/@expo%2fspawn-async set size:40364 disposed:false
2398 silly fetch manifest @react-native/dev-middleware@0.81.5
2399 silly packumentCache full:https://registry.npmjs.org/@react-native%2fdev-middleware cache-miss
2400 http cache https://registry.npmjs.org/@0no-co%2fgraphql.web 14ms (cache hit)
2401 silly packumentCache full:https://registry.npmjs.org/@0no-co%2fgraphql.web set size:220436 disposed:false
2402 silly fetch manifest @expo/code-signing-certificates@^0.0.6
2403 silly packumentCache full:https://registry.npmjs.org/@expo%2fcode-signing-certificates cache-miss
2404 http cache https://registry.npmjs.org/source-map-support 18ms (cache hit)
2405 silly packumentCache full:https://registry.npmjs.org/source-map-support set size:125488 disposed:false
2406 silly fetch manifest sucrase@~3.35.1
2407 silly packumentCache full:https://registry.npmjs.org/sucrase cache-miss
2408 http cache https://registry.npmjs.org/require-from-string 15ms (cache hit)
2409 silly packumentCache full:https://registry.npmjs.org/require-from-string set size:15128 disposed:false
2410 silly fetch manifest deepmerge@^4.3.1
2411 silly packumentCache full:https://registry.npmjs.org/deepmerge cache-miss
2412 http cache https://registry.npmjs.org/structured-headers 17ms (cache hit)
2413 silly packumentCache full:https://registry.npmjs.org/structured-headers set size:38215 disposed:false
2414 silly fetch manifest @babel/code-frame@~7.10.4
2415 silly packumentCache full:https://registry.npmjs.org/@babel%2fcode-frame cache-hit
2416 silly fetch manifest @expo/config-types@^54.0.10
2417 silly packumentCache full:https://registry.npmjs.org/@expo%2fconfig-types cache-miss
2418 http cache https://registry.npmjs.org/@urql%2fexchange-retry 14ms (cache hit)
2419 silly packumentCache full:https://registry.npmjs.org/@urql%2fexchange-retry set size:293014 disposed:false
2420 silly fetch manifest resolve-workspace-root@^2.0.0
2421 silly packumentCache full:https://registry.npmjs.org/resolve-workspace-root cache-miss
2422 http cache https://registry.npmjs.org/@expo%2fcode-signing-certificates 8ms (cache hit)
2423 silly packumentCache full:https://registry.npmjs.org/@expo%2fcode-signing-certificates set size:29592 disposed:false
2424 silly fetch manifest slash@^3.0.0
2425 silly packumentCache full:https://registry.npmjs.org/slash cache-miss
2426 http cache https://registry.npmjs.org/@expo%2fpackage-manager 11ms (cache hit)
2427 silly packumentCache full:https://registry.npmjs.org/@expo%2fpackage-manager set size:813909 disposed:false
2428 silly fetch manifest xcode@^3.0.1
2429 silly packumentCache full:https://registry.npmjs.org/xcode cache-miss
2430 http cache https://registry.npmjs.org/@react-native%2fdev-middleware 15ms (cache hit)
2431 silly packumentCache full:https://registry.npmjs.org/@react-native%2fdev-middleware set size:2318581 disposed:false
2432 silly fetch manifest semver@^7.5.4
2433 silly packumentCache full:https://registry.npmjs.org/semver cache-hit
2434 silly fetch manifest xml2js@0.6.0
2435 silly packumentCache full:https://registry.npmjs.org/xml2js cache-miss
2436 http cache https://registry.npmjs.org/sucrase 20ms (cache hit)
2437 silly packumentCache full:https://registry.npmjs.org/sucrase set size:449399 disposed:false
2438 silly fetch manifest slugify@^1.6.6
2439 silly packumentCache full:https://registry.npmjs.org/slugify cache-hit
2440 silly fetch manifest @expo/json-file@~10.0.8
2441 silly packumentCache full:https://registry.npmjs.org/@expo%2fjson-file cache-hit
2442 silly fetch manifest @expo/config-types@^54.0.10
2443 silly packumentCache full:https://registry.npmjs.org/@expo%2fconfig-types cache-miss
2444 http cache https://registry.npmjs.org/deepmerge 22ms (cache hit)
2445 silly packumentCache full:https://registry.npmjs.org/deepmerge set size:101897 disposed:false
2446 silly fetch manifest @expo/sdk-runtime-versions@^1.0.0
2447 silly packumentCache full:https://registry.npmjs.org/@expo%2fsdk-runtime-versions cache-miss
2448 http cache https://registry.npmjs.org/@expo%2fconfig-types 22ms (cache hit)
2449 silly packumentCache full:https://registry.npmjs.org/@expo%2fconfig-types set size:722494 disposed:false
2450 silly fetch manifest p-limit@^3.1.0
2451 silly packumentCache full:https://registry.npmjs.org/p-limit cache-miss
2452 http cache https://registry.npmjs.org/resolve-workspace-root 26ms (cache hit)
2453 silly packumentCache full:https://registry.npmjs.org/resolve-workspace-root set size:11680 disposed:false
2454 silly fetch manifest metro@0.83.3
2455 silly packumentCache full:https://registry.npmjs.org/metro cache-miss
2456 http cache https://registry.npmjs.org/slash 29ms (cache hit)
2457 silly packumentCache full:https://registry.npmjs.org/slash set size:20337 disposed:false
2458 silly fetch manifest metro-core@0.83.3
2459 silly packumentCache full:https://registry.npmjs.org/metro-core cache-miss
2460 http cache https://registry.npmjs.org/xml2js 18ms (cache hit)
2461 silly packumentCache full:https://registry.npmjs.org/xml2js set size:198018 disposed:false
2462 silly fetch manifest metro-cache@0.83.3
2463 silly packumentCache full:https://registry.npmjs.org/metro-cache cache-miss
2464 http cache https://registry.npmjs.org/@expo%2fconfig-types 19ms (cache hit)
2465 silly packumentCache full:https://registry.npmjs.org/@expo%2fconfig-types set size:722494 disposed:false
2466 silly packumentCache full:https://registry.npmjs.org/@expo%2fconfig-types dispose
2467 silly fetch manifest metro-config@0.83.3
2468 silly packumentCache full:https://registry.npmjs.org/metro-config cache-miss
2469 http cache https://registry.npmjs.org/@expo%2fsdk-runtime-versions 20ms (cache hit)
2470 silly packumentCache full:https://registry.npmjs.org/@expo%2fsdk-runtime-versions set size:4878 disposed:false
2471 silly fetch manifest metro-runtime@0.83.3
2472 silly packumentCache full:https://registry.npmjs.org/metro-runtime cache-hit
2473 silly fetch manifest metro-file-map@0.83.3
2474 silly packumentCache full:https://registry.npmjs.org/metro-file-map cache-miss
2475 http cache https://registry.npmjs.org/xcode 38ms (cache hit)
2476 silly packumentCache full:https://registry.npmjs.org/xcode set size:5234429 disposed:false
2477 silly fetch manifest metro-resolver@0.83.3
2478 silly packumentCache full:https://registry.npmjs.org/metro-resolver cache-miss
2479 http cache https://registry.npmjs.org/p-limit 41ms (cache hit)
2480 silly packumentCache full:https://registry.npmjs.org/p-limit set size:61867 disposed:false
2481 silly fetch manifest metro-cache-key@0.83.3
2482 silly packumentCache full:https://registry.npmjs.org/metro-cache-key cache-miss
2483 http cache https://registry.npmjs.org/metro 54ms (cache hit)
2484 silly packumentCache full:https://registry.npmjs.org/metro set size:717892 disposed:false
2485 silly fetch manifest metro-source-map@0.83.3
2486 silly packumentCache full:https://registry.npmjs.org/metro-source-map cache-hit
2487 silly fetch manifest metro-symbolicate@0.83.3
2488 silly packumentCache full:https://registry.npmjs.org/metro-symbolicate cache-miss
2489 http cache https://registry.npmjs.org/metro-core 54ms (cache hit)
2490 silly packumentCache full:https://registry.npmjs.org/metro-core set size:385600 disposed:false
2491 silly fetch manifest metro-minify-terser@0.83.3
2492 silly packumentCache full:https://registry.npmjs.org/metro-minify-terser cache-miss
2493 http cache https://registry.npmjs.org/metro-cache 53ms (cache hit)
2494 silly packumentCache full:https://registry.npmjs.org/metro-cache set size:366063 disposed:false
2495 silly fetch manifest metro-transform-worker@0.83.3
2496 silly packumentCache full:https://registry.npmjs.org/metro-transform-worker cache-miss
2497 http cache https://registry.npmjs.org/metro-resolver 28ms (cache hit)
2498 silly packumentCache full:https://registry.npmjs.org/metro-resolver set size:354516 disposed:false
2499 silly fetch manifest metro-babel-transformer@0.83.3
2500 silly packumentCache full:https://registry.npmjs.org/metro-babel-transformer cache-miss
2501 http cache https://registry.npmjs.org/metro-config 53ms (cache hit)
2502 silly packumentCache full:https://registry.npmjs.org/metro-config set size:326237 disposed:false
2503 silly fetch manifest metro-transform-plugins@0.83.3
2504 silly packumentCache full:https://registry.npmjs.org/metro-transform-plugins cache-miss
2505 http cache https://registry.npmjs.org/metro-cache-key 30ms (cache hit)
2506 silly packumentCache full:https://registry.npmjs.org/metro-cache-key set size:195967 disposed:false
2507 silly fetch manifest dotenv@~16.4.5
2508 silly packumentCache full:https://registry.npmjs.org/dotenv cache-miss
2509 http cache https://registry.npmjs.org/metro-file-map 55ms (cache hit)
2510 silly packumentCache full:https://registry.npmjs.org/metro-file-map set size:183337 disposed:false
2511 silly fetch manifest postcss@~8.4.32
2512 silly packumentCache full:https://registry.npmjs.org/postcss cache-miss
2513 http cache https://registry.npmjs.org/metro-symbolicate 15ms (cache hit)
2514 silly packumentCache full:https://registry.npmjs.org/metro-symbolicate set size:254841 disposed:false
2515 silly fetch manifest jsc-safe-url@^0.2.4
2516 silly packumentCache full:https://registry.npmjs.org/jsc-safe-url cache-miss
2517 http cache https://registry.npmjs.org/metro-minify-terser 13ms (cache hit)
2518 silly packumentCache full:https://registry.npmjs.org/metro-minify-terser set size:262768 disposed:false
2519 silly fetch manifest lightningcss@^1.30.1
2520 silly packumentCache full:https://registry.npmjs.org/lightningcss cache-miss
2521 http cache https://registry.npmjs.org/metro-transform-plugins 8ms (cache hit)
2522 silly packumentCache full:https://registry.npmjs.org/metro-transform-plugins set size:241268 disposed:false
2523 silly fetch manifest dotenv-expand@~11.0.6
2524 silly packumentCache full:https://registry.npmjs.org/dotenv-expand cache-miss
2525 http cache https://registry.npmjs.org/dotenv 8ms (cache hit)
2526 silly packumentCache full:https://registry.npmjs.org/dotenv set size:277856 disposed:false
2527 silly fetch manifest hermes-parser@^0.29.1
2528 silly packumentCache full:https://registry.npmjs.org/hermes-parser cache-miss
2529 http cache https://registry.npmjs.org/postcss 10ms (cache hit)
2530 silly packumentCache full:https://registry.npmjs.org/postcss set size:708244 disposed:false
2531 silly fetch manifest @babel/preset-react@^7.22.15
2532 silly packumentCache full:https://registry.npmjs.org/@babel%2fpreset-react cache-miss
2533 http cache https://registry.npmjs.org/metro-babel-transformer 18ms (cache hit)
2534 silly packumentCache full:https://registry.npmjs.org/metro-babel-transformer set size:252809 disposed:false
2535 silly fetch manifest @babel/preset-typescript@^7.23.0
2536 silly packumentCache full:https://registry.npmjs.org/@babel%2fpreset-typescript cache-hit
2537 silly fetch manifest @react-native/babel-preset@0.81.5
2538 silly packumentCache full:https://registry.npmjs.org/@react-native%2fbabel-preset cache-miss
2539 http cache https://registry.npmjs.org/metro-transform-worker 22ms (cache hit)
2540 silly packumentCache full:https://registry.npmjs.org/metro-transform-worker set size:249934 disposed:false
2541 silly fetch manifest babel-plugin-react-compiler@^1.0.0
2542 silly packumentCache full:https://registry.npmjs.org/babel-plugin-react-compiler cache-miss
2543 http cache https://registry.npmjs.org/jsc-safe-url 17ms (cache hit)
2544 silly packumentCache full:https://registry.npmjs.org/jsc-safe-url set size:13143 disposed:false
2545 silly fetch manifest babel-plugin-react-native-web@~0.21.0
2546 silly packumentCache full:https://registry.npmjs.org/babel-plugin-react-native-web cache-miss
2547 http cache https://registry.npmjs.org/dotenv-expand 14ms (cache hit)
2548 silly packumentCache full:https://registry.npmjs.org/dotenv-expand set size:69432 disposed:false
2549 silly fetch manifest @babel/plugin-transform-runtime@^7.24.7
2550 silly packumentCache full:https://registry.npmjs.org/@babel%2fplugin-transform-runtime cache-miss
2551 http cache https://registry.npmjs.org/lightningcss 17ms (cache hit)
2552 silly packumentCache full:https://registry.npmjs.org/lightningcss set size:186753 disposed:false
2553 silly fetch manifest @babel/plugin-proposal-decorators@^7.12.9
2554 silly packumentCache full:https://registry.npmjs.org/@babel%2fplugin-proposal-decorators cache-miss
2555 http cache https://registry.npmjs.org/hermes-parser 14ms (cache hit)
2556 silly packumentCache full:https://registry.npmjs.org/hermes-parser set size:165055 disposed:false
2557 silly fetch manifest babel-plugin-syntax-hermes-parser@^0.29.1
2558 silly packumentCache full:https://registry.npmjs.org/babel-plugin-syntax-hermes-parser cache-hit
2559 silly fetch manifest babel-plugin-transform-flow-enums@^0.0.2
2560 silly packumentCache full:https://registry.npmjs.org/babel-plugin-transform-flow-enums cache-miss
2561 http cache https://registry.npmjs.org/@babel%2fpreset-react 11ms (cache hit)
2562 silly packumentCache full:https://registry.npmjs.org/@babel%2fpreset-react set size:250432 disposed:false
2563 silly fetch manifest @babel/plugin-transform-parameters@^7.24.7
2564 silly packumentCache full:https://registry.npmjs.org/@babel%2fplugin-transform-parameters cache-miss
2565 http cache https://registry.npmjs.org/@react-native%2fbabel-preset 13ms (cache hit)
2566 silly packumentCache full:https://registry.npmjs.org/@react-native%2fbabel-preset set size:4080815 disposed:false
2567 silly fetch manifest @babel/plugin-transform-private-methods@^7.24.7
2568 silly packumentCache full:https://registry.npmjs.org/@babel%2fplugin-transform-private-methods cache-miss
2569 http cache https://registry.npmjs.org/babel-plugin-react-compiler 23ms (cache hit)
2570 silly packumentCache full:https://registry.npmjs.org/babel-plugin-react-compiler set size:1327155 disposed:false
2571 silly fetch manifest @babel/plugin-syntax-export-default-from@^7.24.7
2572 silly packumentCache full:https://registry.npmjs.org/@babel%2fplugin-syntax-export-default-from cache-miss
2573 http cache https://registry.npmjs.org/babel-plugin-transform-flow-enums 20ms (cache hit)
2574 silly packumentCache full:https://registry.npmjs.org/babel-plugin-transform-flow-enums set size:8046 disposed:false
2575 silly fetch manifest @babel/plugin-transform-flow-strip-types@^7.25.2
2576 silly packumentCache full:https://registry.npmjs.org/@babel%2fplugin-transform-flow-strip-types cache-miss
2577 http cache https://registry.npmjs.org/babel-plugin-react-native-web 23ms (cache hit)
2578 silly packumentCache full:https://registry.npmjs.org/babel-plugin-react-native-web set size:325655 disposed:false
2579 silly fetch manifest @babel/plugin-transform-modules-commonjs@^7.24.8
2580 silly packumentCache full:https://registry.npmjs.org/@babel%2fplugin-transform-modules-commonjs cache-miss
2581 http cache https://registry.npmjs.org/@babel%2fplugin-transform-parameters 21ms (cache hit)
2582 silly packumentCache full:https://registry.npmjs.org/@babel%2fplugin-transform-parameters set size:269382 disposed:false
2583 silly fetch manifest @babel/plugin-proposal-export-default-from@^7.24.7
2584 silly packumentCache full:https://registry.npmjs.org/@babel%2fplugin-proposal-export-default-from cache-miss
2585 http cache https://registry.npmjs.org/@babel%2fplugin-transform-private-methods 11ms (cache hit)
2586 silly packumentCache full:https://registry.npmjs.org/@babel%2fplugin-transform-private-methods set size:78343 disposed:false
2587 silly fetch manifest @babel/plugin-transform-class-static-block@^7.27.1
2588 silly packumentCache full:https://registry.npmjs.org/@babel%2fplugin-transform-class-static-block cache-miss
2589 http cache https://registry.npmjs.org/@babel%2fplugin-transform-runtime 27ms (cache hit)
2590 silly packumentCache full:https://registry.npmjs.org/@babel%2fplugin-transform-runtime set size:451968 disposed:false
2591 silly fetch manifest @babel/plugin-transform-object-rest-spread@^7.24.7
2592 silly packumentCache full:https://registry.npmjs.org/@babel%2fplugin-transform-object-rest-spread cache-miss
2593 http cache https://registry.npmjs.org/@babel%2fplugin-proposal-decorators 27ms (cache hit)
2594 silly packumentCache full:https://registry.npmjs.org/@babel%2fplugin-proposal-decorators set size:370906 disposed:false
2595 silly fetch manifest @babel/plugin-transform-export-namespace-from@^7.25.9
2596 silly packumentCache full:https://registry.npmjs.org/@babel%2fplugin-transform-export-namespace-from cache-miss
2597 http cache https://registry.npmjs.org/@babel%2fplugin-syntax-export-default-from 10ms (cache hit)
2598 silly packumentCache full:https://registry.npmjs.org/@babel%2fplugin-syntax-export-default-from set size:182408 disposed:false
2599 silly fetch manifest @babel/plugin-transform-private-property-in-object@^7.24.7
2600 silly packumentCache full:https://registry.npmjs.org/@babel%2fplugin-transform-private-property-in-object cache-miss
2601 http cache https://registry.npmjs.org/@babel%2fplugin-proposal-export-default-from 7ms (cache hit)
2602 silly packumentCache full:https://registry.npmjs.org/@babel%2fplugin-proposal-export-default-from set size:204376 disposed:false
2603 silly fetch manifest commander@^7.2.0
2604 silly packumentCache full:https://registry.npmjs.org/commander cache-hit
2605 silly fetch manifest react-is@^18.0.0
2606 silly packumentCache full:https://registry.npmjs.org/react-is cache-miss
2607 http cache https://registry.npmjs.org/@babel%2fplugin-transform-object-rest-spread 6ms (cache hit)
2608 silly packumentCache full:https://registry.npmjs.org/@babel%2fplugin-transform-object-rest-spread set size:103914 disposed:false
2609 silly fetch manifest ansi-styles@^5.0.0
2610 silly packumentCache full:https://registry.npmjs.org/ansi-styles cache-hit
2611 silly fetch manifest @jest/schemas@^29.6.3
2612 silly packumentCache full:https://registry.npmjs.org/@jest%2fschemas cache-miss
2613 http cache https://registry.npmjs.org/@babel%2fplugin-transform-modules-commonjs 11ms (cache hit)
2614 silly packumentCache full:https://registry.npmjs.org/@babel%2fplugin-transform-modules-commonjs set size:299727 disposed:false
2615 silly fetch manifest buffer@^5.4.3
2616 silly packumentCache full:https://registry.npmjs.org/buffer cache-miss
2617 http cache https://registry.npmjs.org/@babel%2fplugin-transform-flow-strip-types 13ms (cache hit)
2618 silly packumentCache full:https://registry.npmjs.org/@babel%2fplugin-transform-flow-strip-types set size:241396 disposed:false
2619 silly fetch manifest punycode@^2.1.1
2620 silly packumentCache full:https://registry.npmjs.org/punycode cache-hit
2621 silly fetch manifest webidl-conversions@^5.0.0
2622 silly packumentCache full:https://registry.npmjs.org/webidl-conversions cache-miss
2623 http cache https://registry.npmjs.org/@babel%2fplugin-transform-class-static-block 11ms (cache hit)
2624 silly packumentCache full:https://registry.npmjs.org/@babel%2fplugin-transform-class-static-block set size:95182 disposed:false
2625 http cache https://registry.npmjs.org/@babel%2fplugin-transform-export-namespace-from 9ms (cache hit)
2626 silly packumentCache full:https://registry.npmjs.org/@babel%2fplugin-transform-export-namespace-from set size:79709 disposed:false
2627 http cache https://registry.npmjs.org/webidl-conversions 3ms (cache hit)
2628 silly packumentCache full:https://registry.npmjs.org/webidl-conversions set size:46073 disposed:false
2629 http cache https://registry.npmjs.org/@babel%2fplugin-transform-private-property-in-object 7ms (cache hit)
2630 silly packumentCache full:https://registry.npmjs.org/@babel%2fplugin-transform-private-property-in-object set size:90853 disposed:false
2631 http cache https://registry.npmjs.org/buffer 5ms (cache hit)
2632 silly packumentCache full:https://registry.npmjs.org/buffer set size:280480 disposed:false
2633 http cache https://registry.npmjs.org/@jest%2fschemas 7ms (cache hit)
2634 silly packumentCache full:https://registry.npmjs.org/@jest%2fschemas set size:68580 disposed:false
2635 http cache https://registry.npmjs.org/react-is 12ms (cache hit)
2636 silly packumentCache full:https://registry.npmjs.org/react-is set size:5352319 disposed:false
2637 silly placeDep node_modules/@expo/config @babel/code-frame@7.10.4 OK for: @expo/config@12.0.13 want: ~7.10.4
2638 silly placeDep ROOT @expo/config-types@54.0.10 OK for: @expo/config@12.0.13 want: ^54.0.10
2639 silly placeDep ROOT @expo/json-file@10.0.13 OK for: @expo/config@12.0.13 want: ^10.0.8
2640 silly placeDep ROOT deepmerge@4.3.1 OK for: @expo/config@12.0.13 want: ^4.3.1
2641 silly placeDep ROOT getenv@2.0.0 OK for: @expo/config@12.0.13 want: ^2.0.0
2642 silly placeDep ROOT glob@13.0.6 OK for: @expo/config@12.0.13 want: ^13.0.0
2643 silly placeDep ROOT require-from-string@2.0.2 OK for: @expo/config@12.0.13 want: ^2.0.2
2644 silly placeDep ROOT resolve-from@5.0.0 OK for: @expo/config@12.0.13 want: ^5.0.0
2645 silly placeDep ROOT resolve-workspace-root@2.0.1 OK for: @expo/config@12.0.13 want: ^2.0.0
2646 silly placeDep node_modules/@expo/config semver@7.7.4 OK for: @expo/config@12.0.13 want: ^7.6.0
2647 silly placeDep ROOT slugify@1.6.9 OK for: @expo/config@12.0.13 want: ^1.3.4
2648 silly placeDep ROOT sucrase@3.35.1 OK for: @expo/config@12.0.13 want: ~3.35.1
2649 silly fetch manifest @babel/highlight@^7.10.4
2650 silly packumentCache full:https://registry.npmjs.org/@babel%2fhighlight cache-miss
2651 silly fetch manifest minipass@^7.1.3
2652 silly packumentCache full:https://registry.npmjs.org/minipass cache-miss
2653 silly fetch manifest path-scurry@^2.0.2
2654 silly packumentCache full:https://registry.npmjs.org/path-scurry cache-miss
2655 silly fetch manifest commander@^4.0.0
2656 silly packumentCache full:https://registry.npmjs.org/commander cache-hit
2657 silly fetch manifest lines-and-columns@^1.1.6
2658 silly packumentCache full:https://registry.npmjs.org/lines-and-columns cache-miss
2659 silly fetch manifest mz@^2.7.0
2660 silly packumentCache full:https://registry.npmjs.org/mz cache-miss
2661 silly fetch manifest pirates@^4.0.1
2662 silly packumentCache full:https://registry.npmjs.org/pirates cache-miss
2663 silly fetch manifest ts-interface-checker@^0.1.9
2664 silly packumentCache full:https://registry.npmjs.org/ts-interface-checker cache-miss
2665 http cache https://registry.npmjs.org/ts-interface-checker 3ms (cache hit)
2666 silly packumentCache full:https://registry.npmjs.org/ts-interface-checker set size:58946 disposed:false
2667 http cache https://registry.npmjs.org/lines-and-columns 4ms (cache hit)
2668 silly packumentCache full:https://registry.npmjs.org/lines-and-columns set size:73796 disposed:false
2669 http cache https://registry.npmjs.org/minipass 6ms (cache hit)
2670 silly packumentCache full:https://registry.npmjs.org/minipass set size:276925 disposed:false
2671 http cache https://registry.npmjs.org/path-scurry 7ms (cache hit)
2672 silly packumentCache full:https://registry.npmjs.org/path-scurry set size:117612 disposed:false
2673 http cache https://registry.npmjs.org/@babel%2fhighlight 8ms (cache hit)
2674 silly packumentCache full:https://registry.npmjs.org/@babel%2fhighlight set size:154219 disposed:false
2675 http cache https://registry.npmjs.org/mz 7ms (cache hit)
2676 silly packumentCache full:https://registry.npmjs.org/mz set size:42731 disposed:false
2677 http cache https://registry.npmjs.org/pirates 8ms (cache hit)
2678 silly packumentCache full:https://registry.npmjs.org/pirates set size:51327 disposed:false
2679 silly placeDep ROOT @expo/plist@0.4.8 OK for: @expo/config-plugins@54.0.4 want: ^0.4.8
2680 silly placeDep ROOT @expo/sdk-runtime-versions@1.0.0 OK for: @expo/config-plugins@54.0.4 want: ^1.0.0
2681 silly placeDep node_modules/@expo/config-plugins semver@7.7.4 OK for: @expo/config-plugins@54.0.4 want: ^7.5.4
2682 silly placeDep ROOT slash@3.0.0 OK for: @expo/config-plugins@54.0.4 want: ^3.0.0
2683 silly placeDep ROOT xcode@3.0.1 OK for: @expo/config-plugins@54.0.4 want: ^3.0.1
2684 silly placeDep ROOT xml2js@0.6.0 OK for: @expo/config-plugins@54.0.4 want: 0.6.0
2685 silly fetch manifest base64-js@^1.2.3
2686 silly packumentCache full:https://registry.npmjs.org/base64-js cache-hit
2687 silly fetch manifest xmlbuilder@^15.1.1
2688 silly packumentCache full:https://registry.npmjs.org/xmlbuilder cache-miss
2689 silly fetch manifest @xmldom/xmldom@^0.8.8
2690 silly packumentCache full:https://registry.npmjs.org/@xmldom%2fxmldom cache-miss
2691 silly fetch manifest uuid@^7.0.3
2692 silly packumentCache full:https://registry.npmjs.org/uuid cache-miss
2693 silly fetch manifest simple-plist@^1.1.0
2694 silly packumentCache full:https://registry.npmjs.org/simple-plist cache-miss
2695 silly fetch manifest sax@>=0.6.0
2696 silly packumentCache full:https://registry.npmjs.org/sax cache-miss
2697 silly fetch manifest xmlbuilder@~11.0.0
2698 silly packumentCache full:https://registry.npmjs.org/xmlbuilder cache-miss
2699 http cache https://registry.npmjs.org/uuid 7ms (cache hit)
2700 silly packumentCache full:https://registry.npmjs.org/uuid set size:224608 disposed:false
2701 http cache https://registry.npmjs.org/@xmldom%2fxmldom 9ms (cache hit)
2702 silly packumentCache full:https://registry.npmjs.org/@xmldom%2fxmldom set size:166253 disposed:false
2703 http cache https://registry.npmjs.org/simple-plist 9ms (cache hit)
2704 silly packumentCache full:https://registry.npmjs.org/simple-plist set size:46135 disposed:false
2705 http cache https://registry.npmjs.org/xmlbuilder 10ms (cache hit)
2706 silly packumentCache full:https://registry.npmjs.org/xmlbuilder set size:158707 disposed:false
2707 http cache https://registry.npmjs.org/sax 11ms (cache hit)
2708 silly packumentCache full:https://registry.npmjs.org/sax set size:91199 disposed:false
2709 http cache https://registry.npmjs.org/xmlbuilder 12ms (cache hit)
2710 silly packumentCache full:https://registry.npmjs.org/xmlbuilder set size:158707 disposed:false
2711 silly packumentCache full:https://registry.npmjs.org/xmlbuilder dispose
2712 silly placeDep ROOT @expo/spawn-async@1.7.2 OK for: @expo/fingerprint@0.15.4 want: ^1.7.2
2713 silly placeDep ROOT arg@5.0.2 OK for: @expo/fingerprint@0.15.4 want: ^5.0.2
2714 silly placeDep node_modules/@expo/fingerprint minimatch@9.0.9 OK for: @expo/fingerprint@0.15.4 want: ^9.0.0
2715 silly placeDep ROOT p-limit@3.1.0 OK for: @expo/fingerprint@0.15.4 want: ^3.1.0
2716 silly placeDep node_modules/@expo/fingerprint semver@7.7.4 OK for: @expo/fingerprint@0.15.4 want: ^7.6.0
2717 silly fetch manifest brace-expansion@^2.0.2
2718 silly packumentCache full:https://registry.npmjs.org/brace-expansion cache-hit
2719 silly fetch manifest yocto-queue@^0.1.0
2720 silly packumentCache full:https://registry.npmjs.org/yocto-queue cache-miss
2721 http cache https://registry.npmjs.org/yocto-queue 2ms (cache hit)
2722 silly packumentCache full:https://registry.npmjs.org/yocto-queue set size:20256 disposed:false
2723 silly placeDep ROOT metro@0.83.3 OK for: @expo/metro@54.2.0 want: 0.83.3
2724 silly placeDep ROOT metro-babel-transformer@0.83.3 OK for: @expo/metro@54.2.0 want: 0.83.3
2725 silly placeDep ROOT metro-cache@0.83.3 OK for: @expo/metro@54.2.0 want: 0.83.3
2726 silly placeDep ROOT metro-cache-key@0.83.3 OK for: @expo/metro@54.2.0 want: 0.83.3
2727 silly placeDep ROOT metro-config@0.83.3 OK for: @expo/metro@54.2.0 want: 0.83.3
2728 silly placeDep ROOT metro-core@0.83.3 OK for: @expo/metro@54.2.0 want: 0.83.3
2729 silly placeDep ROOT metro-file-map@0.83.3 OK for: @expo/metro@54.2.0 want: 0.83.3
2730 silly placeDep ROOT metro-minify-terser@0.83.3 OK for: @expo/metro@54.2.0 want: 0.83.3
2731 silly placeDep ROOT metro-resolver@0.83.3 OK for: @expo/metro@54.2.0 want: 0.83.3
2732 silly placeDep ROOT metro-runtime@0.83.3 OK for: @expo/metro@54.2.0 want: 0.83.3
2733 silly placeDep ROOT metro-source-map@0.83.3 OK for: @expo/metro@54.2.0 want: 0.83.3
2734 silly placeDep ROOT metro-symbolicate@0.83.3 OK for: @expo/metro@54.2.0 want: 0.83.3
2735 silly placeDep ROOT metro-transform-plugins@0.83.3 OK for: @expo/metro@54.2.0 want: 0.83.3
2736 silly placeDep ROOT metro-transform-worker@0.83.3 OK for: @expo/metro@54.2.0 want: 0.83.3
2737 silly fetch manifest ws@^7.5.10
2738 silly packumentCache full:https://registry.npmjs.org/ws cache-hit
2739 silly fetch manifest throat@^5.0.0
2740 silly packumentCache full:https://registry.npmjs.org/throat cache-miss
2741 silly fetch manifest accepts@^1.3.7
2742 silly packumentCache full:https://registry.npmjs.org/accepts cache-hit
2743 silly fetch manifest ci-info@^2.0.0
2744 silly packumentCache full:https://registry.npmjs.org/ci-info cache-hit
2745 silly fetch manifest connect@^3.6.5
2746 silly packumentCache full:https://registry.npmjs.org/connect cache-hit
2747 silly fetch manifest image-size@^1.0.2
2748 silly packumentCache full:https://registry.npmjs.org/image-size cache-miss
2749 silly fetch manifest mime-types@^2.1.27
2750 silly packumentCache full:https://registry.npmjs.org/mime-types cache-miss
2751 silly fetch manifest source-map@^0.5.6
2752 silly packumentCache full:https://registry.npmjs.org/source-map cache-miss
2753 silly fetch manifest graceful-fs@^4.2.4
2754 silly packumentCache full:https://registry.npmjs.org/graceful-fs cache-miss
2755 silly fetch manifest jest-worker@^29.7.0
2756 silly packumentCache full:https://registry.npmjs.org/jest-worker cache-miss
2757 silly fetch manifest jsc-safe-url@^0.2.2
2758 silly packumentCache full:https://registry.npmjs.org/jsc-safe-url cache-hit
2759 silly fetch manifest hermes-parser@0.32.0
2760 silly packumentCache full:https://registry.npmjs.org/hermes-parser cache-hit
2761 silly fetch manifest lodash.throttle@^4.1.1
2762 silly packumentCache full:https://registry.npmjs.org/lodash.throttle cache-miss
2763 http cache https://registry.npmjs.org/mime-types 5ms (cache hit)
2764 silly packumentCache full:https://registry.npmjs.org/mime-types set size:139110 disposed:false
2765 silly fetch manifest serialize-error@^2.1.0
2766 silly packumentCache full:https://registry.npmjs.org/serialize-error cache-miss
2767 http cache https://registry.npmjs.org/source-map 6ms (cache hit)
2768 silly packumentCache full:https://registry.npmjs.org/source-map set size:226141 disposed:false
2769 silly fetch manifest error-stack-parser@^2.0.6
2770 silly packumentCache full:https://registry.npmjs.org/error-stack-parser cache-miss
2771 http cache https://registry.npmjs.org/throat 9ms (cache hit)
2772 silly packumentCache full:https://registry.npmjs.org/throat set size:31052 disposed:false
2773 silly fetch manifest https-proxy-agent@^7.0.5
2774 silly packumentCache full:https://registry.npmjs.org/https-proxy-agent cache-miss
2775 http cache https://registry.npmjs.org/image-size 9ms (cache hit)
2776 silly packumentCache full:https://registry.npmjs.org/image-size set size:155542 disposed:false
2777 silly fetch manifest exponential-backoff@^3.1.1
2778 silly packumentCache full:https://registry.npmjs.org/exponential-backoff cache-miss
2779 http cache https://registry.npmjs.org/lodash.throttle 10ms (cache hit)
2780 silly packumentCache full:https://registry.npmjs.org/lodash.throttle set size:32799 disposed:false
2781 silly fetch manifest yaml@^2.6.1
2782 silly packumentCache full:https://registry.npmjs.org/yaml cache-miss
2783 http cache https://registry.npmjs.org/jest-worker 12ms (cache hit)
2784 silly packumentCache full:https://registry.npmjs.org/jest-worker set size:462624 disposed:false
2785 silly fetch manifest jest-validate@^29.7.0
2786 silly packumentCache full:https://registry.npmjs.org/jest-validate cache-miss
2787 http cache https://registry.npmjs.org/graceful-fs 14ms (cache hit)
2788 silly packumentCache full:https://registry.npmjs.org/graceful-fs set size:124285 disposed:false
2789 silly fetch manifest walker@^1.0.7
2790 silly packumentCache full:https://registry.npmjs.org/walker cache-miss
2791 http cache https://registry.npmjs.org/error-stack-parser 11ms (cache hit)
2792 silly packumentCache full:https://registry.npmjs.org/error-stack-parser set size:89379 disposed:false
2793 silly fetch manifest micromatch@^4.0.4
2794 silly packumentCache full:https://registry.npmjs.org/micromatch cache-miss
2795 http cache https://registry.npmjs.org/serialize-error 14ms (cache hit)
2796 silly packumentCache full:https://registry.npmjs.org/serialize-error set size:64056 disposed:false
2797 silly fetch manifest fb-watchman@^2.0.0
2798 silly packumentCache full:https://registry.npmjs.org/fb-watchman cache-miss
2799 http cache https://registry.npmjs.org/exponential-backoff 10ms (cache hit)
2800 silly packumentCache full:https://registry.npmjs.org/exponential-backoff set size:56105 disposed:false
2801 silly fetch manifest terser@^5.15.0
2802 silly packumentCache full:https://registry.npmjs.org/terser cache-miss
2803 http cache https://registry.npmjs.org/https-proxy-agent 13ms (cache hit)
2804 silly packumentCache full:https://registry.npmjs.org/https-proxy-agent set size:81258 disposed:false
2805 silly fetch manifest ob1@0.83.3
2806 silly packumentCache full:https://registry.npmjs.org/ob1 cache-miss
2807 http cache https://registry.npmjs.org/jest-validate 9ms (cache hit)
2808 silly packumentCache full:https://registry.npmjs.org/jest-validate set size:564124 disposed:false
2809 silly fetch manifest vlq@^1.0.0
2810 silly packumentCache full:https://registry.npmjs.org/vlq cache-miss
2811 http cache https://registry.npmjs.org/walker 10ms (cache hit)
2812 silly packumentCache full:https://registry.npmjs.org/walker set size:16077 disposed:false
2813 silly fetch manifest @babel/traverse--for-generate-function-map@npm:@babel/traverse@^7.25.3
2814 silly packumentCache full:https://registry.npmjs.org/@babel%2ftraverse cache-hit
2815 silly fetch manifest vlq@^1.0.0
2816 silly packumentCache full:https://registry.npmjs.org/vlq cache-miss
2817 http cache https://registry.npmjs.org/yaml 15ms (cache hit)
2818 silly packumentCache full:https://registry.npmjs.org/yaml set size:375230 disposed:false
2819 http cache https://registry.npmjs.org/fb-watchman 9ms (cache hit)
2820 silly packumentCache full:https://registry.npmjs.org/fb-watchman set size:28099 disposed:false
2821 http cache https://registry.npmjs.org/vlq 5ms (cache hit)
2822 silly packumentCache full:https://registry.npmjs.org/vlq set size:23110 disposed:false
2823 http cache https://registry.npmjs.org/ob1 9ms (cache hit)
2824 silly packumentCache full:https://registry.npmjs.org/ob1 set size:217786 disposed:false
2825 http cache https://registry.npmjs.org/micromatch 12ms (cache hit)
2826 silly packumentCache full:https://registry.npmjs.org/micromatch set size:240630 disposed:false
2827 http cache https://registry.npmjs.org/vlq 7ms (cache hit)
2828 silly packumentCache full:https://registry.npmjs.org/vlq set size:23110 disposed:false
2829 silly packumentCache full:https://registry.npmjs.org/vlq dispose
2830 http cache https://registry.npmjs.org/terser 13ms (cache hit)
2831 silly packumentCache full:https://registry.npmjs.org/terser set size:789927 disposed:false
2832 silly placeDep ROOT @expo/env@2.0.11 OK for: @expo/metro-config@54.0.14 want: ~2.0.8
2833 silly placeDep ROOT dotenv@16.4.7 OK for: @expo/metro-config@54.0.14 want: ~16.4.5
2834 silly placeDep ROOT dotenv-expand@11.0.7 OK for: @expo/metro-config@54.0.14 want: ~11.0.6
2835 silly placeDep ROOT hermes-parser@0.29.1 OK for: @expo/metro-config@54.0.14 want: ^0.29.1
2836 silly placeDep ROOT jsc-safe-url@0.2.4 OK for: @expo/metro-config@54.0.14 want: ^0.2.4
2837 silly placeDep ROOT lightningcss@1.32.0 OK for: @expo/metro-config@54.0.14 want: ^1.30.1
2838 silly placeDep node_modules/@expo/metro-config minimatch@9.0.9 OK for: @expo/metro-config@54.0.14 want: ^9.0.0
2839 silly placeDep ROOT postcss@8.4.49 OK for: @expo/metro-config@54.0.14 want: ~8.4.32
2840 silly fetch manifest hermes-estree@0.29.1
2841 silly packumentCache full:https://registry.npmjs.org/hermes-estree cache-miss
2842 silly fetch manifest detect-libc@^2.0.3
2843 silly packumentCache full:https://registry.npmjs.org/detect-libc cache-miss
2844 silly fetch manifest lightningcss-darwin-x64@1.32.0
2845 silly packumentCache full:https://registry.npmjs.org/lightningcss-darwin-x64 cache-miss
2846 silly fetch manifest lightningcss-linux-x64-gnu@1.32.0
2847 silly packumentCache full:https://registry.npmjs.org/lightningcss-linux-x64-gnu cache-miss
2848 silly fetch manifest lightningcss-win32-x64-msvc@1.32.0
2849 silly packumentCache full:https://registry.npmjs.org/lightningcss-win32-x64-msvc cache-miss
2850 silly fetch manifest lightningcss-win32-arm64-msvc@1.32.0
2851 silly packumentCache full:https://registry.npmjs.org/lightningcss-win32-arm64-msvc cache-miss
2852 silly fetch manifest lightningcss-darwin-arm64@1.32.0
2853 silly packumentCache full:https://registry.npmjs.org/lightningcss-darwin-arm64 cache-miss
2854 http cache https://registry.npmjs.org/detect-libc 2ms (cache hit)
2855 silly packumentCache full:https://registry.npmjs.org/detect-libc set size:47861 disposed:false
2856 silly fetch manifest lightningcss-linux-arm64-gnu@1.32.0
2857 silly packumentCache full:https://registry.npmjs.org/lightningcss-linux-arm64-gnu cache-miss
2858 http cache https://registry.npmjs.org/lightningcss-win32-x64-msvc 3ms (cache hit)
2859 silly packumentCache full:https://registry.npmjs.org/lightningcss-win32-x64-msvc set size:79645 disposed:false
2860 silly fetch manifest lightningcss-linux-arm-gnueabihf@1.32.0
2861 silly packumentCache full:https://registry.npmjs.org/lightningcss-linux-arm-gnueabihf cache-miss
2862 http cache https://registry.npmjs.org/hermes-estree 4ms (cache hit)
2863 silly packumentCache full:https://registry.npmjs.org/hermes-estree set size:125711 disposed:false
2864 silly fetch manifest lightningcss-linux-arm64-musl@1.32.0
2865 silly packumentCache full:https://registry.npmjs.org/lightningcss-linux-arm64-musl cache-miss
2866 http cache https://registry.npmjs.org/lightningcss-darwin-x64 4ms (cache hit)
2867 silly packumentCache full:https://registry.npmjs.org/lightningcss-darwin-x64 set size:78694 disposed:false
2868 silly fetch manifest lightningcss-linux-x64-musl@1.32.0
2869 silly packumentCache full:https://registry.npmjs.org/lightningcss-linux-x64-musl cache-miss
2870 http cache https://registry.npmjs.org/lightningcss-win32-arm64-msvc 4ms (cache hit)
2871 silly packumentCache full:https://registry.npmjs.org/lightningcss-win32-arm64-msvc set size:26629 disposed:false
2872 silly fetch manifest lightningcss-freebsd-x64@1.32.0
2873 silly packumentCache full:https://registry.npmjs.org/lightningcss-freebsd-x64 cache-miss
2874 http cache https://registry.npmjs.org/lightningcss-linux-x64-gnu 5ms (cache hit)
2875 silly packumentCache full:https://registry.npmjs.org/lightningcss-linux-x64-gnu set size:80105 disposed:false
2876 silly fetch manifest lightningcss-android-arm64@1.32.0
2877 silly packumentCache full:https://registry.npmjs.org/lightningcss-android-arm64 cache-miss
2878 http cache https://registry.npmjs.org/lightningcss-darwin-arm64 6ms (cache hit)
2879 silly packumentCache full:https://registry.npmjs.org/lightningcss-darwin-arm64 set size:79276 disposed:false
2880 silly fetch manifest source-map-js@^1.2.1
2881 silly packumentCache full:https://registry.npmjs.org/source-map-js cache-miss
2882 http cache https://registry.npmjs.org/lightningcss-freebsd-x64 4ms (cache hit)
2883 silly packumentCache full:https://registry.npmjs.org/lightningcss-freebsd-x64 set size:42877 disposed:false
2884 http cache https://registry.npmjs.org/lightningcss-linux-arm64-musl 6ms (cache hit)
2885 silly packumentCache full:https://registry.npmjs.org/lightningcss-linux-arm64-musl set size:80887 disposed:false
2886 http cache https://registry.npmjs.org/lightningcss-linux-x64-musl 6ms (cache hit)
2887 silly packumentCache full:https://registry.npmjs.org/lightningcss-linux-x64-musl set size:80313 disposed:false
2888 http cache https://registry.npmjs.org/lightningcss-linux-arm-gnueabihf 7ms (cache hit)
2889 silly packumentCache full:https://registry.npmjs.org/lightningcss-linux-arm-gnueabihf set size:80903 disposed:false
2890 http cache https://registry.npmjs.org/lightningcss-android-arm64 6ms (cache hit)
2891 silly packumentCache full:https://registry.npmjs.org/lightningcss-android-arm64 set size:7671 disposed:false
2892 http cache https://registry.npmjs.org/lightningcss-linux-arm64-gnu 8ms (cache hit)
2893 silly packumentCache full:https://registry.npmjs.org/lightningcss-linux-arm64-gnu set size:80669 disposed:false
2894 http cache https://registry.npmjs.org/source-map-js 6ms (cache hit)
2895 silly packumentCache full:https://registry.npmjs.org/source-map-js set size:62640 disposed:false
2896 silly placeDep ROOT @xmldom/xmldom@0.8.13 OK for: @expo/plist@0.4.8 want: ^0.8.8
2897 silly placeDep ROOT base64-js@1.5.1 OK for: @expo/plist@0.4.8 want: ^1.2.3
2898 silly placeDep ROOT xmlbuilder@15.1.1 OK for: @expo/plist@0.4.8 want: ^15.1.1
2899 silly fetch manifest @babel/core@^7.12.0
2900 silly packumentCache full:https://registry.npmjs.org/@babel%2fcore cache-hit
2901 silly placeDep ROOT @babel/plugin-proposal-decorators@7.29.0 OK for: babel-preset-expo@54.0.10 want: ^7.12.9
2902 silly placeDep ROOT @babel/plugin-proposal-export-default-from@7.27.1 OK for: babel-preset-expo@54.0.10 want: ^7.24.7
2903 silly placeDep ROOT @babel/plugin-syntax-export-default-from@7.28.6 OK for: babel-preset-expo@54.0.10 want: ^7.24.7
2904 silly placeDep ROOT @babel/plugin-transform-class-static-block@7.28.6 OK for: babel-preset-expo@54.0.10 want: ^7.27.1
2905 silly placeDep ROOT @babel/plugin-transform-export-namespace-from@7.27.1 OK for: babel-preset-expo@54.0.10 want: ^7.25.9
2906 silly placeDep ROOT @babel/plugin-transform-flow-strip-types@7.27.1 OK for: babel-preset-expo@54.0.10 want: ^7.25.2
2907 silly placeDep ROOT @babel/plugin-transform-modules-commonjs@7.28.6 OK for: babel-preset-expo@54.0.10 want: ^7.24.8
2908 silly placeDep ROOT @babel/plugin-transform-object-rest-spread@7.28.6 OK for: babel-preset-expo@54.0.10 want: ^7.24.7
2909 silly placeDep ROOT @babel/plugin-transform-parameters@7.27.7 OK for: babel-preset-expo@54.0.10 want: ^7.24.7
2910 silly placeDep ROOT @babel/plugin-transform-private-methods@7.28.6 OK for: babel-preset-expo@54.0.10 want: ^7.24.7
2911 silly placeDep ROOT @babel/plugin-transform-private-property-in-object@7.28.6 OK for: babel-preset-expo@54.0.10 want: ^7.24.7
2912 silly placeDep ROOT @babel/plugin-transform-runtime@7.29.0 OK for: babel-preset-expo@54.0.10 want: ^7.24.7
2913 silly placeDep ROOT @babel/preset-react@7.28.5 OK for: babel-preset-expo@54.0.10 want: ^7.22.15
2914 silly placeDep ROOT @babel/preset-typescript@7.28.5 OK for: babel-preset-expo@54.0.10 want: ^7.23.0
2915 silly placeDep ROOT @react-native/babel-preset@0.81.5 OK for: babel-preset-expo@54.0.10 want: 0.81.5
2916 silly placeDep ROOT babel-plugin-react-compiler@1.0.0 OK for: babel-preset-expo@54.0.10 want: ^1.0.0
2917 silly placeDep ROOT babel-plugin-react-native-web@0.21.2 OK for: babel-preset-expo@54.0.10 want: ~0.21.0
2918 silly placeDep ROOT babel-plugin-syntax-hermes-parser@0.29.1 OK for: babel-preset-expo@54.0.10 want: ^0.29.1
2919 silly placeDep ROOT babel-plugin-transform-flow-enums@0.0.2 OK for: babel-preset-expo@54.0.10 want: ^0.0.2
2920 silly fetch manifest @babel/helper-plugin-utils@^7.28.6
2921 silly packumentCache full:https://registry.npmjs.org/@babel%2fhelper-plugin-utils cache-miss
2922 silly fetch manifest @babel/plugin-syntax-decorators@^7.28.6
2923 silly packumentCache full:https://registry.npmjs.org/@babel%2fplugin-syntax-decorators cache-miss
2924 silly fetch manifest @babel/helper-create-class-features-plugin@^7.28.6
2925 silly packumentCache full:https://registry.npmjs.org/@babel%2fhelper-create-class-features-plugin cache-miss
2926 silly fetch manifest @babel/helper-plugin-utils@^7.27.1
2927 silly packumentCache full:https://registry.npmjs.org/@babel%2fhelper-plugin-utils cache-miss
2928 silly fetch manifest @babel/helper-plugin-utils@^7.28.6
2929 silly packumentCache full:https://registry.npmjs.org/@babel%2fhelper-plugin-utils cache-miss
2930 silly fetch manifest @babel/helper-plugin-utils@^7.28.6
2931 silly packumentCache full:https://registry.npmjs.org/@babel%2fhelper-plugin-utils cache-miss
2932 silly fetch manifest @babel/helper-create-class-features-plugin@^7.28.6
2933 silly packumentCache full:https://registry.npmjs.org/@babel%2fhelper-create-class-features-plugin cache-miss
2934 http cache https://registry.npmjs.org/@babel%2fhelper-plugin-utils 13ms (cache hit)
2935 silly packumentCache full:https://registry.npmjs.org/@babel%2fhelper-plugin-utils set size:163951 disposed:false
2936 silly fetch manifest @babel/plugin-syntax-flow@^7.27.1
2937 silly packumentCache full:https://registry.npmjs.org/@babel%2fplugin-syntax-flow cache-miss
2938 http cache https://registry.npmjs.org/@babel%2fhelper-plugin-utils 14ms (cache hit)
2939 silly packumentCache full:https://registry.npmjs.org/@babel%2fhelper-plugin-utils set size:163951 disposed:false
2940 silly packumentCache full:https://registry.npmjs.org/@babel%2fhelper-plugin-utils dispose
2941 silly fetch manifest @babel/plugin-transform-parameters@^7.27.7
2942 silly packumentCache full:https://registry.npmjs.org/@babel%2fplugin-transform-parameters cache-hit
2943 silly fetch manifest @babel/plugin-transform-destructuring@^7.28.5
2944 silly packumentCache full:https://registry.npmjs.org/@babel%2fplugin-transform-destructuring cache-miss
2945 http cache https://registry.npmjs.org/@babel%2fhelper-plugin-utils 15ms (cache hit)
2946 silly packumentCache full:https://registry.npmjs.org/@babel%2fhelper-plugin-utils set size:163951 disposed:true
2947 silly packumentCache full:https://registry.npmjs.org/@babel%2fhelper-plugin-utils dispose
2948 silly fetch manifest @babel/helper-create-class-features-plugin@^7.28.6
2949 silly packumentCache full:https://registry.npmjs.org/@babel%2fhelper-create-class-features-plugin cache-miss
2950 http cache https://registry.npmjs.org/@babel%2fplugin-syntax-decorators 16ms (cache hit)
2951 silly packumentCache full:https://registry.npmjs.org/@babel%2fplugin-syntax-decorators set size:203546 disposed:false
2952 silly fetch manifest @babel/helper-annotate-as-pure@^7.27.3
2953 silly packumentCache full:https://registry.npmjs.org/@babel%2fhelper-annotate-as-pure cache-miss
2954 http cache https://registry.npmjs.org/@babel%2fhelper-create-class-features-plugin 17ms (cache hit)
2955 silly packumentCache full:https://registry.npmjs.org/@babel%2fhelper-create-class-features-plugin set size:365053 disposed:false
2956 silly fetch manifest babel-plugin-polyfill-corejs2@^0.4.14
2957 silly packumentCache full:https://registry.npmjs.org/babel-plugin-polyfill-corejs2 cache-miss
2958 http cache https://registry.npmjs.org/@babel%2fhelper-plugin-utils 19ms (cache hit)
2959 silly packumentCache full:https://registry.npmjs.org/@babel%2fhelper-plugin-utils set size:163951 disposed:true
2960 silly packumentCache full:https://registry.npmjs.org/@babel%2fhelper-plugin-utils dispose
2961 silly fetch manifest babel-plugin-polyfill-corejs3@^0.13.0
2962 silly packumentCache full:https://registry.npmjs.org/babel-plugin-polyfill-corejs3 cache-miss
2963 http cache https://registry.npmjs.org/@babel%2fhelper-create-class-features-plugin 20ms (cache hit)
2964 silly packumentCache full:https://registry.npmjs.org/@babel%2fhelper-create-class-features-plugin set size:365053 disposed:false
2965 silly packumentCache full:https://registry.npmjs.org/@babel%2fhelper-create-class-features-plugin dispose
2966 silly fetch manifest babel-plugin-polyfill-regenerator@^0.6.5
2967 silly packumentCache full:https://registry.npmjs.org/babel-plugin-polyfill-regenerator cache-miss
2968 http cache https://registry.npmjs.org/@babel%2fhelper-create-class-features-plugin 9ms (cache hit)
2969 silly packumentCache full:https://registry.npmjs.org/@babel%2fhelper-create-class-features-plugin set size:365053 disposed:true
2970 silly packumentCache full:https://registry.npmjs.org/@babel%2fhelper-create-class-features-plugin dispose
2971 silly fetch manifest @babel/plugin-transform-react-jsx@^7.27.1
2972 silly packumentCache full:https://registry.npmjs.org/@babel%2fplugin-transform-react-jsx cache-miss
2973 http cache https://registry.npmjs.org/@babel%2fplugin-transform-destructuring 11ms (cache hit)
2974 silly packumentCache full:https://registry.npmjs.org/@babel%2fplugin-transform-destructuring set size:288677 disposed:false
2975 silly fetch manifest @babel/plugin-transform-react-display-name@^7.28.0
2976 silly packumentCache full:https://registry.npmjs.org/@babel%2fplugin-transform-react-display-name cache-miss
2977 http cache https://registry.npmjs.org/@babel%2fplugin-syntax-flow 13ms (cache hit)
2978 silly packumentCache full:https://registry.npmjs.org/@babel%2fplugin-syntax-flow set size:188912 disposed:false
2979 silly fetch manifest @babel/plugin-transform-react-jsx-development@^7.27.1
2980 silly packumentCache full:https://registry.npmjs.org/@babel%2fplugin-transform-react-jsx-development cache-miss
2981 http cache https://registry.npmjs.org/babel-plugin-polyfill-corejs2 10ms (cache hit)
2982 silly packumentCache full:https://registry.npmjs.org/babel-plugin-polyfill-corejs2 set size:116417 disposed:false
2983 silly fetch manifest @babel/plugin-transform-react-pure-annotations@^7.27.1
2984 silly packumentCache full:https://registry.npmjs.org/@babel%2fplugin-transform-react-pure-annotations cache-miss
2985 http cache https://registry.npmjs.org/babel-plugin-polyfill-regenerator 8ms (cache hit)
2986 silly packumentCache full:https://registry.npmjs.org/babel-plugin-polyfill-regenerator set size:98875 disposed:false
2987 silly fetch manifest @babel/plugin-syntax-jsx@^7.27.1
2988 silly packumentCache full:https://registry.npmjs.org/@babel%2fplugin-syntax-jsx cache-miss
2989 http cache https://registry.npmjs.org/babel-plugin-polyfill-corejs3 10ms (cache hit)
2990 silly packumentCache full:https://registry.npmjs.org/babel-plugin-polyfill-corejs3 set size:150424 disposed:false
2991 silly fetch manifest @babel/plugin-transform-typescript@^7.28.5
2992 silly packumentCache full:https://registry.npmjs.org/@babel%2fplugin-transform-typescript cache-miss
2993 http cache https://registry.npmjs.org/@babel%2fhelper-annotate-as-pure 14ms (cache hit)
2994 silly packumentCache full:https://registry.npmjs.org/@babel%2fhelper-annotate-as-pure set size:171595 disposed:false
2995 silly fetch manifest @babel/plugin-transform-for-of@^7.24.7
2996 silly packumentCache full:https://registry.npmjs.org/@babel%2fplugin-transform-for-of cache-miss
2997 http cache https://registry.npmjs.org/@babel%2fplugin-transform-react-pure-annotations 5ms (cache hit)
2998 silly packumentCache full:https://registry.npmjs.org/@babel%2fplugin-transform-react-pure-annotations set size:114282 disposed:false
2999 silly fetch manifest @babel/plugin-transform-spread@^7.24.7
3000 silly packumentCache full:https://registry.npmjs.org/@babel%2fplugin-transform-spread cache-miss
3001 http cache https://registry.npmjs.org/@babel%2fplugin-transform-react-jsx 23ms (cache hit)
3002 silly packumentCache full:https://registry.npmjs.org/@babel%2fplugin-transform-react-jsx set size:284411 disposed:false
3003 silly fetch manifest @babel/plugin-transform-classes@^7.25.4
3004 silly packumentCache full:https://registry.npmjs.org/@babel%2fplugin-transform-classes cache-hit
3005 silly fetch manifest @babel/plugin-transform-literals@^7.25.2
3006 silly packumentCache full:https://registry.npmjs.org/@babel%2fplugin-transform-literals cache-miss
3007 http cache https://registry.npmjs.org/@babel%2fplugin-transform-react-jsx-development 23ms (cache hit)
3008 silly packumentCache full:https://registry.npmjs.org/@babel%2fplugin-transform-react-jsx-development set size:122283 disposed:false
3009 silly fetch manifest @babel/plugin-transform-react-jsx@^7.25.2
3010 silly packumentCache full:https://registry.npmjs.org/@babel%2fplugin-transform-react-jsx cache-hit
3011 silly fetch manifest @babel/plugin-transform-typescript@^7.25.2
3012 silly packumentCache full:https://registry.npmjs.org/@babel%2fplugin-transform-typescript cache-miss
3013 http cache https://registry.npmjs.org/@babel%2fplugin-transform-react-display-name 24ms (cache hit)
3014 silly packumentCache full:https://registry.npmjs.org/@babel%2fplugin-transform-react-display-name set size:205760 disposed:false
3015 silly fetch manifest @react-native/babel-plugin-codegen@0.81.5
3016 silly packumentCache full:https://registry.npmjs.org/@react-native%2fbabel-plugin-codegen cache-miss
3017 http cache https://registry.npmjs.org/@babel%2fplugin-syntax-jsx 23ms (cache hit)
3018 silly packumentCache full:https://registry.npmjs.org/@babel%2fplugin-syntax-jsx set size:182973 disposed:false
3019 silly fetch manifest @babel/plugin-syntax-dynamic-import@^7.8.3
3020 silly packumentCache full:https://registry.npmjs.org/@babel%2fplugin-syntax-dynamic-import cache-miss
3021 http cache https://registry.npmjs.org/@babel%2fplugin-transform-for-of 24ms (cache hit)
3022 silly packumentCache full:https://registry.npmjs.org/@babel%2fplugin-transform-for-of set size:232987 disposed:false
3023 silly fetch manifest @babel/plugin-transform-regenerator@^7.24.7
3024 silly packumentCache full:https://registry.npmjs.org/@babel%2fplugin-transform-regenerator cache-miss
3025 http cache https://registry.npmjs.org/@babel%2fplugin-transform-typescript 26ms (cache hit)
3026 silly packumentCache full:https://registry.npmjs.org/@babel%2fplugin-transform-typescript set size:388299 disposed:false
3027 silly fetch manifest @babel/plugin-transform-sticky-regex@^7.24.7
3028 silly packumentCache full:https://registry.npmjs.org/@babel%2fplugin-transform-sticky-regex cache-miss
3029 http cache https://registry.npmjs.org/@babel%2fplugin-transform-literals 14ms (cache hit)
3030 silly packumentCache full:https://registry.npmjs.org/@babel%2fplugin-transform-literals set size:195330 disposed:false
3031 silly fetch manifest @babel/plugin-transform-block-scoping@^7.25.0
3032 silly packumentCache full:https://registry.npmjs.org/@babel%2fplugin-transform-block-scoping cache-miss
3033 http cache https://registry.npmjs.org/@babel%2fplugin-transform-spread 18ms (cache hit)
3034 silly packumentCache full:https://registry.npmjs.org/@babel%2fplugin-transform-spread set size:219841 disposed:false
3035 silly fetch manifest @babel/plugin-transform-destructuring@^7.24.8
3036 silly packumentCache full:https://registry.npmjs.org/@babel%2fplugin-transform-destructuring cache-hit
3037 silly fetch manifest @babel/plugin-transform-function-name@^7.25.1
3038 silly packumentCache full:https://registry.npmjs.org/@babel%2fplugin-transform-function-name cache-miss
3039 http cache https://registry.npmjs.org/@babel%2fplugin-transform-typescript 19ms (cache hit)
3040 silly packumentCache full:https://registry.npmjs.org/@babel%2fplugin-transform-typescript set size:388299 disposed:false
3041 silly packumentCache full:https://registry.npmjs.org/@babel%2fplugin-transform-typescript dispose
3042 silly fetch manifest @babel/plugin-transform-unicode-regex@^7.24.7
3043 silly packumentCache full:https://registry.npmjs.org/@babel%2fplugin-transform-unicode-regex cache-hit
3044 silly fetch manifest @babel/plugin-syntax-optional-chaining@^7.8.3
3045 silly packumentCache full:https://registry.npmjs.org/@babel%2fplugin-syntax-optional-chaining cache-miss
3046 http cache https://registry.npmjs.org/@react-native%2fbabel-plugin-codegen 21ms (cache hit)
3047 silly packumentCache full:https://registry.npmjs.org/@react-native%2fbabel-plugin-codegen set size:2095117 disposed:false
3048 silly fetch manifest @babel/plugin-transform-react-jsx-self@^7.24.7
3049 silly packumentCache full:https://registry.npmjs.org/@babel%2fplugin-transform-react-jsx-self cache-miss
3050 http cache https://registry.npmjs.org/@babel%2fplugin-syntax-dynamic-import 27ms (cache hit)
3051 silly packumentCache full:https://registry.npmjs.org/@babel%2fplugin-syntax-dynamic-import set size:81432 disposed:false
3052 silly fetch manifest @babel/plugin-transform-arrow-functions@^7.24.7
3053 silly packumentCache full:https://registry.npmjs.org/@babel%2fplugin-transform-arrow-functions cache-hit
3054 silly fetch manifest @babel/plugin-transform-class-properties@^7.25.4
3055 silly packumentCache full:https://registry.npmjs.org/@babel%2fplugin-transform-class-properties cache-hit
3056 silly fetch manifest @babel/plugin-transform-react-jsx-source@^7.24.7
3057 silly packumentCache full:https://registry.npmjs.org/@babel%2fplugin-transform-react-jsx-source cache-miss
3058 http cache https://registry.npmjs.org/@babel%2fplugin-transform-regenerator 26ms (cache hit)
3059 silly packumentCache full:https://registry.npmjs.org/@babel%2fplugin-transform-regenerator set size:264228 disposed:false
3060 silly fetch manifest @babel/plugin-transform-numeric-separator@^7.24.7
3061 silly packumentCache full:https://registry.npmjs.org/@babel%2fplugin-transform-numeric-separator cache-miss
3062 http cache https://registry.npmjs.org/@babel%2fplugin-transform-sticky-regex 27ms (cache hit)
3063 silly packumentCache full:https://registry.npmjs.org/@babel%2fplugin-transform-sticky-regex set size:194701 disposed:false
3064 silly fetch manifest @babel/plugin-transform-optional-chaining@^7.24.8
3065 silly packumentCache full:https://registry.npmjs.org/@babel%2fplugin-transform-optional-chaining cache-hit
3066 silly fetch manifest @babel/plugin-transform-async-to-generator@^7.24.7
3067 silly packumentCache full:https://registry.npmjs.org/@babel%2fplugin-transform-async-to-generator cache-miss
3068 http cache https://registry.npmjs.org/@babel%2fplugin-transform-function-name 19ms (cache hit)
3069 silly packumentCache full:https://registry.npmjs.org/@babel%2fplugin-transform-function-name set size:216895 disposed:false
3070 silly fetch manifest @babel/plugin-transform-react-display-name@^7.24.7
3071 silly packumentCache full:https://registry.npmjs.org/@babel%2fplugin-transform-react-display-name cache-hit
3072 silly fetch manifest @babel/plugin-transform-computed-properties@^7.24.7
3073 silly packumentCache full:https://registry.npmjs.org/@babel%2fplugin-transform-computed-properties cache-miss
3074 http cache https://registry.npmjs.org/@babel%2fplugin-transform-react-jsx-self 10ms (cache hit)
3075 silly packumentCache full:https://registry.npmjs.org/@babel%2fplugin-transform-react-jsx-self set size:198119 disposed:false
3076 silly fetch manifest @babel/plugin-transform-shorthand-properties@^7.24.7
3077 silly packumentCache full:https://registry.npmjs.org/@babel%2fplugin-transform-shorthand-properties cache-hit
3078 silly fetch manifest @babel/plugin-transform-optional-catch-binding@^7.24.7
3079 silly packumentCache full:https://registry.npmjs.org/@babel%2fplugin-transform-optional-catch-binding cache-miss
3080 http cache https://registry.npmjs.org/@babel%2fplugin-transform-block-scoping 27ms (cache hit)
3081 silly packumentCache full:https://registry.npmjs.org/@babel%2fplugin-transform-block-scoping set size:312769 disposed:false
3082 silly fetch manifest @babel/plugin-syntax-nullish-coalescing-operator@^7.8.3
3083 silly packumentCache full:https://registry.npmjs.org/@babel%2fplugin-syntax-nullish-coalescing-operator cache-miss
3084 http cache https://registry.npmjs.org/@babel%2fplugin-syntax-optional-chaining 20ms (cache hit)
3085 silly packumentCache full:https://registry.npmjs.org/@babel%2fplugin-syntax-optional-chaining set size:82606 disposed:false
3086 silly fetch manifest @babel/plugin-transform-async-generator-functions@^7.25.4
3087 silly packumentCache full:https://registry.npmjs.org/@babel%2fplugin-transform-async-generator-functions cache-miss
3088 http cache https://registry.npmjs.org/@babel%2fplugin-transform-react-jsx-source 12ms (cache hit)
3089 silly packumentCache full:https://registry.npmjs.org/@babel%2fplugin-transform-react-jsx-source set size:203114 disposed:false
3090 silly fetch manifest @babel/plugin-transform-nullish-coalescing-operator@^7.24.7
3091 silly packumentCache full:https://registry.npmjs.org/@babel%2fplugin-transform-nullish-coalescing-operator cache-hit
3092 silly fetch manifest @babel/plugin-transform-logical-assignment-operators@^7.24.7
3093 silly packumentCache full:https://registry.npmjs.org/@babel%2fplugin-transform-logical-assignment-operators cache-miss
3094 http cache https://registry.npmjs.org/@babel%2fplugin-transform-numeric-separator 11ms (cache hit)
3095 silly packumentCache full:https://registry.npmjs.org/@babel%2fplugin-transform-numeric-separator set size:84467 disposed:false
3096 silly fetch manifest @babel/plugin-transform-named-capturing-groups-regex@^7.24.7
3097 silly packumentCache full:https://registry.npmjs.org/@babel%2fplugin-transform-named-capturing-groups-regex cache-miss
3098 http cache https://registry.npmjs.org/@babel%2fplugin-transform-async-to-generator 10ms (cache hit)
3099 silly packumentCache full:https://registry.npmjs.org/@babel%2fplugin-transform-async-to-generator set size:235159 disposed:false
3100 silly fetch manifest @babel/plugin-syntax-flow@^7.12.1
3101 silly packumentCache full:https://registry.npmjs.org/@babel%2fplugin-syntax-flow cache-hit
3102 http cache https://registry.npmjs.org/@babel%2fplugin-transform-computed-properties 10ms (cache hit)
3103 silly packumentCache full:https://registry.npmjs.org/@babel%2fplugin-transform-computed-properties set size:213271 disposed:false
3104 http cache https://registry.npmjs.org/@babel%2fplugin-syntax-nullish-coalescing-operator 9ms (cache hit)
3105 silly packumentCache full:https://registry.npmjs.org/@babel%2fplugin-syntax-nullish-coalescing-operator set size:85378 disposed:false
3106 http cache https://registry.npmjs.org/@babel%2fplugin-transform-async-generator-functions 9ms (cache hit)
3107 silly packumentCache full:https://registry.npmjs.org/@babel%2fplugin-transform-async-generator-functions set size:115661 disposed:false
3108 http cache https://registry.npmjs.org/@babel%2fplugin-transform-optional-catch-binding 12ms (cache hit)
3109 silly packumentCache full:https://registry.npmjs.org/@babel%2fplugin-transform-optional-catch-binding set size:81867 disposed:false
3110 http cache https://registry.npmjs.org/@babel%2fplugin-transform-logical-assignment-operators 9ms (cache hit)
3111 silly packumentCache full:https://registry.npmjs.org/@babel%2fplugin-transform-logical-assignment-operators set size:90500 disposed:false
3112 http cache https://registry.npmjs.org/@babel%2fplugin-transform-named-capturing-groups-regex 9ms (cache hit)
3113 silly packumentCache full:https://registry.npmjs.org/@babel%2fplugin-transform-named-capturing-groups-regex set size:182298 disposed:false
3114 silly placeDep ROOT @babel/helper-create-class-features-plugin@7.28.6 OK for: @babel/plugin-proposal-decorators@7.29.0 want: ^7.28.6
3115 silly placeDep ROOT @babel/helper-plugin-utils@7.28.6 OK for: @babel/plugin-proposal-decorators@7.29.0 want: ^7.28.6
3116 silly placeDep ROOT @babel/plugin-syntax-decorators@7.28.6 OK for: @babel/plugin-proposal-decorators@7.29.0 want: ^7.28.6
3117 silly fetch manifest @babel/helper-replace-supers@^7.28.6
3118 silly packumentCache full:https://registry.npmjs.org/@babel%2fhelper-replace-supers cache-miss
3119 silly fetch manifest @babel/helper-optimise-call-expression@^7.27.1
3120 silly packumentCache full:https://registry.npmjs.org/@babel%2fhelper-optimise-call-expression cache-miss
3121 silly fetch manifest @babel/helper-member-expression-to-functions@^7.28.5
3122 silly packumentCache full:https://registry.npmjs.org/@babel%2fhelper-member-expression-to-functions cache-miss
3123 silly fetch manifest @babel/helper-skip-transparent-expression-wrappers@^7.27.1
3124 silly packumentCache full:https://registry.npmjs.org/@babel%2fhelper-skip-transparent-expression-wrappers cache-miss
3125 http cache https://registry.npmjs.org/@babel%2fhelper-optimise-call-expression 5ms (cache hit)
3126 silly packumentCache full:https://registry.npmjs.org/@babel%2fhelper-optimise-call-expression set size:182706 disposed:false
3127 http cache https://registry.npmjs.org/@babel%2fhelper-replace-supers 7ms (cache hit)
3128 silly packumentCache full:https://registry.npmjs.org/@babel%2fhelper-replace-supers set size:257551 disposed:false
3129 http cache https://registry.npmjs.org/@babel%2fhelper-skip-transparent-expression-wrappers 7ms (cache hit)
3130 silly packumentCache full:https://registry.npmjs.org/@babel%2fhelper-skip-transparent-expression-wrappers set size:95565 disposed:false
3131 http cache https://registry.npmjs.org/@babel%2fhelper-member-expression-to-functions 8ms (cache hit)
3132 silly packumentCache full:https://registry.npmjs.org/@babel%2fhelper-member-expression-to-functions set size:218792 disposed:false
3133 silly placeDep ROOT @babel/helper-annotate-as-pure@7.27.3 OK for: @babel/helper-create-class-features-plugin@7.28.6 want: ^7.27.3
3134 silly placeDep ROOT @babel/helper-member-expression-to-functions@7.28.5 OK for: @babel/helper-create-class-features-plugin@7.28.6 want: ^7.28.5
3135 silly placeDep ROOT @babel/helper-optimise-call-expression@7.27.1 OK for: @babel/helper-create-class-features-plugin@7.28.6 want: ^7.27.1
3136 silly placeDep ROOT @babel/helper-replace-supers@7.28.6 OK for: @babel/helper-create-class-features-plugin@7.28.6 want: ^7.28.6
3137 silly placeDep ROOT @babel/helper-skip-transparent-expression-wrappers@7.27.1 OK for: @babel/helper-create-class-features-plugin@7.28.6 want: ^7.27.1
3138 silly placeDep ROOT @babel/plugin-syntax-flow@7.28.6 OK for: @babel/plugin-transform-flow-strip-types@7.27.1 want: ^7.27.1
3139 silly placeDep ROOT @babel/plugin-transform-destructuring@7.28.5 OK for: @babel/plugin-transform-object-rest-spread@7.28.6 want: ^7.28.5
3140 silly placeDep ROOT babel-plugin-polyfill-corejs2@0.4.17 OK for: @babel/plugin-transform-runtime@7.29.0 want: ^0.4.14
3141 silly placeDep ROOT babel-plugin-polyfill-corejs3@0.13.0 OK for: @babel/plugin-transform-runtime@7.29.0 want: ^0.13.0
3142 silly placeDep ROOT babel-plugin-polyfill-regenerator@0.6.8 OK for: @babel/plugin-transform-runtime@7.29.0 want: ^0.6.5
3143 silly fetch manifest @babel/helper-define-polyfill-provider@^0.6.8
3144 silly packumentCache full:https://registry.npmjs.org/@babel%2fhelper-define-polyfill-provider cache-miss
3145 silly fetch manifest core-js-compat@^3.43.0
3146 silly packumentCache full:https://registry.npmjs.org/core-js-compat cache-miss
3147 silly fetch manifest @babel/helper-define-polyfill-provider@^0.6.5
3148 silly packumentCache full:https://registry.npmjs.org/@babel%2fhelper-define-polyfill-provider cache-miss
3149 silly fetch manifest @babel/helper-define-polyfill-provider@^0.6.8
3150 silly packumentCache full:https://registry.npmjs.org/@babel%2fhelper-define-polyfill-provider cache-miss
3151 http cache https://registry.npmjs.org/@babel%2fhelper-define-polyfill-provider 3ms (cache hit)
3152 silly packumentCache full:https://registry.npmjs.org/@babel%2fhelper-define-polyfill-provider set size:116586 disposed:false
3153 http cache https://registry.npmjs.org/core-js-compat 4ms (cache hit)
3154 silly packumentCache full:https://registry.npmjs.org/core-js-compat set size:345744 disposed:false
3155 http cache https://registry.npmjs.org/@babel%2fhelper-define-polyfill-provider 5ms (cache hit)
3156 silly packumentCache full:https://registry.npmjs.org/@babel%2fhelper-define-polyfill-provider set size:116586 disposed:false
3157 silly packumentCache full:https://registry.npmjs.org/@babel%2fhelper-define-polyfill-provider dispose
3158 http cache https://registry.npmjs.org/@babel%2fhelper-define-polyfill-provider 6ms (cache hit)
3159 silly packumentCache full:https://registry.npmjs.org/@babel%2fhelper-define-polyfill-provider set size:116586 disposed:true
3160 silly packumentCache full:https://registry.npmjs.org/@babel%2fhelper-define-polyfill-provider dispose
3161 silly placeDep ROOT @babel/plugin-transform-react-display-name@7.28.0 OK for: @babel/preset-react@7.28.5 want: ^7.28.0
3162 silly placeDep ROOT @babel/plugin-transform-react-jsx@7.28.6 OK for: @babel/preset-react@7.28.5 want: ^7.27.1
3163 silly placeDep ROOT @babel/plugin-transform-react-jsx-development@7.27.1 OK for: @babel/preset-react@7.28.5 want: ^7.27.1
3164 silly placeDep ROOT @babel/plugin-transform-react-pure-annotations@7.27.1 OK for: @babel/preset-react@7.28.5 want: ^7.27.1
3165 silly fetch manifest @babel/plugin-syntax-jsx@^7.28.6
3166 silly packumentCache full:https://registry.npmjs.org/@babel%2fplugin-syntax-jsx cache-hit
3167 silly placeDep ROOT @babel/plugin-syntax-jsx@7.28.6 OK for: @babel/plugin-transform-react-jsx@7.28.6 want: ^7.28.6
3168 silly placeDep ROOT @babel/plugin-transform-typescript@7.28.6 OK for: @babel/preset-typescript@7.28.5 want: ^7.28.5
3169 silly fetch manifest @babel/plugin-syntax-typescript@^7.28.6
3170 silly packumentCache full:https://registry.npmjs.org/@babel%2fplugin-syntax-typescript cache-miss
3171 http cache https://registry.npmjs.org/@babel%2fplugin-syntax-typescript 6ms (cache hit)
3172 silly packumentCache full:https://registry.npmjs.org/@babel%2fplugin-syntax-typescript set size:206321 disposed:false
3173 silly placeDep ROOT @babel/plugin-syntax-typescript@7.28.6 OK for: @babel/plugin-transform-typescript@7.28.6 want: ^7.28.6
3174 silly fetch manifest @babel/core@^7.25.2
3175 silly packumentCache full:https://registry.npmjs.org/@babel%2fcore cache-hit
3176 silly placeDep ROOT @babel/plugin-syntax-dynamic-import@7.8.3 OK for: @react-native/babel-preset@0.81.5 want: ^7.8.3
3177 silly placeDep ROOT @babel/plugin-syntax-nullish-coalescing-operator@7.8.3 OK for: @react-native/babel-preset@0.81.5 want: ^7.8.3
3178 silly placeDep ROOT @babel/plugin-syntax-optional-chaining@7.8.3 OK for: @react-native/babel-preset@0.81.5 want: ^7.8.3
3179 silly placeDep ROOT @babel/plugin-transform-arrow-functions@7.27.1 OK for: @react-native/babel-preset@0.81.5 want: ^7.24.7
3180 silly placeDep ROOT @babel/plugin-transform-async-generator-functions@7.29.0 OK for: @react-native/babel-preset@0.81.5 want: ^7.25.4
3181 silly placeDep ROOT @babel/plugin-transform-async-to-generator@7.28.6 OK for: @react-native/babel-preset@0.81.5 want: ^7.24.7
3182 silly placeDep ROOT @babel/plugin-transform-block-scoping@7.28.6 OK for: @react-native/babel-preset@0.81.5 want: ^7.25.0
3183 silly placeDep ROOT @babel/plugin-transform-class-properties@7.28.6 OK for: @react-native/babel-preset@0.81.5 want: ^7.25.4
3184 silly placeDep ROOT @babel/plugin-transform-classes@7.28.6 OK for: @react-native/babel-preset@0.81.5 want: ^7.25.4
3185 silly placeDep ROOT @babel/plugin-transform-computed-properties@7.28.6 OK for: @react-native/babel-preset@0.81.5 want: ^7.24.7
3186 silly placeDep ROOT @babel/plugin-transform-for-of@7.27.1 OK for: @react-native/babel-preset@0.81.5 want: ^7.24.7
3187 silly placeDep ROOT @babel/plugin-transform-function-name@7.27.1 OK for: @react-native/babel-preset@0.81.5 want: ^7.25.1
3188 silly placeDep ROOT @babel/plugin-transform-literals@7.27.1 OK for: @react-native/babel-preset@0.81.5 want: ^7.25.2
3189 silly placeDep ROOT @babel/plugin-transform-logical-assignment-operators@7.28.6 OK for: @react-native/babel-preset@0.81.5 want: ^7.24.7
3190 silly placeDep ROOT @babel/plugin-transform-named-capturing-groups-regex@7.29.0 OK for: @react-native/babel-preset@0.81.5 want: ^7.24.7
3191 silly placeDep ROOT @babel/plugin-transform-nullish-coalescing-operator@7.28.6 OK for: @react-native/babel-preset@0.81.5 want: ^7.24.7
3192 silly placeDep ROOT @babel/plugin-transform-numeric-separator@7.28.6 OK for: @react-native/babel-preset@0.81.5 want: ^7.24.7
3193 silly placeDep ROOT @babel/plugin-transform-optional-catch-binding@7.28.6 OK for: @react-native/babel-preset@0.81.5 want: ^7.24.7
3194 silly placeDep ROOT @babel/plugin-transform-optional-chaining@7.28.6 OK for: @react-native/babel-preset@0.81.5 want: ^7.24.8
3195 silly placeDep ROOT @babel/plugin-transform-react-jsx-self@7.27.1 OK for: @react-native/babel-preset@0.81.5 want: ^7.24.7
3196 silly placeDep ROOT @babel/plugin-transform-react-jsx-source@7.27.1 OK for: @react-native/babel-preset@0.81.5 want: ^7.24.7
3197 silly placeDep ROOT @babel/plugin-transform-regenerator@7.29.0 OK for: @react-native/babel-preset@0.81.5 want: ^7.24.7
3198 silly placeDep ROOT @babel/plugin-transform-shorthand-properties@7.27.1 OK for: @react-native/babel-preset@0.81.5 want: ^7.24.7
3199 silly placeDep ROOT @babel/plugin-transform-spread@7.28.6 OK for: @react-native/babel-preset@0.81.5 want: ^7.24.7
3200 silly placeDep ROOT @babel/plugin-transform-sticky-regex@7.27.1 OK for: @react-native/babel-preset@0.81.5 want: ^7.24.7
3201 silly placeDep ROOT @babel/plugin-transform-unicode-regex@7.27.1 OK for: @react-native/babel-preset@0.81.5 want: ^7.24.7
3202 silly placeDep ROOT @react-native/babel-plugin-codegen@0.81.5 OK for: @react-native/babel-preset@0.81.5 want: 0.81.5
3203 silly fetch manifest @babel/helper-remap-async-to-generator@^7.27.1
3204 silly packumentCache full:https://registry.npmjs.org/@babel%2fhelper-remap-async-to-generator cache-miss
3205 silly fetch manifest @babel/helper-remap-async-to-generator@^7.27.1
3206 silly packumentCache full:https://registry.npmjs.org/@babel%2fhelper-remap-async-to-generator cache-miss
3207 silly fetch manifest @babel/helper-create-regexp-features-plugin@^7.28.5
3208 silly packumentCache full:https://registry.npmjs.org/@babel%2fhelper-create-regexp-features-plugin cache-miss
3209 silly fetch manifest @babel/helper-create-regexp-features-plugin@^7.27.1
3210 silly packumentCache full:https://registry.npmjs.org/@babel%2fhelper-create-regexp-features-plugin cache-miss
3211 http cache https://registry.npmjs.org/@babel%2fhelper-create-regexp-features-plugin 9ms (cache hit)
3212 silly packumentCache full:https://registry.npmjs.org/@babel%2fhelper-create-regexp-features-plugin set size:176119 disposed:false
3213 http cache https://registry.npmjs.org/@babel%2fhelper-remap-async-to-generator 11ms (cache hit)
3214 silly packumentCache full:https://registry.npmjs.org/@babel%2fhelper-remap-async-to-generator set size:217576 disposed:false
3215 http cache https://registry.npmjs.org/@babel%2fhelper-remap-async-to-generator 13ms (cache hit)
3216 silly packumentCache full:https://registry.npmjs.org/@babel%2fhelper-remap-async-to-generator set size:217576 disposed:false
3217 silly packumentCache full:https://registry.npmjs.org/@babel%2fhelper-remap-async-to-generator dispose
3218 http cache https://registry.npmjs.org/@babel%2fhelper-create-regexp-features-plugin 14ms (cache hit)
3219 silly packumentCache full:https://registry.npmjs.org/@babel%2fhelper-create-regexp-features-plugin set size:176119 disposed:false
3220 silly packumentCache full:https://registry.npmjs.org/@babel%2fhelper-create-regexp-features-plugin dispose
3221 silly placeDep ROOT @babel/helper-remap-async-to-generator@7.27.1 OK for: @babel/plugin-transform-async-generator-functions@7.29.0 want: ^7.27.1
3222 silly fetch manifest @babel/helper-wrap-function@^7.27.1
3223 silly packumentCache full:https://registry.npmjs.org/@babel%2fhelper-wrap-function cache-miss
3224 http cache https://registry.npmjs.org/@babel%2fhelper-wrap-function 5ms (cache hit)
3225 silly packumentCache full:https://registry.npmjs.org/@babel%2fhelper-wrap-function set size:215044 disposed:false
3226 silly placeDep ROOT @babel/helper-wrap-function@7.28.6 OK for: @babel/helper-remap-async-to-generator@7.27.1 want: ^7.27.1
3227 silly placeDep ROOT @babel/helper-create-regexp-features-plugin@7.28.5 OK for: @babel/plugin-transform-named-capturing-groups-regex@7.29.0 want: ^7.28.5
3228 silly fetch manifest regexpu-core@^6.3.1
3229 silly packumentCache full:https://registry.npmjs.org/regexpu-core cache-miss
3230 http cache https://registry.npmjs.org/regexpu-core 6ms (cache hit)
3231 silly packumentCache full:https://registry.npmjs.org/regexpu-core set size:156240 disposed:false
3232 silly placeDep ROOT regexpu-core@6.4.0 OK for: @babel/helper-create-regexp-features-plugin@7.28.5 want: ^6.3.1
3233 silly fetch manifest regenerate@^1.4.2
3234 silly packumentCache full:https://registry.npmjs.org/regenerate cache-miss
3235 silly fetch manifest regenerate-unicode-properties@^10.2.2
3236 silly packumentCache full:https://registry.npmjs.org/regenerate-unicode-properties cache-miss
3237 silly fetch manifest regjsgen@^0.8.0
3238 silly packumentCache full:https://registry.npmjs.org/regjsgen cache-miss
3239 silly fetch manifest regjsparser@^0.13.0
3240 silly packumentCache full:https://registry.npmjs.org/regjsparser cache-miss
3241 silly fetch manifest unicode-match-property-ecmascript@^2.0.0
3242 silly packumentCache full:https://registry.npmjs.org/unicode-match-property-ecmascript cache-miss
3243 silly fetch manifest unicode-match-property-value-ecmascript@^2.2.1
3244 silly packumentCache full:https://registry.npmjs.org/unicode-match-property-value-ecmascript cache-miss
3245 http cache https://registry.npmjs.org/regenerate 5ms (cache hit)
3246 silly packumentCache full:https://registry.npmjs.org/regenerate set size:56872 disposed:false
3247 http cache https://registry.npmjs.org/regenerate-unicode-properties 5ms (cache hit)
3248 silly packumentCache full:https://registry.npmjs.org/regenerate-unicode-properties set size:78166 disposed:false
3249 http cache https://registry.npmjs.org/regjsgen 5ms (cache hit)
3250 silly packumentCache full:https://registry.npmjs.org/regjsgen set size:26409 disposed:false
3251 http cache https://registry.npmjs.org/unicode-match-property-ecmascript 6ms (cache hit)
3252 silly packumentCache full:https://registry.npmjs.org/unicode-match-property-ecmascript set size:16934 disposed:false
3253 http cache https://registry.npmjs.org/regjsparser 6ms (cache hit)
3254 silly packumentCache full:https://registry.npmjs.org/regjsparser set size:83765 disposed:false
3255 http cache https://registry.npmjs.org/unicode-match-property-value-ecmascript 8ms (cache hit)
3256 silly packumentCache full:https://registry.npmjs.org/unicode-match-property-value-ecmascript set size:26439 disposed:false
3257 silly placeDep ROOT @react-native/codegen@0.81.5 OK for: @react-native/babel-plugin-codegen@0.81.5 want: 0.81.5
3258 silly placeDep node_modules/@react-native/codegen glob@7.2.3 OK for: @react-native/codegen@0.81.5 want: ^7.1.1
3259 silly placeDep ROOT invariant@2.2.4 OK for: @react-native/codegen@0.81.5 want: ^2.2.4
3260 silly placeDep ROOT nullthrows@1.1.1 OK for: @react-native/codegen@0.81.5 want: ^1.1.1
3261 silly placeDep ROOT yargs@17.7.2 OK for: @react-native/codegen@0.81.5 want: ^17.6.2
3262 silly fetch manifest once@^1.3.0
3263 silly packumentCache full:https://registry.npmjs.org/once cache-miss
3264 silly fetch manifest inflight@^1.0.4
3265 silly packumentCache full:https://registry.npmjs.org/inflight cache-miss
3266 silly fetch manifest inherits@2
3267 silly packumentCache full:https://registry.npmjs.org/inherits cache-miss
3268 silly fetch manifest fs.realpath@^1.0.0
3269 silly packumentCache full:https://registry.npmjs.org/fs.realpath cache-miss
3270 silly fetch manifest path-is-absolute@^1.0.0
3271 silly packumentCache full:https://registry.npmjs.org/path-is-absolute cache-miss
3272 silly fetch manifest loose-envify@^1.0.0
3273 silly packumentCache full:https://registry.npmjs.org/loose-envify cache-hit
3274 silly fetch manifest y18n@^5.0.5
3275 silly packumentCache full:https://registry.npmjs.org/y18n cache-miss
3276 silly fetch manifest cliui@^8.0.1
3277 silly packumentCache full:https://registry.npmjs.org/cliui cache-miss
3278 http cache https://registry.npmjs.org/fs.realpath 9ms (cache hit)
3279 silly packumentCache full:https://registry.npmjs.org/fs.realpath set size:4806 disposed:false
3280 silly fetch manifest escalade@^3.1.1
3281 silly packumentCache full:https://registry.npmjs.org/escalade cache-hit
3282 silly fetch manifest string-width@^4.2.3
3283 silly packumentCache full:https://registry.npmjs.org/string-width cache-miss
3284 http cache https://registry.npmjs.org/inflight 11ms (cache hit)
3285 silly packumentCache full:https://registry.npmjs.org/inflight set size:13140 disposed:false
3286 silly fetch manifest yargs-parser@^21.1.1
3287 silly packumentCache full:https://registry.npmjs.org/yargs-parser cache-miss
3288 http cache https://registry.npmjs.org/inherits 10ms (cache hit)
3289 silly packumentCache full:https://registry.npmjs.org/inherits set size:12925 disposed:false
3290 silly fetch manifest get-caller-file@^2.0.5
3291 silly packumentCache full:https://registry.npmjs.org/get-caller-file cache-miss
3292 http cache https://registry.npmjs.org/cliui 10ms (cache hit)
3293 silly packumentCache full:https://registry.npmjs.org/cliui set size:69089 disposed:false
3294 silly fetch manifest require-directory@^2.1.1
3295 silly packumentCache full:https://registry.npmjs.org/require-directory cache-miss
3296 http cache https://registry.npmjs.org/once 13ms (cache hit)
3297 silly packumentCache full:https://registry.npmjs.org/once set size:11752 disposed:false
3298 http cache https://registry.npmjs.org/y18n 13ms (cache hit)
3299 silly packumentCache full:https://registry.npmjs.org/y18n set size:76155 disposed:false
3300 http cache https://registry.npmjs.org/path-is-absolute 13ms (cache hit)
3301 silly packumentCache full:https://registry.npmjs.org/path-is-absolute set size:8253 disposed:false
3302 http cache https://registry.npmjs.org/string-width 6ms (cache hit)
3303 silly packumentCache full:https://registry.npmjs.org/string-width set size:68305 disposed:false
3304 http cache https://registry.npmjs.org/yargs-parser 7ms (cache hit)
3305 silly packumentCache full:https://registry.npmjs.org/yargs-parser set size:238630 disposed:false
3306 http cache https://registry.npmjs.org/get-caller-file 9ms (cache hit)
3307 silly packumentCache full:https://registry.npmjs.org/get-caller-file set size:26456 disposed:false
3308 http cache https://registry.npmjs.org/require-directory 8ms (cache hit)
3309 silly packumentCache full:https://registry.npmjs.org/require-directory set size:26866 disposed:false
3310 silly fetch manifest @babel/core@^7.4.0 || ^8.0.0-0 <8.0.0
3311 silly packumentCache full:https://registry.npmjs.org/@babel%2fcore cache-hit
3312 silly placeDep ROOT @babel/helper-define-polyfill-provider@0.6.8 OK for: babel-plugin-polyfill-corejs2@0.4.17 want: ^0.6.8
3313 silly fetch manifest resolve@^1.22.11
3314 silly packumentCache full:https://registry.npmjs.org/resolve cache-hit
3315 silly fetch manifest lodash.debounce@^4.0.8
3316 silly packumentCache full:https://registry.npmjs.org/lodash.debounce cache-miss
3317 http cache https://registry.npmjs.org/lodash.debounce 5ms (cache hit)
3318 silly packumentCache full:https://registry.npmjs.org/lodash.debounce set size:44123 disposed:false
3319 silly placeDep ROOT lodash.debounce@4.0.8 OK for: @babel/helper-define-polyfill-provider@0.6.8 want: ^4.0.8
3320 silly placeDep node_modules/@babel/helper-define-polyfill-provider resolve@1.22.12 OK for: @babel/helper-define-polyfill-provider@0.6.8 want: ^1.22.11
3321 silly placeDep ROOT core-js-compat@3.49.0 OK for: babel-plugin-polyfill-corejs3@0.13.0 want: ^3.43.0
3322 silly placeDep ROOT @expo/image-utils@0.8.13 OK for: expo-asset@12.0.12 want: ^0.8.8
3323 silly fetch manifest parse-png@^2.1.0
3324 silly packumentCache full:https://registry.npmjs.org/parse-png cache-miss
3325 silly fetch manifest jimp-compact@0.16.1
3326 silly packumentCache full:https://registry.npmjs.org/jimp-compact cache-miss
3327 silly fetch manifest @expo/require-utils@^55.0.4
3328 silly packumentCache full:https://registry.npmjs.org/@expo%2frequire-utils cache-miss
3329 http cache https://registry.npmjs.org/@expo%2frequire-utils 6ms (cache hit)
3330 silly packumentCache full:https://registry.npmjs.org/@expo%2frequire-utils set size:52678 disposed:false
3331 http cache https://registry.npmjs.org/jimp-compact 8ms (cache hit)
3332 silly packumentCache full:https://registry.npmjs.org/jimp-compact set size:55876 disposed:false
3333 http cache https://registry.npmjs.org/parse-png 8ms (cache hit)
3334 silly packumentCache full:https://registry.npmjs.org/parse-png set size:13026 disposed:false
3335 silly fetch manifest typescript@^5.0.0 || ^5.0.0-0
3336 silly packumentCache full:https://registry.npmjs.org/typescript cache-miss
3337 http cache https://registry.npmjs.org/typescript 27ms (cache hit)
3338 silly packumentCache full:https://registry.npmjs.org/typescript set size:15409943 disposed:false
3339 silly placeDep ROOT @expo/require-utils@55.0.4 OK for: @expo/image-utils@0.8.13 want: ^55.0.4
3340 silly placeDep ROOT jimp-compact@0.16.1 OK for: @expo/image-utils@0.8.13 want: 0.16.1
3341 silly placeDep ROOT parse-png@2.1.0 OK for: @expo/image-utils@0.8.13 want: ^2.1.0
3342 silly placeDep node_modules/@expo/image-utils semver@7.7.4 OK for: @expo/image-utils@0.8.13 want: ^7.6.0
3343 silly fetch manifest pngjs@^3.3.0
3344 silly packumentCache full:https://registry.npmjs.org/pngjs cache-miss
3345 http cache https://registry.npmjs.org/pngjs 4ms (cache hit)
3346 silly packumentCache full:https://registry.npmjs.org/pngjs set size:70154 disposed:false
3347 silly placeDep ROOT fontfaceobserver@2.3.0 OK for: expo-font@14.0.11 want: ^2.1.0
3348 silly placeDep ROOT commander@7.2.0 OK for: expo-modules-autolinking@3.0.24 want: ^7.2.0
3349 silly fetch manifest @types/react@*
3350 silly packumentCache full:https://registry.npmjs.org/@types%2freact cache-miss
3351 http cache https://registry.npmjs.org/@types%2freact 6ms (cache hit)
3352 silly packumentCache full:https://registry.npmjs.org/@types%2freact set size:2588964 disposed:false
3353 silly fetch manifest @types/react-dom@*
3354 silly packumentCache full:https://registry.npmjs.org/@types%2freact-dom cache-miss
3355 http cache https://registry.npmjs.org/@types%2freact-dom 10ms (cache hit)
3356 silly packumentCache full:https://registry.npmjs.org/@types%2freact-dom set size:429026 disposed:false
3357 silly fetch manifest react-native-safe-area-context@>= 5.4.0
3358 silly packumentCache full:https://registry.npmjs.org/react-native-safe-area-context cache-hit
3359 silly fetch manifest react-native-screens@*
3360 silly packumentCache full:https://registry.npmjs.org/react-native-screens cache-miss
3361 http cache https://registry.npmjs.org/react-native-screens 8ms (cache hit)
3362 silly packumentCache full:https://registry.npmjs.org/react-native-screens set size:3757676 disposed:false
3363 silly placeDep ROOT @expo/metro-runtime@6.1.2 OK for: expo-router@6.0.23 want: ^6.1.2
3364 silly placeDep ROOT @expo/schema-utils@0.1.8 OK for: expo-router@6.0.23 want: ^0.1.8
3365 silly placeDep ROOT @radix-ui/react-slot@1.2.0 OK for: expo-router@6.0.23 want: 1.2.0
3366 silly placeDep node_modules/expo-router @radix-ui/react-tabs@1.1.13 OK for: expo-router@6.0.23 want: ^1.1.12
3367 silly placeDep ROOT @react-navigation/native-stack@7.14.11 OK for: expo-router@6.0.23 want: ^7.3.16
3368 silly placeDep ROOT client-only@0.0.1 OK for: expo-router@6.0.23 want: ^0.0.1
3369 silly placeDep ROOT expo-server@1.0.5 OK for: expo-router@6.0.23 want: ^1.0.5
3370 silly placeDep ROOT react-fast-compare@3.2.2 OK for: expo-router@6.0.23 want: ^3.2.2
3371 silly placeDep ROOT react-native-is-edge-to-edge@1.3.1 OK for: expo-router@6.0.23 want: ^1.1.6
3372 silly placeDep node_modules/expo-router semver@7.6.3 OK for: expo-router@6.0.23 want: ~7.6.3
3373 silly placeDep ROOT server-only@0.0.1 OK for: expo-router@6.0.23 want: ^0.0.1
3374 silly placeDep ROOT shallowequal@1.1.0 OK for: expo-router@6.0.23 want: ^1.1.0
3375 silly placeDep ROOT vaul@1.1.2 OK for: expo-router@6.0.23 want: ^1.1.2
3376 silly fetch manifest @radix-ui/react-compose-refs@1.1.2
3377 silly packumentCache full:https://registry.npmjs.org/@radix-ui%2freact-compose-refs cache-miss
3378 silly fetch manifest @radix-ui/react-id@1.1.1
3379 silly packumentCache full:https://registry.npmjs.org/@radix-ui%2freact-id cache-miss
3380 silly fetch manifest @radix-ui/primitive@1.1.3
3381 silly packumentCache full:https://registry.npmjs.org/@radix-ui%2fprimitive cache-miss
3382 silly fetch manifest @radix-ui/react-context@1.1.2
3383 silly packumentCache full:https://registry.npmjs.org/@radix-ui%2freact-context cache-miss
3384 silly fetch manifest @radix-ui/react-presence@1.1.5
3385 silly packumentCache full:https://registry.npmjs.org/@radix-ui%2freact-presence cache-miss
3386 silly fetch manifest @radix-ui/react-direction@1.1.1
3387 silly packumentCache full:https://registry.npmjs.org/@radix-ui%2freact-direction cache-miss
3388 silly fetch manifest @radix-ui/react-primitive@2.1.3
3389 silly packumentCache full:https://registry.npmjs.org/@radix-ui%2freact-primitive cache-miss
3390 http cache https://registry.npmjs.org/@radix-ui%2freact-compose-refs 12ms (cache hit)
3391 silly packumentCache full:https://registry.npmjs.org/@radix-ui%2freact-compose-refs set size:219425 disposed:false
3392 silly fetch manifest @radix-ui/react-roving-focus@1.1.11
3393 silly packumentCache full:https://registry.npmjs.org/@radix-ui%2freact-roving-focus cache-miss
3394 http cache https://registry.npmjs.org/@radix-ui%2fprimitive 16ms (cache hit)
3395 silly packumentCache full:https://registry.npmjs.org/@radix-ui%2fprimitive set size:164617 disposed:false
3396 silly fetch manifest @radix-ui/react-use-controllable-state@1.2.2
3397 silly packumentCache full:https://registry.npmjs.org/@radix-ui%2freact-use-controllable-state cache-miss
3398 http cache https://registry.npmjs.org/@radix-ui%2freact-id 18ms (cache hit)
3399 silly packumentCache full:https://registry.npmjs.org/@radix-ui%2freact-id set size:325405 disposed:false
3400 silly fetch manifest warn-once@^0.1.1
3401 silly packumentCache full:https://registry.npmjs.org/warn-once cache-hit
3402 silly fetch manifest @radix-ui/react-dialog@^1.1.1
3403 silly packumentCache full:https://registry.npmjs.org/@radix-ui%2freact-dialog cache-miss
3404 http cache https://registry.npmjs.org/@radix-ui%2freact-primitive 22ms (cache hit)
3405 silly packumentCache full:https://registry.npmjs.org/@radix-ui%2freact-primitive set size:595809 disposed:false
3406 http cache https://registry.npmjs.org/@radix-ui%2freact-context 26ms (cache hit)
3407 silly packumentCache full:https://registry.npmjs.org/@radix-ui%2freact-context set size:266557 disposed:false
3408 http cache https://registry.npmjs.org/@radix-ui%2freact-presence 31ms (cache hit)
3409 silly packumentCache full:https://registry.npmjs.org/@radix-ui%2freact-presence set size:443830 disposed:false
3410 http cache https://registry.npmjs.org/@radix-ui%2freact-direction 43ms (cache hit)
3411 silly packumentCache full:https://registry.npmjs.org/@radix-ui%2freact-direction set size:202714 disposed:false
3412 http cache https://registry.npmjs.org/@radix-ui%2freact-dialog 31ms (cache hit)
3413 silly packumentCache full:https://registry.npmjs.org/@radix-ui%2freact-dialog set size:1036325 disposed:false
3414 http cache https://registry.npmjs.org/@radix-ui%2freact-roving-focus 40ms (cache hit)
3415 silly packumentCache full:https://registry.npmjs.org/@radix-ui%2freact-roving-focus set size:830379 disposed:false
3416 http cache https://registry.npmjs.org/@radix-ui%2freact-use-controllable-state 42ms (cache hit)
3417 silly packumentCache full:https://registry.npmjs.org/@radix-ui%2freact-use-controllable-state set size:296080 disposed:false
3418 silly placeDep ROOT anser@1.4.10 OK for: @expo/metro-runtime@6.1.2 want: ^1.4.9
3419 silly placeDep ROOT stacktrace-parser@0.1.11 OK for: @expo/metro-runtime@6.1.2 want: ^0.1.10
3420 silly placeDep ROOT whatwg-fetch@3.6.20 OK for: @expo/metro-runtime@6.1.2 want: ^3.0.0
3421 silly fetch manifest type-fest@^0.7.1
3422 silly packumentCache full:https://registry.npmjs.org/type-fest cache-miss
3423 http cache https://registry.npmjs.org/type-fest 9ms (cache hit)
3424 silly packumentCache full:https://registry.npmjs.org/type-fest set size:560517 disposed:false
3425 silly fetch manifest react@^16.8 || ^17.0 || ^18.0 || ^19.0 || ^19.0.0-rc
3426 silly packumentCache full:https://registry.npmjs.org/react cache-miss
3427 http cache https://registry.npmjs.org/react 13ms (cache hit)
3428 silly packumentCache full:https://registry.npmjs.org/react set size:6613874 disposed:false
3429 silly placeDep ROOT @radix-ui/react-compose-refs@1.1.2 OK for: @radix-ui/react-slot@1.2.0 want: 1.1.2
3430 silly placeDep ROOT warn-once@0.1.1 OK for: @react-navigation/native-stack@7.14.11 want: ^0.1.1
3431 silly placeDep ROOT @expo/prebuild-config@54.0.8 OK for: expo-splash-screen@31.0.13 want: ^54.0.8
3432 silly placeDep ROOT @react-native/normalize-colors@0.81.5 OK for: @expo/prebuild-config@54.0.8 want: 0.81.5
3433 silly placeDep node_modules/@expo/prebuild-config semver@7.7.4 OK for: @expo/prebuild-config@54.0.8 want: ^7.6.0
3434 silly placeDep ROOT flat-cache@4.0.1 OK for: file-entry-cache@8.0.0 want: ^4.0.0
3435 silly fetch manifest keyv@^4.5.4
3436 silly packumentCache full:https://registry.npmjs.org/keyv cache-miss
3437 silly fetch manifest flatted@^3.2.9
3438 silly packumentCache full:https://registry.npmjs.org/flatted cache-miss
3439 http cache https://registry.npmjs.org/keyv 8ms (cache hit)
3440 silly packumentCache full:https://registry.npmjs.org/keyv set size:215840 disposed:false
3441 http cache https://registry.npmjs.org/flatted 11ms (cache hit)
3442 silly packumentCache full:https://registry.npmjs.org/flatted set size:137347 disposed:false
3443 silly placeDep ROOT locate-path@6.0.0 OK for: find-up@5.0.0 want: ^6.0.0
3444 silly placeDep ROOT path-exists@4.0.0 OK for: find-up@5.0.0 want: ^4.0.0
3445 silly fetch manifest p-locate@^5.0.0
3446 silly packumentCache full:https://registry.npmjs.org/p-locate cache-miss
3447 http cache https://registry.npmjs.org/p-locate 6ms (cache hit)
3448 silly packumentCache full:https://registry.npmjs.org/p-locate set size:22488 disposed:false
3449 silly placeDep ROOT flatted@3.4.2 OK for: flat-cache@4.0.1 want: ^3.2.9
3450 silly placeDep ROOT keyv@4.5.4 OK for: flat-cache@4.0.1 want: ^4.5.4
3451 silly fetch manifest json-buffer@3.0.1
3452 silly packumentCache full:https://registry.npmjs.org/json-buffer cache-miss
3453 http cache https://registry.npmjs.org/json-buffer 3ms (cache hit)
3454 silly packumentCache full:https://registry.npmjs.org/json-buffer set size:23474 disposed:false
3455 silly placeDep ROOT functions-have-names@1.2.3 OK for: function.prototype.name@1.1.8 want: ^1.2.3
3456 silly placeDep ROOT dunder-proto@1.0.1 OK for: get-proto@1.0.1 want: ^1.0.1
3457 silly placeDep ROOT resolve-pkg-maps@1.0.0 OK for: get-tsconfig@4.14.0 want: ^1.0.0
3458 silly placeDep node_modules/glob minimatch@10.2.5 OK for: glob@13.0.6 want: ^10.2.2
3459 silly placeDep ROOT minipass@7.1.3 OK for: glob@13.0.6 want: ^7.1.3
3460 silly placeDep ROOT path-scurry@2.0.2 OK for: glob@13.0.6 want: ^2.0.2
3461 silly fetch manifest lru-cache@^11.0.0
3462 silly packumentCache full:https://registry.npmjs.org/lru-cache cache-hit
3463 silly placeDep ROOT hermes-estree@0.29.1 OK for: hermes-parser@0.29.1 want: 0.29.1
3464 silly placeDep ROOT parent-module@1.0.1 OK for: import-fresh@3.3.1 want: ^1.0.0
3465 silly placeDep node_modules/import-fresh resolve-from@4.0.0 OK for: import-fresh@3.3.1 want: ^4.0.0
3466 silly fetch manifest callsites@^3.0.0
3467 silly packumentCache full:https://registry.npmjs.org/callsites cache-miss
3468 http cache https://registry.npmjs.org/callsites 6ms (cache hit)
3469 silly packumentCache full:https://registry.npmjs.org/callsites set size:21349 disposed:false
3470 silly placeDep ROOT side-channel@1.1.0 OK for: internal-slot@1.1.0 want: ^1.1.0
3471 silly fetch manifest side-channel-list@^1.0.0
3472 silly packumentCache full:https://registry.npmjs.org/side-channel-list cache-miss
3473 silly fetch manifest side-channel-map@^1.0.1
3474 silly packumentCache full:https://registry.npmjs.org/side-channel-map cache-miss
3475 silly fetch manifest side-channel-weakmap@^1.0.2
3476 silly packumentCache full:https://registry.npmjs.org/side-channel-weakmap cache-miss
3477 http cache https://registry.npmjs.org/side-channel-list 5ms (cache hit)
3478 silly packumentCache full:https://registry.npmjs.org/side-channel-list set size:9021 disposed:false
3479 http cache https://registry.npmjs.org/side-channel-map 5ms (cache hit)
3480 silly packumentCache full:https://registry.npmjs.org/side-channel-map set size:9126 disposed:false
3481 http cache https://registry.npmjs.org/side-channel-weakmap 5ms (cache hit)
3482 silly packumentCache full:https://registry.npmjs.org/side-channel-weakmap set size:12620 disposed:false
3483 silly placeDep ROOT loose-envify@1.4.0 OK for: invariant@2.2.4 want: ^1.0.0
3484 silly placeDep node_modules/is-bun-module semver@7.7.4 OK for: is-bun-module@2.0.0 want: ^7.7.1
3485 silly placeDep ROOT is-extglob@2.1.1 OK for: is-glob@4.0.3 want: ^2.1.1
3486 silly placeDep ROOT set-function-name@2.0.2 OK for: iterator.prototype@1.1.5 want: ^2.0.2
3487 silly placeDep ROOT argparse@2.0.1 OK for: js-yaml@4.1.1 want: ^2.0.1
3488 silly placeDep ROOT json-buffer@3.0.1 OK for: keyv@4.5.4 want: 3.0.1
3489 silly placeDep ROOT prelude-ls@1.2.1 OK for: levn@0.4.1 want: ^1.2.1
3490 silly placeDep ROOT type-check@0.4.0 OK for: levn@0.4.1 want: ~0.4.0
3491 silly placeDep ROOT detect-libc@2.1.2 OK for: lightningcss@1.32.0 want: ^2.0.3
3492 silly placeDep ROOT lightningcss-android-arm64@1.32.0 OK for: lightningcss@1.32.0 want: 1.32.0
3493 silly placeDep ROOT lightningcss-darwin-arm64@1.32.0 OK for: lightningcss@1.32.0 want: 1.32.0
3494 silly placeDep ROOT lightningcss-darwin-x64@1.32.0 OK for: lightningcss@1.32.0 want: 1.32.0
3495 silly placeDep ROOT lightningcss-freebsd-x64@1.32.0 OK for: lightningcss@1.32.0 want: 1.32.0
3496 silly placeDep ROOT lightningcss-linux-arm-gnueabihf@1.32.0 OK for: lightningcss@1.32.0 want: 1.32.0
3497 silly placeDep ROOT lightningcss-linux-arm64-gnu@1.32.0 OK for: lightningcss@1.32.0 want: 1.32.0
3498 silly placeDep ROOT lightningcss-linux-arm64-musl@1.32.0 OK for: lightningcss@1.32.0 want: 1.32.0
3499 silly placeDep ROOT lightningcss-linux-x64-gnu@1.32.0 OK for: lightningcss@1.32.0 want: 1.32.0
3500 silly placeDep ROOT lightningcss-linux-x64-musl@1.32.0 OK for: lightningcss@1.32.0 want: 1.32.0
3501 silly placeDep ROOT lightningcss-win32-arm64-msvc@1.32.0 OK for: lightningcss@1.32.0 want: 1.32.0
3502 silly placeDep ROOT lightningcss-win32-x64-msvc@1.32.0 OK for: lightningcss@1.32.0 want: 1.32.0
3503 silly placeDep ROOT p-locate@5.0.0 OK for: locate-path@6.0.0 want: ^5.0.0
3504 silly placeDep ROOT yallist@3.1.1 OK for: lru-cache@5.1.1 want: ^3.0.2
3505 silly fetch manifest bufferutil@^4.0.1
3506 silly packumentCache full:https://registry.npmjs.org/bufferutil cache-miss
3507 http cache https://registry.npmjs.org/bufferutil 2ms (cache hit)
3508 silly packumentCache full:https://registry.npmjs.org/bufferutil set size:52763 disposed:false
3509 silly fetch manifest utf-8-validate@^5.0.2
3510 silly packumentCache full:https://registry.npmjs.org/utf-8-validate cache-miss
3511 http cache https://registry.npmjs.org/utf-8-validate 10ms (cache hit)
3512 silly packumentCache full:https://registry.npmjs.org/utf-8-validate set size:77148 disposed:false
3513 silly placeDep ROOT accepts@1.3.8 OK for: metro@0.83.3 want: ^1.3.7
3514 silly placeDep ROOT ci-info@2.0.0 OK for: metro@0.83.3 want: ^2.0.0
3515 silly placeDep ROOT connect@3.7.0 OK for: metro@0.83.3 want: ^3.6.5
3516 silly placeDep ROOT error-stack-parser@2.1.4 OK for: metro@0.83.3 want: ^2.0.6
3517 silly placeDep ROOT flow-enums-runtime@0.0.6 OK for: metro@0.83.3 want: ^0.0.6
3518 silly placeDep ROOT graceful-fs@4.2.11 OK for: metro@0.83.3 want: ^4.2.4
3519 silly placeDep node_modules/metro hermes-parser@0.32.0 OK for: metro@0.83.3 want: 0.32.0
3520 silly placeDep ROOT image-size@1.2.1 OK for: metro@0.83.3 want: ^1.0.2
3521 silly placeDep ROOT jest-worker@29.7.0 OK for: metro@0.83.3 want: ^29.7.0
3522 silly placeDep ROOT lodash.throttle@4.1.1 OK for: metro@0.83.3 want: ^4.1.1
3523 silly placeDep ROOT mime-types@2.1.35 OK for: metro@0.83.3 want: ^2.1.27
3524 silly placeDep ROOT serialize-error@2.1.0 OK for: metro@0.83.3 want: ^2.1.0
3525 silly placeDep ROOT source-map@0.5.7 OK for: metro@0.83.3 want: ^0.5.6
3526 silly placeDep ROOT throat@5.0.0 OK for: metro@0.83.3 want: ^5.0.0
3527 silly placeDep ROOT ws@7.5.10 OK for: metro@0.83.3 want: ^7.5.10
3528 silly fetch manifest mime-types@~2.1.34
3529 silly packumentCache full:https://registry.npmjs.org/mime-types cache-hit
3530 silly fetch manifest negotiator@0.6.3
3531 silly packumentCache full:https://registry.npmjs.org/negotiator cache-miss
3532 silly fetch manifest debug@2.6.9
3533 silly packumentCache full:https://registry.npmjs.org/debug cache-hit
3534 silly fetch manifest finalhandler@1.1.2
3535 silly packumentCache full:https://registry.npmjs.org/finalhandler cache-miss
3536 silly fetch manifest parseurl@~1.3.3
3537 silly packumentCache full:https://registry.npmjs.org/parseurl cache-miss
3538 silly fetch manifest utils-merge@1.0.1
3539 silly packumentCache full:https://registry.npmjs.org/utils-merge cache-miss
3540 silly fetch manifest stackframe@^1.3.4
3541 silly packumentCache full:https://registry.npmjs.org/stackframe cache-miss
3542 silly fetch manifest hermes-estree@0.32.0
3543 silly packumentCache full:https://registry.npmjs.org/hermes-estree cache-hit
3544 silly fetch manifest queue@6.0.2
3545 silly packumentCache full:https://registry.npmjs.org/queue cache-miss
3546 silly fetch manifest jest-util@^29.7.0
3547 silly packumentCache full:https://registry.npmjs.org/jest-util cache-miss
3548 http cache https://registry.npmjs.org/negotiator 10ms (cache hit)
3549 silly packumentCache full:https://registry.npmjs.org/negotiator set size:48046 disposed:false
3550 silly fetch manifest @types/node@*
3551 silly packumentCache full:https://registry.npmjs.org/@types%2fnode cache-miss
3552 http cache https://registry.npmjs.org/utils-merge 9ms (cache hit)
3553 silly packumentCache full:https://registry.npmjs.org/utils-merge set size:5237 disposed:false
3554 silly fetch manifest merge-stream@^2.0.0
3555 silly packumentCache full:https://registry.npmjs.org/merge-stream cache-miss
3556 http cache https://registry.npmjs.org/finalhandler 11ms (cache hit)
3557 silly packumentCache full:https://registry.npmjs.org/finalhandler set size:79291 disposed:false
3558 silly fetch manifest supports-color@^8.0.0
3559 silly packumentCache full:https://registry.npmjs.org/supports-color cache-hit
3560 silly fetch manifest mime-db@1.52.0
3561 silly packumentCache full:https://registry.npmjs.org/mime-db cache-miss
3562 http cache https://registry.npmjs.org/queue 11ms (cache hit)
3563 silly packumentCache full:https://registry.npmjs.org/queue set size:76287 disposed:false
3564 http cache https://registry.npmjs.org/parseurl 11ms (cache hit)
3565 silly packumentCache full:https://registry.npmjs.org/parseurl set size:24148 disposed:false
3566 http cache https://registry.npmjs.org/stackframe 12ms (cache hit)
3567 silly packumentCache full:https://registry.npmjs.org/stackframe set size:54134 disposed:false
3568 http cache https://registry.npmjs.org/jest-util 12ms (cache hit)
3569 silly packumentCache full:https://registry.npmjs.org/jest-util set size:583957 disposed:false
3570 http cache https://registry.npmjs.org/mime-db 13ms (cache hit)
3571 silly packumentCache full:https://registry.npmjs.org/mime-db set size:164953 disposed:false
3572 http cache https://registry.npmjs.org/merge-stream 15ms (cache hit)
3573 silly packumentCache full:https://registry.npmjs.org/merge-stream set size:22168 disposed:false
3574 http cache https://registry.npmjs.org/@types%2fnode 27ms (cache hit)
3575 silly packumentCache full:https://registry.npmjs.org/@types%2fnode set size:10972342 disposed:false
3576 silly placeDep ROOT negotiator@0.6.3 OK for: accepts@1.3.8 want: 0.6.3
3577 silly placeDep node_modules/connect debug@2.6.9 OK for: connect@3.7.0 want: 2.6.9
3578 silly placeDep ROOT finalhandler@1.1.2 OK for: connect@3.7.0 want: 1.1.2
3579 silly placeDep ROOT parseurl@1.3.3 OK for: connect@3.7.0 want: ~1.3.3
3580 silly placeDep ROOT utils-merge@1.0.1 OK for: connect@3.7.0 want: 1.0.1
3581 silly fetch manifest ms@2.0.0
3582 silly packumentCache full:https://registry.npmjs.org/ms cache-hit
3583 silly fetch manifest unpipe@~1.0.0
3584 silly packumentCache full:https://registry.npmjs.org/unpipe cache-miss
3585 silly fetch manifest statuses@~1.5.0
3586 silly packumentCache full:https://registry.npmjs.org/statuses cache-miss
3587 silly fetch manifest encodeurl@~1.0.2
3588 silly packumentCache full:https://registry.npmjs.org/encodeurl cache-miss
3589 silly fetch manifest escape-html@~1.0.3
3590 silly packumentCache full:https://registry.npmjs.org/escape-html cache-miss
3591 silly fetch manifest on-finished@~2.3.0
3592 silly packumentCache full:https://registry.npmjs.org/on-finished cache-miss
3593 http cache https://registry.npmjs.org/encodeurl 11ms (cache hit)
3594 silly packumentCache full:https://registry.npmjs.org/encodeurl set size:12296 disposed:false
3595 http cache https://registry.npmjs.org/unpipe 12ms (cache hit)
3596 silly packumentCache full:https://registry.npmjs.org/unpipe set size:3609 disposed:false
3597 http cache https://registry.npmjs.org/statuses 12ms (cache hit)
3598 silly packumentCache full:https://registry.npmjs.org/statuses set size:37117 disposed:false
3599 http cache https://registry.npmjs.org/escape-html 12ms (cache hit)
3600 silly packumentCache full:https://registry.npmjs.org/escape-html set size:7345 disposed:false
3601 http cache https://registry.npmjs.org/on-finished 11ms (cache hit)
3602 silly packumentCache full:https://registry.npmjs.org/on-finished set size:23212 disposed:false
3603 silly placeDep ROOT stackframe@1.3.4 OK for: error-stack-parser@2.1.4 want: ^1.3.4
3604 silly placeDep node_modules/finalhandler debug@2.6.9 OK for: finalhandler@1.1.2 want: 2.6.9
3605 silly placeDep ROOT encodeurl@1.0.2 OK for: finalhandler@1.1.2 want: ~1.0.2
3606 silly placeDep ROOT escape-html@1.0.3 OK for: finalhandler@1.1.2 want: ~1.0.3
3607 silly placeDep ROOT on-finished@2.3.0 OK for: finalhandler@1.1.2 want: ~2.3.0
3608 silly placeDep ROOT statuses@1.5.0 OK for: finalhandler@1.1.2 want: ~1.5.0
3609 silly placeDep ROOT unpipe@1.0.0 OK for: finalhandler@1.1.2 want: ~1.0.0
3610 silly fetch manifest ee-first@1.1.1
3611 silly packumentCache full:https://registry.npmjs.org/ee-first cache-miss
3612 http cache https://registry.npmjs.org/ee-first 9ms (cache hit)
3613 silly packumentCache full:https://registry.npmjs.org/ee-first set size:15327 disposed:false
3614 silly placeDep ROOT queue@6.0.2 OK for: image-size@1.2.1 want: 6.0.2
3615 silly fetch manifest inherits@~2.0.3
3616 silly packumentCache full:https://registry.npmjs.org/inherits cache-hit
3617 silly placeDep ROOT @types/node@25.6.0 OK for: jest-worker@29.7.0 want: *
3618 silly placeDep ROOT jest-util@29.7.0 OK for: jest-worker@29.7.0 want: ^29.7.0
3619 silly placeDep ROOT merge-stream@2.0.0 OK for: jest-worker@29.7.0 want: ^2.0.0
3620 silly placeDep node_modules/jest-worker supports-color@8.1.1 OK for: jest-worker@29.7.0 want: ^8.0.0
3621 silly fetch manifest undici-types@~7.19.0
3622 silly packumentCache full:https://registry.npmjs.org/undici-types cache-miss
3623 silly fetch manifest ci-info@^3.2.0
3624 silly packumentCache full:https://registry.npmjs.org/ci-info cache-hit
3625 silly fetch manifest picomatch@^2.2.3
3626 silly packumentCache full:https://registry.npmjs.org/picomatch cache-hit
3627 silly fetch manifest @jest/types@^29.6.3
3628 silly packumentCache full:https://registry.npmjs.org/@jest%2ftypes cache-miss
3629 http cache https://registry.npmjs.org/@jest%2ftypes 11ms (cache hit)
3630 silly packumentCache full:https://registry.npmjs.org/@jest%2ftypes set size:288723 disposed:false
3631 http cache https://registry.npmjs.org/undici-types 14ms (cache hit)
3632 silly packumentCache full:https://registry.npmjs.org/undici-types set size:210150 disposed:false
3633 silly placeDep ROOT undici-types@7.19.2 OK for: @types/node@25.6.0 want: ~7.19.0
3634 silly placeDep ROOT @jest/types@29.6.3 OK for: jest-util@29.7.0 want: ^29.6.3
3635 silly placeDep node_modules/jest-util ci-info@3.9.0 OK for: jest-util@29.7.0 want: ^3.2.0
3636 silly placeDep ROOT picomatch@2.3.2 OK for: jest-util@29.7.0 want: ^2.2.3
3637 silly fetch manifest @types/yargs@^17.0.8
3638 silly packumentCache full:https://registry.npmjs.org/@types%2fyargs cache-miss
3639 silly fetch manifest @types/istanbul-reports@^3.0.0
3640 silly packumentCache full:https://registry.npmjs.org/@types%2fistanbul-reports cache-miss
3641 silly fetch manifest @types/istanbul-lib-coverage@^2.0.0
3642 silly packumentCache full:https://registry.npmjs.org/@types%2fistanbul-lib-coverage cache-miss
3643 http cache https://registry.npmjs.org/@types%2fistanbul-lib-coverage 27ms (cache hit)
3644 silly packumentCache full:https://registry.npmjs.org/@types%2fistanbul-lib-coverage set size:18110 disposed:false
3645 http cache https://registry.npmjs.org/@types%2fistanbul-reports 29ms (cache hit)
3646 silly packumentCache full:https://registry.npmjs.org/@types%2fistanbul-reports set size:17607 disposed:false
3647 http cache https://registry.npmjs.org/@types%2fyargs 30ms (cache hit)
3648 silly packumentCache full:https://registry.npmjs.org/@types%2fyargs set size:390540 disposed:false
3649 silly placeDep ROOT @jest/schemas@29.6.3 OK for: @jest/types@29.6.3 want: ^29.6.3
3650 silly placeDep ROOT @types/istanbul-lib-coverage@2.0.6 OK for: @jest/types@29.6.3 want: ^2.0.0
3651 silly placeDep ROOT @types/istanbul-reports@3.0.4 OK for: @jest/types@29.6.3 want: ^3.0.0
3652 silly placeDep ROOT @types/yargs@17.0.35 OK for: @jest/types@29.6.3 want: ^17.0.8
3653 silly fetch manifest @sinclair/typebox@^0.27.8
3654 silly packumentCache full:https://registry.npmjs.org/@sinclair%2ftypebox cache-miss
3655 silly fetch manifest @types/istanbul-lib-report@*
3656 silly packumentCache full:https://registry.npmjs.org/@types%2fistanbul-lib-report cache-miss
3657 silly fetch manifest @types/yargs-parser@*
3658 silly packumentCache full:https://registry.npmjs.org/@types%2fyargs-parser cache-miss
3659 http cache https://registry.npmjs.org/@types%2fistanbul-lib-report 6ms (cache hit)
3660 silly packumentCache full:https://registry.npmjs.org/@types%2fistanbul-lib-report set size:12674 disposed:false
3661 http cache https://registry.npmjs.org/@types%2fyargs-parser 7ms (cache hit)
3662 silly packumentCache full:https://registry.npmjs.org/@types%2fyargs-parser set size:42751 disposed:false
3663 http cache https://registry.npmjs.org/@sinclair%2ftypebox 9ms (cache hit)
3664 silly packumentCache full:https://registry.npmjs.org/@sinclair%2ftypebox set size:1230117 disposed:false
3665 silly placeDep ROOT @sinclair/typebox@0.27.10 OK for: @jest/schemas@29.6.3 want: ^0.27.8
3666 silly placeDep ROOT @types/istanbul-lib-report@3.0.3 OK for: @types/istanbul-reports@3.0.4 want: *
3667 silly placeDep ROOT @types/yargs-parser@21.0.3 OK for: @types/yargs@17.0.35 want: *
3668 silly placeDep node_modules/metro-babel-transformer hermes-parser@0.32.0 OK for: metro-babel-transformer@0.83.3 want: 0.32.0
3669 silly placeDep ROOT exponential-backoff@3.1.3 OK for: metro-cache@0.83.3 want: ^3.1.1
3670 silly placeDep ROOT https-proxy-agent@7.0.6 OK for: metro-cache@0.83.3 want: ^7.0.5
3671 silly fetch manifest agent-base@^7.1.2
3672 silly packumentCache full:https://registry.npmjs.org/agent-base cache-miss
3673 http cache https://registry.npmjs.org/agent-base 3ms (cache hit)
3674 silly packumentCache full:https://registry.npmjs.org/agent-base set size:72085 disposed:false
3675 silly placeDep ROOT agent-base@7.1.4 OK for: https-proxy-agent@7.0.6 want: ^7.1.2
3676 silly placeDep ROOT jest-validate@29.7.0 OK for: metro-config@0.83.3 want: ^29.7.0
3677 silly placeDep ROOT yaml@2.8.3 OK for: metro-config@0.83.3 want: ^2.6.1
3678 silly fetch manifest leven@^3.1.0
3679 silly packumentCache full:https://registry.npmjs.org/leven cache-miss
3680 silly fetch manifest camelcase@^6.2.0
3681 silly packumentCache full:https://registry.npmjs.org/camelcase cache-miss
3682 silly fetch manifest jest-get-type@^29.6.3
3683 silly packumentCache full:https://registry.npmjs.org/jest-get-type cache-miss
3684 http cache https://registry.npmjs.org/camelcase 9ms (cache hit)
3685 silly packumentCache full:https://registry.npmjs.org/camelcase set size:60255 disposed:false
3686 http cache https://registry.npmjs.org/leven 11ms (cache hit)
3687 silly packumentCache full:https://registry.npmjs.org/leven set size:23210 disposed:false
3688 http cache https://registry.npmjs.org/jest-get-type 12ms (cache hit)
3689 silly packumentCache full:https://registry.npmjs.org/jest-get-type set size:201170 disposed:false
3690 silly placeDep ROOT camelcase@6.3.0 OK for: jest-validate@29.7.0 want: ^6.2.0
3691 silly placeDep ROOT jest-get-type@29.6.3 OK for: jest-validate@29.7.0 want: ^29.6.3
3692 silly placeDep ROOT leven@3.1.0 OK for: jest-validate@29.7.0 want: ^3.1.0
3693 silly placeDep ROOT fb-watchman@2.0.2 OK for: metro-file-map@0.83.3 want: ^2.0.0
3694 silly placeDep ROOT micromatch@4.0.8 OK for: metro-file-map@0.83.3 want: ^4.0.4
3695 silly placeDep ROOT walker@1.0.8 OK for: metro-file-map@0.83.3 want: ^1.0.7
3696 silly fetch manifest bser@2.1.1
3697 silly packumentCache full:https://registry.npmjs.org/bser cache-miss
3698 silly fetch manifest braces@^3.0.3
3699 silly packumentCache full:https://registry.npmjs.org/braces cache-miss
3700 silly fetch manifest makeerror@1.0.12
3701 silly packumentCache full:https://registry.npmjs.org/makeerror cache-miss
3702 http cache https://registry.npmjs.org/makeerror 3ms (cache hit)
3703 silly packumentCache full:https://registry.npmjs.org/makeerror set size:16681 disposed:false
3704 http cache https://registry.npmjs.org/bser 4ms (cache hit)
3705 silly packumentCache full:https://registry.npmjs.org/bser set size:14158 disposed:false
3706 http cache https://registry.npmjs.org/braces 5ms (cache hit)
3707 silly packumentCache full:https://registry.npmjs.org/braces set size:114529 disposed:false
3708 silly placeDep ROOT bser@2.1.1 OK for: fb-watchman@2.0.2 want: 2.1.1
3709 silly fetch manifest node-int64@^0.4.0
3710 silly packumentCache full:https://registry.npmjs.org/node-int64 cache-miss
3711 http cache https://registry.npmjs.org/node-int64 3ms (cache hit)
3712 silly packumentCache full:https://registry.npmjs.org/node-int64 set size:11660 disposed:false
3713 silly placeDep ROOT node-int64@0.4.0 OK for: bser@2.1.1 want: ^0.4.0
3714 silly placeDep ROOT terser@5.46.1 OK for: metro-minify-terser@0.83.3 want: ^5.15.0
3715 silly fetch manifest @jridgewell/source-map@^0.3.3
3716 silly packumentCache full:https://registry.npmjs.org/@jridgewell%2fsource-map cache-miss
3717 silly fetch manifest commander@^2.20.0
3718 silly packumentCache full:https://registry.npmjs.org/commander cache-hit
3719 silly fetch manifest source-map-support@~0.5.20
3720 silly packumentCache full:https://registry.npmjs.org/source-map-support cache-hit
3721 http cache https://registry.npmjs.org/@jridgewell%2fsource-map 3ms (cache hit)
3722 silly packumentCache full:https://registry.npmjs.org/@jridgewell%2fsource-map set size:45204 disposed:false
3723 silly placeDep ROOT @babel/traverse--for-generate-function-map@7.29.0 OK for: metro-source-map@0.83.3 want: npm:@babel/traverse@^7.25.3
3724 silly placeDep ROOT ob1@0.83.3 OK for: metro-source-map@0.83.3 want: 0.83.3
3725 silly placeDep ROOT vlq@1.0.1 OK for: metro-source-map@0.83.3 want: ^1.0.0
3726 silly placeDep ROOT braces@3.0.3 OK for: micromatch@4.0.8 want: ^3.0.3
3727 silly fetch manifest fill-range@^7.1.1
3728 silly packumentCache full:https://registry.npmjs.org/fill-range cache-miss
3729 http cache https://registry.npmjs.org/fill-range 3ms (cache hit)
3730 silly packumentCache full:https://registry.npmjs.org/fill-range set size:90212 disposed:false
3731 silly placeDep ROOT fill-range@7.1.1 OK for: braces@3.0.3 want: ^7.1.1
3732 silly fetch manifest to-regex-range@^5.0.1
3733 silly packumentCache full:https://registry.npmjs.org/to-regex-range cache-miss
3734 http cache https://registry.npmjs.org/to-regex-range 3ms (cache hit)
3735 silly packumentCache full:https://registry.npmjs.org/to-regex-range set size:61569 disposed:false
3736 silly placeDep ROOT to-regex-range@5.0.1 OK for: fill-range@7.1.1 want: ^5.0.1
3737 silly fetch manifest is-number@^7.0.0
3738 silly packumentCache full:https://registry.npmjs.org/is-number cache-miss
3739 http cache https://registry.npmjs.org/is-number 2ms (cache hit)
3740 silly packumentCache full:https://registry.npmjs.org/is-number set size:36183 disposed:false
3741 silly placeDep ROOT mime-db@1.52.0 OK for: mime-types@2.1.35 want: 1.52.0
3742 silly placeDep ROOT brace-expansion@1.1.14 OK for: minimatch@3.1.5 want: ^1.1.7
3743 silly fetch manifest concat-map@0.0.1
3744 silly packumentCache full:https://registry.npmjs.org/concat-map cache-miss
3745 silly fetch manifest balanced-match@^1.0.0
3746 silly packumentCache full:https://registry.npmjs.org/balanced-match cache-miss
3747 http cache https://registry.npmjs.org/balanced-match 2ms (cache hit)
3748 silly packumentCache full:https://registry.npmjs.org/balanced-match set size:39082 disposed:false
3749 http cache https://registry.npmjs.org/concat-map 3ms (cache hit)
3750 silly packumentCache full:https://registry.npmjs.org/concat-map set size:9290 disposed:false
3751 silly placeDep ROOT balanced-match@1.0.2 OK for: brace-expansion@1.1.14 want: ^1.0.0
3752 silly placeDep ROOT concat-map@0.0.1 OK for: brace-expansion@1.1.14 want: 0.0.1
3753 silly placeDep ROOT ee-first@1.1.1 OK for: on-finished@2.3.0 want: 1.1.1
3754 silly placeDep ROOT deep-is@0.1.4 OK for: optionator@0.9.4 want: ^0.1.3
3755 silly placeDep ROOT fast-levenshtein@2.0.6 OK for: optionator@0.9.4 want: ^2.0.6
3756 silly placeDep ROOT word-wrap@1.2.5 OK for: optionator@0.9.4 want: ^1.2.5
3757 silly placeDep ROOT yocto-queue@0.1.0 OK for: p-limit@3.1.0 want: ^0.1.0
3758 silly placeDep ROOT callsites@3.1.0 OK for: parent-module@1.0.1 want: ^3.0.0
3759 silly placeDep ROOT pngjs@3.4.0 OK for: parse-png@2.1.0 want: ^3.3.0
3760 silly placeDep node_modules/path-scurry lru-cache@11.3.5 OK for: path-scurry@2.0.2 want: ^11.0.0
3761 silly placeDep ROOT source-map-js@1.2.1 OK for: postcss@8.4.49 want: ^1.2.1
3762 silly placeDep node_modules/pretty-format ansi-styles@5.2.0 OK for: pretty-format@29.7.0 want: ^5.0.0
3763 silly placeDep node_modules/pretty-format react-is@18.3.1 OK for: pretty-format@29.7.0 want: ^18.0.0
3764 silly placeDep ROOT object-assign@4.1.1 OK for: prop-types@15.8.1 want: ^4.1.1
3765 silly placeDep node_modules/prop-types react-is@16.13.1 OK for: prop-types@15.8.1 want: ^16.13.1
3766 silly placeDep ROOT decode-uri-component@0.2.2 OK for: query-string@7.1.3 want: ^0.2.2
3767 silly placeDep ROOT filter-obj@1.1.0 OK for: query-string@7.1.3 want: ^1.1.0
3768 silly placeDep ROOT split-on-first@1.1.0 OK for: query-string@7.1.3 want: ^1.0.0
3769 silly placeDep ROOT strict-uri-encode@2.0.0 OK for: query-string@7.1.3 want: ^2.0.0
3770 silly placeDep ROOT inherits@2.0.4 OK for: queue@6.0.2 want: ~2.0.3
3771 silly placeDep ROOT scheduler@0.26.0 OK for: react-dom@19.1.0 want: ^0.26.0
3772 silly fetch manifest @babel/core@^7.8.0
3773 silly packumentCache full:https://registry.npmjs.org/@babel%2fcore cache-hit
3774 silly fetch manifest @types/react@^19.1.0
3775 silly packumentCache full:https://registry.npmjs.org/@types%2freact cache-miss
3776 http cache https://registry.npmjs.org/@types%2freact 5ms (cache hit)
3777 silly packumentCache full:https://registry.npmjs.org/@types%2freact set size:2588964 disposed:false
3778 silly fetch manifest react@^19.1.0
3779 silly packumentCache full:https://registry.npmjs.org/react cache-miss
3780 http cache https://registry.npmjs.org/react 9ms (cache hit)
3781 silly packumentCache full:https://registry.npmjs.org/react set size:6613874 disposed:false
3782 silly fetch manifest @react-native-community/cli@*
3783 silly packumentCache full:https://registry.npmjs.org/@react-native-community%2fcli cache-miss
3784 http cache https://registry.npmjs.org/@react-native-community%2fcli 5ms (cache hit)
3785 silly packumentCache full:https://registry.npmjs.org/@react-native-community%2fcli set size:1033361 disposed:false
3786 silly placeDep ROOT @jest/create-cache-key-function@29.7.0 OK for: react-native@0.81.5 want: ^29.7.0
3787 silly placeDep ROOT @react-native/assets-registry@0.81.5 OK for: react-native@0.81.5 want: 0.81.5
3788 silly placeDep ROOT @react-native/community-cli-plugin@0.81.5 OK for: react-native@0.81.5 want: 0.81.5
3789 silly placeDep ROOT @react-native/gradle-plugin@0.81.5 OK for: react-native@0.81.5 want: 0.81.5
3790 silly placeDep ROOT @react-native/js-polyfills@0.81.5 OK for: react-native@0.81.5 want: 0.81.5
3791 silly placeDep node_modules/react-native @react-native/virtualized-lists@0.81.5 CONFLICT for: react-native@0.81.5 want: 0.81.5
3792 silly placeDep ROOT abort-controller@3.0.0 OK for: react-native@0.81.5 want: ^3.0.0
3793 silly placeDep ROOT ansi-regex@5.0.1 OK for: react-native@0.81.5 want: ^5.0.0
3794 silly placeDep ROOT babel-jest@29.7.0 OK for: react-native@0.81.5 want: ^29.7.0
3795 silly placeDep node_modules/react-native commander@12.1.0 OK for: react-native@0.81.5 want: ^12.0.0
3796 silly placeDep node_modules/react-native glob@7.2.3 OK for: react-native@0.81.5 want: ^7.1.1
3797 silly placeDep ROOT jest-environment-node@29.7.0 OK for: react-native@0.81.5 want: ^29.7.0
3798 silly placeDep ROOT memoize-one@5.2.1 OK for: react-native@0.81.5 want: ^5.0.0
3799 silly placeDep ROOT promise@8.3.0 OK for: react-native@0.81.5 want: ^8.3.0
3800 silly placeDep ROOT react-devtools-core@6.1.5 OK for: react-native@0.81.5 want: ^6.1.5
3801 silly placeDep ROOT regenerator-runtime@0.13.11 OK for: react-native@0.81.5 want: ^0.13.2
3802 silly placeDep node_modules/react-native semver@7.7.4 OK for: react-native@0.81.5 want: ^7.1.3
3803 silly placeDep node_modules/react-native ws@6.2.3 OK for: react-native@0.81.5 want: ^6.2.3
3804 silly fetch manifest event-target-shim@^5.0.0
3805 silly packumentCache full:https://registry.npmjs.org/event-target-shim cache-miss
3806 silly fetch manifest @jest/transform@^29.7.0
3807 silly packumentCache full:https://registry.npmjs.org/@jest%2ftransform cache-miss
3808 silly fetch manifest babel-preset-jest@^29.6.3
3809 silly packumentCache full:https://registry.npmjs.org/babel-preset-jest cache-miss
3810 silly fetch manifest @types/babel__core@^7.1.14
3811 silly packumentCache full:https://registry.npmjs.org/@types%2fbabel__core cache-miss
3812 silly fetch manifest babel-plugin-istanbul@^6.1.1
3813 silly packumentCache full:https://registry.npmjs.org/babel-plugin-istanbul cache-miss
3814 silly fetch manifest jest-mock@^29.7.0
3815 silly packumentCache full:https://registry.npmjs.org/jest-mock cache-miss
3816 silly fetch manifest @jest/environment@^29.7.0
3817 silly packumentCache full:https://registry.npmjs.org/@jest%2fenvironment cache-miss
3818 http cache https://registry.npmjs.org/babel-plugin-istanbul 8ms (cache hit)
3819 silly packumentCache full:https://registry.npmjs.org/babel-plugin-istanbul set size:123182 disposed:false
3820 silly fetch manifest @jest/fake-timers@^29.7.0
3821 silly packumentCache full:https://registry.npmjs.org/@jest%2ffake-timers cache-miss
3822 http cache https://registry.npmjs.org/@types%2fbabel__core 10ms (cache hit)
3823 silly packumentCache full:https://registry.npmjs.org/@types%2fbabel__core set size:88676 disposed:false
3824 silly fetch manifest asap@~2.0.6
3825 silly packumentCache full:https://registry.npmjs.org/asap cache-miss
3826 http cache https://registry.npmjs.org/babel-preset-jest 12ms (cache hit)
3827 silly packumentCache full:https://registry.npmjs.org/babel-preset-jest set size:426787 disposed:false
3828 silly fetch manifest shell-quote@^1.6.1
3829 silly packumentCache full:https://registry.npmjs.org/shell-quote cache-miss
3830 http cache https://registry.npmjs.org/@jest%2ftransform 14ms (cache hit)
3831 silly packumentCache full:https://registry.npmjs.org/@jest%2ftransform set size:463781 disposed:false
3832 silly fetch manifest async-limiter@~1.0.0
3833 silly packumentCache full:https://registry.npmjs.org/async-limiter cache-miss
3834 http cache https://registry.npmjs.org/jest-mock 16ms (cache hit)
3835 silly packumentCache full:https://registry.npmjs.org/jest-mock set size:519621 disposed:false
3836 http cache https://registry.npmjs.org/event-target-shim 19ms (cache hit)
3837 silly packumentCache full:https://registry.npmjs.org/event-target-shim set size:103601 disposed:false
3838 http cache https://registry.npmjs.org/@jest%2fenvironment 19ms (cache hit)
3839 silly packumentCache full:https://registry.npmjs.org/@jest%2fenvironment set size:363084 disposed:false
3840 http cache https://registry.npmjs.org/async-limiter 19ms (cache hit)
3841 silly packumentCache full:https://registry.npmjs.org/async-limiter set size:12538 disposed:false
3842 http cache https://registry.npmjs.org/asap 23ms (cache hit)
3843 silly packumentCache full:https://registry.npmjs.org/asap set size:30968 disposed:false
3844 http cache https://registry.npmjs.org/shell-quote 21ms (cache hit)
3845 silly packumentCache full:https://registry.npmjs.org/shell-quote set size:61937 disposed:false
3846 http cache https://registry.npmjs.org/@jest%2ffake-timers 28ms (cache hit)
3847 silly packumentCache full:https://registry.npmjs.org/@jest%2ffake-timers set size:367602 disposed:false
3848 silly placeDep ROOT @react-native/dev-middleware@0.81.5 OK for: @react-native/community-cli-plugin@0.81.5 want: 0.81.5
3849 silly placeDep node_modules/@react-native/community-cli-plugin semver@7.7.4 OK for: @react-native/community-cli-plugin@0.81.5 want: ^7.1.3
3850 silly fetch manifest open@^7.0.3
3851 silly packumentCache full:https://registry.npmjs.org/open cache-miss
3852 silly fetch manifest serve-static@^1.16.2
3853 silly packumentCache full:https://registry.npmjs.org/serve-static cache-miss
3854 silly fetch manifest chrome-launcher@^0.15.2
3855 silly packumentCache full:https://registry.npmjs.org/chrome-launcher cache-miss
3856 silly fetch manifest @isaacs/ttlcache@^1.4.1
3857 silly packumentCache full:https://registry.npmjs.org/@isaacs%2fttlcache cache-miss
3858 silly fetch manifest chromium-edge-launcher@^0.2.0
3859 silly packumentCache full:https://registry.npmjs.org/chromium-edge-launcher cache-miss
3860 silly fetch manifest @react-native/debugger-frontend@0.81.5
3861 silly packumentCache full:https://registry.npmjs.org/@react-native%2fdebugger-frontend cache-miss
3862 http cache https://registry.npmjs.org/open 16ms (cache hit)
3863 silly packumentCache full:https://registry.npmjs.org/open set size:136392 disposed:false
3864 http cache https://registry.npmjs.org/chrome-launcher 19ms (cache hit)
3865 silly packumentCache full:https://registry.npmjs.org/chrome-launcher set size:131779 disposed:false
3866 http cache https://registry.npmjs.org/@isaacs%2fttlcache 23ms (cache hit)
3867 silly packumentCache full:https://registry.npmjs.org/@isaacs%2fttlcache set size:62836 disposed:false
3868 http cache https://registry.npmjs.org/@react-native%2fdebugger-frontend 30ms (cache hit)
3869 silly packumentCache full:https://registry.npmjs.org/@react-native%2fdebugger-frontend set size:1848223 disposed:false
3870 http cache https://registry.npmjs.org/serve-static 37ms (cache hit)
3871 silly packumentCache full:https://registry.npmjs.org/serve-static set size:150391 disposed:false
3872 http cache https://registry.npmjs.org/chromium-edge-launcher 37ms (cache hit)
3873 silly packumentCache full:https://registry.npmjs.org/chromium-edge-launcher set size:72314 disposed:false
3874 silly placeDep ROOT @isaacs/ttlcache@1.4.1 OK for: @react-native/dev-middleware@0.81.5 want: ^1.4.1
3875 silly placeDep ROOT @react-native/debugger-frontend@0.81.5 OK for: @react-native/dev-middleware@0.81.5 want: 0.81.5
3876 silly placeDep ROOT chrome-launcher@0.15.2 OK for: @react-native/dev-middleware@0.81.5 want: ^0.15.2
3877 silly placeDep ROOT chromium-edge-launcher@0.2.0 OK for: @react-native/dev-middleware@0.81.5 want: ^0.2.0
3878 silly placeDep ROOT open@7.4.2 OK for: @react-native/dev-middleware@0.81.5 want: ^7.0.3
3879 silly placeDep ROOT serve-static@1.16.3 OK for: @react-native/dev-middleware@0.81.5 want: ^1.16.2
3880 silly placeDep node_modules/@react-native/dev-middleware ws@6.2.3 OK for: @react-native/dev-middleware@0.81.5 want: ^6.2.3
3881 silly fetch manifest is-wsl@^2.2.0
3882 silly packumentCache full:https://registry.npmjs.org/is-wsl cache-miss
3883 silly fetch manifest lighthouse-logger@^1.0.0
3884 silly packumentCache full:https://registry.npmjs.org/lighthouse-logger cache-miss
3885 silly fetch manifest is-wsl@^2.2.0
3886 silly packumentCache full:https://registry.npmjs.org/is-wsl cache-miss
3887 silly fetch manifest mkdirp@^1.0.4
3888 silly packumentCache full:https://registry.npmjs.org/mkdirp cache-miss
3889 silly fetch manifest rimraf@^3.0.2
3890 silly packumentCache full:https://registry.npmjs.org/rimraf cache-miss
3891 silly fetch manifest lighthouse-logger@^1.0.0
3892 silly packumentCache full:https://registry.npmjs.org/lighthouse-logger cache-miss
3893 silly fetch manifest is-wsl@^2.1.1
3894 silly packumentCache full:https://registry.npmjs.org/is-wsl cache-miss
3895 http cache https://registry.npmjs.org/is-wsl 7ms (cache hit)
3896 silly packumentCache full:https://registry.npmjs.org/is-wsl set size:20683 disposed:false
3897 silly fetch manifest is-docker@^2.0.0
3898 silly packumentCache full:https://registry.npmjs.org/is-docker cache-miss
3899 http cache https://registry.npmjs.org/is-wsl 11ms (cache hit)
3900 silly packumentCache full:https://registry.npmjs.org/is-wsl set size:20683 disposed:false
3901 silly packumentCache full:https://registry.npmjs.org/is-wsl dispose
3902 silly fetch manifest send@~0.19.1
3903 silly packumentCache full:https://registry.npmjs.org/send cache-hit
3904 silly fetch manifest encodeurl@~2.0.0
3905 silly packumentCache full:https://registry.npmjs.org/encodeurl cache-hit
3906 http cache https://registry.npmjs.org/lighthouse-logger 12ms (cache hit)
3907 silly packumentCache full:https://registry.npmjs.org/lighthouse-logger set size:19412 disposed:false
3908 http cache https://registry.npmjs.org/is-wsl 14ms (cache hit)
3909 silly packumentCache full:https://registry.npmjs.org/is-wsl set size:20683 disposed:true
3910 silly packumentCache full:https://registry.npmjs.org/is-wsl dispose
3911 http cache https://registry.npmjs.org/lighthouse-logger 14ms (cache hit)
3912 silly packumentCache full:https://registry.npmjs.org/lighthouse-logger set size:19412 disposed:false
3913 silly packumentCache full:https://registry.npmjs.org/lighthouse-logger dispose
3914 http cache https://registry.npmjs.org/mkdirp 14ms (cache hit)
3915 silly packumentCache full:https://registry.npmjs.org/mkdirp set size:116455 disposed:false
3916 http cache https://registry.npmjs.org/rimraf 15ms (cache hit)
3917 silly packumentCache full:https://registry.npmjs.org/rimraf set size:212626 disposed:false
3918 http cache https://registry.npmjs.org/is-docker 17ms (cache hit)
3919 silly packumentCache full:https://registry.npmjs.org/is-docker set size:23690 disposed:false
3920 silly placeDep ROOT event-target-shim@5.0.1 OK for: abort-controller@3.0.0 want: ^5.0.0
3921 silly placeDep ROOT @jest/transform@29.7.0 OK for: babel-jest@29.7.0 want: ^29.7.0
3922 silly placeDep ROOT @types/babel__core@7.20.5 OK for: babel-jest@29.7.0 want: ^7.1.14
3923 silly placeDep ROOT babel-plugin-istanbul@6.1.1 OK for: babel-jest@29.7.0 want: ^6.1.1
3924 silly placeDep ROOT babel-preset-jest@29.6.3 OK for: babel-jest@29.7.0 want: ^29.6.3
3925 silly fetch manifest pirates@^4.0.4
3926 silly packumentCache full:https://registry.npmjs.org/pirates cache-hit
3927 silly fetch manifest jest-haste-map@^29.7.0
3928 silly packumentCache full:https://registry.npmjs.org/jest-haste-map cache-miss
3929 silly fetch manifest jest-regex-util@^29.6.3
3930 silly packumentCache full:https://registry.npmjs.org/jest-regex-util cache-miss
3931 silly fetch manifest write-file-atomic@^4.0.2
3932 silly packumentCache full:https://registry.npmjs.org/write-file-atomic cache-miss
3933 silly fetch manifest @types/babel__template@*
3934 silly packumentCache full:https://registry.npmjs.org/@types%2fbabel__template cache-miss
3935 silly fetch manifest @types/babel__traverse@*
3936 silly packumentCache full:https://registry.npmjs.org/@types%2fbabel__traverse cache-miss
3937 silly fetch manifest @types/babel__generator@*
3938 silly packumentCache full:https://registry.npmjs.org/@types%2fbabel__generator cache-miss
3939 silly fetch manifest test-exclude@^6.0.0
3940 silly packumentCache full:https://registry.npmjs.org/test-exclude cache-miss
3941 http cache https://registry.npmjs.org/@types%2fbabel__traverse 20ms (cache hit)
3942 silly packumentCache full:https://registry.npmjs.org/@types%2fbabel__traverse set size:107819 disposed:false
3943 silly fetch manifest @istanbuljs/schema@^0.1.2
3944 silly packumentCache full:https://registry.npmjs.org/@istanbuljs%2fschema cache-miss
3945 http cache https://registry.npmjs.org/jest-haste-map 22ms (cache hit)
3946 silly packumentCache full:https://registry.npmjs.org/jest-haste-map set size:688422 disposed:false
3947 silly fetch manifest istanbul-lib-instrument@^5.0.4
3948 silly packumentCache full:https://registry.npmjs.org/istanbul-lib-instrument cache-miss
3949 http cache https://registry.npmjs.org/write-file-atomic 28ms (cache hit)
3950 silly packumentCache full:https://registry.npmjs.org/write-file-atomic set size:80317 disposed:false
3951 silly fetch manifest @istanbuljs/load-nyc-config@^1.0.0
3952 silly packumentCache full:https://registry.npmjs.org/@istanbuljs%2fload-nyc-config cache-miss
3953 http cache https://registry.npmjs.org/jest-regex-util 32ms (cache hit)
3954 silly packumentCache full:https://registry.npmjs.org/jest-regex-util set size:229345 disposed:false
3955 silly fetch manifest babel-plugin-jest-hoist@^29.6.3
3956 silly packumentCache full:https://registry.npmjs.org/babel-plugin-jest-hoist cache-miss
3957 http cache https://registry.npmjs.org/@types%2fbabel__generator 32ms (cache hit)
3958 silly packumentCache full:https://registry.npmjs.org/@types%2fbabel__generator set size:31587 disposed:false
3959 silly fetch manifest babel-preset-current-node-syntax@^1.0.0
3960 silly packumentCache full:https://registry.npmjs.org/babel-preset-current-node-syntax cache-miss
3961 http cache https://registry.npmjs.org/test-exclude 33ms (cache hit)
3962 silly packumentCache full:https://registry.npmjs.org/test-exclude set size:89897 disposed:false
3963 http cache https://registry.npmjs.org/@types%2fbabel__template 34ms (cache hit)
3964 silly packumentCache full:https://registry.npmjs.org/@types%2fbabel__template set size:22631 disposed:false
3965 http cache https://registry.npmjs.org/istanbul-lib-instrument 11ms (cache hit)
3966 silly packumentCache full:https://registry.npmjs.org/istanbul-lib-instrument set size:219175 disposed:false
3967 http cache https://registry.npmjs.org/@istanbuljs%2fload-nyc-config 12ms (cache hit)
3968 silly packumentCache full:https://registry.npmjs.org/@istanbuljs%2fload-nyc-config set size:17425 disposed:false
3969 http cache https://registry.npmjs.org/@istanbuljs%2fschema 26ms (cache hit)
3970 silly packumentCache full:https://registry.npmjs.org/@istanbuljs%2fschema set size:16895 disposed:false
3971 http cache https://registry.npmjs.org/babel-preset-current-node-syntax 14ms (cache hit)
3972 silly packumentCache full:https://registry.npmjs.org/babel-preset-current-node-syntax set size:33355 disposed:false
3973 http cache https://registry.npmjs.org/babel-plugin-jest-hoist 15ms (cache hit)
3974 silly packumentCache full:https://registry.npmjs.org/babel-plugin-jest-hoist set size:463515 disposed:false
3975 silly placeDep ROOT jest-haste-map@29.7.0 OK for: @jest/transform@29.7.0 want: ^29.7.0
3976 silly placeDep ROOT jest-regex-util@29.6.3 OK for: @jest/transform@29.7.0 want: ^29.6.3
3977 silly placeDep ROOT pirates@4.0.7 OK for: @jest/transform@29.7.0 want: ^4.0.4
3978 silly placeDep ROOT write-file-atomic@4.0.2 OK for: @jest/transform@29.7.0 want: ^4.0.2
3979 silly fetch manifest anymatch@^3.0.3
3980 silly packumentCache full:https://registry.npmjs.org/anymatch cache-miss
3981 silly fetch manifest @types/graceful-fs@^4.1.3
3982 silly packumentCache full:https://registry.npmjs.org/@types%2fgraceful-fs cache-miss
3983 silly fetch manifest fsevents@^2.3.2
3984 silly packumentCache full:https://registry.npmjs.org/fsevents cache-miss
3985 silly fetch manifest signal-exit@^3.0.7
3986 silly packumentCache full:https://registry.npmjs.org/signal-exit cache-miss
3987 http cache https://registry.npmjs.org/signal-exit 26ms (cache hit)
3988 silly packumentCache full:https://registry.npmjs.org/signal-exit set size:53489 disposed:false
3989 http cache https://registry.npmjs.org/@types%2fgraceful-fs 27ms (cache hit)
3990 silly packumentCache full:https://registry.npmjs.org/@types%2fgraceful-fs set size:38755 disposed:false
3991 http cache https://registry.npmjs.org/fsevents 27ms (cache hit)
3992 silly packumentCache full:https://registry.npmjs.org/fsevents set size:182472 disposed:false
3993 http cache https://registry.npmjs.org/anymatch 30ms (cache hit)
3994 silly packumentCache full:https://registry.npmjs.org/anymatch set size:42974 disposed:false
3995 silly placeDep ROOT @types/babel__generator@7.27.0 OK for: @types/babel__core@7.20.5 want: *
3996 silly placeDep ROOT @types/babel__template@7.4.4 OK for: @types/babel__core@7.20.5 want: *
3997 silly placeDep ROOT @types/babel__traverse@7.28.0 OK for: @types/babel__core@7.20.5 want: *
3998 silly placeDep ROOT @istanbuljs/load-nyc-config@1.1.0 OK for: babel-plugin-istanbul@6.1.1 want: ^1.0.0
3999 silly placeDep ROOT @istanbuljs/schema@0.1.6 OK for: babel-plugin-istanbul@6.1.1 want: ^0.1.2
4000 silly placeDep ROOT istanbul-lib-instrument@5.2.1 OK for: babel-plugin-istanbul@6.1.1 want: ^5.0.4
4001 silly placeDep ROOT test-exclude@6.0.0 OK for: babel-plugin-istanbul@6.1.1 want: ^6.0.0
4002 silly fetch manifest camelcase@^5.3.1
4003 silly packumentCache full:https://registry.npmjs.org/camelcase cache-hit
4004 silly fetch manifest find-up@^4.1.0
4005 silly packumentCache full:https://registry.npmjs.org/find-up cache-hit
4006 silly fetch manifest get-package-type@^0.1.0
4007 silly packumentCache full:https://registry.npmjs.org/get-package-type cache-miss
4008 silly fetch manifest js-yaml@^3.13.1
4009 silly packumentCache full:https://registry.npmjs.org/js-yaml cache-hit
4010 silly fetch manifest istanbul-lib-coverage@^3.2.0
4011 silly packumentCache full:https://registry.npmjs.org/istanbul-lib-coverage cache-miss
4012 silly fetch manifest glob@^7.1.4
4013 silly packumentCache full:https://registry.npmjs.org/glob cache-hit
4014 http cache https://registry.npmjs.org/istanbul-lib-coverage 6ms (cache hit)
4015 silly packumentCache full:https://registry.npmjs.org/istanbul-lib-coverage set size:75651 disposed:false
4016 http cache https://registry.npmjs.org/get-package-type 7ms (cache hit)
4017 silly packumentCache full:https://registry.npmjs.org/get-package-type set size:4414 disposed:false
4018 silly placeDep node_modules/@istanbuljs/load-nyc-config camelcase@5.3.1 OK for: @istanbuljs/load-nyc-config@1.1.0 want: ^5.3.1
4019 silly placeDep node_modules/@istanbuljs/load-nyc-config find-up@4.1.0 OK for: @istanbuljs/load-nyc-config@1.1.0 want: ^4.1.0
4020 silly placeDep ROOT get-package-type@0.1.0 OK for: @istanbuljs/load-nyc-config@1.1.0 want: ^0.1.0
4021 silly placeDep node_modules/@istanbuljs/load-nyc-config js-yaml@3.14.2 OK for: @istanbuljs/load-nyc-config@1.1.0 want: ^3.13.1
4022 silly fetch manifest locate-path@^5.0.0
4023 silly packumentCache full:https://registry.npmjs.org/locate-path cache-hit
4024 silly fetch manifest esprima@^4.0.0
4025 silly packumentCache full:https://registry.npmjs.org/esprima cache-miss
4026 silly fetch manifest argparse@^1.0.7
4027 silly packumentCache full:https://registry.npmjs.org/argparse cache-hit
4028 http cache https://registry.npmjs.org/esprima 4ms (cache hit)
4029 silly packumentCache full:https://registry.npmjs.org/esprima set size:118410 disposed:false
4030 silly placeDep ROOT babel-plugin-jest-hoist@29.6.3 OK for: babel-preset-jest@29.6.3 want: ^29.6.3
4031 silly placeDep ROOT babel-preset-current-node-syntax@1.2.0 OK for: babel-preset-jest@29.6.3 want: ^1.0.0
4032 silly fetch manifest @babel/plugin-syntax-async-generators@^7.8.4
4033 silly packumentCache full:https://registry.npmjs.org/@babel%2fplugin-syntax-async-generators cache-miss
4034 silly fetch manifest @babel/plugin-syntax-bigint@^7.8.3
4035 silly packumentCache full:https://registry.npmjs.org/@babel%2fplugin-syntax-bigint cache-miss
4036 silly fetch manifest @babel/plugin-syntax-class-properties@^7.12.13
4037 silly packumentCache full:https://registry.npmjs.org/@babel%2fplugin-syntax-class-properties cache-miss
4038 silly fetch manifest @babel/plugin-syntax-class-static-block@^7.14.5
4039 silly packumentCache full:https://registry.npmjs.org/@babel%2fplugin-syntax-class-static-block cache-miss
4040 silly fetch manifest @babel/plugin-syntax-import-attributes@^7.24.7
4041 silly packumentCache full:https://registry.npmjs.org/@babel%2fplugin-syntax-import-attributes cache-miss
4042 silly fetch manifest @babel/plugin-syntax-import-meta@^7.10.4
4043 silly packumentCache full:https://registry.npmjs.org/@babel%2fplugin-syntax-import-meta cache-miss
4044 silly fetch manifest @babel/plugin-syntax-json-strings@^7.8.3
4045 silly packumentCache full:https://registry.npmjs.org/@babel%2fplugin-syntax-json-strings cache-miss
4046 http cache https://registry.npmjs.org/@babel%2fplugin-syntax-async-generators 13ms (cache hit)
4047 silly packumentCache full:https://registry.npmjs.org/@babel%2fplugin-syntax-async-generators set size:82646 disposed:false
4048 silly fetch manifest @babel/plugin-syntax-logical-assignment-operators@^7.10.4
4049 silly packumentCache full:https://registry.npmjs.org/@babel%2fplugin-syntax-logical-assignment-operators cache-miss
4050 http cache https://registry.npmjs.org/@babel%2fplugin-syntax-bigint 13ms (cache hit)
4051 silly packumentCache full:https://registry.npmjs.org/@babel%2fplugin-syntax-bigint set size:55302 disposed:false
4052 silly fetch manifest @babel/plugin-syntax-numeric-separator@^7.10.4
4053 silly packumentCache full:https://registry.npmjs.org/@babel%2fplugin-syntax-numeric-separator cache-miss
4054 http cache https://registry.npmjs.org/@babel%2fplugin-syntax-class-properties 15ms (cache hit)
4055 silly packumentCache full:https://registry.npmjs.org/@babel%2fplugin-syntax-class-properties set size:92860 disposed:false
4056 silly fetch manifest @babel/plugin-syntax-object-rest-spread@^7.8.3
4057 silly packumentCache full:https://registry.npmjs.org/@babel%2fplugin-syntax-object-rest-spread cache-miss
4058 http cache https://registry.npmjs.org/@babel%2fplugin-syntax-import-meta 16ms (cache hit)
4059 silly packumentCache full:https://registry.npmjs.org/@babel%2fplugin-syntax-import-meta set size:76236 disposed:false
4060 silly fetch manifest @babel/plugin-syntax-optional-catch-binding@^7.8.3
4061 silly packumentCache full:https://registry.npmjs.org/@babel%2fplugin-syntax-optional-catch-binding cache-miss
4062 http cache https://registry.npmjs.org/@babel%2fplugin-syntax-class-static-block 18ms (cache hit)
4063 silly packumentCache full:https://registry.npmjs.org/@babel%2fplugin-syntax-class-static-block set size:11519 disposed:false
4064 silly fetch manifest @babel/plugin-syntax-private-property-in-object@^7.14.5
4065 silly packumentCache full:https://registry.npmjs.org/@babel%2fplugin-syntax-private-property-in-object cache-miss
4066 http cache https://registry.npmjs.org/@babel%2fplugin-syntax-import-attributes 19ms (cache hit)
4067 silly packumentCache full:https://registry.npmjs.org/@babel%2fplugin-syntax-import-attributes set size:71194 disposed:false
4068 silly fetch manifest @babel/plugin-syntax-top-level-await@^7.14.5
4069 silly packumentCache full:https://registry.npmjs.org/@babel%2fplugin-syntax-top-level-await cache-miss
4070 http cache https://registry.npmjs.org/@babel%2fplugin-syntax-json-strings 19ms (cache hit)
4071 silly packumentCache full:https://registry.npmjs.org/@babel%2fplugin-syntax-json-strings set size:50036 disposed:false
4072 http cache https://registry.npmjs.org/@babel%2fplugin-syntax-logical-assignment-operators 10ms (cache hit)
4073 silly packumentCache full:https://registry.npmjs.org/@babel%2fplugin-syntax-logical-assignment-operators set size:72392 disposed:false
4074 http cache https://registry.npmjs.org/@babel%2fplugin-syntax-numeric-separator 9ms (cache hit)
4075 silly packumentCache full:https://registry.npmjs.org/@babel%2fplugin-syntax-numeric-separator set size:91054 disposed:false
4076 http cache https://registry.npmjs.org/@babel%2fplugin-syntax-optional-catch-binding 8ms (cache hit)
4077 silly packumentCache full:https://registry.npmjs.org/@babel%2fplugin-syntax-optional-catch-binding set size:83975 disposed:false
4078 http cache https://registry.npmjs.org/@babel%2fplugin-syntax-object-rest-spread 10ms (cache hit)
4079 silly packumentCache full:https://registry.npmjs.org/@babel%2fplugin-syntax-object-rest-spread set size:82808 disposed:false
4080 http cache https://registry.npmjs.org/@babel%2fplugin-syntax-private-property-in-object 8ms (cache hit)
4081 silly packumentCache full:https://registry.npmjs.org/@babel%2fplugin-syntax-private-property-in-object set size:6479 disposed:false
4082 http cache https://registry.npmjs.org/@babel%2fplugin-syntax-top-level-await 9ms (cache hit)
4083 silly packumentCache full:https://registry.npmjs.org/@babel%2fplugin-syntax-top-level-await set size:25370 disposed:false
4084 silly fetch manifest @babel/core@^7.0.0 || ^8.0.0-0
4085 silly packumentCache full:https://registry.npmjs.org/@babel%2fcore cache-hit
4086 silly placeDep ROOT @babel/plugin-syntax-async-generators@7.8.4 OK for: babel-preset-current-node-syntax@1.2.0 want: ^7.8.4
4087 silly placeDep ROOT @babel/plugin-syntax-bigint@7.8.3 OK for: babel-preset-current-node-syntax@1.2.0 want: ^7.8.3
4088 silly placeDep ROOT @babel/plugin-syntax-class-properties@7.12.13 OK for: babel-preset-current-node-syntax@1.2.0 want: ^7.12.13
4089 silly placeDep ROOT @babel/plugin-syntax-class-static-block@7.14.5 OK for: babel-preset-current-node-syntax@1.2.0 want: ^7.14.5
4090 silly placeDep ROOT @babel/plugin-syntax-import-attributes@7.28.6 OK for: babel-preset-current-node-syntax@1.2.0 want: ^7.24.7
4091 silly placeDep ROOT @babel/plugin-syntax-import-meta@7.10.4 OK for: babel-preset-current-node-syntax@1.2.0 want: ^7.10.4
4092 silly placeDep ROOT @babel/plugin-syntax-json-strings@7.8.3 OK for: babel-preset-current-node-syntax@1.2.0 want: ^7.8.3
4093 silly placeDep ROOT @babel/plugin-syntax-logical-assignment-operators@7.10.4 OK for: babel-preset-current-node-syntax@1.2.0 want: ^7.10.4
4094 silly placeDep ROOT @babel/plugin-syntax-numeric-separator@7.10.4 OK for: babel-preset-current-node-syntax@1.2.0 want: ^7.10.4
4095 silly placeDep ROOT @babel/plugin-syntax-object-rest-spread@7.8.3 OK for: babel-preset-current-node-syntax@1.2.0 want: ^7.8.3
4096 silly placeDep ROOT @babel/plugin-syntax-optional-catch-binding@7.8.3 OK for: babel-preset-current-node-syntax@1.2.0 want: ^7.8.3
4097 silly placeDep ROOT @babel/plugin-syntax-private-property-in-object@7.14.5 OK for: babel-preset-current-node-syntax@1.2.0 want: ^7.14.5
4098 silly placeDep ROOT @babel/plugin-syntax-top-level-await@7.14.5 OK for: babel-preset-current-node-syntax@1.2.0 want: ^7.14.5
4099 silly placeDep ROOT is-wsl@2.2.0 OK for: chrome-launcher@0.15.2 want: ^2.2.0
4100 silly placeDep ROOT lighthouse-logger@1.4.2 OK for: chrome-launcher@0.15.2 want: ^1.0.0
4101 silly fetch manifest debug@^2.6.9
4102 silly packumentCache full:https://registry.npmjs.org/debug cache-hit
4103 silly fetch manifest marky@^1.2.2
4104 silly packumentCache full:https://registry.npmjs.org/marky cache-miss
4105 http cache https://registry.npmjs.org/marky 5ms (cache hit)
4106 silly packumentCache full:https://registry.npmjs.org/marky set size:45300 disposed:false
4107 silly placeDep ROOT mkdirp@1.0.4 OK for: chromium-edge-launcher@0.2.0 want: ^1.0.4
4108 silly placeDep ROOT rimraf@3.0.2 OK for: chromium-edge-launcher@0.2.0 want: ^3.0.2
4109 silly fetch manifest glob@^7.1.3
4110 silly packumentCache full:https://registry.npmjs.org/glob cache-hit
4111 silly placeDep ROOT is-docker@2.2.1 OK for: is-wsl@2.2.0 want: ^2.0.0
4112 silly placeDep ROOT istanbul-lib-coverage@3.2.2 OK for: istanbul-lib-instrument@5.2.1 want: ^3.2.0
4113 silly placeDep ROOT @jest/environment@29.7.0 OK for: jest-environment-node@29.7.0 want: ^29.7.0
4114 silly placeDep ROOT @jest/fake-timers@29.7.0 OK for: jest-environment-node@29.7.0 want: ^29.7.0
4115 silly placeDep ROOT jest-mock@29.7.0 OK for: jest-environment-node@29.7.0 want: ^29.7.0
4116 silly fetch manifest jest-message-util@^29.7.0
4117 silly packumentCache full:https://registry.npmjs.org/jest-message-util cache-miss
4118 silly fetch manifest @sinonjs/fake-timers@^10.0.2
4119 silly packumentCache full:https://registry.npmjs.org/@sinonjs%2ffake-timers cache-miss
4120 http cache https://registry.npmjs.org/jest-message-util 15ms (cache hit)
4121 silly packumentCache full:https://registry.npmjs.org/jest-message-util set size:514568 disposed:false
4122 http cache https://registry.npmjs.org/@sinonjs%2ffake-timers 17ms (cache hit)
4123 silly packumentCache full:https://registry.npmjs.org/@sinonjs%2ffake-timers set size:395835 disposed:false
4124 silly placeDep ROOT @sinonjs/fake-timers@10.3.0 OK for: @jest/fake-timers@29.7.0 want: ^10.0.2
4125 silly placeDep ROOT jest-message-util@29.7.0 OK for: @jest/fake-timers@29.7.0 want: ^29.7.0
4126 silly fetch manifest @sinonjs/commons@^3.0.0
4127 silly packumentCache full:https://registry.npmjs.org/@sinonjs%2fcommons cache-miss
4128 silly fetch manifest stack-utils@^2.0.3
4129 silly packumentCache full:https://registry.npmjs.org/stack-utils cache-miss
4130 silly fetch manifest @types/stack-utils@^2.0.0
4131 silly packumentCache full:https://registry.npmjs.org/@types%2fstack-utils cache-miss
4132 http cache https://registry.npmjs.org/stack-utils 8ms (cache hit)
4133 silly packumentCache full:https://registry.npmjs.org/stack-utils set size:60586 disposed:false
4134 http cache https://registry.npmjs.org/@types%2fstack-utils 9ms (cache hit)
4135 silly packumentCache full:https://registry.npmjs.org/@types%2fstack-utils set size:11605 disposed:false
4136 http cache https://registry.npmjs.org/@sinonjs%2fcommons 9ms (cache hit)
4137 silly packumentCache full:https://registry.npmjs.org/@sinonjs%2fcommons set size:84818 disposed:false
4138 silly placeDep ROOT @sinonjs/commons@3.0.1 OK for: @sinonjs/fake-timers@10.3.0 want: ^3.0.0
4139 silly fetch manifest type-detect@4.0.8
4140 silly packumentCache full:https://registry.npmjs.org/type-detect cache-miss
4141 http cache https://registry.npmjs.org/type-detect 5ms (cache hit)
4142 silly packumentCache full:https://registry.npmjs.org/type-detect set size:58804 disposed:false
4143 silly placeDep ROOT type-detect@4.0.8 OK for: @sinonjs/commons@3.0.1 want: 4.0.8
4144 silly placeDep ROOT @types/graceful-fs@4.1.9 OK for: jest-haste-map@29.7.0 want: ^4.1.3
4145 silly placeDep ROOT anymatch@3.1.3 OK for: jest-haste-map@29.7.0 want: ^3.0.3
4146 silly placeDep ROOT fsevents@2.3.3 OK for: jest-haste-map@29.7.0 want: ^2.3.2
4147 silly fetch manifest normalize-path@^3.0.0
4148 silly packumentCache full:https://registry.npmjs.org/normalize-path cache-miss
4149 http cache https://registry.npmjs.org/normalize-path 19ms (cache hit)
4150 silly packumentCache full:https://registry.npmjs.org/normalize-path set size:28713 disposed:false
4151 silly placeDep ROOT normalize-path@3.0.0 OK for: anymatch@3.1.3 want: ^3.0.0
4152 silly placeDep ROOT @types/stack-utils@2.0.3 OK for: jest-message-util@29.7.0 want: ^2.0.0
4153 silly placeDep ROOT stack-utils@2.0.6 OK for: jest-message-util@29.7.0 want: ^2.0.3
4154 silly fetch manifest escape-string-regexp@^2.0.0
4155 silly packumentCache full:https://registry.npmjs.org/escape-string-regexp cache-hit
4156 silly placeDep node_modules/lighthouse-logger debug@2.6.9 OK for: lighthouse-logger@1.4.2 want: ^2.6.9
4157 silly placeDep ROOT marky@1.3.0 OK for: lighthouse-logger@1.4.2 want: ^1.2.2
4158 silly placeDep ROOT asap@2.0.6 OK for: promise@8.3.0 want: ~2.0.6
4159 silly placeDep ROOT shell-quote@1.8.3 OK for: react-devtools-core@6.1.5 want: ^1.6.1
4160 silly placeDep ROOT @egjs/hammerjs@2.0.17 OK for: react-native-gesture-handler@2.28.0 want: ^2.0.17
4161 silly placeDep ROOT hoist-non-react-statics@3.3.2 OK for: react-native-gesture-handler@2.28.0 want: ^3.3.0
4162 silly fetch manifest @types/hammerjs@^2.0.36
4163 silly packumentCache full:https://registry.npmjs.org/@types%2fhammerjs cache-miss
4164 silly fetch manifest react-is@^16.7.0
4165 silly packumentCache full:https://registry.npmjs.org/react-is cache-miss
4166 http cache https://registry.npmjs.org/@types%2fhammerjs 5ms (cache hit)
4167 silly packumentCache full:https://registry.npmjs.org/@types%2fhammerjs set size:55893 disposed:false
4168 http cache https://registry.npmjs.org/react-is 12ms (cache hit)
4169 silly packumentCache full:https://registry.npmjs.org/react-is set size:5352319 disposed:false
4170 silly placeDep ROOT @types/hammerjs@2.0.46 OK for: @egjs/hammerjs@2.0.17 want: ^2.0.36
4171 silly placeDep node_modules/hoist-non-react-statics react-is@16.13.1 OK for: hoist-non-react-statics@3.3.2 want: ^16.7.0
4172 silly placeDep node_modules/react-native-reanimated semver@7.7.4 OK for: react-native-reanimated@4.1.7 want: ^7.7.2
4173 silly placeDep ROOT react-freeze@1.0.4 OK for: react-native-screens@4.16.0 want: ^1.0.0
4174 silly placeDep node_modules/react-native-web @react-native/normalize-colors@0.74.89 OK for: react-native-web@0.21.2 want: ^0.74.1
4175 silly placeDep ROOT fbjs@3.0.5 OK for: react-native-web@0.21.2 want: ^3.0.4
4176 silly placeDep ROOT inline-style-prefixer@7.0.1 OK for: react-native-web@0.21.2 want: ^7.0.1
4177 silly placeDep node_modules/react-native-web memoize-one@6.0.0 OK for: react-native-web@0.21.2 want: ^6.0.0
4178 silly placeDep ROOT postcss-value-parser@4.2.0 OK for: react-native-web@0.21.2 want: ^4.2.0
4179 silly placeDep ROOT styleq@0.1.3 OK for: react-native-web@0.21.2 want: ^0.1.3
4180 silly fetch manifest cross-fetch@^3.1.5
4181 silly packumentCache full:https://registry.npmjs.org/cross-fetch cache-miss
4182 silly fetch manifest fbjs-css-vars@^1.0.0
4183 silly packumentCache full:https://registry.npmjs.org/fbjs-css-vars cache-miss
4184 silly fetch manifest promise@^7.1.1
4185 silly packumentCache full:https://registry.npmjs.org/promise cache-hit
4186 silly fetch manifest setimmediate@^1.0.5
4187 silly packumentCache full:https://registry.npmjs.org/setimmediate cache-miss
4188 silly fetch manifest ua-parser-js@^1.0.35
4189 silly packumentCache full:https://registry.npmjs.org/ua-parser-js cache-miss
4190 silly fetch manifest css-in-js-utils@^3.1.0
4191 silly packumentCache full:https://registry.npmjs.org/css-in-js-utils cache-miss
4192 http cache https://registry.npmjs.org/setimmediate 11ms (cache hit)
4193 silly packumentCache full:https://registry.npmjs.org/setimmediate set size:17282 disposed:false
4194 http cache https://registry.npmjs.org/fbjs-css-vars 11ms (cache hit)
4195 silly packumentCache full:https://registry.npmjs.org/fbjs-css-vars set size:7206 disposed:false
4196 http cache https://registry.npmjs.org/cross-fetch 12ms (cache hit)
4197 silly packumentCache full:https://registry.npmjs.org/cross-fetch set size:156922 disposed:false
4198 http cache https://registry.npmjs.org/css-in-js-utils 14ms (cache hit)
4199 silly packumentCache full:https://registry.npmjs.org/css-in-js-utils set size:42676 disposed:false
4200 http cache https://registry.npmjs.org/ua-parser-js 15ms (cache hit)
4201 silly packumentCache full:https://registry.npmjs.org/ua-parser-js set size:704635 disposed:false
4202 silly placeDep ROOT cross-fetch@3.2.0 OK for: fbjs@3.0.5 want: ^3.1.5
4203 silly placeDep ROOT fbjs-css-vars@1.0.2 OK for: fbjs@3.0.5 want: ^1.0.0
4204 silly placeDep node_modules/fbjs promise@7.3.1 OK for: fbjs@3.0.5 want: ^7.1.1
4205 silly placeDep ROOT setimmediate@1.0.5 OK for: fbjs@3.0.5 want: ^1.0.5
4206 silly placeDep ROOT ua-parser-js@1.0.41 OK for: fbjs@3.0.5 want: ^1.0.35
4207 silly fetch manifest node-fetch@^2.7.0
4208 silly packumentCache full:https://registry.npmjs.org/node-fetch cache-miss
4209 http cache https://registry.npmjs.org/node-fetch 5ms (cache hit)
4210 silly packumentCache full:https://registry.npmjs.org/node-fetch set size:896010 disposed:false
4211 silly fetch manifest encoding@^0.1.0
4212 silly packumentCache full:https://registry.npmjs.org/encoding cache-miss
4213 http cache https://registry.npmjs.org/encoding 2ms (cache hit)
4214 silly packumentCache full:https://registry.npmjs.org/encoding set size:17833 disposed:false
4215 silly placeDep ROOT node-fetch@2.7.0 OK for: cross-fetch@3.2.0 want: ^2.7.0
4216 silly fetch manifest whatwg-url@^5.0.0
4217 silly packumentCache full:https://registry.npmjs.org/whatwg-url cache-miss
4218 http cache https://registry.npmjs.org/whatwg-url 6ms (cache hit)
4219 silly packumentCache full:https://registry.npmjs.org/whatwg-url set size:170765 disposed:false
4220 silly placeDep ROOT css-in-js-utils@3.1.0 OK for: inline-style-prefixer@7.0.1 want: ^3.1.0
4221 silly fetch manifest hyphenate-style-name@^1.0.3
4222 silly packumentCache full:https://registry.npmjs.org/hyphenate-style-name cache-miss
4223 http cache https://registry.npmjs.org/hyphenate-style-name 8ms (cache hit)
4224 silly packumentCache full:https://registry.npmjs.org/hyphenate-style-name set size:17078 disposed:false
4225 silly placeDep ROOT hyphenate-style-name@1.1.0 OK for: css-in-js-utils@3.1.0 want: ^1.0.3
4226 silly placeDep ROOT whatwg-url@5.0.0 OK for: node-fetch@2.7.0 want: ^5.0.0
4227 silly fetch manifest tr46@~0.0.3
4228 silly packumentCache full:https://registry.npmjs.org/tr46 cache-miss
4229 silly fetch manifest webidl-conversions@^3.0.0
4230 silly packumentCache full:https://registry.npmjs.org/webidl-conversions cache-hit
4231 http cache https://registry.npmjs.org/tr46 4ms (cache hit)
4232 silly packumentCache full:https://registry.npmjs.org/tr46 set size:47377 disposed:false
4233 silly placeDep ROOT @babel/plugin-transform-template-literals@7.27.1 OK for: react-native-worklets@0.5.1 want: ^7.0.0-0
4234 silly placeDep node_modules/react-native-worklets semver@7.7.2 OK for: react-native-worklets@0.5.1 want: 7.7.2
4235 silly placeDep ROOT regenerate@1.4.2 OK for: regexpu-core@6.4.0 want: ^1.4.2
4236 silly placeDep ROOT regenerate-unicode-properties@10.2.2 OK for: regexpu-core@6.4.0 want: ^10.2.2
4237 silly placeDep ROOT regjsgen@0.8.0 OK for: regexpu-core@6.4.0 want: ^0.8.0
4238 silly placeDep ROOT regjsparser@0.13.1 OK for: regexpu-core@6.4.0 want: ^0.13.0
4239 silly placeDep ROOT unicode-match-property-ecmascript@2.0.0 OK for: regexpu-core@6.4.0 want: ^2.0.0
4240 silly placeDep ROOT unicode-match-property-value-ecmascript@2.2.1 OK for: regexpu-core@6.4.0 want: ^2.2.1
4241 silly fetch manifest unicode-canonical-property-names-ecmascript@^2.0.0
4242 silly packumentCache full:https://registry.npmjs.org/unicode-canonical-property-names-ecmascript cache-miss
4243 silly fetch manifest unicode-property-aliases-ecmascript@^2.0.0
4244 silly packumentCache full:https://registry.npmjs.org/unicode-property-aliases-ecmascript cache-miss
4245 http cache https://registry.npmjs.org/unicode-property-aliases-ecmascript 4ms (cache hit)
4246 silly packumentCache full:https://registry.npmjs.org/unicode-property-aliases-ecmascript set size:28095 disposed:false
4247 http cache https://registry.npmjs.org/unicode-canonical-property-names-ecmascript 5ms (cache hit)
4248 silly packumentCache full:https://registry.npmjs.org/unicode-canonical-property-names-ecmascript set size:17227 disposed:false
4249 silly placeDep ROOT node-exports-info@1.6.0 OK for: resolve@2.0.0-next.6 want: ^1.6.0
4250 silly placeDep ROOT path-parse@1.0.7 OK for: resolve@2.0.0-next.6 want: ^1.0.7
4251 silly placeDep ROOT supports-preserve-symlinks-flag@1.0.0 OK for: resolve@2.0.0-next.6 want: ^1.0.0
4252 silly placeDep node_modules/rimraf glob@7.2.3 OK for: rimraf@3.0.2 want: ^7.1.3
4253 silly placeDep ROOT isarray@2.0.5 OK for: safe-array-concat@1.1.3 want: ^2.0.5
4254 silly placeDep node_modules/serve-static encodeurl@2.0.0 OK for: serve-static@1.16.3 want: ~2.0.0
4255 silly placeDep ROOT send@0.19.2 OK for: serve-static@1.16.3 want: ~0.19.1
4256 silly fetch manifest depd@2.0.0
4257 silly packumentCache full:https://registry.npmjs.org/depd cache-miss
4258 silly fetch manifest etag@~1.8.1
4259 silly packumentCache full:https://registry.npmjs.org/etag cache-miss
4260 silly fetch manifest mime@1.6.0
4261 silly packumentCache full:https://registry.npmjs.org/mime cache-miss
4262 silly fetch manifest fresh@~0.5.2
4263 silly packumentCache full:https://registry.npmjs.org/fresh cache-miss
4264 silly fetch manifest destroy@1.2.0
4265 silly packumentCache full:https://registry.npmjs.org/destroy cache-miss
4266 silly fetch manifest statuses@~2.0.2
4267 silly packumentCache full:https://registry.npmjs.org/statuses cache-hit
4268 silly fetch manifest http-errors@~2.0.1
4269 silly packumentCache full:https://registry.npmjs.org/http-errors cache-miss
4270 silly fetch manifest on-finished@~2.4.1
4271 silly packumentCache full:https://registry.npmjs.org/on-finished cache-hit
4272 silly fetch manifest range-parser@~1.2.1
4273 silly packumentCache full:https://registry.npmjs.org/range-parser cache-miss
4274 http cache https://registry.npmjs.org/mime 5ms (cache hit)
4275 silly packumentCache full:https://registry.npmjs.org/mime set size:119236 disposed:false
4276 http cache https://registry.npmjs.org/fresh 6ms (cache hit)
4277 silly packumentCache full:https://registry.npmjs.org/fresh set size:25427 disposed:false
4278 http cache https://registry.npmjs.org/depd 7ms (cache hit)
4279 silly packumentCache full:https://registry.npmjs.org/depd set size:40182 disposed:false
4280 http cache https://registry.npmjs.org/http-errors 5ms (cache hit)
4281 silly packumentCache full:https://registry.npmjs.org/http-errors set size:71987 disposed:false
4282 http cache https://registry.npmjs.org/destroy 7ms (cache hit)
4283 silly packumentCache full:https://registry.npmjs.org/destroy set size:15738 disposed:false
4284 http cache https://registry.npmjs.org/etag 7ms (cache hit)
4285 silly packumentCache full:https://registry.npmjs.org/etag set size:30032 disposed:false
4286 http cache https://registry.npmjs.org/range-parser 6ms (cache hit)
4287 silly packumentCache full:https://registry.npmjs.org/range-parser set size:22228 disposed:false
4288 silly placeDep node_modules/send debug@2.6.9 OK for: send@0.19.2 want: 2.6.9
4289 silly placeDep ROOT depd@2.0.0 OK for: send@0.19.2 want: 2.0.0
4290 silly placeDep ROOT destroy@1.2.0 OK for: send@0.19.2 want: 1.2.0
4291 silly placeDep node_modules/send encodeurl@2.0.0 OK for: send@0.19.2 want: ~2.0.0
4292 silly placeDep ROOT etag@1.8.1 OK for: send@0.19.2 want: ~1.8.1
4293 silly placeDep ROOT fresh@0.5.2 OK for: send@0.19.2 want: ~0.5.2
4294 silly placeDep ROOT http-errors@2.0.1 OK for: send@0.19.2 want: ~2.0.1
4295 silly placeDep ROOT mime@1.6.0 OK for: send@0.19.2 want: 1.6.0
4296 silly placeDep node_modules/send on-finished@2.4.1 OK for: send@0.19.2 want: ~2.4.1
4297 silly placeDep ROOT range-parser@1.2.1 OK for: send@0.19.2 want: ~1.2.1
4298 silly placeDep node_modules/send statuses@2.0.2 OK for: send@0.19.2 want: ~2.0.2
4299 silly fetch manifest setprototypeof@~1.2.0
4300 silly packumentCache full:https://registry.npmjs.org/setprototypeof cache-miss
4301 silly fetch manifest toidentifier@~1.0.1
4302 silly packumentCache full:https://registry.npmjs.org/toidentifier cache-miss
4303 http cache https://registry.npmjs.org/setprototypeof 2ms (cache hit)
4304 silly packumentCache full:https://registry.npmjs.org/setprototypeof set size:14532 disposed:false
4305 http cache https://registry.npmjs.org/toidentifier 3ms (cache hit)
4306 silly packumentCache full:https://registry.npmjs.org/toidentifier set size:12006 disposed:false
4307 silly placeDep ROOT setprototypeof@1.2.0 OK for: http-errors@2.0.1 want: ~1.2.0
4308 silly placeDep node_modules/http-errors statuses@2.0.2 OK for: http-errors@2.0.1 want: ~2.0.2
4309 silly placeDep ROOT toidentifier@1.0.1 OK for: http-errors@2.0.1 want: ~1.0.1
4310 silly placeDep ROOT shebang-regex@3.0.0 OK for: shebang-command@2.0.0 want: ^3.0.0
4311 silly placeDep ROOT side-channel-list@1.0.1 OK for: side-channel@1.1.0 want: ^1.0.0
4312 silly placeDep ROOT side-channel-map@1.0.1 OK for: side-channel@1.1.0 want: ^1.0.1
4313 silly placeDep ROOT side-channel-weakmap@1.0.2 OK for: side-channel@1.1.0 want: ^1.0.2
4314 silly placeDep ROOT is-arrayish@0.3.4 OK for: simple-swizzle@0.2.4 want: ^0.3.1
4315 silly placeDep node_modules/stack-utils escape-string-regexp@2.0.0 OK for: stack-utils@2.0.6 want: ^2.0.0
4316 silly placeDep ROOT type-fest@0.7.1 OK for: stacktrace-parser@0.1.11 want: ^0.7.1
4317 silly placeDep node_modules/sucrase commander@4.1.1 OK for: sucrase@3.35.1 want: ^4.0.0
4318 silly placeDep ROOT lines-and-columns@1.2.4 OK for: sucrase@3.35.1 want: ^1.1.6
4319 silly placeDep ROOT mz@2.7.0 OK for: sucrase@3.35.1 want: ^2.7.0
4320 silly placeDep ROOT ts-interface-checker@0.1.13 OK for: sucrase@3.35.1 want: ^0.1.9
4321 silly fetch manifest any-promise@^1.0.0
4322 silly packumentCache full:https://registry.npmjs.org/any-promise cache-miss
4323 silly fetch manifest thenify-all@^1.0.0
4324 silly packumentCache full:https://registry.npmjs.org/thenify-all cache-miss
4325 http cache https://registry.npmjs.org/any-promise 10ms (cache hit)
4326 silly packumentCache full:https://registry.npmjs.org/any-promise set size:20233 disposed:false
4327 http cache https://registry.npmjs.org/thenify-all 11ms (cache hit)
4328 silly packumentCache full:https://registry.npmjs.org/thenify-all set size:18488 disposed:false
4329 silly placeDep ROOT any-promise@1.3.0 OK for: mz@2.7.0 want: ^1.0.0
4330 silly placeDep ROOT thenify-all@1.6.0 OK for: mz@2.7.0 want: ^1.0.0
4331 silly fetch manifest thenify@>= 3.1.0 < 4
4332 silly packumentCache full:https://registry.npmjs.org/thenify cache-miss
4333 http cache https://registry.npmjs.org/thenify 5ms (cache hit)
4334 silly packumentCache full:https://registry.npmjs.org/thenify set size:21379 disposed:false
4335 silly placeDep ROOT has-flag@4.0.0 OK for: supports-color@7.2.0 want: ^4.0.0
4336 silly placeDep ROOT @jridgewell/source-map@0.3.11 OK for: terser@5.46.1 want: ^0.3.3
4337 silly placeDep node_modules/terser commander@2.20.3 OK for: terser@5.46.1 want: ^2.20.0
4338 silly placeDep ROOT source-map-support@0.5.21 OK for: terser@5.46.1 want: ~0.5.20
4339 silly fetch manifest buffer-from@^1.0.0
4340 silly packumentCache full:https://registry.npmjs.org/buffer-from cache-miss
4341 silly fetch manifest source-map@^0.6.0
4342 silly packumentCache full:https://registry.npmjs.org/source-map cache-hit
4343 http cache https://registry.npmjs.org/buffer-from 4ms (cache hit)
4344 silly packumentCache full:https://registry.npmjs.org/buffer-from set size:15463 disposed:false
4345 silly placeDep ROOT buffer-from@1.1.2 OK for: source-map-support@0.5.21 want: ^1.0.0
4346 silly placeDep node_modules/source-map-support source-map@0.6.1 OK for: source-map-support@0.5.21 want: ^0.6.0
4347 silly placeDep node_modules/test-exclude glob@7.2.3 OK for: test-exclude@6.0.0 want: ^7.1.4
4348 silly placeDep ROOT thenify@3.3.1 OK for: thenify-all@1.6.0 want: >= 3.1.0 < 4
4349 silly placeDep node_modules/tinyglobby fdir@6.5.0 OK for: tinyglobby@0.2.16 want: ^6.5.0
4350 silly placeDep node_modules/tinyglobby picomatch@4.0.4 OK for: fdir@6.5.0 want: ^3 || ^4
4351 silly placeDep ROOT is-number@7.0.0 OK for: to-regex-range@5.0.1 want: ^7.0.0
4352 silly placeDep ROOT @types/json5@0.0.29 OK for: tsconfig-paths@3.15.0 want: ^0.0.29
4353 silly placeDep node_modules/tsconfig-paths json5@1.0.2 OK for: tsconfig-paths@3.15.0 want: ^1.0.2
4354 silly placeDep ROOT minimist@1.2.8 OK for: tsconfig-paths@3.15.0 want: ^1.2.6
4355 silly placeDep ROOT strip-bom@3.0.0 OK for: tsconfig-paths@3.15.0 want: ^3.0.0
4356 silly fetch manifest minimist@^1.2.0
4357 silly packumentCache full:https://registry.npmjs.org/minimist cache-hit
4358 silly placeDep ROOT for-each@0.3.5 OK for: typed-array-byte-length@1.0.3 want: ^0.3.3
4359 silly placeDep ROOT reflect.getprototypeof@1.0.10 OK for: typed-array-byte-offset@1.0.4 want: ^1.0.9
4360 silly fetch manifest which-builtin-type@^1.2.1
4361 silly packumentCache full:https://registry.npmjs.org/which-builtin-type cache-miss
4362 http cache https://registry.npmjs.org/which-builtin-type 2ms (cache hit)
4363 silly packumentCache full:https://registry.npmjs.org/which-builtin-type set size:39107 disposed:false
4364 silly placeDep ROOT which-builtin-type@1.2.1 OK for: reflect.getprototypeof@1.0.10 want: ^1.2.1
4365 silly fetch manifest is-async-function@^2.0.0
4366 silly packumentCache full:https://registry.npmjs.org/is-async-function cache-miss
4367 silly fetch manifest is-finalizationregistry@^1.1.0
4368 silly packumentCache full:https://registry.npmjs.org/is-finalizationregistry cache-miss
4369 silly fetch manifest is-generator-function@^1.0.10
4370 silly packumentCache full:https://registry.npmjs.org/is-generator-function cache-miss
4371 silly fetch manifest which-boxed-primitive@^1.1.0
4372 silly packumentCache full:https://registry.npmjs.org/which-boxed-primitive cache-hit
4373 silly fetch manifest which-collection@^1.0.2
4374 silly packumentCache full:https://registry.npmjs.org/which-collection cache-miss
4375 http cache https://registry.npmjs.org/is-async-function 4ms (cache hit)
4376 silly packumentCache full:https://registry.npmjs.org/is-async-function set size:51614 disposed:false
4377 http cache https://registry.npmjs.org/is-generator-function 4ms (cache hit)
4378 silly packumentCache full:https://registry.npmjs.org/is-generator-function set size:44643 disposed:false
4379 http cache https://registry.npmjs.org/which-collection 5ms (cache hit)
4380 silly packumentCache full:https://registry.npmjs.org/which-collection set size:13607 disposed:false
4381 http cache https://registry.npmjs.org/is-finalizationregistry 6ms (cache hit)
4382 silly packumentCache full:https://registry.npmjs.org/is-finalizationregistry set size:19800 disposed:false
4383 silly placeDep ROOT has-bigints@1.1.0 OK for: unbox-primitive@1.1.0 want: ^1.0.2
4384 silly placeDep ROOT which-boxed-primitive@1.1.1 OK for: unbox-primitive@1.1.0 want: ^1.1.1
4385 silly fetch manifest is-bigint@^1.1.0
4386 silly packumentCache full:https://registry.npmjs.org/is-bigint cache-miss
4387 silly fetch manifest is-boolean-object@^1.2.1
4388 silly packumentCache full:https://registry.npmjs.org/is-boolean-object cache-miss
4389 silly fetch manifest is-number-object@^1.1.1
4390 silly packumentCache full:https://registry.npmjs.org/is-number-object cache-miss
4391 http cache https://registry.npmjs.org/is-boolean-object 2ms (cache hit)
4392 silly packumentCache full:https://registry.npmjs.org/is-boolean-object set size:31341 disposed:false
4393 http cache https://registry.npmjs.org/is-bigint 3ms (cache hit)
4394 silly packumentCache full:https://registry.npmjs.org/is-bigint set size:20283 disposed:false
4395 http cache https://registry.npmjs.org/is-number-object 3ms (cache hit)
4396 silly packumentCache full:https://registry.npmjs.org/is-number-object set size:31189 disposed:false
4397 silly placeDep ROOT unicode-canonical-property-names-ecmascript@2.0.1 OK for: unicode-match-property-ecmascript@2.0.0 want: ^2.0.0
4398 silly placeDep ROOT unicode-property-aliases-ecmascript@2.2.0 OK for: unicode-match-property-ecmascript@2.0.0 want: ^2.0.0
4399 silly placeDep ROOT @unrs/resolver-binding-android-arm-eabi@1.11.1 OK for: unrs-resolver@1.11.1 want: 1.11.1
4400 silly placeDep ROOT @unrs/resolver-binding-android-arm64@1.11.1 OK for: unrs-resolver@1.11.1 want: 1.11.1
4401 silly placeDep ROOT @unrs/resolver-binding-darwin-arm64@1.11.1 OK for: unrs-resolver@1.11.1 want: 1.11.1
4402 silly placeDep ROOT @unrs/resolver-binding-darwin-x64@1.11.1 OK for: unrs-resolver@1.11.1 want: 1.11.1
4403 silly placeDep ROOT @unrs/resolver-binding-freebsd-x64@1.11.1 OK for: unrs-resolver@1.11.1 want: 1.11.1
4404 silly placeDep ROOT @unrs/resolver-binding-linux-arm-gnueabihf@1.11.1 OK for: unrs-resolver@1.11.1 want: 1.11.1
4405 silly placeDep ROOT @unrs/resolver-binding-linux-arm-musleabihf@1.11.1 OK for: unrs-resolver@1.11.1 want: 1.11.1
4406 silly placeDep ROOT @unrs/resolver-binding-linux-arm64-gnu@1.11.1 OK for: unrs-resolver@1.11.1 want: 1.11.1
4407 silly placeDep ROOT @unrs/resolver-binding-linux-arm64-musl@1.11.1 OK for: unrs-resolver@1.11.1 want: 1.11.1
4408 silly placeDep ROOT @unrs/resolver-binding-linux-ppc64-gnu@1.11.1 OK for: unrs-resolver@1.11.1 want: 1.11.1
4409 silly placeDep ROOT @unrs/resolver-binding-linux-riscv64-gnu@1.11.1 OK for: unrs-resolver@1.11.1 want: 1.11.1
4410 silly placeDep ROOT @unrs/resolver-binding-linux-riscv64-musl@1.11.1 OK for: unrs-resolver@1.11.1 want: 1.11.1
4411 silly placeDep ROOT @unrs/resolver-binding-linux-s390x-gnu@1.11.1 OK for: unrs-resolver@1.11.1 want: 1.11.1
4412 silly placeDep ROOT @unrs/resolver-binding-linux-x64-gnu@1.11.1 OK for: unrs-resolver@1.11.1 want: 1.11.1
4413 silly placeDep ROOT @unrs/resolver-binding-linux-x64-musl@1.11.1 OK for: unrs-resolver@1.11.1 want: 1.11.1
4414 silly placeDep ROOT @unrs/resolver-binding-wasm32-wasi@1.11.1 OK for: unrs-resolver@1.11.1 want: 1.11.1
4415 silly placeDep ROOT @unrs/resolver-binding-win32-arm64-msvc@1.11.1 OK for: unrs-resolver@1.11.1 want: 1.11.1
4416 silly placeDep ROOT @unrs/resolver-binding-win32-ia32-msvc@1.11.1 OK for: unrs-resolver@1.11.1 want: 1.11.1
4417 silly placeDep ROOT @unrs/resolver-binding-win32-x64-msvc@1.11.1 OK for: unrs-resolver@1.11.1 want: 1.11.1
4418 silly placeDep ROOT napi-postinstall@0.3.4 OK for: unrs-resolver@1.11.1 want: ^0.3.0
4419 silly fetch manifest @napi-rs/wasm-runtime@^0.2.11
4420 silly packumentCache full:https://registry.npmjs.org/@napi-rs%2fwasm-runtime cache-miss
4421 http cache https://registry.npmjs.org/@napi-rs%2fwasm-runtime 6ms (cache hit)
4422 silly packumentCache full:https://registry.npmjs.org/@napi-rs%2fwasm-runtime set size:71273 disposed:false
4423 silly placeDep ROOT @napi-rs/wasm-runtime@0.2.12 OK for: @unrs/resolver-binding-wasm32-wasi@1.11.1 want: ^0.2.11
4424 silly fetch manifest @emnapi/core@^1.4.3
4425 silly packumentCache full:https://registry.npmjs.org/@emnapi%2fcore cache-miss
4426 silly fetch manifest @emnapi/runtime@^1.4.3
4427 silly packumentCache full:https://registry.npmjs.org/@emnapi%2fruntime cache-miss
4428 silly fetch manifest @tybys/wasm-util@^0.10.0
4429 silly packumentCache full:https://registry.npmjs.org/@tybys%2fwasm-util cache-miss
4430 http cache https://registry.npmjs.org/@emnapi%2fruntime 46ms (cache hit)
4431 silly packumentCache full:https://registry.npmjs.org/@emnapi%2fruntime set size:108129 disposed:false
4432 http cache https://registry.npmjs.org/@emnapi%2fcore 47ms (cache hit)
4433 silly packumentCache full:https://registry.npmjs.org/@emnapi%2fcore set size:105841 disposed:false
4434 http cache https://registry.npmjs.org/@tybys%2fwasm-util 48ms (cache hit)
4435 silly packumentCache full:https://registry.npmjs.org/@tybys%2fwasm-util set size:55410 disposed:false
4436 silly placeDep ROOT @emnapi/core@1.10.0 OK for: @napi-rs/wasm-runtime@0.2.12 want: ^1.4.3
4437 silly placeDep ROOT @emnapi/runtime@1.10.0 OK for: @napi-rs/wasm-runtime@0.2.12 want: ^1.4.3
4438 silly placeDep ROOT @tybys/wasm-util@0.10.1 OK for: @napi-rs/wasm-runtime@0.2.12 want: ^0.10.0
4439 silly fetch manifest @emnapi/wasi-threads@1.2.1
4440 silly packumentCache full:https://registry.npmjs.org/@emnapi%2fwasi-threads cache-miss
4441 silly fetch manifest tslib@^2.4.0
4442 silly packumentCache full:https://registry.npmjs.org/tslib cache-miss
4443 silly fetch manifest tslib@^2.4.0
4444 silly packumentCache full:https://registry.npmjs.org/tslib cache-miss
4445 silly fetch manifest tslib@^2.4.0
4446 silly packumentCache full:https://registry.npmjs.org/tslib cache-miss
4447 http cache https://registry.npmjs.org/@emnapi%2fwasi-threads 11ms (cache hit)
4448 silly packumentCache full:https://registry.npmjs.org/@emnapi%2fwasi-threads set size:24206 disposed:false
4449 http cache https://registry.npmjs.org/tslib 5ms (cache hit)
4450 silly packumentCache full:https://registry.npmjs.org/tslib set size:108760 disposed:false
4451 http cache https://registry.npmjs.org/tslib 8ms (cache hit)
4452 silly packumentCache full:https://registry.npmjs.org/tslib set size:108760 disposed:false
4453 silly packumentCache full:https://registry.npmjs.org/tslib dispose
4454 http cache https://registry.npmjs.org/tslib 8ms (cache hit)
4455 silly packumentCache full:https://registry.npmjs.org/tslib set size:108760 disposed:true
4456 silly packumentCache full:https://registry.npmjs.org/tslib dispose
4457 silly placeDep ROOT @emnapi/wasi-threads@1.2.1 OK for: @emnapi/core@1.10.0 want: 1.2.1
4458 silly placeDep ROOT tslib@2.8.1 OK for: @emnapi/core@1.10.0 want: ^2.4.0
4459 silly placeDep ROOT escalade@3.2.0 OK for: update-browserslist-db@1.2.3 want: ^3.2.0
4460 silly placeDep ROOT punycode@2.3.1 OK for: uri-js@4.4.1 want: ^2.1.0
4461 silly fetch manifest react@^16.8 || ^17.0 || ^18.0 || ^19.0.0 || ^19.0.0-rc
4462 silly packumentCache full:https://registry.npmjs.org/react cache-miss
4463 http cache https://registry.npmjs.org/react 20ms (cache hit)
4464 silly packumentCache full:https://registry.npmjs.org/react set size:6613874 disposed:false
4465 silly fetch manifest react-dom@^16.8 || ^17.0 || ^18.0 || ^19.0.0 || ^19.0.0-rc
4466 silly packumentCache full:https://registry.npmjs.org/react-dom cache-miss
4467 http cache https://registry.npmjs.org/react-dom 34ms (cache hit)
4468 silly packumentCache full:https://registry.npmjs.org/react-dom set size:8805723 disposed:false
4469 silly placeDep node_modules/vaul @radix-ui/react-dialog@1.1.15 OK for: vaul@1.1.2 want: ^1.1.1
4470 silly fetch manifest aria-hidden@^1.2.4
4471 silly packumentCache full:https://registry.npmjs.org/aria-hidden cache-miss
4472 silly fetch manifest react-remove-scroll@^2.6.3
4473 silly packumentCache full:https://registry.npmjs.org/react-remove-scroll cache-miss
4474 silly fetch manifest @radix-ui/react-slot@1.2.3
4475 silly packumentCache full:https://registry.npmjs.org/@radix-ui%2freact-slot cache-hit
4476 silly fetch manifest @radix-ui/react-portal@1.1.9
4477 silly packumentCache full:https://registry.npmjs.org/@radix-ui%2freact-portal cache-miss
4478 silly fetch manifest @radix-ui/react-focus-scope@1.1.7
4479 silly packumentCache full:https://registry.npmjs.org/@radix-ui%2freact-focus-scope cache-miss
4480 silly fetch manifest @radix-ui/react-focus-guards@1.1.3
4481 silly packumentCache full:https://registry.npmjs.org/@radix-ui%2freact-focus-guards cache-miss
4482 silly fetch manifest @radix-ui/react-dismissable-layer@1.1.11
4483 silly packumentCache full:https://registry.npmjs.org/@radix-ui%2freact-dismissable-layer cache-miss
4484 http cache https://registry.npmjs.org/@radix-ui%2freact-focus-scope 8ms (cache hit)
4485 silly packumentCache full:https://registry.npmjs.org/@radix-ui%2freact-focus-scope set size:643933 disposed:false
4486 http cache https://registry.npmjs.org/@radix-ui%2freact-dismissable-layer 10ms (cache hit)
4487 silly packumentCache full:https://registry.npmjs.org/@radix-ui%2freact-dismissable-layer set size:803119 disposed:false
4488 http cache https://registry.npmjs.org/@radix-ui%2freact-focus-guards 13ms (cache hit)
4489 silly packumentCache full:https://registry.npmjs.org/@radix-ui%2freact-focus-guards set size:284533 disposed:false
4490 http cache https://registry.npmjs.org/aria-hidden 16ms (cache hit)
4491 silly packumentCache full:https://registry.npmjs.org/aria-hidden set size:40391 disposed:false
4492 http cache https://registry.npmjs.org/@radix-ui%2freact-portal 17ms (cache hit)
4493 silly packumentCache full:https://registry.npmjs.org/@radix-ui%2freact-portal set size:667939 disposed:false
4494 http cache https://registry.npmjs.org/react-remove-scroll 19ms (cache hit)
4495 silly packumentCache full:https://registry.npmjs.org/react-remove-scroll set size:147112 disposed:false
4496 silly placeDep ROOT makeerror@1.0.12 OK for: walker@1.0.8 want: 1.0.12
4497 silly fetch manifest tmpl@1.0.5
4498 silly packumentCache full:https://registry.npmjs.org/tmpl cache-miss
4499 http cache https://registry.npmjs.org/tmpl 10ms (cache hit)
4500 silly packumentCache full:https://registry.npmjs.org/tmpl set size:7979 disposed:false
4501 silly placeDep ROOT tmpl@1.0.5 OK for: makeerror@1.0.12 want: 1.0.5
4502 silly placeDep ROOT tr46@0.0.3 OK for: whatwg-url@5.0.0 want: ~0.0.3
4503 silly placeDep ROOT webidl-conversions@3.0.1 OK for: whatwg-url@5.0.0 want: ^3.0.0
4504 silly placeDep ROOT buffer@5.7.1 OK for: whatwg-url-without-unicode@8.0.0-3 want: ^5.4.3
4505 silly placeDep node_modules/whatwg-url-without-unicode webidl-conversions@5.0.0 OK for: whatwg-url-without-unicode@8.0.0-3 want: ^5.0.0
4506 silly fetch manifest ieee754@^1.1.13
4507 silly packumentCache full:https://registry.npmjs.org/ieee754 cache-miss
4508 http cache https://registry.npmjs.org/ieee754 9ms (cache hit)
4509 silly packumentCache full:https://registry.npmjs.org/ieee754 set size:34910 disposed:false
4510 silly placeDep ROOT ieee754@1.2.1 OK for: buffer@5.7.1 want: ^1.1.13
4511 silly placeDep ROOT isexe@2.0.0 OK for: which@2.0.2 want: ^2.0.0
4512 silly placeDep ROOT is-bigint@1.1.0 OK for: which-boxed-primitive@1.1.1 want: ^1.1.0
4513 silly placeDep ROOT is-boolean-object@1.2.2 OK for: which-boxed-primitive@1.1.1 want: ^1.2.1
4514 silly placeDep ROOT is-number-object@1.1.1 OK for: which-boxed-primitive@1.1.1 want: ^1.1.1
4515 silly placeDep ROOT is-async-function@2.1.1 OK for: which-builtin-type@1.2.1 want: ^2.0.0
4516 silly placeDep ROOT is-finalizationregistry@1.1.1 OK for: which-builtin-type@1.2.1 want: ^1.1.0
4517 silly placeDep ROOT is-generator-function@1.1.2 OK for: which-builtin-type@1.2.1 want: ^1.0.10
4518 silly placeDep ROOT which-collection@1.0.2 OK for: which-builtin-type@1.2.1 want: ^1.0.2
4519 silly fetch manifest async-function@^1.0.0
4520 silly packumentCache full:https://registry.npmjs.org/async-function cache-miss
4521 silly fetch manifest generator-function@^2.0.0
4522 silly packumentCache full:https://registry.npmjs.org/generator-function cache-miss
4523 silly fetch manifest is-map@^2.0.3
4524 silly packumentCache full:https://registry.npmjs.org/is-map cache-miss
4525 silly fetch manifest is-weakmap@^2.0.2
4526 silly packumentCache full:https://registry.npmjs.org/is-weakmap cache-miss
4527 silly fetch manifest is-weakset@^2.0.3
4528 silly packumentCache full:https://registry.npmjs.org/is-weakset cache-miss
4529 http cache https://registry.npmjs.org/generator-function 4ms (cache hit)
4530 silly packumentCache full:https://registry.npmjs.org/generator-function set size:10401 disposed:false
4531 http cache https://registry.npmjs.org/async-function 5ms (cache hit)
4532 silly packumentCache full:https://registry.npmjs.org/async-function set size:7150 disposed:false
4533 http cache https://registry.npmjs.org/is-weakmap 5ms (cache hit)
4534 silly packumentCache full:https://registry.npmjs.org/is-weakmap set size:15163 disposed:false
4535 http cache https://registry.npmjs.org/is-weakset 4ms (cache hit)
4536 silly packumentCache full:https://registry.npmjs.org/is-weakset set size:21965 disposed:false
4537 http cache https://registry.npmjs.org/is-map 6ms (cache hit)
4538 silly packumentCache full:https://registry.npmjs.org/is-map set size:18079 disposed:false
4539 silly placeDep ROOT async-function@1.0.0 OK for: is-async-function@2.1.1 want: ^1.0.0
4540 silly placeDep ROOT generator-function@2.0.1 OK for: is-generator-function@1.1.2 want: ^2.0.0
4541 silly placeDep ROOT is-map@2.0.3 OK for: which-collection@1.0.2 want: ^2.0.3
4542 silly placeDep ROOT is-weakmap@2.0.2 OK for: which-collection@1.0.2 want: ^2.0.2
4543 silly placeDep ROOT is-weakset@2.0.4 OK for: which-collection@1.0.2 want: ^2.0.3
4544 silly placeDep ROOT signal-exit@3.0.7 OK for: write-file-atomic@4.0.2 want: ^3.0.7
4545 silly placeDep ROOT simple-plist@1.3.1 OK for: xcode@3.0.1 want: ^1.1.0
4546 silly placeDep ROOT uuid@7.0.3 OK for: xcode@3.0.1 want: ^7.0.3
4547 silly fetch manifest bplist-parser@0.3.1
4548 silly packumentCache full:https://registry.npmjs.org/bplist-parser cache-hit
4549 silly fetch manifest plist@^3.0.5
4550 silly packumentCache full:https://registry.npmjs.org/plist cache-miss
4551 http cache https://registry.npmjs.org/plist 6ms (cache hit)
4552 silly packumentCache full:https://registry.npmjs.org/plist set size:52877 disposed:false
4553 silly placeDep ROOT bplist-creator@0.1.0 OK for: simple-plist@1.3.1 want: 0.1.0
4554 silly placeDep ROOT bplist-parser@0.3.1 OK for: simple-plist@1.3.1 want: 0.3.1
4555 silly placeDep ROOT plist@3.1.0 OK for: simple-plist@1.3.1 want: ^3.0.5
4556 silly fetch manifest stream-buffers@2.2.x
4557 silly packumentCache full:https://registry.npmjs.org/stream-buffers cache-miss
4558 silly fetch manifest big-integer@1.6.x
4559 silly packumentCache full:https://registry.npmjs.org/big-integer cache-miss
4560 http cache https://registry.npmjs.org/stream-buffers 4ms (cache hit)
4561 silly packumentCache full:https://registry.npmjs.org/stream-buffers set size:32945 disposed:false
4562 http cache https://registry.npmjs.org/big-integer 5ms (cache hit)
4563 silly packumentCache full:https://registry.npmjs.org/big-integer set size:205433 disposed:false
4564 silly placeDep ROOT stream-buffers@2.2.0 OK for: bplist-creator@0.1.0 want: 2.2.x
4565 silly placeDep ROOT big-integer@1.6.52 OK for: bplist-parser@0.3.1 want: 1.6.x
4566 silly placeDep ROOT sax@1.6.0 OK for: xml2js@0.6.0 want: >=0.6.0
4567 silly placeDep node_modules/xml2js xmlbuilder@11.0.1 OK for: xml2js@0.6.0 want: ~11.0.0
4568 silly placeDep ROOT cliui@8.0.1 OK for: yargs@17.7.2 want: ^8.0.1
4569 silly placeDep ROOT get-caller-file@2.0.5 OK for: yargs@17.7.2 want: ^2.0.5
4570 silly placeDep ROOT require-directory@2.1.1 OK for: yargs@17.7.2 want: ^2.1.1
4571 silly placeDep ROOT string-width@4.2.3 OK for: yargs@17.7.2 want: ^4.2.3
4572 silly placeDep ROOT y18n@5.0.8 OK for: yargs@17.7.2 want: ^5.0.5
4573 silly placeDep ROOT yargs-parser@21.1.1 OK for: yargs@17.7.2 want: ^21.1.1
4574 silly fetch manifest strip-ansi@^6.0.1
4575 silly packumentCache full:https://registry.npmjs.org/strip-ansi cache-miss
4576 silly fetch manifest string-width@^4.2.0
4577 silly packumentCache full:https://registry.npmjs.org/string-width cache-hit
4578 silly fetch manifest strip-ansi@^6.0.1
4579 silly packumentCache full:https://registry.npmjs.org/strip-ansi cache-miss
4580 silly fetch manifest emoji-regex@^8.0.0
4581 silly packumentCache full:https://registry.npmjs.org/emoji-regex cache-miss
4582 silly fetch manifest is-fullwidth-code-point@^3.0.0
4583 silly packumentCache full:https://registry.npmjs.org/is-fullwidth-code-point cache-miss
4584 http cache https://registry.npmjs.org/strip-ansi 4ms (cache hit)
4585 silly packumentCache full:https://registry.npmjs.org/strip-ansi set size:44998 disposed:false
4586 http cache https://registry.npmjs.org/is-fullwidth-code-point 5ms (cache hit)
4587 silly packumentCache full:https://registry.npmjs.org/is-fullwidth-code-point set size:14578 disposed:false
4588 http cache https://registry.npmjs.org/strip-ansi 7ms (cache hit)
4589 silly packumentCache full:https://registry.npmjs.org/strip-ansi set size:44998 disposed:false
4590 silly packumentCache full:https://registry.npmjs.org/strip-ansi dispose
4591 http cache https://registry.npmjs.org/emoji-regex 7ms (cache hit)
4592 silly packumentCache full:https://registry.npmjs.org/emoji-regex set size:89088 disposed:false
4593 silly placeDep ROOT strip-ansi@6.0.1 OK for: cliui@8.0.1 want: ^6.0.1
4594 silly placeDep ROOT wrap-ansi@7.0.0 OK for: cliui@8.0.1 want: ^7.0.0
4595 silly placeDep ROOT emoji-regex@8.0.0 OK for: string-width@4.2.3 want: ^8.0.0
4596 silly placeDep ROOT is-fullwidth-code-point@3.0.0 OK for: string-width@4.2.3 want: ^3.0.0
4597 silly placeDep ROOT @babel/highlight@7.25.9 OK for: @babel/code-frame@7.10.4 want: ^7.10.4
4598 silly fetch manifest chalk@^2.4.2
4599 silly packumentCache full:https://registry.npmjs.org/chalk cache-hit
4600 silly placeDep node_modules/@babel/highlight chalk@2.4.2 OK for: @babel/highlight@7.25.9 want: ^2.4.2
4601 silly fetch manifest ansi-styles@^3.2.1
4602 silly packumentCache full:https://registry.npmjs.org/ansi-styles cache-hit
4603 silly fetch manifest supports-color@^5.3.0
4604 silly packumentCache full:https://registry.npmjs.org/supports-color cache-hit
4605 silly fetch manifest escape-string-regexp@^1.0.5
4606 silly packumentCache full:https://registry.npmjs.org/escape-string-regexp cache-hit
4607 silly placeDep node_modules/@babel/highlight ansi-styles@3.2.1 OK for: chalk@2.4.2 want: ^3.2.1
4608 silly placeDep node_modules/@babel/highlight escape-string-regexp@1.0.5 OK for: chalk@2.4.2 want: ^1.0.5
4609 silly placeDep node_modules/@babel/highlight supports-color@5.5.0 OK for: chalk@2.4.2 want: ^5.3.0
4610 silly fetch manifest color-convert@^1.9.0
4611 silly packumentCache full:https://registry.npmjs.org/color-convert cache-hit
4612 silly fetch manifest has-flag@^3.0.0
4613 silly packumentCache full:https://registry.npmjs.org/has-flag cache-hit
4614 silly placeDep node_modules/@babel/highlight color-convert@1.9.3 OK for: ansi-styles@3.2.1 want: ^1.9.0
4615 silly fetch manifest color-name@1.1.3
4616 silly packumentCache full:https://registry.npmjs.org/color-name cache-hit
4617 silly placeDep node_modules/@babel/highlight color-name@1.1.3 OK for: color-convert@1.9.3 want: 1.1.3
4618 silly placeDep node_modules/@babel/highlight has-flag@3.0.0 OK for: supports-color@5.5.0 want: ^3.0.0
4619 silly placeDep node_modules/@expo/fingerprint brace-expansion@2.1.0 OK for: minimatch@9.0.9 want: ^2.0.2
4620 silly placeDep node_modules/@expo/metro-config brace-expansion@2.1.0 OK for: minimatch@9.0.9 want: ^2.0.2
4621 silly placeDep node_modules/@istanbuljs/load-nyc-config locate-path@5.0.0 OK for: find-up@4.1.0 want: ^5.0.0
4622 silly fetch manifest p-locate@^4.1.0
4623 silly packumentCache full:https://registry.npmjs.org/p-locate cache-hit
4624 silly placeDep node_modules/@istanbuljs/load-nyc-config argparse@1.0.10 OK for: js-yaml@3.14.2 want: ^1.0.7
4625 silly placeDep ROOT esprima@4.0.1 OK for: js-yaml@3.14.2 want: ^4.0.0
4626 silly fetch manifest sprintf-js@~1.0.2
4627 silly packumentCache full:https://registry.npmjs.org/sprintf-js cache-miss
4628 http cache https://registry.npmjs.org/sprintf-js 9ms (cache hit)
4629 silly packumentCache full:https://registry.npmjs.org/sprintf-js set size:20495 disposed:false
4630 silly placeDep ROOT sprintf-js@1.0.3 OK for: argparse@1.0.10 want: ~1.0.2
4631 silly placeDep node_modules/@istanbuljs/load-nyc-config p-locate@4.1.0 OK for: locate-path@5.0.0 want: ^4.1.0
4632 silly fetch manifest p-limit@^2.2.0
4633 silly packumentCache full:https://registry.npmjs.org/p-limit cache-hit
4634 silly placeDep node_modules/@istanbuljs/load-nyc-config p-limit@2.3.0 OK for: p-locate@4.1.0 want: ^2.2.0
4635 silly fetch manifest p-try@^2.0.0
4636 silly packumentCache full:https://registry.npmjs.org/p-try cache-miss
4637 http cache https://registry.npmjs.org/p-try 5ms (cache hit)
4638 silly packumentCache full:https://registry.npmjs.org/p-try set size:13014 disposed:false
4639 silly placeDep ROOT p-try@2.2.0 OK for: p-limit@2.3.0 want: ^2.0.0
4640 silly placeDep ROOT fs.realpath@1.0.0 OK for: glob@7.2.3 want: ^1.0.0
4641 silly placeDep ROOT inflight@1.0.6 OK for: glob@7.2.3 want: ^1.0.4
4642 silly placeDep ROOT once@1.4.0 OK for: glob@7.2.3 want: ^1.3.0
4643 silly placeDep ROOT path-is-absolute@1.0.1 OK for: glob@7.2.3 want: ^1.0.0
4644 silly fetch manifest wrappy@1
4645 silly packumentCache full:https://registry.npmjs.org/wrappy cache-miss
4646 silly fetch manifest wrappy@1
4647 silly packumentCache full:https://registry.npmjs.org/wrappy cache-miss
4648 http cache https://registry.npmjs.org/wrappy 6ms (cache hit)
4649 silly packumentCache full:https://registry.npmjs.org/wrappy set size:7682 disposed:false
4650 http cache https://registry.npmjs.org/wrappy 6ms (cache hit)
4651 silly packumentCache full:https://registry.npmjs.org/wrappy set size:7682 disposed:false
4652 silly packumentCache full:https://registry.npmjs.org/wrappy dispose
4653 silly placeDep ROOT wrappy@1.0.2 OK for: inflight@1.0.6 want: 1
4654 silly placeDep ROOT async-limiter@1.0.1 OK for: ws@6.2.3 want: ~1.0.0
4655 silly placeDep node_modules/@typescript-eslint/typescript-estree brace-expansion@5.0.5 OK for: minimatch@10.2.5 want: ^5.0.5
4656 silly fetch manifest balanced-match@^4.0.2
4657 silly packumentCache full:https://registry.npmjs.org/balanced-match cache-hit
4658 silly placeDep node_modules/@typescript-eslint/typescript-estree balanced-match@4.0.4 OK for: brace-expansion@5.0.5 want: ^4.0.2
4659 silly placeDep node_modules/connect ms@2.0.0 OK for: debug@2.6.9 want: 2.0.0
4660 silly fetch manifest react-dom@^16.8 || ^17.0 || ^18.0 || ^19.0 || ^19.0.0-rc
4661 silly packumentCache full:https://registry.npmjs.org/react-dom cache-miss
4662 http cache https://registry.npmjs.org/react-dom 12ms (cache hit)
4663 silly packumentCache full:https://registry.npmjs.org/react-dom set size:8805723 disposed:false
4664 silly placeDep ROOT @radix-ui/primitive@1.1.3 OK for: @radix-ui/react-tabs@1.1.13 want: 1.1.3
4665 silly placeDep ROOT @radix-ui/react-context@1.1.2 OK for: @radix-ui/react-tabs@1.1.13 want: 1.1.2
4666 silly placeDep ROOT @radix-ui/react-direction@1.1.1 OK for: @radix-ui/react-tabs@1.1.13 want: 1.1.1
4667 silly placeDep ROOT @radix-ui/react-id@1.1.1 OK for: @radix-ui/react-tabs@1.1.13 want: 1.1.1
4668 silly placeDep node_modules/expo-router @radix-ui/react-presence@1.1.5 OK for: @radix-ui/react-tabs@1.1.13 want: 1.1.5
4669 silly placeDep node_modules/expo-router @radix-ui/react-primitive@2.1.3 OK for: @radix-ui/react-tabs@1.1.13 want: 2.1.3
4670 silly placeDep node_modules/expo-router @radix-ui/react-roving-focus@1.1.11 OK for: @radix-ui/react-tabs@1.1.13 want: 1.1.11
4671 silly placeDep ROOT @radix-ui/react-use-controllable-state@1.2.2 OK for: @radix-ui/react-tabs@1.1.13 want: 1.2.2
4672 silly fetch manifest @radix-ui/react-use-layout-effect@1.1.1
4673 silly packumentCache full:https://registry.npmjs.org/@radix-ui%2freact-use-layout-effect cache-miss
4674 silly fetch manifest @radix-ui/react-use-layout-effect@1.1.1
4675 silly packumentCache full:https://registry.npmjs.org/@radix-ui%2freact-use-layout-effect cache-miss
4676 silly fetch manifest @radix-ui/react-collection@1.1.7
4677 silly packumentCache full:https://registry.npmjs.org/@radix-ui%2freact-collection cache-miss
4678 silly fetch manifest @radix-ui/react-use-callback-ref@1.1.1
4679 silly packumentCache full:https://registry.npmjs.org/@radix-ui%2freact-use-callback-ref cache-miss
4680 silly fetch manifest @radix-ui/react-use-effect-event@0.0.2
4681 silly packumentCache full:https://registry.npmjs.org/@radix-ui%2freact-use-effect-event cache-miss
4682 silly fetch manifest @radix-ui/react-use-layout-effect@1.1.1
4683 silly packumentCache full:https://registry.npmjs.org/@radix-ui%2freact-use-layout-effect cache-miss
4684 http cache https://registry.npmjs.org/@radix-ui%2freact-use-layout-effect 8ms (cache hit)
4685 silly packumentCache full:https://registry.npmjs.org/@radix-ui%2freact-use-layout-effect set size:213388 disposed:false
4686 http cache https://registry.npmjs.org/@radix-ui%2freact-use-layout-effect 10ms (cache hit)
4687 silly packumentCache full:https://registry.npmjs.org/@radix-ui%2freact-use-layout-effect set size:213388 disposed:false
4688 silly packumentCache full:https://registry.npmjs.org/@radix-ui%2freact-use-layout-effect dispose
4689 http cache https://registry.npmjs.org/@radix-ui%2freact-use-layout-effect 11ms (cache hit)
4690 silly packumentCache full:https://registry.npmjs.org/@radix-ui%2freact-use-layout-effect set size:213388 disposed:true
4691 silly packumentCache full:https://registry.npmjs.org/@radix-ui%2freact-use-layout-effect dispose
4692 http cache https://registry.npmjs.org/@radix-ui%2freact-collection 14ms (cache hit)
4693 silly packumentCache full:https://registry.npmjs.org/@radix-ui%2freact-collection set size:630833 disposed:false
4694 http cache https://registry.npmjs.org/@radix-ui%2freact-use-callback-ref 17ms (cache hit)
4695 silly packumentCache full:https://registry.npmjs.org/@radix-ui%2freact-use-callback-ref set size:212985 disposed:false
4696 http cache https://registry.npmjs.org/@radix-ui%2freact-use-effect-event 18ms (cache hit)
4697 silly packumentCache full:https://registry.npmjs.org/@radix-ui%2freact-use-effect-event set size:23349 disposed:false
4698 silly placeDep ROOT @radix-ui/react-use-layout-effect@1.1.1 OK for: @radix-ui/react-id@1.1.1 want: 1.1.1
4699 silly placeDep ROOT @radix-ui/react-use-effect-event@0.0.2 OK for: @radix-ui/react-use-controllable-state@1.2.2 want: 0.0.2
4700 silly placeDep node_modules/expo-router/node_modules/@radix-ui/react-primitive @radix-ui/react-slot@1.2.3 OK for: @radix-ui/react-primitive@2.1.3 want: 1.2.3
4701 silly placeDep node_modules/expo-router @radix-ui/react-collection@1.1.7 OK for: @radix-ui/react-roving-focus@1.1.11 want: 1.1.7
4702 silly placeDep ROOT @radix-ui/react-use-callback-ref@1.1.1 OK for: @radix-ui/react-roving-focus@1.1.11 want: 1.1.1
4703 silly placeDep node_modules/expo-router/node_modules/@radix-ui/react-collection @radix-ui/react-slot@1.2.3 OK for: @radix-ui/react-collection@1.1.7 want: 1.2.3
4704 silly fetch manifest utf-8-validate@>=5.0.2
4705 silly packumentCache full:https://registry.npmjs.org/utf-8-validate cache-hit
4706 silly fetch manifest graphql@^14.0.0 || ^15.0.0 || ^16.0.0
4707 silly packumentCache full:https://registry.npmjs.org/graphql cache-miss
4708 http cache https://registry.npmjs.org/graphql 9ms (cache hit)
4709 silly packumentCache full:https://registry.npmjs.org/graphql set size:829986 disposed:false
4710 silly placeDep ROOT @0no-co/graphql.web@1.2.0 OK for: @expo/cli@54.0.23 want: ^1.0.8
4711 silly placeDep ROOT @expo/code-signing-certificates@0.0.6 OK for: @expo/cli@54.0.23 want: ^0.0.6
4712 silly placeDep ROOT @expo/devcert@1.2.1 OK for: @expo/cli@54.0.23 want: ^1.2.1
4713 silly placeDep ROOT @expo/osascript@2.4.2 OK for: @expo/cli@54.0.23 want: ^2.3.8
4714 silly placeDep ROOT @expo/package-manager@1.10.4 OK for: @expo/cli@54.0.23 want: ^1.9.10
4715 silly placeDep ROOT @expo/ws-tunnel@1.0.6 OK for: @expo/cli@54.0.23 want: ^1.0.1
4716 silly placeDep ROOT @expo/xcpretty@4.4.3 OK for: @expo/cli@54.0.23 want: ^4.3.0
4717 silly placeDep ROOT @urql/core@5.2.0 OK for: @expo/cli@54.0.23 want: ^5.0.6
4718 silly placeDep ROOT @urql/exchange-retry@1.3.2 OK for: @expo/cli@54.0.23 want: ^1.3.0
4719 silly placeDep ROOT better-opn@3.0.2 OK for: @expo/cli@54.0.23 want: ~3.0.2
4720 silly placeDep node_modules/expo ci-info@3.9.0 OK for: @expo/cli@54.0.23 want: ^3.3.0
4721 silly placeDep ROOT compression@1.8.1 OK for: @expo/cli@54.0.23 want: ^1.7.4
4722 silly placeDep ROOT env-editor@0.4.2 OK for: @expo/cli@54.0.23 want: ^0.4.1
4723 silly placeDep ROOT freeport-async@2.0.0 OK for: @expo/cli@54.0.23 want: ^2.0.0
4724 silly placeDep ROOT lan-network@0.1.7 OK for: @expo/cli@54.0.23 want: ^0.1.6
4725 silly placeDep node_modules/expo minimatch@9.0.9 OK for: @expo/cli@54.0.23 want: ^9.0.0
4726 silly placeDep ROOT node-forge@1.4.0 OK for: @expo/cli@54.0.23 want: ^1.3.3
4727 silly placeDep ROOT npm-package-arg@11.0.3 OK for: @expo/cli@54.0.23 want: ^11.0.0
4728 silly placeDep ROOT ora@3.4.0 OK for: @expo/cli@54.0.23 want: ^3.4.0
4729 silly placeDep node_modules/expo picomatch@3.0.2 OK for: @expo/cli@54.0.23 want: ^3.0.1
4730 silly placeDep ROOT pretty-bytes@5.6.0 OK for: @expo/cli@54.0.23 want: ^5.6.0
4731 silly placeDep ROOT progress@2.0.3 OK for: @expo/cli@54.0.23 want: ^2.0.3
4732 silly placeDep ROOT prompts@2.4.2 OK for: @expo/cli@54.0.23 want: ^2.3.2
4733 silly placeDep ROOT qrcode-terminal@0.11.0 OK for: @expo/cli@54.0.23 want: 0.11.0
4734 silly placeDep ROOT requireg@0.2.2 OK for: @expo/cli@54.0.23 want: ^0.2.2
4735 silly placeDep node_modules/expo resolve@1.22.12 OK for: @expo/cli@54.0.23 want: ^1.22.2
4736 silly placeDep ROOT resolve.exports@2.0.3 OK for: @expo/cli@54.0.23 want: ^2.0.3
4737 silly placeDep node_modules/expo semver@7.7.4 OK for: @expo/cli@54.0.23 want: ^7.6.0
4738 silly placeDep ROOT structured-headers@0.4.1 OK for: @expo/cli@54.0.23 want: ^0.4.1
4739 silly placeDep ROOT tar@7.5.13 OK for: @expo/cli@54.0.23 want: ^7.5.2
4740 silly placeDep ROOT terminal-link@2.1.1 OK for: @expo/cli@54.0.23 want: ^2.1.1
4741 silly placeDep ROOT undici@6.25.0 OK for: @expo/cli@54.0.23 want: ^6.18.2
4742 silly placeDep node_modules/expo ws@8.20.0 OK for: @expo/cli@54.0.23 want: ^8.12.1
4743 silly fetch manifest debug@^3.1.0
4744 silly packumentCache full:https://registry.npmjs.org/debug cache-hit
4745 silly fetch manifest @expo/sudo-prompt@^9.3.1
4746 silly packumentCache full:https://registry.npmjs.org/@expo%2fsudo-prompt cache-miss
4747 silly fetch manifest wonka@^6.3.2
4748 silly packumentCache full:https://registry.npmjs.org/wonka cache-miss
4749 silly fetch manifest wonka@^6.3.2
4750 silly packumentCache full:https://registry.npmjs.org/wonka cache-miss
4751 silly fetch manifest open@^8.0.4
4752 silly packumentCache full:https://registry.npmjs.org/open cache-hit
4753 silly fetch manifest vary@~1.1.2
4754 silly packumentCache full:https://registry.npmjs.org/vary cache-miss
4755 silly fetch manifest bytes@3.1.2
4756 silly packumentCache full:https://registry.npmjs.org/bytes cache-miss
4757 silly fetch manifest negotiator@~0.6.4
4758 silly packumentCache full:https://registry.npmjs.org/negotiator cache-hit
4759 silly fetch manifest on-headers@~1.1.0
4760 silly packumentCache full:https://registry.npmjs.org/on-headers cache-miss
4761 silly fetch manifest safe-buffer@5.2.1
4762 silly packumentCache full:https://registry.npmjs.org/safe-buffer cache-miss
4763 http cache https://registry.npmjs.org/wonka 9ms (cache hit)
4764 silly packumentCache full:https://registry.npmjs.org/wonka set size:386763 disposed:false
4765 silly fetch manifest compressible@~2.0.18
4766 silly packumentCache full:https://registry.npmjs.org/compressible cache-miss
4767 http cache https://registry.npmjs.org/bytes 11ms (cache hit)
4768 silly packumentCache full:https://registry.npmjs.org/bytes set size:37018 disposed:false
4769 silly fetch manifest semver@^7.3.5
4770 silly packumentCache full:https://registry.npmjs.org/semver cache-hit
4771 silly fetch manifest proc-log@^4.0.0
4772 silly packumentCache full:https://registry.npmjs.org/proc-log cache-miss
4773 http cache https://registry.npmjs.org/@expo%2fsudo-prompt 13ms (cache hit)
4774 silly packumentCache full:https://registry.npmjs.org/@expo%2fsudo-prompt set size:8809 disposed:false
4775 silly fetch manifest hosted-git-info@^7.0.0
4776 silly packumentCache full:https://registry.npmjs.org/hosted-git-info cache-miss
4777 http cache https://registry.npmjs.org/safe-buffer 13ms (cache hit)
4778 silly packumentCache full:https://registry.npmjs.org/safe-buffer set size:41183 disposed:false
4779 silly fetch manifest validate-npm-package-name@^5.0.0
4780 silly packumentCache full:https://registry.npmjs.org/validate-npm-package-name cache-miss
4781 http cache https://registry.npmjs.org/on-headers 13ms (cache hit)
4782 silly packumentCache full:https://registry.npmjs.org/on-headers set size:13226 disposed:false
4783 silly fetch manifest wcwidth@^1.0.1
4784 silly packumentCache full:https://registry.npmjs.org/wcwidth cache-miss
4785 http cache https://registry.npmjs.org/wonka 15ms (cache hit)
4786 silly packumentCache full:https://registry.npmjs.org/wonka set size:386763 disposed:false
4787 silly packumentCache full:https://registry.npmjs.org/wonka dispose
4788 silly fetch manifest cli-cursor@^2.1.0
4789 silly packumentCache full:https://registry.npmjs.org/cli-cursor cache-miss
4790 http cache https://registry.npmjs.org/vary 16ms (cache hit)
4791 silly packumentCache full:https://registry.npmjs.org/vary set size:16018 disposed:false
4792 silly fetch manifest strip-ansi@^5.2.0
4793 silly packumentCache full:https://registry.npmjs.org/strip-ansi cache-hit
4794 silly fetch manifest log-symbols@^2.2.0
4795 silly packumentCache full:https://registry.npmjs.org/log-symbols cache-miss
4796 http cache https://registry.npmjs.org/compressible 10ms (cache hit)
4797 silly packumentCache full:https://registry.npmjs.org/compressible set size:61733 disposed:false
4798 silly fetch manifest cli-spinners@^2.0.0
4799 silly packumentCache full:https://registry.npmjs.org/cli-spinners cache-miss
4800 http cache https://registry.npmjs.org/proc-log 10ms (cache hit)
4801 silly packumentCache full:https://registry.npmjs.org/proc-log set size:33530 disposed:false
4802 silly fetch manifest kleur@^3.0.3
4803 silly packumentCache full:https://registry.npmjs.org/kleur cache-miss
4804 http cache https://registry.npmjs.org/cli-cursor 7ms (cache hit)
4805 silly packumentCache full:https://registry.npmjs.org/cli-cursor set size:18913 disposed:false
4806 silly fetch manifest sisteransi@^1.0.5
4807 silly packumentCache full:https://registry.npmjs.org/sisteransi cache-miss
4808 http cache https://registry.npmjs.org/hosted-git-info 10ms (cache hit)
4809 silly packumentCache full:https://registry.npmjs.org/hosted-git-info set size:178854 disposed:false
4810 silly fetch manifest nested-error-stacks@~2.0.1
4811 silly packumentCache full:https://registry.npmjs.org/nested-error-stacks cache-miss
4812 http cache https://registry.npmjs.org/validate-npm-package-name 11ms (cache hit)
4813 silly packumentCache full:https://registry.npmjs.org/validate-npm-package-name set size:48143 disposed:false
4814 silly fetch manifest rc@~1.2.7
4815 silly packumentCache full:https://registry.npmjs.org/rc cache-miss
4816 http cache https://registry.npmjs.org/wcwidth 12ms (cache hit)
4817 silly packumentCache full:https://registry.npmjs.org/wcwidth set size:5904 disposed:false
4818 silly fetch manifest resolve@~1.7.1
4819 silly packumentCache full:https://registry.npmjs.org/resolve cache-hit
4820 silly fetch manifest @isaacs/fs-minipass@^4.0.0
4821 silly packumentCache full:https://registry.npmjs.org/@isaacs%2ffs-minipass cache-miss
4822 http cache https://registry.npmjs.org/log-symbols 10ms (cache hit)
4823 silly packumentCache full:https://registry.npmjs.org/log-symbols set size:31977 disposed:false
4824 silly fetch manifest chownr@^3.0.0
4825 silly packumentCache full:https://registry.npmjs.org/chownr cache-miss
4826 http cache https://registry.npmjs.org/nested-error-stacks 13ms (cache hit)
4827 silly packumentCache full:https://registry.npmjs.org/nested-error-stacks set size:24138 disposed:false
4828 silly fetch manifest minizlib@^3.1.0
4829 silly packumentCache full:https://registry.npmjs.org/minizlib cache-miss
4830 http cache https://registry.npmjs.org/sisteransi 14ms (cache hit)
4831 silly packumentCache full:https://registry.npmjs.org/sisteransi set size:23215 disposed:false
4832 silly fetch manifest yallist@^5.0.0
4833 silly packumentCache full:https://registry.npmjs.org/yallist cache-hit
4834 silly fetch manifest ansi-escapes@^4.2.1
4835 silly packumentCache full:https://registry.npmjs.org/ansi-escapes cache-miss
4836 http cache https://registry.npmjs.org/kleur 17ms (cache hit)
4837 silly packumentCache full:https://registry.npmjs.org/kleur set size:61853 disposed:false
4838 silly fetch manifest supports-hyperlinks@^2.0.0
4839 silly packumentCache full:https://registry.npmjs.org/supports-hyperlinks cache-miss
4840 http cache https://registry.npmjs.org/@isaacs%2ffs-minipass 13ms (cache hit)
4841 silly packumentCache full:https://registry.npmjs.org/@isaacs%2ffs-minipass set size:7912 disposed:false
4842 http cache https://registry.npmjs.org/rc 14ms (cache hit)
4843 silly packumentCache full:https://registry.npmjs.org/rc set size:70417 disposed:false
4844 http cache https://registry.npmjs.org/cli-spinners 20ms (cache hit)
4845 silly packumentCache full:https://registry.npmjs.org/cli-spinners set size:67473 disposed:false
4846 http cache https://registry.npmjs.org/chownr 15ms (cache hit)
4847 silly packumentCache full:https://registry.npmjs.org/chownr set size:22157 disposed:false
4848 http cache https://registry.npmjs.org/minizlib 16ms (cache hit)
4849 silly packumentCache full:https://registry.npmjs.org/minizlib set size:62862 disposed:false
4850 http cache https://registry.npmjs.org/supports-hyperlinks 13ms (cache hit)
4851 silly packumentCache full:https://registry.npmjs.org/supports-hyperlinks set size:36220 disposed:false
4852 http cache https://registry.npmjs.org/ansi-escapes 15ms (cache hit)
4853 silly packumentCache full:https://registry.npmjs.org/ansi-escapes set size:70915 disposed:false
4854 silly placeDep ROOT @expo/sudo-prompt@9.3.2 OK for: @expo/devcert@1.2.1 want: ^9.3.1
4855 silly placeDep node_modules/@expo/devcert debug@3.2.7 OK for: @expo/devcert@1.2.1 want: ^3.1.0
4856 silly placeDep ROOT wonka@6.3.6 OK for: @urql/core@5.2.0 want: ^6.3.2
4857 silly placeDep node_modules/better-opn open@8.4.2 OK for: better-opn@3.0.2 want: ^8.0.4
4858 silly fetch manifest define-lazy-prop@^2.0.0
4859 silly packumentCache full:https://registry.npmjs.org/define-lazy-prop cache-miss
4860 http cache https://registry.npmjs.org/define-lazy-prop 15ms (cache hit)
4861 silly packumentCache full:https://registry.npmjs.org/define-lazy-prop set size:9337 disposed:false
4862 silly placeDep ROOT bytes@3.1.2 OK for: compression@1.8.1 want: 3.1.2
4863 silly placeDep ROOT compressible@2.0.18 OK for: compression@1.8.1 want: ~2.0.18
4864 silly placeDep node_modules/compression debug@2.6.9 OK for: compression@1.8.1 want: 2.6.9
4865 silly placeDep node_modules/compression negotiator@0.6.4 OK for: compression@1.8.1 want: ~0.6.4
4866 silly placeDep ROOT on-headers@1.1.0 OK for: compression@1.8.1 want: ~1.1.0
4867 silly placeDep ROOT safe-buffer@5.2.1 OK for: compression@1.8.1 want: 5.2.1
4868 silly placeDep ROOT vary@1.1.2 OK for: compression@1.8.1 want: ~1.1.2
4869 silly placeDep ROOT hosted-git-info@7.0.2 OK for: npm-package-arg@11.0.3 want: ^7.0.0
4870 silly placeDep ROOT proc-log@4.2.0 OK for: npm-package-arg@11.0.3 want: ^4.0.0
4871 silly placeDep node_modules/npm-package-arg semver@7.7.4 OK for: npm-package-arg@11.0.3 want: ^7.3.5
4872 silly placeDep ROOT validate-npm-package-name@5.0.1 OK for: npm-package-arg@11.0.3 want: ^5.0.0
4873 silly fetch manifest lru-cache@^10.0.1
4874 silly packumentCache full:https://registry.npmjs.org/lru-cache cache-hit
4875 silly placeDep node_modules/hosted-git-info lru-cache@10.4.3 OK for: hosted-git-info@7.0.2 want: ^10.0.1
4876 silly placeDep node_modules/ora chalk@2.4.2 OK for: ora@3.4.0 want: ^2.4.2
4877 silly placeDep ROOT cli-cursor@2.1.0 OK for: ora@3.4.0 want: ^2.1.0
4878 silly placeDep ROOT cli-spinners@2.9.2 OK for: ora@3.4.0 want: ^2.0.0
4879 silly placeDep ROOT log-symbols@2.2.0 OK for: ora@3.4.0 want: ^2.2.0
4880 silly placeDep node_modules/ora strip-ansi@5.2.0 OK for: ora@3.4.0 want: ^5.2.0
4881 silly placeDep ROOT wcwidth@1.0.1 OK for: ora@3.4.0 want: ^1.0.1
4882 silly fetch manifest restore-cursor@^2.0.0
4883 silly packumentCache full:https://registry.npmjs.org/restore-cursor cache-miss
4884 silly fetch manifest chalk@^2.0.1
4885 silly packumentCache full:https://registry.npmjs.org/chalk cache-hit
4886 silly fetch manifest ansi-regex@^4.1.0
4887 silly packumentCache full:https://registry.npmjs.org/ansi-regex cache-hit
4888 silly fetch manifest defaults@^1.0.3
4889 silly packumentCache full:https://registry.npmjs.org/defaults cache-miss
4890 http cache https://registry.npmjs.org/defaults 9ms (cache hit)
4891 silly packumentCache full:https://registry.npmjs.org/defaults set size:18134 disposed:false
4892 http cache https://registry.npmjs.org/restore-cursor 11ms (cache hit)
4893 silly packumentCache full:https://registry.npmjs.org/restore-cursor set size:17895 disposed:false
4894 silly placeDep ROOT restore-cursor@2.0.0 OK for: cli-cursor@2.1.0 want: ^2.0.0
4895 silly fetch manifest onetime@^2.0.0
4896 silly packumentCache full:https://registry.npmjs.org/onetime cache-miss
4897 http cache https://registry.npmjs.org/onetime 9ms (cache hit)
4898 silly packumentCache full:https://registry.npmjs.org/onetime set size:32314 disposed:false
4899 silly placeDep node_modules/log-symbols chalk@2.4.2 OK for: log-symbols@2.2.0 want: ^2.0.1
4900 silly placeDep ROOT kleur@3.0.3 OK for: prompts@2.4.2 want: ^3.0.3
4901 silly placeDep ROOT sisteransi@1.0.5 OK for: prompts@2.4.2 want: ^1.0.5
4902 silly placeDep ROOT nested-error-stacks@2.0.1 OK for: requireg@0.2.2 want: ~2.0.1
4903 silly placeDep ROOT rc@1.2.8 OK for: requireg@0.2.2 want: ~1.2.7
4904 silly placeDep node_modules/requireg resolve@1.7.1 OK for: requireg@0.2.2 want: ~1.7.1
4905 silly fetch manifest ini@~1.3.0
4906 silly packumentCache full:https://registry.npmjs.org/ini cache-miss
4907 silly fetch manifest deep-extend@^0.6.0
4908 silly packumentCache full:https://registry.npmjs.org/deep-extend cache-miss
4909 silly fetch manifest strip-json-comments@~2.0.1
4910 silly packumentCache full:https://registry.npmjs.org/strip-json-comments cache-hit
4911 http cache https://registry.npmjs.org/ini 8ms (cache hit)
4912 silly packumentCache full:https://registry.npmjs.org/ini set size:56961 disposed:false
4913 http cache https://registry.npmjs.org/deep-extend 8ms (cache hit)
4914 silly packumentCache full:https://registry.npmjs.org/deep-extend set size:34472 disposed:false
4915 silly placeDep ROOT deep-extend@0.6.0 OK for: rc@1.2.8 want: ^0.6.0
4916 silly placeDep ROOT ini@1.3.8 OK for: rc@1.2.8 want: ~1.3.0
4917 silly placeDep node_modules/rc strip-json-comments@2.0.1 OK for: rc@1.2.8 want: ~2.0.1
4918 silly placeDep ROOT onetime@2.0.1 OK for: restore-cursor@2.0.0 want: ^2.0.0
4919 silly fetch manifest mimic-fn@^1.0.0
4920 silly packumentCache full:https://registry.npmjs.org/mimic-fn cache-miss
4921 http cache https://registry.npmjs.org/mimic-fn 3ms (cache hit)
4922 silly packumentCache full:https://registry.npmjs.org/mimic-fn set size:22257 disposed:false
4923 silly placeDep ROOT mimic-fn@1.2.0 OK for: onetime@2.0.1 want: ^1.0.0
4924 silly placeDep ROOT @isaacs/fs-minipass@4.0.1 OK for: tar@7.5.13 want: ^4.0.0
4925 silly placeDep ROOT chownr@3.0.0 OK for: tar@7.5.13 want: ^3.0.0
4926 silly placeDep ROOT minizlib@3.1.0 OK for: tar@7.5.13 want: ^3.1.0
4927 silly placeDep node_modules/tar yallist@5.0.0 OK for: tar@7.5.13 want: ^5.0.0
4928 silly placeDep ROOT ansi-escapes@4.3.2 OK for: terminal-link@2.1.1 want: ^4.2.1
4929 silly placeDep ROOT supports-hyperlinks@2.3.0 OK for: terminal-link@2.1.1 want: ^2.0.0
4930 silly fetch manifest type-fest@^0.21.3
4931 silly packumentCache full:https://registry.npmjs.org/type-fest cache-hit
4932 silly placeDep node_modules/ansi-escapes type-fest@0.21.3 OK for: ansi-escapes@4.3.2 want: ^0.21.3
4933 silly placeDep ROOT defaults@1.0.4 OK for: wcwidth@1.0.1 want: ^1.0.3
4934 silly fetch manifest clone@^1.0.2
4935 silly packumentCache full:https://registry.npmjs.org/clone cache-miss
4936 http cache https://registry.npmjs.org/clone 5ms (cache hit)
4937 silly packumentCache full:https://registry.npmjs.org/clone set size:82973 disposed:false
4938 silly placeDep ROOT clone@1.0.4 OK for: defaults@1.0.4 want: ^1.0.2
4939 silly placeDep ROOT define-lazy-prop@2.0.0 OK for: open@8.4.2 want: ^2.0.0
4940 silly placeDep node_modules/compression ms@2.0.0 OK for: debug@2.6.9 want: 2.0.0
4941 silly placeDep node_modules/expo brace-expansion@2.1.0 OK for: minimatch@9.0.9 want: ^2.0.2
4942 silly placeDep node_modules/finalhandler ms@2.0.0 OK for: debug@2.6.9 want: 2.0.0
4943 silly placeDep node_modules/glob brace-expansion@5.0.5 OK for: minimatch@10.2.5 want: ^5.0.5
4944 silly placeDep node_modules/glob balanced-match@4.0.4 OK for: brace-expansion@5.0.5 want: ^4.0.2
4945 silly placeDep node_modules/lighthouse-logger ms@2.0.0 OK for: debug@2.6.9 want: 2.0.0
4946 silly placeDep node_modules/log-symbols ansi-styles@3.2.1 OK for: chalk@2.4.2 want: ^3.2.1
4947 silly placeDep node_modules/log-symbols escape-string-regexp@1.0.5 OK for: chalk@2.4.2 want: ^1.0.5
4948 silly placeDep node_modules/log-symbols supports-color@5.5.0 OK for: chalk@2.4.2 want: ^5.3.0
4949 silly placeDep node_modules/log-symbols color-convert@1.9.3 OK for: ansi-styles@3.2.1 want: ^1.9.0
4950 silly placeDep node_modules/log-symbols color-name@1.1.3 OK for: color-convert@1.9.3 want: 1.1.3
4951 silly placeDep node_modules/log-symbols has-flag@3.0.0 OK for: supports-color@5.5.0 want: ^3.0.0
4952 silly placeDep node_modules/metro-babel-transformer hermes-estree@0.32.0 OK for: hermes-parser@0.32.0 want: 0.32.0
4953 silly placeDep node_modules/metro hermes-estree@0.32.0 OK for: hermes-parser@0.32.0 want: 0.32.0
4954 silly placeDep node_modules/ora ansi-styles@3.2.1 OK for: chalk@2.4.2 want: ^3.2.1
4955 silly placeDep node_modules/ora escape-string-regexp@1.0.5 OK for: chalk@2.4.2 want: ^1.0.5
4956 silly placeDep node_modules/ora supports-color@5.5.0 OK for: chalk@2.4.2 want: ^5.3.0
4957 silly placeDep node_modules/ora color-convert@1.9.3 OK for: ansi-styles@3.2.1 want: ^1.9.0
4958 silly placeDep node_modules/ora color-name@1.1.3 OK for: color-convert@1.9.3 want: 1.1.3
4959 silly placeDep node_modules/ora ansi-regex@4.1.1 OK for: strip-ansi@5.2.0 want: ^4.1.0
4960 silly placeDep node_modules/ora has-flag@3.0.0 OK for: supports-color@5.5.0 want: ^3.0.0
4961 silly placeDep node_modules/send/node_modules/debug ms@2.0.0 OK for: debug@2.6.9 want: 2.0.0
4962 silly placeDep node_modules/vaul @radix-ui/react-dismissable-layer@1.1.11 OK for: @radix-ui/react-dialog@1.1.15 want: 1.1.11
4963 silly placeDep ROOT @radix-ui/react-focus-guards@1.1.3 OK for: @radix-ui/react-dialog@1.1.15 want: 1.1.3
4964 silly placeDep node_modules/vaul @radix-ui/react-focus-scope@1.1.7 OK for: @radix-ui/react-dialog@1.1.15 want: 1.1.7
4965 silly placeDep node_modules/vaul @radix-ui/react-portal@1.1.9 OK for: @radix-ui/react-dialog@1.1.15 want: 1.1.9
4966 silly placeDep node_modules/vaul @radix-ui/react-presence@1.1.5 OK for: @radix-ui/react-dialog@1.1.15 want: 1.1.5
4967 silly placeDep node_modules/vaul @radix-ui/react-primitive@2.1.3 OK for: @radix-ui/react-dialog@1.1.15 want: 2.1.3
4968 silly placeDep node_modules/vaul @radix-ui/react-slot@1.2.3 OK for: @radix-ui/react-dialog@1.1.15 want: 1.2.3
4969 silly placeDep ROOT aria-hidden@1.2.6 OK for: @radix-ui/react-dialog@1.1.15 want: ^1.2.4
4970 silly placeDep ROOT react-remove-scroll@2.7.2 OK for: @radix-ui/react-dialog@1.1.15 want: ^2.6.3
4971 silly fetch manifest @radix-ui/react-use-escape-keydown@1.1.1
4972 silly packumentCache full:https://registry.npmjs.org/@radix-ui%2freact-use-escape-keydown cache-miss
4973 silly fetch manifest react-remove-scroll-bar@^2.3.7
4974 silly packumentCache full:https://registry.npmjs.org/react-remove-scroll-bar cache-miss
4975 silly fetch manifest react-style-singleton@^2.2.3
4976 silly packumentCache full:https://registry.npmjs.org/react-style-singleton cache-miss
4977 silly fetch manifest use-callback-ref@^1.3.3
4978 silly packumentCache full:https://registry.npmjs.org/use-callback-ref cache-miss
4979 silly fetch manifest use-sidecar@^1.1.3
4980 silly packumentCache full:https://registry.npmjs.org/use-sidecar cache-miss
4981 http cache https://registry.npmjs.org/react-remove-scroll-bar 6ms (cache hit)
4982 silly packumentCache full:https://registry.npmjs.org/react-remove-scroll-bar set size:66434 disposed:false
4983 http cache https://registry.npmjs.org/@radix-ui%2freact-use-escape-keydown 21ms (cache hit)
4984 silly packumentCache full:https://registry.npmjs.org/@radix-ui%2freact-use-escape-keydown set size:278235 disposed:false
4985 http cache https://registry.npmjs.org/use-callback-ref 23ms (cache hit)
4986 silly packumentCache full:https://registry.npmjs.org/use-callback-ref set size:47599 disposed:false
4987 http cache https://registry.npmjs.org/use-sidecar 23ms (cache hit)
4988 silly packumentCache full:https://registry.npmjs.org/use-sidecar set size:58998 disposed:false
4989 http cache https://registry.npmjs.org/react-style-singleton 28ms (cache hit)
4990 silly packumentCache full:https://registry.npmjs.org/react-style-singleton set size:33682 disposed:false
4991 silly fetch manifest react@^16.8.0 || ^17.0.0 || ^18.0.0 || ^19.0.0 || ^19.0.0-rc
4992 silly packumentCache full:https://registry.npmjs.org/react cache-miss
4993 http cache https://registry.npmjs.org/react 15ms (cache hit)
4994 silly packumentCache full:https://registry.npmjs.org/react set size:6613874 disposed:false
4995 silly placeDep ROOT react-remove-scroll-bar@2.3.8 OK for: react-remove-scroll@2.7.2 want: ^2.3.7
4996 silly placeDep ROOT react-style-singleton@2.2.3 OK for: react-remove-scroll@2.7.2 want: ^2.2.3
4997 silly placeDep ROOT use-callback-ref@1.3.3 OK for: react-remove-scroll@2.7.2 want: ^1.3.3
4998 silly placeDep ROOT use-sidecar@1.1.3 OK for: react-remove-scroll@2.7.2 want: ^1.1.3
4999 silly fetch manifest react-style-singleton@^2.2.2
5000 silly packumentCache full:https://registry.npmjs.org/react-style-singleton cache-hit
5001 silly fetch manifest get-nonce@^1.0.0
5002 silly packumentCache full:https://registry.npmjs.org/get-nonce cache-miss
5003 silly fetch manifest detect-node-es@^1.1.0
5004 silly packumentCache full:https://registry.npmjs.org/detect-node-es cache-miss
5005 http cache https://registry.npmjs.org/detect-node-es 6ms (cache hit)
5006 silly packumentCache full:https://registry.npmjs.org/detect-node-es set size:6554 disposed:false
5007 http cache https://registry.npmjs.org/get-nonce 6ms (cache hit)
5008 silly packumentCache full:https://registry.npmjs.org/get-nonce set size:8902 disposed:false
5009 silly placeDep ROOT get-nonce@1.0.1 OK for: react-style-singleton@2.2.3 want: ^1.0.0
5010 silly placeDep ROOT detect-node-es@1.1.0 OK for: use-sidecar@1.1.3 want: ^1.1.0
5011 silly placeDep ROOT @radix-ui/react-use-escape-keydown@1.1.1 OK for: @radix-ui/react-dismissable-layer@1.1.11 want: 1.1.1
5012 silly reify moves {}
5013 silly audit bulk request {
5013 silly audit   '@expo/vector-icons': [ '15.1.1' ],
5013 silly audit   react: [ '19.1.0' ],
5013 silly audit   'expo-font': [ '14.0.11' ],
5013 silly audit   expo: [ '54.0.33' ],
5013 silly audit   'react-native': [ '0.81.5' ],
5013 silly audit   '@react-navigation/bottom-tabs': [ '7.15.9' ],
5013 silly audit   'react-native-screens': [ '4.16.0' ],
5013 silly audit   '@react-navigation/native': [ '7.2.2' ],
5013 silly audit   'react-native-safe-area-context': [ '5.6.2' ],
5013 silly audit   '@react-navigation/elements': [ '2.9.14' ],
5013 silly audit   '@types/react': [ '19.1.17' ],
5013 silly audit   eslint: [ '9.39.4' ],
5013 silly audit   'eslint-config-expo': [ '10.0.0' ],
5013 silly audit   'expo-constants': [ '18.0.13' ],
5013 silly audit   'expo-haptics': [ '15.0.8' ],
5013 silly audit   'expo-image': [ '3.0.11' ],
5013 silly audit   'expo-linking': [ '8.0.11' ],
5013 silly audit   'expo-router': [ '6.0.23' ],
5013 silly audit   'expo-splash-screen': [ '31.0.13' ],
5013 silly audit   'expo-status-bar': [ '3.0.9' ],
5013 silly audit   'expo-symbols': [ '1.0.8' ],
5013 silly audit   'expo-system-ui': [ '6.0.9' ],
5013 silly audit   'expo-web-browser': [ '15.0.10' ],
5013 silly audit   'react-dom': [ '19.1.0' ],
5013 silly audit   'react-native-gesture-handler': [ '2.28.0' ],
5013 silly audit   'react-native-reanimated': [ '4.1.7' ],
5013 silly audit   'react-native-worklets': [ '0.5.1' ],
5013 silly audit   '@babel/core': [ '7.29.0' ],
5013 silly audit   'react-native-web': [ '0.21.2' ],
5013 silly audit   typescript: [ '5.9.3' ],
5013 silly audit   '@babel/code-frame': [ '7.29.0', '7.10.4' ],
5013 silly audit   '@babel/generator': [ '7.29.1' ],
5013 silly audit   '@babel/helper-compilation-targets': [ '7.28.6' ],
5013 silly audit   '@babel/helper-module-transforms': [ '7.28.6' ],
5013 silly audit   '@babel/helpers': [ '7.29.2' ],
5013 silly audit   '@babel/parser': [ '7.29.2' ],
5013 silly audit   '@babel/template': [ '7.28.6' ],
5013 silly audit   '@babel/traverse': [ '7.29.0' ],
5013 silly audit   '@babel/types': [ '7.29.0' ],
5013 silly audit   '@jridgewell/remapping': [ '2.3.5' ],
5013 silly audit   'convert-source-map': [ '2.0.0' ],
5013 silly audit   debug: [ '4.4.3', '3.2.7', '2.6.9' ],
5013 silly audit   gensync: [ '1.0.0-beta.2' ],
5013 silly audit   json5: [ '2.2.3', '1.0.2' ],
5013 silly audit   semver: [ '6.3.1', '7.7.4', '7.6.3', '7.7.2' ],
5013 silly audit   '@babel/helper-validator-identifier': [ '7.28.5' ],
5013 silly audit   'js-tokens': [ '4.0.0' ],
5013 silly audit   picocolors: [ '1.1.1' ],
5013 silly audit   '@jridgewell/gen-mapping': [ '0.3.13' ],
5013 silly audit   '@jridgewell/trace-mapping': [ '0.3.31' ],
5013 silly audit   jsesc: [ '3.1.0' ],
5013 silly audit   '@babel/compat-data': [ '7.29.0' ],
5013 silly audit   '@babel/helper-validator-option': [ '7.27.1' ],
5013 silly audit   browserslist: [ '4.28.2' ],
5013 silly audit   'lru-cache': [ '5.1.1', '11.3.5', '10.4.3' ],
5013 silly audit   '@babel/helper-module-imports': [ '7.28.6' ],
5013 silly audit   '@babel/helper-globals': [ '7.28.0' ],
5013 silly audit   '@babel/helper-string-parser': [ '7.27.1' ],
5013 silly audit   '@jridgewell/sourcemap-codec': [ '1.5.5' ],
5013 silly audit   '@jridgewell/resolve-uri': [ '3.1.2' ],
5013 silly audit   color: [ '4.2.3' ],
5013 silly audit   'sf-symbols-typescript': [ '2.2.0' ],
5013 silly audit   'use-latest-callback': [ '0.2.6' ],
5013 silly audit   'use-sync-external-store': [ '1.6.0' ],
5013 silly audit   '@react-navigation/core': [ '7.17.2' ],
5013 silly audit   'escape-string-regexp': [ '4.0.0', '2.0.0', '1.0.5' ],
5013 silly audit   'fast-deep-equal': [ '3.1.3' ],
5013 silly audit   nanoid: [ '3.3.11' ],
5013 silly audit   '@react-navigation/routers': [ '7.5.3' ],
5013 silly audit   'query-string': [ '7.1.3' ],
5013 silly audit   'react-is': [ '19.2.5', '18.3.1', '16.13.1' ],
5013 silly audit   csstype: [ '3.2.3' ],
5013 silly audit   'baseline-browser-mapping': [ '2.10.20' ],
5013 silly audit   'caniuse-lite': [ '1.0.30001788' ],
5013 silly audit   'electron-to-chromium': [ '1.5.340' ],
5013 silly audit   'node-releases': [ '2.0.37' ],
5013 silly audit   'update-browserslist-db': [ '1.2.3' ],
5013 silly audit   'color-convert': [ '2.0.1', '1.9.3' ],
5013 silly audit   'color-string': [ '1.9.1' ],
5013 silly audit   'color-name': [ '1.1.4', '1.1.3' ],
5013 silly audit   'simple-swizzle': [ '0.2.4' ],
5013 silly audit   ms: [ '2.1.3', '2.0.0' ],
5013 silly audit   '@eslint-community/eslint-utils': [ '4.9.1' ],
5013 silly audit   '@eslint-community/regexpp': [ '4.12.2' ],
5013 silly audit   '@eslint/config-array': [ '0.21.2' ],
5013 silly audit   '@eslint/config-helpers': [ '0.4.2' ],
5013 silly audit   '@eslint/core': [ '0.17.0' ],
5013 silly audit   '@eslint/eslintrc': [ '3.3.5' ],
5013 silly audit   '@eslint/js': [ '9.39.4' ],
5013 silly audit   '@eslint/plugin-kit': [ '0.4.1' ],
5013 silly audit   '@humanfs/node': [ '0.16.8' ],
5013 silly audit   '@humanwhocodes/module-importer': [ '1.0.1' ],
5013 silly audit   '@humanwhocodes/retry': [ '0.4.3' ],
5013 silly audit   '@types/estree': [ '1.0.8' ],
5013 silly audit   ajv: [ '6.14.0' ],
5013 silly audit   chalk: [ '4.1.2', '2.4.2' ],
5013 silly audit   'cross-spawn': [ '7.0.6' ],
5013 silly audit   'eslint-scope': [ '8.4.0' ],
5013 silly audit   'eslint-visitor-keys': [ '4.2.1', '3.4.3', '5.0.1' ],
5013 silly audit   espree: [ '10.4.0' ],
5013 silly audit   esquery: [ '1.7.0' ],
5013 silly audit   esutils: [ '2.0.3' ],
5013 silly audit   'file-entry-cache': [ '8.0.0' ],
5013 silly audit   'find-up': [ '5.0.0', '4.1.0' ],
5013 silly audit   'glob-parent': [ '6.0.2' ],
5013 silly audit   ignore: [ '5.3.2', '7.0.5' ],
5013 silly audit   imurmurhash: [ '0.1.4' ],
5013 silly audit   'is-glob': [ '4.0.3' ],
5013 silly audit   'json-stable-stringify-without-jsonify': [ '1.0.1' ],
5013 silly audit   'lodash.merge': [ '4.6.2' ],
5013 silly audit   minimatch: [ '3.1.5', '10.2.5', '9.0.9' ],
5013 silly audit   'natural-compare': [ '1.4.0' ],
5013 silly audit   optionator: [ '0.9.4' ],
5013 silly audit   '@eslint/object-schema': [ '2.1.7' ],
5013 silly audit   '@types/json-schema': [ '7.0.15' ],
5013 silly audit   globals: [ '14.0.0', '16.5.0' ],
5013 silly audit   'import-fresh': [ '3.3.1' ],
5013 silly audit   'js-yaml': [ '4.1.1', '3.14.2' ],
5013 silly audit   'strip-json-comments': [ '3.1.1', '2.0.1' ],
5013 silly audit   levn: [ '0.4.1' ],
5013 silly audit   '@humanfs/core': [ '0.19.2' ],
5013 silly audit   '@humanfs/types': [ '0.15.0' ],
5013 silly audit   'fast-json-stable-stringify': [ '2.1.0' ],
5013 silly audit   'json-schema-traverse': [ '0.4.1' ],
5013 silly audit   'uri-js': [ '4.4.1' ],
5013 silly audit   'ansi-styles': [ '4.3.0', '5.2.0', '3.2.1' ],
5013 silly audit   'supports-color': [ '7.2.0', '8.1.1', '5.5.0' ],
5013 silly audit   'path-key': [ '3.1.1' ],
5013 silly audit   'shebang-command': [ '2.0.0' ],
5013 silly audit   which: [ '2.0.2' ],
5013 silly audit   '@typescript-eslint/eslint-plugin': [ '8.58.2' ],
5013 silly audit   '@typescript-eslint/parser': [ '8.58.2' ],
5013 silly audit   'eslint-import-resolver-typescript': [ '3.10.1' ],
5013 silly audit   'eslint-plugin-expo': [ '1.0.0' ],
5013 silly audit   'eslint-plugin-import': [ '2.32.0' ],
5013 silly audit   'eslint-plugin-react': [ '7.37.5' ],
5013 silly audit   'eslint-plugin-react-hooks': [ '5.2.0' ],
5013 silly audit   '@typescript-eslint/scope-manager': [ '8.58.2' ],
5013 silly audit   '@typescript-eslint/type-utils': [ '8.58.2' ],
5013 silly audit   '@typescript-eslint/utils': [ '8.58.2' ],
5013 silly audit   '@typescript-eslint/visitor-keys': [ '8.58.2' ],
5013 silly audit   'ts-api-utils': [ '2.5.0' ],
5013 silly audit   '@typescript-eslint/types': [ '8.58.2' ],
5013 silly audit   '@typescript-eslint/typescript-estree': [ '8.58.2' ],
5013 silly audit   '@typescript-eslint/project-service': [ '8.58.2' ],
5013 silly audit   '@typescript-eslint/tsconfig-utils': [ '8.58.2' ],
5013 silly audit   tinyglobby: [ '0.2.16' ],
5013 silly audit   '@nolyfill/is-core-module': [ '1.0.39' ],
5013 silly audit   'get-tsconfig': [ '4.14.0' ],
5013 silly audit   'is-bun-module': [ '2.0.0' ],
5013 silly audit   'stable-hash': [ '0.0.5' ],
5013 silly audit   'unrs-resolver': [ '1.11.1' ],
5013 silly audit   '@rtsao/scc': [ '1.1.0' ],
5013 silly audit   'array-includes': [ '3.1.9' ],
5013 silly audit   'array.prototype.findlastindex': [ '1.2.6' ],
5013 silly audit   'array.prototype.flat': [ '1.3.3' ],
5013 silly audit   'array.prototype.flatmap': [ '1.3.3' ],
5013 silly audit   doctrine: [ '2.1.0' ],
5013 silly audit   'eslint-import-resolver-node': [ '0.3.10' ],
5013 silly audit   'eslint-module-utils': [ '2.12.1' ],
5013 silly audit   hasown: [ '2.0.3' ],
5013 silly audit   'is-core-module': [ '2.16.1' ],
5013 silly audit   'object.fromentries': [ '2.0.8' ],
5013 silly audit   'object.groupby': [ '1.0.3' ],
5013 silly audit   'object.values': [ '1.2.1' ],
5013 silly audit   'string.prototype.trimend': [ '1.0.9' ],
5013 silly audit   'tsconfig-paths': [ '3.15.0' ],
5013 silly audit   'call-bind': [ '1.0.9' ],
5013 silly audit   'call-bound': [ '1.0.4' ],
5013 silly audit   'define-properties': [ '1.2.1' ],
5013 silly audit   'es-abstract': [ '1.24.2' ],
5013 silly audit   'es-object-atoms': [ '1.1.1' ],
5013 silly audit   'get-intrinsic': [ '1.3.0' ],
5013 silly audit   'is-string': [ '1.1.1' ],
5013 silly audit   'math-intrinsics': [ '1.1.0' ],
5013 silly audit   'es-errors': [ '1.3.0' ],
5013 silly audit   'es-shim-unscopables': [ '1.1.0' ],
5013 silly audit   'call-bind-apply-helpers': [ '1.0.2' ],
5013 silly audit   'es-define-property': [ '1.0.1' ],
5013 silly audit   'set-function-length': [ '1.2.2' ],
5013 silly audit   'function-bind': [ '1.1.2' ],
5013 silly audit   'define-data-property': [ '1.1.4' ],
5013 silly audit   'has-property-descriptors': [ '1.0.2' ],
5013 silly audit   'object-keys': [ '1.1.1' ],
5013 silly audit   gopd: [ '1.2.0' ],
5013 silly audit   'array-buffer-byte-length': [ '1.0.2' ],
5013 silly audit   'arraybuffer.prototype.slice': [ '1.0.4' ],
5013 silly audit   'available-typed-arrays': [ '1.0.7' ],
5013 silly audit   'data-view-buffer': [ '1.0.2' ],
5013 silly audit   'data-view-byte-length': [ '1.0.2' ],
5013 silly audit   'data-view-byte-offset': [ '1.0.1' ],
5013 silly audit   'es-set-tostringtag': [ '2.1.0' ],
5013 silly audit   'es-to-primitive': [ '1.3.0' ],
5013 silly audit   'function.prototype.name': [ '1.1.8' ],
5013 silly audit   'get-proto': [ '1.0.1' ],
5013 silly audit   'get-symbol-description': [ '1.1.0' ],
5013 silly audit   globalthis: [ '1.0.4' ],
5013 silly audit   'has-proto': [ '1.2.0' ],
5013 silly audit   'has-symbols': [ '1.1.0' ],
5013 silly audit   'internal-slot': [ '1.1.0' ],
5013 silly audit   'is-array-buffer': [ '3.0.5' ],
5013 silly audit   'is-callable': [ '1.2.7' ],
5013 silly audit   'is-data-view': [ '1.0.2' ],
5013 silly audit   'is-negative-zero': [ '2.0.3' ],
5013 silly audit   'is-regex': [ '1.2.1' ],
5013 silly audit   'is-set': [ '2.0.3' ],
5013 silly audit   'is-shared-array-buffer': [ '1.0.4' ],
5013 silly audit   'is-typed-array': [ '1.1.15' ],
5013 silly audit   'is-weakref': [ '1.1.1' ],
5013 silly audit   'object-inspect': [ '1.13.4' ],
5013 silly audit   'object.assign': [ '4.1.7' ],
5013 silly audit   'own-keys': [ '1.0.1' ],
5013 silly audit   'regexp.prototype.flags': [ '1.5.4' ],
5013 silly audit   'safe-array-concat': [ '1.1.3' ],
5013 silly audit   'safe-push-apply': [ '1.0.0' ],
5013 silly audit   'safe-regex-test': [ '1.1.0' ],
5013 silly audit   'set-proto': [ '1.0.0' ],
5013 silly audit   'stop-iteration-iterator': [ '1.1.0' ],
5013 silly audit   'string.prototype.trim': [ '1.2.10' ],
5013 silly audit   'string.prototype.trimstart': [ '1.0.8' ],
5013 silly audit   'typed-array-buffer': [ '1.0.3' ],
5013 silly audit   'typed-array-byte-length': [ '1.0.3' ],
5013 silly audit   'typed-array-byte-offset': [ '1.0.4' ],
5013 silly audit   'typed-array-length': [ '1.0.7' ],
5013 silly audit   'unbox-primitive': [ '1.1.0' ],
5013 silly audit   'which-typed-array': [ '1.1.20' ],
5013 silly audit   'possible-typed-array-names': [ '1.1.0' ],
5013 silly audit   'has-tostringtag': [ '1.0.2' ],
5013 silly audit   'is-date-object': [ '1.1.0' ],
5013 silly audit   'is-symbol': [ '1.1.1' ],
5013 silly audit   resolve: [ '2.0.0-next.6', '1.22.12', '1.7.1' ],
5013 silly audit   'array.prototype.findlast': [ '1.2.5' ],
5013 silly audit   'array.prototype.tosorted': [ '1.1.4' ],
5013 silly audit   'es-iterator-helpers': [ '1.3.2' ],
5013 silly audit   estraverse: [ '5.3.0' ],
5013 silly audit   'jsx-ast-utils': [ '3.3.5' ],
5013 silly audit   'object.entries': [ '1.1.9' ],
5013 silly audit   'prop-types': [ '15.8.1' ],
5013 silly audit   'string.prototype.matchall': [ '4.0.12' ],
5013 silly audit   'string.prototype.repeat': [ '1.0.0' ],
5013 silly audit   'iterator.prototype': [ '1.1.5' ],
5013 silly audit   esrecurse: [ '4.3.0' ],
5013 silly audit   acorn: [ '8.16.0' ],
5013 silly audit   'acorn-jsx': [ '5.3.2' ],
5013 silly audit   '@babel/runtime': [ '7.29.2' ],
5013 silly audit   '@expo/cli': [ '54.0.23' ],
5013 silly audit   '@expo/config': [ '12.0.13' ],
5013 silly audit   '@expo/config-plugins': [ '54.0.4' ],
5013 silly audit   '@expo/devtools': [ '0.1.8' ],
5013 silly audit   '@expo/fingerprint': [ '0.15.4' ],
5013 silly audit   '@expo/metro': [ '54.2.0' ],
5013 silly audit   '@expo/metro-config': [ '54.0.14' ],
5013 silly audit   '@ungap/structured-clone': [ '1.3.0' ],
5013 silly audit   'babel-preset-expo': [ '54.0.10' ],
5013 silly audit   'react-refresh': [ '0.14.2' ],
5013 silly audit   'expo-asset': [ '12.0.12' ],
5013 silly audit   'expo-file-system': [ '19.0.21' ],
5013 silly audit   'expo-keep-awake': [ '15.0.8' ],
5013 silly audit   'expo-modules-autolinking': [ '3.0.24' ],
5013 silly audit   'expo-modules-core': [ '3.0.29' ],
5013 silly audit   'pretty-format': [ '29.7.0' ],
5013 silly audit   'whatwg-url-without-unicode': [ '8.0.0-3' ],
5013 silly audit   '@expo/config-types': [ '54.0.10' ],
5013 silly audit   '@expo/json-file': [ '10.0.13' ],
5013 silly audit   deepmerge: [ '4.3.1' ],
5013 silly audit   getenv: [ '2.0.0' ],
5013 silly audit   glob: [ '13.0.6', '7.2.3' ],
5013 silly audit   'require-from-string': [ '2.0.2' ],
5013 silly audit   'resolve-from': [ '5.0.0', '4.0.0' ],
5013 silly audit   'resolve-workspace-root': [ '2.0.1' ],
5013 silly audit   slugify: [ '1.6.9' ],
5013 silly audit   sucrase: [ '3.35.1' ],
5013 silly audit   '@expo/plist': [ '0.4.8' ],
5013 silly audit   '@expo/sdk-runtime-versions': [ '1.0.0' ],
5013 silly audit   slash: [ '3.0.0' ],
5013 silly audit   xcode: [ '3.0.1' ],
5013 silly audit   xml2js: [ '0.6.0' ],
5013 silly audit   '@expo/spawn-async': [ '1.7.2' ],
5013 silly audit   arg: [ '5.0.2' ],
5013 silly audit   'p-limit': [ '3.1.0', '2.3.0' ],
5013 silly audit   metro: [ '0.83.3' ],
5013 silly audit   'metro-babel-transformer': [ '0.83.3' ],
5013 silly audit   'metro-cache': [ '0.83.3' ],
5013 silly audit   'metro-cache-key': [ '0.83.3' ],
5013 silly audit   'metro-config': [ '0.83.3' ],
5013 silly audit   'metro-core': [ '0.83.3' ],
5013 silly audit   'metro-file-map': [ '0.83.3' ],
5013 silly audit   'metro-minify-terser': [ '0.83.3' ],
5013 silly audit   'metro-resolver': [ '0.83.3' ],
5013 silly audit   'metro-runtime': [ '0.83.3' ],
5013 silly audit   'metro-source-map': [ '0.83.3' ],
5013 silly audit   'metro-symbolicate': [ '0.83.3' ],
5013 silly audit   'metro-transform-plugins': [ '0.83.3' ],
5013 silly audit   'metro-transform-worker': [ '0.83.3' ],
5013 silly audit   '@expo/env': [ '2.0.11' ],
5013 silly audit   dotenv: [ '16.4.7' ],
5013 silly audit   'dotenv-expand': [ '11.0.7' ],
5013 silly audit   'hermes-parser': [ '0.29.1', '0.32.0' ],
5013 silly audit   'jsc-safe-url': [ '0.2.4' ],
5013 silly audit   lightningcss: [ '1.32.0' ],
5013 silly audit   postcss: [ '8.4.49' ],
5013 silly audit   '@xmldom/xmldom': [ '0.8.13' ],
5013 silly audit   'base64-js': [ '1.5.1' ],
5013 silly audit   xmlbuilder: [ '15.1.1', '11.0.1' ],
5013 silly audit   '@babel/plugin-proposal-decorators': [ '7.29.0' ],
5013 silly audit   '@babel/plugin-proposal-export-default-from': [ '7.27.1' ],
5013 silly audit   '@babel/plugin-syntax-export-default-from': [ '7.28.6' ],
5013 silly audit   '@babel/plugin-transform-class-static-block': [ '7.28.6' ],
5013 silly audit   '@babel/plugin-transform-export-namespace-from': [ '7.27.1' ],
5013 silly audit   '@babel/plugin-transform-flow-strip-types': [ '7.27.1' ],
5013 silly audit   '@babel/plugin-transform-modules-commonjs': [ '7.28.6' ],
5013 silly audit   '@babel/plugin-transform-object-rest-spread': [ '7.28.6' ],
5013 silly audit   '@babel/plugin-transform-parameters': [ '7.27.7' ],
5013 silly audit   '@babel/plugin-transform-private-methods': [ '7.28.6' ],
5013 silly audit   '@babel/plugin-transform-private-property-in-object': [ '7.28.6' ],
5013 silly audit   '@babel/plugin-transform-runtime': [ '7.29.0' ],
5013 silly audit   '@babel/preset-react': [ '7.28.5' ],
5013 silly audit   '@babel/preset-typescript': [ '7.28.5' ],
5013 silly audit   '@react-native/babel-preset': [ '0.81.5' ],
5013 silly audit   'babel-plugin-react-compiler': [ '1.0.0' ],
5013 silly audit   'babel-plugin-react-native-web': [ '0.21.2' ],
5013 silly audit   'babel-plugin-syntax-hermes-parser': [ '0.29.1' ],
5013 silly audit   'babel-plugin-transform-flow-enums': [ '0.0.2' ],
5013 silly audit   '@babel/helper-create-class-features-plugin': [ '7.28.6' ],
5013 silly audit   '@babel/helper-plugin-utils': [ '7.28.6' ],
5013 silly audit   '@babel/plugin-syntax-decorators': [ '7.28.6' ],
5013 silly audit   '@babel/helper-annotate-as-pure': [ '7.27.3' ],
5013 silly audit   '@babel/helper-member-expression-to-functions': [ '7.28.5' ],
5013 silly audit   '@babel/helper-optimise-call-expression': [ '7.27.1' ],
5013 silly audit   '@babel/helper-replace-supers': [ '7.28.6' ],
5013 silly audit   '@babel/helper-skip-transparent-expression-wrappers': [ '7.27.1' ],
5013 silly audit   '@babel/plugin-syntax-flow': [ '7.28.6' ],
5013 silly audit   '@babel/plugin-transform-destructuring': [ '7.28.5' ],
5013 silly audit   'babel-plugin-polyfill-corejs2': [ '0.4.17' ],
5013 silly audit   'babel-plugin-polyfill-corejs3': [ '0.13.0' ],
5013 silly audit   'babel-plugin-polyfill-regenerator': [ '0.6.8' ],
5013 silly audit   '@babel/plugin-transform-react-display-name': [ '7.28.0' ],
5013 silly audit   '@babel/plugin-transform-react-jsx': [ '7.28.6' ],
5013 silly audit   '@babel/plugin-transform-react-jsx-development': [ '7.27.1' ],
5013 silly audit   '@babel/plugin-transform-react-pure-annotations': [ '7.27.1' ],
5013 silly audit   '@babel/plugin-syntax-jsx': [ '7.28.6' ],
5013 silly audit   '@babel/plugin-transform-typescript': [ '7.28.6' ],
5013 silly audit   '@babel/plugin-syntax-typescript': [ '7.28.6' ],
5013 silly audit   '@babel/plugin-syntax-dynamic-import': [ '7.8.3' ],
5013 silly audit   '@babel/plugin-syntax-nullish-coalescing-operator': [ '7.8.3' ],
5013 silly audit   '@babel/plugin-syntax-optional-chaining': [ '7.8.3' ],
5013 silly audit   '@babel/plugin-transform-arrow-functions': [ '7.27.1' ],
5013 silly audit   '@babel/plugin-transform-async-generator-functions': [ '7.29.0' ],
5013 silly audit   '@babel/plugin-transform-async-to-generator': [ '7.28.6' ],
5013 silly audit   '@babel/plugin-transform-block-scoping': [ '7.28.6' ],
5013 silly audit   '@babel/plugin-transform-class-properties': [ '7.28.6' ],
5013 silly audit   '@babel/plugin-transform-classes': [ '7.28.6' ],
5013 silly audit   '@babel/plugin-transform-computed-properties': [ '7.28.6' ],
5013 silly audit   '@babel/plugin-transform-for-of': [ '7.27.1' ],
5013 silly audit   '@babel/plugin-transform-function-name': [ '7.27.1' ],
5013 silly audit   '@babel/plugin-transform-literals': [ '7.27.1' ],
5013 silly audit   '@babel/plugin-transform-logical-assignment-operators': [ '7.28.6' ],
5013 silly audit   '@babel/plugin-transform-named-capturing-groups-regex': [ '7.29.0' ],
5013 silly audit   '@babel/plugin-transform-nullish-coalescing-operator': [ '7.28.6' ],
5013 silly audit   '@babel/plugin-transform-numeric-separator': [ '7.28.6' ],
5013 silly audit   '@babel/plugin-transform-optional-catch-binding': [ '7.28.6' ],
5013 silly audit   '@babel/plugin-transform-optional-chaining': [ '7.28.6' ],
5013 silly audit   '@babel/plugin-transform-react-jsx-self': [ '7.27.1' ],
5013 silly audit   '@babel/plugin-transform-react-jsx-source': [ '7.27.1' ],
5013 silly audit   '@babel/plugin-transform-regenerator': [ '7.29.0' ],
5013 silly audit   '@babel/plugin-transform-shorthand-properties': [ '7.27.1' ],
5013 silly audit   '@babel/plugin-transform-spread': [ '7.28.6' ],
5013 silly audit   '@babel/plugin-transform-sticky-regex': [ '7.27.1' ],
5013 silly audit   '@babel/plugin-transform-unicode-regex': [ '7.27.1' ],
5013 silly audit   '@react-native/babel-plugin-codegen': [ '0.81.5' ],
5013 silly audit   '@babel/helper-remap-async-to-generator': [ '7.27.1' ],
5013 silly audit   '@babel/helper-wrap-function': [ '7.28.6' ],
5013 silly audit   '@babel/helper-create-regexp-features-plugin': [ '7.28.5' ],
5013 silly audit   'regexpu-core': [ '6.4.0' ],
5013 silly audit   '@react-native/codegen': [ '0.81.5' ],
5013 silly audit   invariant: [ '2.2.4' ],
5013 silly audit   nullthrows: [ '1.1.1' ],
5013 silly audit   yargs: [ '17.7.2' ],
5013 silly audit   '@babel/helper-define-polyfill-provider': [ '0.6.8' ],
5013 silly audit   'lodash.debounce': [ '4.0.8' ],
5013 silly audit   'core-js-compat': [ '3.49.0' ],
5013 silly audit   '@expo/image-utils': [ '0.8.13' ],
5013 silly audit   '@expo/require-utils': [ '55.0.4' ],
5013 silly audit   'jimp-compact': [ '0.16.1' ],
5013 silly audit   'parse-png': [ '2.1.0' ],
5013 silly audit   fontfaceobserver: [ '2.3.0' ],
5013 silly audit   commander: [ '7.2.0', '12.1.0', '4.1.1', '2.20.3' ],
5013 silly audit   '@expo/metro-runtime': [ '6.1.2' ],
5013 silly audit   '@expo/schema-utils': [ '0.1.8' ],
5013 silly audit   '@radix-ui/react-slot': [ '1.2.0', '1.2.3' ],
5013 silly audit   '@radix-ui/react-tabs': [ '1.1.13' ],
5013 silly audit   '@react-navigation/native-stack': [ '7.14.11' ],
5013 silly audit   'client-only': [ '0.0.1' ],
5013 silly audit   'expo-server': [ '1.0.5' ],
5013 silly audit   'react-fast-compare': [ '3.2.2' ],
5013 silly audit   'react-native-is-edge-to-edge': [ '1.3.1' ],
5013 silly audit   'server-only': [ '0.0.1' ],
5013 silly audit   shallowequal: [ '1.1.0' ],
5013 silly audit   vaul: [ '1.1.2' ],
5013 silly audit   anser: [ '1.4.10' ],
5013 silly audit   'stacktrace-parser': [ '0.1.11' ],
5013 silly audit   'whatwg-fetch': [ '3.6.20' ],
5013 silly audit   '@radix-ui/react-compose-refs': [ '1.1.2' ],
5013 silly audit   'warn-once': [ '0.1.1' ],
5013 silly audit   '@expo/prebuild-config': [ '54.0.8' ],
5013 silly audit   '@react-native/normalize-colors': [ '0.81.5', '0.74.89' ],
5013 silly audit   'flat-cache': [ '4.0.1' ],
5013 silly audit   'locate-path': [ '6.0.0', '5.0.0' ],
5013 silly audit   'path-exists': [ '4.0.0' ],
5013 silly audit   flatted: [ '3.4.2' ],
5013 silly audit   keyv: [ '4.5.4' ],
5013 silly audit   'functions-have-names': [ '1.2.3' ],
5013 silly audit   'dunder-proto': [ '1.0.1' ],
5013 silly audit   'resolve-pkg-maps': [ '1.0.0' ],
5013 silly audit   minipass: [ '7.1.3' ],
5013 silly audit   'path-scurry': [ '2.0.2' ],
5013 silly audit   'hermes-estree': [ '0.29.1', '0.32.0' ],
5013 silly audit   'parent-module': [ '1.0.1' ],
5013 silly audit   'side-channel': [ '1.1.0' ],
5013 silly audit   'loose-envify': [ '1.4.0' ],
5013 silly audit   'is-extglob': [ '2.1.1' ],
5013 silly audit   'set-function-name': [ '2.0.2' ],
5013 silly audit   argparse: [ '2.0.1', '1.0.10' ],
5013 silly audit   'json-buffer': [ '3.0.1' ],
5013 silly audit   'prelude-ls': [ '1.2.1' ],
5013 silly audit   'type-check': [ '0.4.0' ],
5013 silly audit   'detect-libc': [ '2.1.2' ],
5013 silly audit   'lightningcss-android-arm64': [ '1.32.0' ],
5013 silly audit   'lightningcss-darwin-arm64': [ '1.32.0' ],
5013 silly audit   'lightningcss-darwin-x64': [ '1.32.0' ],
5013 silly audit   'lightningcss-freebsd-x64': [ '1.32.0' ],
5013 silly audit   'lightningcss-linux-arm-gnueabihf': [ '1.32.0' ],
5013 silly audit   'lightningcss-linux-arm64-gnu': [ '1.32.0' ],
5013 silly audit   'lightningcss-linux-arm64-musl': [ '1.32.0' ],
5013 silly audit   'lightningcss-linux-x64-gnu': [ '1.32.0' ],
5013 silly audit   'lightningcss-linux-x64-musl': [ '1.32.0' ],
5013 silly audit   'lightningcss-win32-arm64-msvc': [ '1.32.0' ],
5013 silly audit   'lightningcss-win32-x64-msvc': [ '1.32.0' ],
5013 silly audit   'p-locate': [ '5.0.0', '4.1.0' ],
5013 silly audit   yallist: [ '3.1.1', '5.0.0' ],
5013 silly audit   accepts: [ '1.3.8' ],
5013 silly audit   'ci-info': [ '2.0.0', '3.9.0' ],
5013 silly audit   connect: [ '3.7.0' ],
5013 silly audit   'error-stack-parser': [ '2.1.4' ],
5013 silly audit   'flow-enums-runtime': [ '0.0.6' ],
5013 silly audit   'graceful-fs': [ '4.2.11' ],
5013 silly audit   'image-size': [ '1.2.1' ],
5013 silly audit   'jest-worker': [ '29.7.0' ],
5013 silly audit   'lodash.throttle': [ '4.1.1' ],
5013 silly audit   'mime-types': [ '2.1.35' ],
5013 silly audit   'serialize-error': [ '2.1.0' ],
5013 silly audit   'source-map': [ '0.5.7', '0.6.1' ],
5013 silly audit   throat: [ '5.0.0' ],
5013 silly audit   ws: [ '7.5.10', '6.2.3', '8.20.0' ],
5013 silly audit   negotiator: [ '0.6.3', '0.6.4' ],
5013 silly audit   finalhandler: [ '1.1.2' ],
5013 silly audit   parseurl: [ '1.3.3' ],
5013 silly audit   'utils-merge': [ '1.0.1' ],
5013 silly audit   stackframe: [ '1.3.4' ],
5013 silly audit   encodeurl: [ '1.0.2', '2.0.0' ],
5013 silly audit   'escape-html': [ '1.0.3' ],
5013 silly audit   'on-finished': [ '2.3.0', '2.4.1' ],
5013 silly audit   statuses: [ '1.5.0', '2.0.2' ],
5013 silly audit   unpipe: [ '1.0.0' ],
5013 silly audit   queue: [ '6.0.2' ],
5013 silly audit   '@types/node': [ '25.6.0' ],
5013 silly audit   'jest-util': [ '29.7.0' ],
5013 silly audit   'merge-stream': [ '2.0.0' ],
5013 silly audit   'undici-types': [ '7.19.2' ],
5013 silly audit   '@jest/types': [ '29.6.3' ],
5013 silly audit   picomatch: [ '2.3.2', '4.0.4', '3.0.2' ],
5013 silly audit   '@jest/schemas': [ '29.6.3' ],
5013 silly audit   '@types/istanbul-lib-coverage': [ '2.0.6' ],
5013 silly audit   '@types/istanbul-reports': [ '3.0.4' ],
5013 silly audit   '@types/yargs': [ '17.0.35' ],
5013 silly audit   '@sinclair/typebox': [ '0.27.10' ],
5013 silly audit   '@types/istanbul-lib-report': [ '3.0.3' ],
5013 silly audit   '@types/yargs-parser': [ '21.0.3' ],
5013 silly audit   'exponential-backoff': [ '3.1.3' ],
5013 silly audit   'https-proxy-agent': [ '7.0.6' ],
5013 silly audit   'agent-base': [ '7.1.4' ],
5013 silly audit   'jest-validate': [ '29.7.0' ],
5013 silly audit   yaml: [ '2.8.3' ],
5013 silly audit   camelcase: [ '6.3.0', '5.3.1' ],
5013 silly audit   'jest-get-type': [ '29.6.3' ],
5013 silly audit   leven: [ '3.1.0' ],
5013 silly audit   'fb-watchman': [ '2.0.2' ],
5013 silly audit   micromatch: [ '4.0.8' ],
5013 silly audit   walker: [ '1.0.8' ],
5013 silly audit   bser: [ '2.1.1' ],
5013 silly audit   'node-int64': [ '0.4.0' ],
5013 silly audit   terser: [ '5.46.1' ],
5013 silly audit   ob1: [ '0.83.3' ],
5013 silly audit   vlq: [ '1.0.1' ],
5013 silly audit   braces: [ '3.0.3' ],
5013 silly audit   'fill-range': [ '7.1.1' ],
5013 silly audit   'to-regex-range': [ '5.0.1' ],
5013 silly audit   'mime-db': [ '1.52.0' ],
5013 silly audit   'brace-expansion': [ '1.1.14', '2.1.0', '5.0.5' ],
5013 silly audit   'balanced-match': [ '1.0.2', '4.0.4' ],
5013 silly audit   'concat-map': [ '0.0.1' ],
5013 silly audit   'ee-first': [ '1.1.1' ],
5013 silly audit   'deep-is': [ '0.1.4' ],
5013 silly audit   'fast-levenshtein': [ '2.0.6' ],
5013 silly audit   'word-wrap': [ '1.2.5' ],
5013 silly audit   'yocto-queue': [ '0.1.0' ],
5013 silly audit   callsites: [ '3.1.0' ],
5013 silly audit   pngjs: [ '3.4.0' ],
5013 silly audit   'source-map-js': [ '1.2.1' ],
5013 silly audit   'object-assign': [ '4.1.1' ],
5013 silly audit   'decode-uri-component': [ '0.2.2' ],
5013 silly audit   'filter-obj': [ '1.1.0' ],
5013 silly audit   'split-on-first': [ '1.1.0' ],
5013 silly audit   'strict-uri-encode': [ '2.0.0' ],
5013 silly audit   inherits: [ '2.0.4' ],
5013 silly audit   scheduler: [ '0.26.0' ],
5013 silly audit   '@jest/create-cache-key-function': [ '29.7.0' ],
5013 silly audit   '@react-native/assets-registry': [ '0.81.5' ],
5013 silly audit   '@react-native/community-cli-plugin': [ '0.81.5' ],
5013 silly audit   '@react-native/gradle-plugin': [ '0.81.5' ],
5013 silly audit   '@react-native/js-polyfills': [ '0.81.5' ],
5013 silly audit   '@react-native/virtualized-lists': [ '0.81.5' ],
5013 silly audit   'abort-controller': [ '3.0.0' ],
5013 silly audit   'ansi-regex': [ '5.0.1', '4.1.1' ],
5013 silly audit   'babel-jest': [ '29.7.0' ],
5013 silly audit   'jest-environment-node': [ '29.7.0' ],
5013 silly audit   'memoize-one': [ '5.2.1', '6.0.0' ],
5013 silly audit   promise: [ '8.3.0', '7.3.1' ],
5013 silly audit   'react-devtools-core': [ '6.1.5' ],
5013 silly audit   'regenerator-runtime': [ '0.13.11' ],
5013 silly audit   '@react-native/dev-middleware': [ '0.81.5' ],
5013 silly audit   '@isaacs/ttlcache': [ '1.4.1' ],
5013 silly audit   '@react-native/debugger-frontend': [ '0.81.5' ],
5013 silly audit   'chrome-launcher': [ '0.15.2' ],
5013 silly audit   'chromium-edge-launcher': [ '0.2.0' ],
5013 silly audit   open: [ '7.4.2', '8.4.2' ],
5013 silly audit   'serve-static': [ '1.16.3' ],
5013 silly audit   'event-target-shim': [ '5.0.1' ],
5013 silly audit   '@jest/transform': [ '29.7.0' ],
5013 silly audit   '@types/babel__core': [ '7.20.5' ],
5013 silly audit   'babel-plugin-istanbul': [ '6.1.1' ],
5013 silly audit   'babel-preset-jest': [ '29.6.3' ],
5013 silly audit   'jest-haste-map': [ '29.7.0' ],
5013 silly audit   'jest-regex-util': [ '29.6.3' ],
5013 silly audit   pirates: [ '4.0.7' ],
5013 silly audit   'write-file-atomic': [ '4.0.2' ],
5013 silly audit   '@types/babel__generator': [ '7.27.0' ],
5013 silly audit   '@types/babel__template': [ '7.4.4' ],
5013 silly audit   '@types/babel__traverse': [ '7.28.0' ],
5013 silly audit   '@istanbuljs/load-nyc-config': [ '1.1.0' ],
5013 silly audit   '@istanbuljs/schema': [ '0.1.6' ],
5013 silly audit   'istanbul-lib-instrument': [ '5.2.1' ],
5013 silly audit   'test-exclude': [ '6.0.0' ],
5013 silly audit   'get-package-type': [ '0.1.0' ],
5013 silly audit   'babel-plugin-jest-hoist': [ '29.6.3' ],
5013 silly audit   'babel-preset-current-node-syntax': [ '1.2.0' ],
5013 silly audit   '@babel/plugin-syntax-async-generators': [ '7.8.4' ],
5013 silly audit   '@babel/plugin-syntax-bigint': [ '7.8.3' ],
5013 silly audit   '@babel/plugin-syntax-class-properties': [ '7.12.13' ],
5013 silly audit   '@babel/plugin-syntax-class-static-block': [ '7.14.5' ],
5013 silly audit   '@babel/plugin-syntax-import-attributes': [ '7.28.6' ],
5013 silly audit   '@babel/plugin-syntax-import-meta': [ '7.10.4' ],
5013 silly audit   '@babel/plugin-syntax-json-strings': [ '7.8.3' ],
5013 silly audit   '@babel/plugin-syntax-logical-assignment-operators': [ '7.10.4' ],
5013 silly audit   '@babel/plugin-syntax-numeric-separator': [ '7.10.4' ],
5013 silly audit   '@babel/plugin-syntax-object-rest-spread': [ '7.8.3' ],
5013 silly audit   '@babel/plugin-syntax-optional-catch-binding': [ '7.8.3' ],
5013 silly audit   '@babel/plugin-syntax-private-property-in-object': [ '7.14.5' ],
5013 silly audit   '@babel/plugin-syntax-top-level-await': [ '7.14.5' ],
5013 silly audit   'is-wsl': [ '2.2.0' ],
5013 silly audit   'lighthouse-logger': [ '1.4.2' ],
5013 silly audit   mkdirp: [ '1.0.4' ],
5013 silly audit   rimraf: [ '3.0.2' ],
5013 silly audit   'is-docker': [ '2.2.1' ],
5013 silly audit   'istanbul-lib-coverage': [ '3.2.2' ],
5013 silly audit   '@jest/environment': [ '29.7.0' ],
5013 silly audit   '@jest/fake-timers': [ '29.7.0' ],
5013 silly audit   'jest-mock': [ '29.7.0' ],
5013 silly audit   '@sinonjs/fake-timers': [ '10.3.0' ],
5013 silly audit   'jest-message-util': [ '29.7.0' ],
5013 silly audit   '@sinonjs/commons': [ '3.0.1' ],
5013 silly audit   'type-detect': [ '4.0.8' ],
5013 silly audit   '@types/graceful-fs': [ '4.1.9' ],
5013 silly audit   anymatch: [ '3.1.3' ],
5013 silly audit   fsevents: [ '2.3.3' ],
5013 silly audit   'normalize-path': [ '3.0.0' ],
5013 silly audit   '@types/stack-utils': [ '2.0.3' ],
5013 silly audit   'stack-utils': [ '2.0.6' ],
5013 silly audit   marky: [ '1.3.0' ],
5013 silly audit   asap: [ '2.0.6' ],
5013 silly audit   'shell-quote': [ '1.8.3' ],
5013 silly audit   '@egjs/hammerjs': [ '2.0.17' ],
5013 silly audit   'hoist-non-react-statics': [ '3.3.2' ],
5013 silly audit   '@types/hammerjs': [ '2.0.46' ],
5013 silly audit   'react-freeze': [ '1.0.4' ],
5013 silly audit   fbjs: [ '3.0.5' ],
5013 silly audit   'inline-style-prefixer': [ '7.0.1' ],
5013 silly audit   'postcss-value-parser': [ '4.2.0' ],
5013 silly audit   styleq: [ '0.1.3' ],
5013 silly audit   'cross-fetch': [ '3.2.0' ],
5013 silly audit   'fbjs-css-vars': [ '1.0.2' ],
5013 silly audit   setimmediate: [ '1.0.5' ],
5013 silly audit   'ua-parser-js': [ '1.0.41' ],
5013 silly audit   'node-fetch': [ '2.7.0' ],
5013 silly audit   'css-in-js-utils': [ '3.1.0' ],
5013 silly audit   'hyphenate-style-name': [ '1.1.0' ],
5013 silly audit   'whatwg-url': [ '5.0.0' ],
5013 silly audit   '@babel/plugin-transform-template-literals': [ '7.27.1' ],
5013 silly audit   regenerate: [ '1.4.2' ],
5013 silly audit   'regenerate-unicode-properties': [ '10.2.2' ],
5013 silly audit   regjsgen: [ '0.8.0' ],
5013 silly audit   regjsparser: [ '0.13.1' ],
5013 silly audit   'unicode-match-property-ecmascript': [ '2.0.0' ],
5013 silly audit   'unicode-match-property-value-ecmascript': [ '2.2.1' ],
5013 silly audit   'node-exports-info': [ '1.6.0' ],
5013 silly audit   'path-parse': [ '1.0.7' ],
5013 silly audit   'supports-preserve-symlinks-flag': [ '1.0.0' ],
5013 silly audit   isarray: [ '2.0.5' ],
5013 silly audit   send: [ '0.19.2' ],
5013 silly audit   depd: [ '2.0.0' ],
5013 silly audit   destroy: [ '1.2.0' ],
5013 silly audit   etag: [ '1.8.1' ],
5013 silly audit   fresh: [ '0.5.2' ],
5013 silly audit   'http-errors': [ '2.0.1' ],
5013 silly audit   mime: [ '1.6.0' ],
5013 silly audit   'range-parser': [ '1.2.1' ],
5013 silly audit   setprototypeof: [ '1.2.0' ],
5013 silly audit   toidentifier: [ '1.0.1' ],
5013 silly audit   'shebang-regex': [ '3.0.0' ],
5013 silly audit   'side-channel-list': [ '1.0.1' ],
5013 silly audit   'side-channel-map': [ '1.0.1' ],
5013 silly audit   'side-channel-weakmap': [ '1.0.2' ],
5013 silly audit   'is-arrayish': [ '0.3.4' ],
5013 silly audit   'type-fest': [ '0.7.1', '0.21.3' ],
5013 silly audit   'lines-and-columns': [ '1.2.4' ],
5013 silly audit   mz: [ '2.7.0' ],
5013 silly audit   'ts-interface-checker': [ '0.1.13' ],
5013 silly audit   'any-promise': [ '1.3.0' ],
5013 silly audit   'thenify-all': [ '1.6.0' ],
5013 silly audit   'has-flag': [ '4.0.0', '3.0.0' ],
5013 silly audit   '@jridgewell/source-map': [ '0.3.11' ],
5013 silly audit   'source-map-support': [ '0.5.21' ],
5013 silly audit   'buffer-from': [ '1.1.2' ],
5013 silly audit   thenify: [ '3.3.1' ],
5013 silly audit   fdir: [ '6.5.0' ],
5013 silly audit   'is-number': [ '7.0.0' ],
5013 silly audit   '@types/json5': [ '0.0.29' ],
5013 silly audit   minimist: [ '1.2.8' ],
5013 silly audit   'strip-bom': [ '3.0.0' ],
5013 silly audit   'for-each': [ '0.3.5' ],
5013 silly audit   'reflect.getprototypeof': [ '1.0.10' ],
5013 silly audit   'which-builtin-type': [ '1.2.1' ],
5013 silly audit   'has-bigints': [ '1.1.0' ],
5013 silly audit   'which-boxed-primitive': [ '1.1.1' ],
5013 silly audit   'unicode-canonical-property-names-ecmascript': [ '2.0.1' ],
5013 silly audit   'unicode-property-aliases-ecmascript': [ '2.2.0' ],
5013 silly audit   '@unrs/resolver-binding-android-arm-eabi': [ '1.11.1' ],
5013 silly audit   '@unrs/resolver-binding-android-arm64': [ '1.11.1' ],
5013 silly audit   '@unrs/resolver-binding-darwin-arm64': [ '1.11.1' ],
5013 silly audit   '@unrs/resolver-binding-darwin-x64': [ '1.11.1' ],
5013 silly audit   '@unrs/resolver-binding-freebsd-x64': [ '1.11.1' ],
5013 silly audit   '@unrs/resolver-binding-linux-arm-gnueabihf': [ '1.11.1' ],
5013 silly audit   '@unrs/resolver-binding-linux-arm-musleabihf': [ '1.11.1' ],
5013 silly audit   '@unrs/resolver-binding-linux-arm64-gnu': [ '1.11.1' ],
5013 silly audit   '@unrs/resolver-binding-linux-arm64-musl': [ '1.11.1' ],
5013 silly audit   '@unrs/resolver-binding-linux-ppc64-gnu': [ '1.11.1' ],
5013 silly audit   '@unrs/resolver-binding-linux-riscv64-gnu': [ '1.11.1' ],
5013 silly audit   '@unrs/resolver-binding-linux-riscv64-musl': [ '1.11.1' ],
5013 silly audit   '@unrs/resolver-binding-linux-s390x-gnu': [ '1.11.1' ],
5013 silly audit   '@unrs/resolver-binding-linux-x64-gnu': [ '1.11.1' ],
5013 silly audit   '@unrs/resolver-binding-linux-x64-musl': [ '1.11.1' ],
5013 silly audit   '@unrs/resolver-binding-wasm32-wasi': [ '1.11.1' ],
5013 silly audit   '@unrs/resolver-binding-win32-arm64-msvc': [ '1.11.1' ],
5013 silly audit   '@unrs/resolver-binding-win32-ia32-msvc': [ '1.11.1' ],
5013 silly audit   '@unrs/resolver-binding-win32-x64-msvc': [ '1.11.1' ],
5013 silly audit   'napi-postinstall': [ '0.3.4' ],
5013 silly audit   '@napi-rs/wasm-runtime': [ '0.2.12' ],
5013 silly audit   '@emnapi/core': [ '1.10.0' ],
5013 silly audit   '@emnapi/runtime': [ '1.10.0' ],
5013 silly audit   '@tybys/wasm-util': [ '0.10.1' ],
5013 silly audit   '@emnapi/wasi-threads': [ '1.2.1' ],
5013 silly audit   tslib: [ '2.8.1' ],
5013 silly audit   escalade: [ '3.2.0' ],
5013 silly audit   punycode: [ '2.3.1' ],
5013 silly audit   '@radix-ui/react-dialog': [ '1.1.15' ],
5013 silly audit   makeerror: [ '1.0.12' ],
5013 silly audit   tmpl: [ '1.0.5' ],
5013 silly audit   tr46: [ '0.0.3' ],
5013 silly audit   'webidl-conversions': [ '3.0.1', '5.0.0' ],
5013 silly audit   buffer: [ '5.7.1' ],
5013 silly audit   ieee754: [ '1.2.1' ],
5013 silly audit   isexe: [ '2.0.0' ],
5013 silly audit   'is-bigint': [ '1.1.0' ],
5013 silly audit   'is-boolean-object': [ '1.2.2' ],
5013 silly audit   'is-number-object': [ '1.1.1' ],
5013 silly audit   'is-async-function': [ '2.1.1' ],
5013 silly audit   'is-finalizationregistry': [ '1.1.1' ],
5013 silly audit   'is-generator-function': [ '1.1.2' ],
5013 silly audit   'which-collection': [ '1.0.2' ],
5013 silly audit   'async-function': [ '1.0.0' ],
5013 silly audit   'generator-function': [ '2.0.1' ],
5013 silly audit   'is-map': [ '2.0.3' ],
5013 silly audit   'is-weakmap': [ '2.0.2' ],
5013 silly audit   'is-weakset': [ '2.0.4' ],
5013 silly audit   'signal-exit': [ '3.0.7' ],
5013 silly audit   'simple-plist': [ '1.3.1' ],
5013 silly audit   uuid: [ '7.0.3' ],
5013 silly audit   'bplist-creator': [ '0.1.0' ],
5013 silly audit   'bplist-parser': [ '0.3.1' ],
5013 silly audit   plist: [ '3.1.0' ],
5013 silly audit   'stream-buffers': [ '2.2.0' ],
5013 silly audit   'big-integer': [ '1.6.52' ],
5013 silly audit   sax: [ '1.6.0' ],
5013 silly audit   cliui: [ '8.0.1' ],
5013 silly audit   'get-caller-file': [ '2.0.5' ],
5013 silly audit   'require-directory': [ '2.1.1' ],
5013 silly audit   'string-width': [ '4.2.3' ],
5013 silly audit   y18n: [ '5.0.8' ],
5013 silly audit   'yargs-parser': [ '21.1.1' ],
5013 silly audit   'strip-ansi': [ '6.0.1', '5.2.0' ],
5013 silly audit   'wrap-ansi': [ '7.0.0' ],
5013 silly audit   'emoji-regex': [ '8.0.0' ],
5013 silly audit   'is-fullwidth-code-point': [ '3.0.0' ],
5013 silly audit   '@babel/highlight': [ '7.25.9' ],
5013 silly audit   esprima: [ '4.0.1' ],
5013 silly audit   'sprintf-js': [ '1.0.3' ],
5013 silly audit   'p-try': [ '2.2.0' ],
5013 silly audit   'fs.realpath': [ '1.0.0' ],
5013 silly audit   inflight: [ '1.0.6' ],
5013 silly audit   once: [ '1.4.0' ],
5013 silly audit   'path-is-absolute': [ '1.0.1' ],
5013 silly audit   wrappy: [ '1.0.2' ],
5013 silly audit   'async-limiter': [ '1.0.1' ],
5013 silly audit   '@radix-ui/primitive': [ '1.1.3' ],
5013 silly audit   '@radix-ui/react-context': [ '1.1.2' ],
5013 silly audit   '@radix-ui/react-direction': [ '1.1.1' ],
5013 silly audit   '@radix-ui/react-id': [ '1.1.1' ],
5013 silly audit   '@radix-ui/react-presence': [ '1.1.5' ],
5013 silly audit   '@radix-ui/react-primitive': [ '2.1.3' ],
5013 silly audit   '@radix-ui/react-roving-focus': [ '1.1.11' ],
5013 silly audit   '@radix-ui/react-use-controllable-state': [ '1.2.2' ],
5013 silly audit   '@radix-ui/react-use-layout-effect': [ '1.1.1' ],
5013 silly audit   '@radix-ui/react-use-effect-event': [ '0.0.2' ],
5013 silly audit   '@radix-ui/react-collection': [ '1.1.7' ],
5013 silly audit   '@radix-ui/react-use-callback-ref': [ '1.1.1' ],
5013 silly audit   '@0no-co/graphql.web': [ '1.2.0' ],
5013 silly audit   '@expo/code-signing-certificates': [ '0.0.6' ],
5013 silly audit   '@expo/devcert': [ '1.2.1' ],
5013 silly audit   '@expo/osascript': [ '2.4.2' ],
5013 silly audit   '@expo/package-manager': [ '1.10.4' ],
5013 silly audit   '@expo/ws-tunnel': [ '1.0.6' ],
5013 silly audit   '@expo/xcpretty': [ '4.4.3' ],
5013 silly audit   '@urql/core': [ '5.2.0' ],
5013 silly audit   '@urql/exchange-retry': [ '1.3.2' ],
5013 silly audit   'better-opn': [ '3.0.2' ],
5013 silly audit   compression: [ '1.8.1' ],
5013 silly audit   'env-editor': [ '0.4.2' ],
5013 silly audit   'freeport-async': [ '2.0.0' ],
5013 silly audit   'lan-network': [ '0.1.7' ],
5013 silly audit   'node-forge': [ '1.4.0' ],
5013 silly audit   'npm-package-arg': [ '11.0.3' ],
5013 silly audit   ora: [ '3.4.0' ],
5013 silly audit   'pretty-bytes': [ '5.6.0' ],
5013 silly audit   progress: [ '2.0.3' ],
5013 silly audit   prompts: [ '2.4.2' ],
5013 silly audit   'qrcode-terminal': [ '0.11.0' ],
5013 silly audit   requireg: [ '0.2.2' ],
5013 silly audit   'resolve.exports': [ '2.0.3' ],
5013 silly audit   'structured-headers': [ '0.4.1' ],
5013 silly audit   tar: [ '7.5.13' ],
5013 silly audit   'terminal-link': [ '2.1.1' ],
5013 silly audit   undici: [ '6.25.0' ],
5013 silly audit   '@expo/sudo-prompt': [ '9.3.2' ],
5013 silly audit   wonka: [ '6.3.6' ],
5013 silly audit   bytes: [ '3.1.2' ],
5013 silly audit   compressible: [ '2.0.18' ],
5013 silly audit   'on-headers': [ '1.1.0' ],
5013 silly audit   'safe-buffer': [ '5.2.1' ],
5013 silly audit   vary: [ '1.1.2' ],
5013 silly audit   'hosted-git-info': [ '7.0.2' ],
5013 silly audit   'proc-log': [ '4.2.0' ],
5013 silly audit   'validate-npm-package-name': [ '5.0.1' ],
5013 silly audit   'cli-cursor': [ '2.1.0' ],
5013 silly audit   'cli-spinners': [ '2.9.2' ],
5013 silly audit   'log-symbols': [ '2.2.0' ],
5013 silly audit   wcwidth: [ '1.0.1' ],
5013 silly audit   'restore-cursor': [ '2.0.0' ],
5013 silly audit   kleur: [ '3.0.3' ],
5013 silly audit   sisteransi: [ '1.0.5' ],
5013 silly audit   'nested-error-stacks': [ '2.0.1' ],
5013 silly audit   rc: [ '1.2.8' ],
5013 silly audit   'deep-extend': [ '0.6.0' ],
5013 silly audit   ini: [ '1.3.8' ],
5013 silly audit   onetime: [ '2.0.1' ],
5013 silly audit   'mimic-fn': [ '1.2.0' ],
5013 silly audit   '@isaacs/fs-minipass': [ '4.0.1' ],
5013 silly audit   chownr: [ '3.0.0' ],
5013 silly audit   minizlib: [ '3.1.0' ],
5013 silly audit   'ansi-escapes': [ '4.3.2' ],
5013 silly audit   'supports-hyperlinks': [ '2.3.0' ],
5013 silly audit   defaults: [ '1.0.4' ],
5013 silly audit   clone: [ '1.0.4' ],
5013 silly audit   'define-lazy-prop': [ '2.0.0' ],
5013 silly audit   '@radix-ui/react-dismissable-layer': [ '1.1.11' ],
5013 silly audit   '@radix-ui/react-focus-guards': [ '1.1.3' ],
5013 silly audit   '@radix-ui/react-focus-scope': [ '1.1.7' ],
5013 silly audit   '@radix-ui/react-portal': [ '1.1.9' ],
5013 silly audit   'aria-hidden': [ '1.2.6' ],
5013 silly audit   'react-remove-scroll': [ '2.7.2' ],
5013 silly audit   'react-remove-scroll-bar': [ '2.3.8' ],
5013 silly audit   'react-style-singleton': [ '2.2.3' ],
5013 silly audit   'use-callback-ref': [ '1.3.3' ],
5013 silly audit   'use-sidecar': [ '1.1.3' ],
5013 silly audit   'get-nonce': [ '1.0.1' ],
5013 silly audit   'detect-node-es': [ '1.1.0' ],
5013 silly audit   '@radix-ui/react-use-escape-keydown': [ '1.1.1' ]
5013 silly audit }
5014 http cache defaults@https://registry.npmjs.org/defaults/-/defaults-1.0.4.tgz 0ms (cache hit)
5015 http cache define-lazy-prop@https://registry.npmjs.org/define-lazy-prop/-/define-lazy-prop-2.0.0.tgz 0ms (cache hit)
5016 http cache clone@https://registry.npmjs.org/clone/-/clone-1.0.4.tgz 0ms (cache hit)
5017 http cache mimic-fn@https://registry.npmjs.org/mimic-fn/-/mimic-fn-1.2.0.tgz 0ms (cache hit)
5018 http cache nested-error-stacks@https://registry.npmjs.org/nested-error-stacks/-/nested-error-stacks-2.0.1.tgz 0ms (cache hit)
5019 http cache onetime@https://registry.npmjs.org/onetime/-/onetime-2.0.1.tgz 0ms (cache hit)
5020 http cache kleur@https://registry.npmjs.org/kleur/-/kleur-3.0.3.tgz 0ms (cache hit)
5021 http cache log-symbols@https://registry.npmjs.org/log-symbols/-/log-symbols-2.2.0.tgz 0ms (cache hit)
5022 http cache restore-cursor@https://registry.npmjs.org/restore-cursor/-/restore-cursor-2.0.0.tgz 0ms (cache hit)
5023 http cache cli-cursor@https://registry.npmjs.org/cli-cursor/-/cli-cursor-2.1.0.tgz 0ms (cache hit)
5024 http cache cli-spinners@https://registry.npmjs.org/cli-spinners/-/cli-spinners-2.9.2.tgz 0ms (cache hit)
5025 http cache compressible@https://registry.npmjs.org/compressible/-/compressible-2.0.18.tgz 0ms (cache hit)
5026 http cache vary@https://registry.npmjs.org/vary/-/vary-1.1.2.tgz 0ms (cache hit)
5027 http cache @expo/sudo-prompt@https://registry.npmjs.org/@expo/sudo-prompt/-/sudo-prompt-9.3.2.tgz 0ms (cache hit)
5028 http cache on-headers@https://registry.npmjs.org/on-headers/-/on-headers-1.1.0.tgz 0ms (cache hit)
5029 http cache ini@https://registry.npmjs.org/ini/-/ini-1.3.8.tgz 0ms (cache hit)
5030 http cache pretty-bytes@https://registry.npmjs.org/pretty-bytes/-/pretty-bytes-5.6.0.tgz 0ms (cache hit)
5031 http cache freeport-async@https://registry.npmjs.org/freeport-async/-/freeport-async-2.0.0.tgz 0ms (cache hit)
5032 http cache env-editor@https://registry.npmjs.org/env-editor/-/env-editor-0.4.2.tgz 0ms (cache hit)
5033 http cache compression@https://registry.npmjs.org/compression/-/compression-1.8.1.tgz 0ms (cache hit)
5034 http cache terminal-link@https://registry.npmjs.org/terminal-link/-/terminal-link-2.1.1.tgz 0ms (cache hit)
5035 http cache ora@https://registry.npmjs.org/ora/-/ora-3.4.0.tgz 0ms (cache hit)
5036 http cache ansi-escapes@https://registry.npmjs.org/ansi-escapes/-/ansi-escapes-4.3.2.tgz 0ms (cache hit)
5037 http cache supports-hyperlinks@https://registry.npmjs.org/supports-hyperlinks/-/supports-hyperlinks-2.3.0.tgz 0ms (cache hit)
5038 http cache fs.realpath@https://registry.npmjs.org/fs.realpath/-/fs.realpath-1.0.0.tgz 0ms (cache hit)
5039 http cache safe-buffer@https://registry.npmjs.org/safe-buffer/-/safe-buffer-5.2.1.tgz 0ms (cache hit)
5040 http cache path-is-absolute@https://registry.npmjs.org/path-is-absolute/-/path-is-absolute-1.0.1.tgz 0ms (cache hit)
5041 http cache inflight@https://registry.npmjs.org/inflight/-/inflight-1.0.6.tgz 0ms (cache hit)
5042 http cache async-limiter@https://registry.npmjs.org/async-limiter/-/async-limiter-1.0.1.tgz 0ms (cache hit)
5043 http cache bytes@https://registry.npmjs.org/bytes/-/bytes-3.1.2.tgz 0ms (cache hit)
5044 http cache wrap-ansi@https://registry.npmjs.org/wrap-ansi/-/wrap-ansi-7.0.0.tgz 0ms (cache hit)
5045 http cache p-try@https://registry.npmjs.org/p-try/-/p-try-2.2.0.tgz 0ms (cache hit)
5046 http cache once@https://registry.npmjs.org/once/-/once-1.4.0.tgz 0ms (cache hit)
5047 http cache is-fullwidth-code-point@https://registry.npmjs.org/is-fullwidth-code-point/-/is-fullwidth-code-point-3.0.0.tgz 0ms (cache hit)
5048 http cache strip-ansi@https://registry.npmjs.org/strip-ansi/-/strip-ansi-6.0.1.tgz 0ms (cache hit)
5049 http cache string-width@https://registry.npmjs.org/string-width/-/string-width-4.2.3.tgz 0ms (cache hit)
5050 http cache bplist-parser@https://registry.npmjs.org/bplist-parser/-/bplist-parser-0.3.1.tgz 0ms (cache hit)
5051 http cache get-caller-file@https://registry.npmjs.org/get-caller-file/-/get-caller-file-2.0.5.tgz 0ms (cache hit)
5052 http cache big-integer@https://registry.npmjs.org/big-integer/-/big-integer-1.6.52.tgz 0ms (cache hit)
5053 http cache require-directory@https://registry.npmjs.org/require-directory/-/require-directory-2.1.1.tgz 0ms (cache hit)
5054 http cache signal-exit@https://registry.npmjs.org/signal-exit/-/signal-exit-3.0.7.tgz 0ms (cache hit)
5055 http cache buffer@https://registry.npmjs.org/buffer/-/buffer-5.7.1.tgz 0ms (cache hit)
5056 http cache punycode@https://registry.npmjs.org/punycode/-/punycode-2.3.1.tgz 0ms (cache hit)
5057 http cache unicode-canonical-property-names-ecmascript@https://registry.npmjs.org/unicode-canonical-property-names-ecmascript/-/unicode-canonical-property-names-ecmascript-2.0.1.tgz 0ms (cache hit)
5058 http cache unicode-property-aliases-ecmascript@https://registry.npmjs.org/unicode-property-aliases-ecmascript/-/unicode-property-aliases-ecmascript-2.2.0.tgz 0ms (cache hit)
5059 http cache @unrs/resolver-binding-darwin-arm64@https://registry.npmjs.org/@unrs/resolver-binding-darwin-arm64/-/resolver-binding-darwin-arm64-1.11.1.tgz 0ms (cache hit)
5060 http cache strip-bom@https://registry.npmjs.org/strip-bom/-/strip-bom-3.0.0.tgz 0ms (cache hit)
5061 http cache @types/json5@https://registry.npmjs.org/@types/json5/-/json5-0.0.29.tgz 0ms (cache hit)
5062 http cache thenify@https://registry.npmjs.org/thenify/-/thenify-3.3.1.tgz 0ms (cache hit)
5063 http cache is-number@https://registry.npmjs.org/is-number/-/is-number-7.0.0.tgz 0ms (cache hit)
5064 http cache thenify-all@https://registry.npmjs.org/thenify-all/-/thenify-all-1.6.0.tgz 0ms (cache hit)
5065 http cache has-flag@https://registry.npmjs.org/has-flag/-/has-flag-4.0.0.tgz 0ms (cache hit)
5066 http cache ieee754@https://registry.npmjs.org/ieee754/-/ieee754-1.2.1.tgz 0ms (cache hit)
5067 http cache buffer-from@https://registry.npmjs.org/buffer-from/-/buffer-from-1.1.2.tgz 0ms (cache hit)
5068 http cache is-arrayish@https://registry.npmjs.org/is-arrayish/-/is-arrayish-0.3.4.tgz 1ms (cache hit)
5069 http cache shebang-regex@https://registry.npmjs.org/shebang-regex/-/shebang-regex-3.0.0.tgz 0ms (cache hit)
5070 http cache toidentifier@https://registry.npmjs.org/toidentifier/-/toidentifier-1.0.1.tgz 0ms (cache hit)
5071 http cache range-parser@https://registry.npmjs.org/range-parser/-/range-parser-1.2.1.tgz 0ms (cache hit)
5072 http cache fresh@https://registry.npmjs.org/fresh/-/fresh-0.5.2.tgz 0ms (cache hit)
5073 http cache etag@https://registry.npmjs.org/etag/-/etag-1.8.1.tgz 0ms (cache hit)
5074 http cache destroy@https://registry.npmjs.org/destroy/-/destroy-1.2.0.tgz 0ms (cache hit)
5075 http cache http-errors@https://registry.npmjs.org/http-errors/-/http-errors-2.0.1.tgz 0ms (cache hit)
5076 http cache send@https://registry.npmjs.org/send/-/send-0.19.2.tgz 0ms (cache hit)
5077 http cache isarray@https://registry.npmjs.org/isarray/-/isarray-2.0.5.tgz 0ms (cache hit)
5078 http cache source-map-support@https://registry.npmjs.org/source-map-support/-/source-map-support-0.5.21.tgz 0ms (cache hit)
5079 http cache mz@https://registry.npmjs.org/mz/-/mz-2.7.0.tgz 0ms (cache hit)
5080 http cache regenerate@https://registry.npmjs.org/regenerate/-/regenerate-1.4.2.tgz 0ms (cache hit)
5081 http cache regjsgen@https://registry.npmjs.org/regjsgen/-/regjsgen-0.8.0.tgz 0ms (cache hit)
5082 http cache path-parse@https://registry.npmjs.org/path-parse/-/path-parse-1.0.7.tgz 0ms (cache hit)
5083 http cache hyphenate-style-name@https://registry.npmjs.org/hyphenate-style-name/-/hyphenate-style-name-1.1.0.tgz 0ms (cache hit)
5084 http cache unicode-match-property-ecmascript@https://registry.npmjs.org/unicode-match-property-ecmascript/-/unicode-match-property-ecmascript-2.0.0.tgz 0ms (cache hit)
5085 http cache setimmediate@https://registry.npmjs.org/setimmediate/-/setimmediate-1.0.5.tgz 0ms (cache hit)
5086 http cache fbjs-css-vars@https://registry.npmjs.org/fbjs-css-vars/-/fbjs-css-vars-1.0.2.tgz 0ms (cache hit)
5087 http cache @types/hammerjs@https://registry.npmjs.org/@types/hammerjs/-/hammerjs-2.0.46.tgz 0ms (cache hit)
5088 http cache normalize-path@https://registry.npmjs.org/normalize-path/-/normalize-path-3.0.0.tgz 0ms (cache hit)
5089 http cache stack-utils@https://registry.npmjs.org/stack-utils/-/stack-utils-2.0.6.tgz 0ms (cache hit)
5090 http cache @types/stack-utils@https://registry.npmjs.org/@types/stack-utils/-/stack-utils-2.0.3.tgz 0ms (cache hit)
5091 http cache fsevents@https://registry.npmjs.org/fsevents/-/fsevents-2.3.3.tgz 0ms (cache hit)
5092 http cache type-detect@https://registry.npmjs.org/type-detect/-/type-detect-4.0.8.tgz 0ms (cache hit)
5093 http cache anymatch@https://registry.npmjs.org/anymatch/-/anymatch-3.1.3.tgz 0ms (cache hit)
5094 http cache @types/graceful-fs@https://registry.npmjs.org/@types/graceful-fs/-/graceful-fs-4.1.9.tgz 0ms (cache hit)
5095 http cache is-wsl@https://registry.npmjs.org/is-wsl/-/is-wsl-2.2.0.tgz 0ms (cache hit)
5096 http cache asap@https://registry.npmjs.org/asap/-/asap-2.0.6.tgz 0ms (cache hit)
5097 http cache get-package-type@https://registry.npmjs.org/get-package-type/-/get-package-type-0.1.0.tgz 0ms (cache hit)
5098 http cache @types/babel__traverse@https://registry.npmjs.org/@types/babel__traverse/-/babel__traverse-7.28.0.tgz 0ms (cache hit)
5099 http cache test-exclude@https://registry.npmjs.org/test-exclude/-/test-exclude-6.0.0.tgz 0ms (cache hit)
5100 http cache @types/babel__template@https://registry.npmjs.org/@types/babel__template/-/babel__template-7.4.4.tgz 0ms (cache hit)
5101 http cache @istanbuljs/load-nyc-config@https://registry.npmjs.org/@istanbuljs/load-nyc-config/-/load-nyc-config-1.1.0.tgz 0ms (cache hit)
5102 http cache @istanbuljs/schema@https://registry.npmjs.org/@istanbuljs/schema/-/schema-0.1.6.tgz 0ms (cache hit)
5103 http cache @types/babel__generator@https://registry.npmjs.org/@types/babel__generator/-/babel__generator-7.27.0.tgz 0ms (cache hit)
5104 http cache @types/babel__core@https://registry.npmjs.org/@types/babel__core/-/babel__core-7.20.5.tgz 0ms (cache hit)
5105 http cache babel-preset-jest@https://registry.npmjs.org/babel-preset-jest/-/babel-preset-jest-29.6.3.tgz 0ms (cache hit)
5106 http cache serve-static@https://registry.npmjs.org/serve-static/-/serve-static-1.16.3.tgz 0ms (cache hit)
5107 http cache @isaacs/ttlcache@https://registry.npmjs.org/@isaacs/ttlcache/-/ttlcache-1.4.1.tgz 0ms (cache hit)
5108 http cache regenerator-runtime@https://registry.npmjs.org/regenerator-runtime/-/regenerator-runtime-0.13.11.tgz 0ms (cache hit)
5109 http cache open@https://registry.npmjs.org/open/-/open-7.4.2.tgz 0ms (cache hit)
5110 http cache wrappy@https://registry.npmjs.org/wrappy/-/wrappy-1.0.2.tgz 0ms (cache hit)
5111 http cache @react-native/js-polyfills@https://registry.npmjs.org/@react-native/js-polyfills/-/js-polyfills-0.81.5.tgz 0ms (cache hit)
5112 http cache ansi-regex@https://registry.npmjs.org/ansi-regex/-/ansi-regex-5.0.1.tgz 0ms (cache hit)
5113 http cache strict-uri-encode@https://registry.npmjs.org/strict-uri-encode/-/strict-uri-encode-2.0.0.tgz 0ms (cache hit)
5114 http cache @react-native/assets-registry@https://registry.npmjs.org/@react-native/assets-registry/-/assets-registry-0.81.5.tgz 0ms (cache hit)
5115 http cache split-on-first@https://registry.npmjs.org/split-on-first/-/split-on-first-1.1.0.tgz 0ms (cache hit)
5116 http cache filter-obj@https://registry.npmjs.org/filter-obj/-/filter-obj-1.1.0.tgz 0ms (cache hit)
5117 http cache decode-uri-component@https://registry.npmjs.org/decode-uri-component/-/decode-uri-component-0.2.2.tgz 0ms (cache hit)
5118 http cache callsites@https://registry.npmjs.org/callsites/-/callsites-3.1.0.tgz 0ms (cache hit)
5119 http cache object-assign@https://registry.npmjs.org/object-assign/-/object-assign-4.1.1.tgz 0ms (cache hit)
5120 http cache yocto-queue@https://registry.npmjs.org/yocto-queue/-/yocto-queue-0.1.0.tgz 0ms (cache hit)
5121 http cache ee-first@https://registry.npmjs.org/ee-first/-/ee-first-1.1.1.tgz 0ms (cache hit)
5122 http cache word-wrap@https://registry.npmjs.org/word-wrap/-/word-wrap-1.2.5.tgz 0ms (cache hit)
5123 http cache mime-db@https://registry.npmjs.org/mime-db/-/mime-db-1.52.0.tgz 0ms (cache hit)
5124 http cache to-regex-range@https://registry.npmjs.org/to-regex-range/-/to-regex-range-5.0.1.tgz 0ms (cache hit)
5125 http cache inherits@https://registry.npmjs.org/inherits/-/inherits-2.0.4.tgz 0ms (cache hit)
5126 http cache micromatch@https://registry.npmjs.org/micromatch/-/micromatch-4.0.8.tgz 0ms (cache hit)
5127 http cache node-int64@https://registry.npmjs.org/node-int64/-/node-int64-0.4.0.tgz 0ms (cache hit)
5128 http cache fb-watchman@https://registry.npmjs.org/fb-watchman/-/fb-watchman-2.0.2.tgz 0ms (cache hit)
5129 http cache bser@https://registry.npmjs.org/bser/-/bser-2.1.1.tgz 0ms (cache hit)
5130 http cache fill-range@https://registry.npmjs.org/fill-range/-/fill-range-7.1.1.tgz 0ms (cache hit)
5131 http cache leven@https://registry.npmjs.org/leven/-/leven-3.1.0.tgz 0ms (cache hit)
5132 http cache camelcase@https://registry.npmjs.org/camelcase/-/camelcase-6.3.0.tgz 0ms (cache hit)
5133 http cache @types/yargs-parser@https://registry.npmjs.org/@types/yargs-parser/-/yargs-parser-21.0.3.tgz 0ms (cache hit)
5134 http cache @types/yargs@https://registry.npmjs.org/@types/yargs/-/yargs-17.0.35.tgz 0ms (cache hit)
5135 http cache @types/istanbul-reports@https://registry.npmjs.org/@types/istanbul-reports/-/istanbul-reports-3.0.4.tgz 0ms (cache hit)
5136 http cache @types/istanbul-lib-coverage@https://registry.npmjs.org/@types/istanbul-lib-coverage/-/istanbul-lib-coverage-2.0.6.tgz 0ms (cache hit)
5137 http cache fast-levenshtein@https://registry.npmjs.org/fast-levenshtein/-/fast-levenshtein-2.0.6.tgz 0ms (cache hit)
5138 http cache merge-stream@https://registry.npmjs.org/merge-stream/-/merge-stream-2.0.0.tgz 0ms (cache hit)
5139 http cache undici-types@https://registry.npmjs.org/undici-types/-/undici-types-7.19.2.tgz 0ms (cache hit)
5140 http cache statuses@https://registry.npmjs.org/statuses/-/statuses-1.5.0.tgz 0ms (cache hit)
5141 http cache on-finished@https://registry.npmjs.org/on-finished/-/on-finished-2.3.0.tgz 0ms (cache hit)
5142 http cache queue@https://registry.npmjs.org/queue/-/queue-6.0.2.tgz 0ms (cache hit)
5143 http cache encodeurl@https://registry.npmjs.org/encodeurl/-/encodeurl-1.0.2.tgz 0ms (cache hit)
5144 http cache unpipe@https://registry.npmjs.org/unpipe/-/unpipe-1.0.0.tgz 0ms (cache hit)
5145 http cache finalhandler@https://registry.npmjs.org/finalhandler/-/finalhandler-1.1.2.tgz 0ms (cache hit)
5146 http cache parseurl@https://registry.npmjs.org/parseurl/-/parseurl-1.3.3.tgz 0ms (cache hit)
5147 http cache throat@https://registry.npmjs.org/throat/-/throat-5.0.0.tgz 0ms (cache hit)
5148 http cache brace-expansion@https://registry.npmjs.org/brace-expansion/-/brace-expansion-1.1.14.tgz 0ms (cache hit)
5149 http cache escape-html@https://registry.npmjs.org/escape-html/-/escape-html-1.0.3.tgz 0ms (cache hit)
5150 http cache lodash.throttle@https://registry.npmjs.org/lodash.throttle/-/lodash.throttle-4.1.1.tgz 0ms (cache hit)
5151 http cache ci-info@https://registry.npmjs.org/ci-info/-/ci-info-2.0.0.tgz 0ms (cache hit)
5152 http cache serialize-error@https://registry.npmjs.org/serialize-error/-/serialize-error-2.1.0.tgz 0ms (cache hit)
5153 http cache mime-types@https://registry.npmjs.org/mime-types/-/mime-types-2.1.35.tgz 0ms (cache hit)
5154 http cache yallist@https://registry.npmjs.org/yallist/-/yallist-3.1.1.tgz 0ms (cache hit)
5155 http cache p-locate@https://registry.npmjs.org/p-locate/-/p-locate-5.0.0.tgz 0ms (cache hit)
5156 http cache accepts@https://registry.npmjs.org/accepts/-/accepts-1.3.8.tgz 0ms (cache hit)
5157 http cache lightningcss-darwin-arm64@https://registry.npmjs.org/lightningcss-darwin-arm64/-/lightningcss-darwin-arm64-1.32.0.tgz 0ms (cache hit)
5158 http cache connect@https://registry.npmjs.org/connect/-/connect-3.7.0.tgz 0ms (cache hit)
5159 http cache graceful-fs@https://registry.npmjs.org/graceful-fs/-/graceful-fs-4.2.11.tgz 0ms (cache hit)
5160 http cache is-extglob@https://registry.npmjs.org/is-extglob/-/is-extglob-2.1.1.tgz 0ms (cache hit)
5161 http cache parent-module@https://registry.npmjs.org/parent-module/-/parent-module-1.0.1.tgz 0ms (cache hit)
5162 http cache locate-path@https://registry.npmjs.org/locate-path/-/locate-path-6.0.0.tgz 0ms (cache hit)
5163 http cache @react-native/normalize-colors@https://registry.npmjs.org/@react-native/normalize-colors/-/normalize-colors-0.81.5.tgz 0ms (cache hit)
5164 http cache server-only@https://registry.npmjs.org/server-only/-/server-only-0.0.1.tgz 0ms (cache hit)
5165 http cache warn-once@https://registry.npmjs.org/warn-once/-/warn-once-0.1.1.tgz 0ms (cache hit)
5166 http cache react-fast-compare@https://registry.npmjs.org/react-fast-compare/-/react-fast-compare-3.2.2.tgz 0ms (cache hit)
5167 http cache shallowequal@https://registry.npmjs.org/shallowequal/-/shallowequal-1.1.0.tgz 0ms (cache hit)
5168 http cache client-only@https://registry.npmjs.org/client-only/-/client-only-0.0.1.tgz 0ms (cache hit)
5169 http cache parse-png@https://registry.npmjs.org/parse-png/-/parse-png-2.1.0.tgz 0ms (cache hit)
5170 http cache nullthrows@https://registry.npmjs.org/nullthrows/-/nullthrows-1.1.1.tgz 0ms (cache hit)
5171 http cache invariant@https://registry.npmjs.org/invariant/-/invariant-2.2.4.tgz 0ms (cache hit)
5172 http cache @react-native/babel-plugin-codegen@https://registry.npmjs.org/@react-native/babel-plugin-codegen/-/babel-plugin-codegen-0.81.5.tgz 0ms (cache hit)
5173 http cache @types/istanbul-lib-report@https://registry.npmjs.org/@types/istanbul-lib-report/-/istanbul-lib-report-3.0.3.tgz 0ms (cache hit)
5174 http cache utils-merge@https://registry.npmjs.org/utils-merge/-/utils-merge-1.0.1.tgz 0ms (cache hit)
5175 http cache path-exists@https://registry.npmjs.org/path-exists/-/path-exists-4.0.0.tgz 0ms (cache hit)
5176 http cache lodash.debounce@https://registry.npmjs.org/lodash.debounce/-/lodash.debounce-4.0.8.tgz 0ms (cache hit)
5177 http cache core-js-compat@https://registry.npmjs.org/core-js-compat/-/core-js-compat-3.49.0.tgz 0ms (cache hit)
5178 http cache jsc-safe-url@https://registry.npmjs.org/jsc-safe-url/-/jsc-safe-url-0.2.4.tgz 0ms (cache hit)
5179 http cache arg@https://registry.npmjs.org/arg/-/arg-5.0.2.tgz 0ms (cache hit)
5180 http cache slash@https://registry.npmjs.org/slash/-/slash-3.0.0.tgz 0ms (cache hit)
5181 http cache resolve-from@https://registry.npmjs.org/resolve-from/-/resolve-from-5.0.0.tgz 0ms (cache hit)
5182 http cache require-from-string@https://registry.npmjs.org/require-from-string/-/require-from-string-2.0.2.tgz 0ms (cache hit)
5183 http cache p-limit@https://registry.npmjs.org/p-limit/-/p-limit-3.1.0.tgz 0ms (cache hit)
5184 http cache slugify@https://registry.npmjs.org/slugify/-/slugify-1.6.9.tgz 0ms (cache hit)
5185 http cache acorn-jsx@https://registry.npmjs.org/acorn-jsx/-/acorn-jsx-5.3.2.tgz 0ms (cache hit)
5186 http cache esrecurse@https://registry.npmjs.org/esrecurse/-/esrecurse-4.3.0.tgz 0ms (cache hit)
5187 http cache estraverse@https://registry.npmjs.org/estraverse/-/estraverse-5.3.0.tgz 0ms (cache hit)
5188 http fetch POST 200 https://registry.npmjs.org/-/npm/v1/security/advisories/bulk 623ms
5189 silly audit report {}
5190 http cache eslint-module-utils@https://registry.npmjs.org/eslint-module-utils/-/eslint-module-utils-2.12.1.tgz 0ms (cache hit)
5191 http cache eslint-import-resolver-node@https://registry.npmjs.org/eslint-import-resolver-node/-/eslint-import-resolver-node-0.3.10.tgz 0ms (cache hit)
5192 http cache @rtsao/scc@https://registry.npmjs.org/@rtsao/scc/-/scc-1.1.0.tgz 0ms (cache hit)
5193 http cache unrs-resolver@https://registry.npmjs.org/unrs-resolver/-/unrs-resolver-1.11.1.tgz 0ms (cache hit)
5194 http cache @nolyfill/is-core-module@https://registry.npmjs.org/@nolyfill/is-core-module/-/is-core-module-1.0.39.tgz 0ms (cache hit)
5195 http cache shebang-command@https://registry.npmjs.org/shebang-command/-/shebang-command-2.0.0.tgz 0ms (cache hit)
5196 http cache ansi-styles@https://registry.npmjs.org/ansi-styles/-/ansi-styles-4.3.0.tgz 0ms (cache hit)
5197 http cache base64-js@https://registry.npmjs.org/base64-js/-/base64-js-1.5.1.tgz 0ms (cache hit)
5198 http cache path-key@https://registry.npmjs.org/path-key/-/path-key-3.1.1.tgz 0ms (cache hit)
5199 http cache strip-json-comments@https://registry.npmjs.org/strip-json-comments/-/strip-json-comments-3.1.1.tgz 0ms (cache hit)
5200 http cache @types/json-schema@https://registry.npmjs.org/@types/json-schema/-/json-schema-7.0.15.tgz 0ms (cache hit)
5201 http cache globals@https://registry.npmjs.org/globals/-/globals-14.0.0.tgz 0ms (cache hit)
5202 http cache natural-compare@https://registry.npmjs.org/natural-compare/-/natural-compare-1.4.0.tgz 0ms (cache hit)
5203 http cache import-fresh@https://registry.npmjs.org/import-fresh/-/import-fresh-3.3.1.tgz 0ms (cache hit)
5204 http cache minimatch@https://registry.npmjs.org/minimatch/-/minimatch-3.1.5.tgz 0ms (cache hit)
5205 http cache lodash.merge@https://registry.npmjs.org/lodash.merge/-/lodash.merge-4.6.2.tgz 0ms (cache hit)
5206 http cache imurmurhash@https://registry.npmjs.org/imurmurhash/-/imurmurhash-0.1.4.tgz 0ms (cache hit)
5207 http cache ignore@https://registry.npmjs.org/ignore/-/ignore-5.3.2.tgz 0ms (cache hit)
5208 http cache file-entry-cache@https://registry.npmjs.org/file-entry-cache/-/file-entry-cache-8.0.0.tgz 0ms (cache hit)
5209 http cache glob-parent@https://registry.npmjs.org/glob-parent/-/glob-parent-6.0.2.tgz 0ms (cache hit)
5210 http cache is-glob@https://registry.npmjs.org/is-glob/-/is-glob-4.0.3.tgz 0ms (cache hit)
5211 http cache @types/estree@https://registry.npmjs.org/@types/estree/-/estree-1.0.8.tgz 0ms (cache hit)
5212 http cache @eslint-community/regexpp@https://registry.npmjs.org/@eslint-community/regexpp/-/regexpp-4.12.2.tgz 0ms (cache hit)
5213 http cache simple-swizzle@https://registry.npmjs.org/simple-swizzle/-/simple-swizzle-0.2.4.tgz 0ms (cache hit)
5214 http cache ms@https://registry.npmjs.org/ms/-/ms-2.1.3.tgz 0ms (cache hit)
5215 http cache color-string@https://registry.npmjs.org/color-string/-/color-string-1.9.1.tgz 0ms (cache hit)
5216 http cache @eslint-community/eslint-utils@https://registry.npmjs.org/@eslint-community/eslint-utils/-/eslint-utils-4.9.1.tgz 0ms (cache hit)
5217 http cache supports-color@https://registry.npmjs.org/supports-color/-/supports-color-7.2.0.tgz 0ms (cache hit)
5218 http cache color-convert@https://registry.npmjs.org/color-convert/-/color-convert-2.0.1.tgz 0ms (cache hit)
5219 http cache query-string@https://registry.npmjs.org/query-string/-/query-string-7.1.3.tgz 0ms (cache hit)
5220 http cache color-name@https://registry.npmjs.org/color-name/-/color-name-1.1.4.tgz 0ms (cache hit)
5221 http cache csstype@https://registry.npmjs.org/csstype/-/csstype-3.2.3.tgz 0ms (cache hit)
5222 http cache find-up@https://registry.npmjs.org/find-up/-/find-up-5.0.0.tgz 0ms (cache hit)
5223 http cache color@https://registry.npmjs.org/color/-/color-4.2.3.tgz 0ms (cache hit)
5224 http cache electron-to-chromium@https://registry.npmjs.org/electron-to-chromium/-/electron-to-chromium-1.5.340.tgz 0ms (cache hit)
5225 http cache js-tokens@https://registry.npmjs.org/js-tokens/-/js-tokens-4.0.0.tgz 0ms (cache hit)
5226 http cache picocolors@https://registry.npmjs.org/picocolors/-/picocolors-1.1.1.tgz 0ms (cache hit)
5227 http cache convert-source-map@https://registry.npmjs.org/convert-source-map/-/convert-source-map-2.0.0.tgz 0ms (cache hit)
5228 http cache supports-color@https://registry.npmjs.org/supports-color/-/supports-color-5.5.0.tgz 0ms (cache hit)
5229 http cache strip-json-comments@https://registry.npmjs.org/strip-json-comments/-/strip-json-comments-2.0.1.tgz 0ms (cache hit)
5230 http cache color-name@https://registry.npmjs.org/color-name/-/color-name-1.1.3.tgz 0ms (cache hit)
5231 http cache has-flag@https://registry.npmjs.org/has-flag/-/has-flag-3.0.0.tgz 0ms (cache hit)
5232 http cache escape-string-regexp@https://registry.npmjs.org/escape-string-regexp/-/escape-string-regexp-1.0.5.tgz 0ms (cache hit)
5233 http cache ansi-styles@https://registry.npmjs.org/ansi-styles/-/ansi-styles-3.2.1.tgz 0ms (cache hit)
5234 http cache ansi-regex@https://registry.npmjs.org/ansi-regex/-/ansi-regex-4.1.1.tgz 0ms (cache hit)
5235 http cache has-flag@https://registry.npmjs.org/has-flag/-/has-flag-3.0.0.tgz 0ms (cache hit)
5236 http cache supports-color@https://registry.npmjs.org/supports-color/-/supports-color-5.5.0.tgz 0ms (cache hit)
5237 http cache strip-ansi@https://registry.npmjs.org/strip-ansi/-/strip-ansi-5.2.0.tgz 0ms (cache hit)
5238 http cache color-convert@https://registry.npmjs.org/color-convert/-/color-convert-1.9.3.tgz 0ms (cache hit)
5239 http cache ansi-styles@https://registry.npmjs.org/ansi-styles/-/ansi-styles-3.2.1.tgz 0ms (cache hit)
5240 http cache escape-string-regexp@https://registry.npmjs.org/escape-string-regexp/-/escape-string-regexp-1.0.5.tgz 0ms (cache hit)
5241 http cache open@https://registry.npmjs.org/open/-/open-8.4.2.tgz 0ms (cache hit)
5242 http cache ms@https://registry.npmjs.org/ms/-/ms-2.0.0.tgz 0ms (cache hit)
5243 http cache has-flag@https://registry.npmjs.org/has-flag/-/has-flag-3.0.0.tgz 0ms (cache hit)
5244 http cache color-convert@https://registry.npmjs.org/color-convert/-/color-convert-1.9.3.tgz 0ms (cache hit)
5245 http cache supports-color@https://registry.npmjs.org/supports-color/-/supports-color-5.5.0.tgz 0ms (cache hit)
5246 http cache ansi-styles@https://registry.npmjs.org/ansi-styles/-/ansi-styles-3.2.1.tgz 0ms (cache hit)
5247 http cache color-name@https://registry.npmjs.org/color-name/-/color-name-1.1.3.tgz 0ms (cache hit)
5248 http cache escape-string-regexp@https://registry.npmjs.org/escape-string-regexp/-/escape-string-regexp-1.0.5.tgz 0ms (cache hit)
5249 http cache lru-cache@https://registry.npmjs.org/lru-cache/-/lru-cache-5.1.1.tgz 0ms (cache hit)
5250 http cache escape-string-regexp@https://registry.npmjs.org/escape-string-regexp/-/escape-string-regexp-2.0.0.tgz 0ms (cache hit)
5251 http cache ms@https://registry.npmjs.org/ms/-/ms-2.0.0.tgz 0ms (cache hit)
5252 http cache glob@https://registry.npmjs.org/glob/-/glob-7.2.3.tgz 0ms (cache hit)
5253 http cache glob@https://registry.npmjs.org/glob/-/glob-7.2.3.tgz 0ms (cache hit)
5254 http cache p-limit@https://registry.npmjs.org/p-limit/-/p-limit-2.3.0.tgz 0ms (cache hit)
5255 http cache p-locate@https://registry.npmjs.org/p-locate/-/p-locate-4.1.0.tgz 0ms (cache hit)
5256 http cache ms@https://registry.npmjs.org/ms/-/ms-2.0.0.tgz 0ms (cache hit)
5257 http cache locate-path@https://registry.npmjs.org/locate-path/-/locate-path-5.0.0.tgz 0ms (cache hit)
5258 http cache camelcase@https://registry.npmjs.org/camelcase/-/camelcase-5.3.1.tgz 0ms (cache hit)
5259 http cache find-up@https://registry.npmjs.org/find-up/-/find-up-4.1.0.tgz 0ms (cache hit)
5260 http cache statuses@https://registry.npmjs.org/statuses/-/statuses-2.0.2.tgz 0ms (cache hit)
5261 http cache encodeurl@https://registry.npmjs.org/encodeurl/-/encodeurl-2.0.0.tgz 0ms (cache hit)
5262 http cache on-finished@https://registry.npmjs.org/on-finished/-/on-finished-2.4.1.tgz 0ms (cache hit)
5263 http cache ci-info@https://registry.npmjs.org/ci-info/-/ci-info-3.9.0.tgz 0ms (cache hit)
5264 http cache supports-color@https://registry.npmjs.org/supports-color/-/supports-color-8.1.1.tgz 0ms (cache hit)
5265 http cache ms@https://registry.npmjs.org/ms/-/ms-2.0.0.tgz 0ms (cache hit)
5266 http cache ms@https://registry.npmjs.org/ms/-/ms-2.0.0.tgz 0ms (cache hit)
5267 http cache encodeurl@https://registry.npmjs.org/encodeurl/-/encodeurl-2.0.0.tgz 0ms (cache hit)
5268 http cache glob@https://registry.npmjs.org/glob/-/glob-7.2.3.tgz 0ms (cache hit)
5269 http cache ansi-styles@https://registry.npmjs.org/ansi-styles/-/ansi-styles-5.2.0.tgz 0ms (cache hit)
5270 http cache statuses@https://registry.npmjs.org/statuses/-/statuses-2.0.2.tgz 0ms (cache hit)
5271 http cache ignore@https://registry.npmjs.org/ignore/-/ignore-7.0.5.tgz 0ms (cache hit)
5272 http cache @react-native/normalize-colors@https://registry.npmjs.org/@react-native/normalize-colors/-/normalize-colors-0.74.89.tgz 0ms (cache hit)
5273 http cache globals@https://registry.npmjs.org/globals/-/globals-16.5.0.tgz 0ms (cache hit)
5274 http cache color-name@https://registry.npmjs.org/color-name/-/color-name-1.1.3.tgz 0ms (cache hit)
5275 http cache glob@https://registry.npmjs.org/glob/-/glob-7.2.3.tgz 0ms (cache hit)
5276 http cache ci-info@https://registry.npmjs.org/ci-info/-/ci-info-3.9.0.tgz 0ms (cache hit)
5277 http cache resolve-from@https://registry.npmjs.org/resolve-from/-/resolve-from-4.0.0.tgz 0ms (cache hit)
5278 http cache color-convert@https://registry.npmjs.org/color-convert/-/color-convert-1.9.3.tgz 0ms (cache hit)
5279 http cache escape-string-regexp@https://registry.npmjs.org/escape-string-regexp/-/escape-string-regexp-4.0.0.tgz 0ms (cache hit)
5280 http cache rimraf@https://registry.npmjs.org/rimraf/-/rimraf-3.0.2.tgz 0ms (cache hit)
5281 http cache is-docker@https://registry.npmjs.org/is-docker/-/is-docker-2.2.1.tgz 0ms (cache hit)
5282 http cache loose-envify@https://registry.npmjs.org/loose-envify/-/loose-envify-1.4.0.tgz 0ms (cache hit)
5283 http cache update-browserslist-db@https://registry.npmjs.org/update-browserslist-db/-/update-browserslist-db-1.2.3.tgz 1ms (cache hit)
5284 http cache browserslist@https://registry.npmjs.org/browserslist/-/browserslist-4.28.2.tgz 0ms (cache hit)
5285 http cache @radix-ui/react-use-escape-keydown@https://registry.npmjs.org/@radix-ui/react-use-escape-keydown/-/react-use-escape-keydown-1.1.1.tgz 0ms (cache hit)
5286 http cache @radix-ui/react-focus-guards@https://registry.npmjs.org/@radix-ui/react-focus-guards/-/react-focus-guards-1.1.3.tgz 0ms (cache hit)
5287 http cache deep-extend@https://registry.npmjs.org/deep-extend/-/deep-extend-0.6.0.tgz 0ms (cache hit)
5288 http cache sisteransi@https://registry.npmjs.org/sisteransi/-/sisteransi-1.0.5.tgz 0ms (cache hit)
5289 http cache hosted-git-info@https://registry.npmjs.org/hosted-git-info/-/hosted-git-info-7.0.2.tgz 0ms (cache hit)
5290 http cache validate-npm-package-name@https://registry.npmjs.org/validate-npm-package-name/-/validate-npm-package-name-5.0.1.tgz 0ms (cache hit)
5291 http cache proc-log@https://registry.npmjs.org/proc-log/-/proc-log-4.2.0.tgz 0ms (cache hit)
5292 http cache resolve.exports@https://registry.npmjs.org/resolve.exports/-/resolve.exports-2.0.3.tgz 0ms (cache hit)
5293 http cache structured-headers@https://registry.npmjs.org/structured-headers/-/structured-headers-0.4.1.tgz 0ms (cache hit)
5294 http cache progress@https://registry.npmjs.org/progress/-/progress-2.0.3.tgz 0ms (cache hit)
5295 http cache npm-package-arg@https://registry.npmjs.org/npm-package-arg/-/npm-package-arg-11.0.3.tgz 0ms (cache hit)
5296 http cache better-opn@https://registry.npmjs.org/better-opn/-/better-opn-3.0.2.tgz 0ms (cache hit)
5297 http cache @urql/exchange-retry@https://registry.npmjs.org/@urql/exchange-retry/-/exchange-retry-1.3.2.tgz 0ms (cache hit)
5298 http cache @expo/osascript@https://registry.npmjs.org/@expo/osascript/-/osascript-2.4.2.tgz 0ms (cache hit)
5299 http cache @urql/core@https://registry.npmjs.org/@urql/core/-/core-5.2.0.tgz 0ms (cache hit)
5300 http cache @radix-ui/react-use-effect-event@https://registry.npmjs.org/@radix-ui/react-use-effect-event/-/react-use-effect-event-0.0.2.tgz 0ms (cache hit)
5301 http cache @radix-ui/react-id@https://registry.npmjs.org/@radix-ui/react-id/-/react-id-1.1.1.tgz 0ms (cache hit)
5302 http cache @radix-ui/react-context@https://registry.npmjs.org/@radix-ui/react-context/-/react-context-1.1.2.tgz 0ms (cache hit)
5303 http cache @radix-ui/primitive@https://registry.npmjs.org/@radix-ui/primitive/-/primitive-1.1.3.tgz 0ms (cache hit)
5304 http cache @radix-ui/react-use-layout-effect@https://registry.npmjs.org/@radix-ui/react-use-layout-effect/-/react-use-layout-effect-1.1.1.tgz 0ms (cache hit)
5305 http cache @0no-co/graphql.web@https://registry.npmjs.org/@0no-co/graphql.web/-/graphql.web-1.2.0.tgz 0ms (cache hit)
5306 http cache emoji-regex@https://registry.npmjs.org/emoji-regex/-/emoji-regex-8.0.0.tgz 0ms (cache hit)
5307 http cache @babel/highlight@https://registry.npmjs.org/@babel/highlight/-/highlight-7.25.9.tgz 0ms (cache hit)
5308 http cache sax@https://registry.npmjs.org/sax/-/sax-1.6.0.tgz 0ms (cache hit)
5309 http cache bplist-creator@https://registry.npmjs.org/bplist-creator/-/bplist-creator-0.1.0.tgz 0ms (cache hit)
5310 http cache @radix-ui/react-direction@https://registry.npmjs.org/@radix-ui/react-direction/-/react-direction-1.1.1.tgz 0ms (cache hit)
5311 http cache is-map@https://registry.npmjs.org/is-map/-/is-map-2.0.3.tgz 0ms (cache hit)
5312 http cache is-weakset@https://registry.npmjs.org/is-weakset/-/is-weakset-2.0.4.tgz 0ms (cache hit)
5313 http cache sprintf-js@https://registry.npmjs.org/sprintf-js/-/sprintf-js-1.0.3.tgz 0ms (cache hit)
5314 http cache async-function@https://registry.npmjs.org/async-function/-/async-function-1.0.0.tgz 0ms (cache hit)
5315 http cache is-weakmap@https://registry.npmjs.org/is-weakmap/-/is-weakmap-2.0.2.tgz 0ms (cache hit)
5316 http cache is-finalizationregistry@https://registry.npmjs.org/is-finalizationregistry/-/is-finalizationregistry-1.1.1.tgz 0ms (cache hit)
5317 http cache is-generator-function@https://registry.npmjs.org/is-generator-function/-/is-generator-function-1.1.2.tgz 0ms (cache hit)
5318 http cache generator-function@https://registry.npmjs.org/generator-function/-/generator-function-2.0.1.tgz 0ms (cache hit)
5319 http cache is-number-object@https://registry.npmjs.org/is-number-object/-/is-number-object-1.1.1.tgz 0ms (cache hit)
5320 http cache is-async-function@https://registry.npmjs.org/is-async-function/-/is-async-function-2.1.1.tgz 1ms (cache hit)
5321 http cache is-bigint@https://registry.npmjs.org/is-bigint/-/is-bigint-1.1.0.tgz 0ms (cache hit)
5322 http cache is-boolean-object@https://registry.npmjs.org/is-boolean-object/-/is-boolean-object-1.2.2.tgz 0ms (cache hit)
5323 http cache tmpl@https://registry.npmjs.org/tmpl/-/tmpl-1.0.5.tgz 0ms (cache hit)
5324 http cache isexe@https://registry.npmjs.org/isexe/-/isexe-2.0.0.tgz 0ms (cache hit)
5325 http cache tr46@https://registry.npmjs.org/tr46/-/tr46-0.0.3.tgz 0ms (cache hit)
5326 http cache makeerror@https://registry.npmjs.org/makeerror/-/makeerror-1.0.12.tgz 0ms (cache hit)
5327 http cache tslib@https://registry.npmjs.org/tslib/-/tslib-2.8.1.tgz 0ms (cache hit)
5328 http cache which-collection@https://registry.npmjs.org/which-collection/-/which-collection-1.0.2.tgz 0ms (cache hit)
5329 http cache simple-plist@https://registry.npmjs.org/simple-plist/-/simple-plist-1.3.1.tgz 0ms (cache hit)
5330 http cache escalade@https://registry.npmjs.org/escalade/-/escalade-3.2.0.tgz 0ms (cache hit)
5331 http cache has-bigints@https://registry.npmjs.org/has-bigints/-/has-bigints-1.1.0.tgz 0ms (cache hit)
5332 http cache which-boxed-primitive@https://registry.npmjs.org/which-boxed-primitive/-/which-boxed-primitive-1.1.1.tgz 0ms (cache hit)
5333 http cache which-builtin-type@https://registry.npmjs.org/which-builtin-type/-/which-builtin-type-1.2.1.tgz 0ms (cache hit)
5334 http cache for-each@https://registry.npmjs.org/for-each/-/for-each-0.3.5.tgz 0ms (cache hit)
5335 http cache minimist@https://registry.npmjs.org/minimist/-/minimist-1.2.8.tgz 0ms (cache hit)
5336 http cache @jridgewell/source-map@https://registry.npmjs.org/@jridgewell/source-map/-/source-map-0.3.11.tgz 0ms (cache hit)
5337 http cache any-promise@https://registry.npmjs.org/any-promise/-/any-promise-1.3.0.tgz 0ms (cache hit)
5338 http cache type-fest@https://registry.npmjs.org/type-fest/-/type-fest-0.7.1.tgz 0ms (cache hit)
5339 http cache lines-and-columns@https://registry.npmjs.org/lines-and-columns/-/lines-and-columns-1.2.4.tgz 0ms (cache hit)
5340 http cache webidl-conversions@https://registry.npmjs.org/webidl-conversions/-/webidl-conversions-3.0.1.tgz 0ms (cache hit)
5341 http cache side-channel-list@https://registry.npmjs.org/side-channel-list/-/side-channel-list-1.0.1.tgz 0ms (cache hit)
5342 http cache @radix-ui/react-use-callback-ref@https://registry.npmjs.org/@radix-ui/react-use-callback-ref/-/react-use-callback-ref-1.1.1.tgz 0ms (cache hit)
5343 http cache side-channel-weakmap@https://registry.npmjs.org/side-channel-weakmap/-/side-channel-weakmap-1.0.2.tgz 0ms (cache hit)
5344 http cache side-channel-map@https://registry.npmjs.org/side-channel-map/-/side-channel-map-1.0.1.tgz 0ms (cache hit)
5345 http cache setprototypeof@https://registry.npmjs.org/setprototypeof/-/setprototypeof-1.2.0.tgz 0ms (cache hit)
5346 http cache supports-preserve-symlinks-flag@https://registry.npmjs.org/supports-preserve-symlinks-flag/-/supports-preserve-symlinks-flag-1.0.0.tgz 0ms (cache hit)
5347 http cache unicode-match-property-value-ecmascript@https://registry.npmjs.org/unicode-match-property-value-ecmascript/-/unicode-match-property-value-ecmascript-2.2.1.tgz 0ms (cache hit)
5348 http cache reflect.getprototypeof@https://registry.npmjs.org/reflect.getprototypeof/-/reflect.getprototypeof-1.0.10.tgz 0ms (cache hit)
5349 http cache detect-node-es@https://registry.npmjs.org/detect-node-es/-/detect-node-es-1.1.0.tgz 0ms (cache hit)
5350 http cache regenerate-unicode-properties@https://registry.npmjs.org/regenerate-unicode-properties/-/regenerate-unicode-properties-10.2.2.tgz 0ms (cache hit)
5351 http cache node-exports-info@https://registry.npmjs.org/node-exports-info/-/node-exports-info-1.6.0.tgz 0ms (cache hit)
5352 http cache @babel/plugin-transform-template-literals@https://registry.npmjs.org/@babel/plugin-transform-template-literals/-/plugin-transform-template-literals-7.27.1.tgz 0ms (cache hit)
5353 http cache whatwg-url@https://registry.npmjs.org/whatwg-url/-/whatwg-url-5.0.0.tgz 0ms (cache hit)
5354 http cache wcwidth@https://registry.npmjs.org/wcwidth/-/wcwidth-1.0.1.tgz 0ms (cache hit)
5355 http cache node-fetch@https://registry.npmjs.org/node-fetch/-/node-fetch-2.7.0.tgz 0ms (cache hit)
5356 http cache styleq@https://registry.npmjs.org/styleq/-/styleq-0.1.3.tgz 0ms (cache hit)
5357 http cache react-freeze@https://registry.npmjs.org/react-freeze/-/react-freeze-1.0.4.tgz 0ms (cache hit)
5358 http cache cross-fetch@https://registry.npmjs.org/cross-fetch/-/cross-fetch-3.2.0.tgz 0ms (cache hit)
5359 http cache postcss-value-parser@https://registry.npmjs.org/postcss-value-parser/-/postcss-value-parser-4.2.0.tgz 0ms (cache hit)
5360 http cache shell-quote@https://registry.npmjs.org/shell-quote/-/shell-quote-1.8.3.tgz 0ms (cache hit)
5361 http cache hoist-non-react-statics@https://registry.npmjs.org/hoist-non-react-statics/-/hoist-non-react-statics-3.3.2.tgz 0ms (cache hit)
5362 http cache marky@https://registry.npmjs.org/marky/-/marky-1.3.0.tgz 0ms (cache hit)
5363 http cache @sinonjs/fake-timers@https://registry.npmjs.org/@sinonjs/fake-timers/-/fake-timers-10.3.0.tgz 0ms (cache hit)
5364 http cache @jest/fake-timers@https://registry.npmjs.org/@jest/fake-timers/-/fake-timers-29.7.0.tgz 0ms (cache hit)
5365 http cache jest-mock@https://registry.npmjs.org/jest-mock/-/jest-mock-29.7.0.tgz 0ms (cache hit)
5366 http cache @jest/environment@https://registry.npmjs.org/@jest/environment/-/environment-29.7.0.tgz 0ms (cache hit)
5367 http cache @babel/plugin-syntax-optional-catch-binding@https://registry.npmjs.org/@babel/plugin-syntax-optional-catch-binding/-/plugin-syntax-optional-catch-binding-7.8.3.tgz 0ms (cache hit)
5368 http cache @babel/plugin-syntax-private-property-in-object@https://registry.npmjs.org/@babel/plugin-syntax-private-property-in-object/-/plugin-syntax-private-property-in-object-7.14.5.tgz 0ms (cache hit)
5369 http cache @babel/plugin-syntax-object-rest-spread@https://registry.npmjs.org/@babel/plugin-syntax-object-rest-spread/-/plugin-syntax-object-rest-spread-7.8.3.tgz 0ms (cache hit)
5370 http cache @babel/plugin-syntax-json-strings@https://registry.npmjs.org/@babel/plugin-syntax-json-strings/-/plugin-syntax-json-strings-7.8.3.tgz 0ms (cache hit)
5371 http cache @babel/plugin-syntax-import-meta@https://registry.npmjs.org/@babel/plugin-syntax-import-meta/-/plugin-syntax-import-meta-7.10.4.tgz 0ms (cache hit)
5372 http cache @babel/plugin-syntax-logical-assignment-operators@https://registry.npmjs.org/@babel/plugin-syntax-logical-assignment-operators/-/plugin-syntax-logical-assignment-operators-7.10.4.tgz 0ms (cache hit)
5373 http cache @babel/plugin-syntax-class-static-block@https://registry.npmjs.org/@babel/plugin-syntax-class-static-block/-/plugin-syntax-class-static-block-7.14.5.tgz 0ms (cache hit)
5374 http cache @babel/plugin-syntax-import-attributes@https://registry.npmjs.org/@babel/plugin-syntax-import-attributes/-/plugin-syntax-import-attributes-7.28.6.tgz 0ms (cache hit)
5375 http cache @babel/plugin-syntax-bigint@https://registry.npmjs.org/@babel/plugin-syntax-bigint/-/plugin-syntax-bigint-7.8.3.tgz 0ms (cache hit)
5376 http cache @babel/plugin-syntax-async-generators@https://registry.npmjs.org/@babel/plugin-syntax-async-generators/-/plugin-syntax-async-generators-7.8.4.tgz 0ms (cache hit)
5377 http cache jest-message-util@https://registry.npmjs.org/jest-message-util/-/jest-message-util-29.7.0.tgz 0ms (cache hit)
5378 http cache @babel/plugin-syntax-class-properties@https://registry.npmjs.org/@babel/plugin-syntax-class-properties/-/plugin-syntax-class-properties-7.12.13.tgz 0ms (cache hit)
5379 http cache istanbul-lib-coverage@https://registry.npmjs.org/istanbul-lib-coverage/-/istanbul-lib-coverage-3.2.2.tgz 0ms (cache hit)
5380 http cache babel-plugin-jest-hoist@https://registry.npmjs.org/babel-plugin-jest-hoist/-/babel-plugin-jest-hoist-29.6.3.tgz 0ms (cache hit)
5381 http cache @babel/plugin-syntax-numeric-separator@https://registry.npmjs.org/@babel/plugin-syntax-numeric-separator/-/plugin-syntax-numeric-separator-7.10.4.tgz 0ms (cache hit)
5382 http cache jest-regex-util@https://registry.npmjs.org/jest-regex-util/-/jest-regex-util-29.6.3.tgz 0ms (cache hit)
5383 http cache istanbul-lib-instrument@https://registry.npmjs.org/istanbul-lib-instrument/-/istanbul-lib-instrument-5.2.1.tgz 0ms (cache hit)
5384 http cache write-file-atomic@https://registry.npmjs.org/write-file-atomic/-/write-file-atomic-4.0.2.tgz 0ms (cache hit)
5385 http cache babel-plugin-istanbul@https://registry.npmjs.org/babel-plugin-istanbul/-/babel-plugin-istanbul-6.1.1.tgz 0ms (cache hit)
5386 http cache @jest/transform@https://registry.npmjs.org/@jest/transform/-/transform-29.7.0.tgz 0ms (cache hit)
5387 http cache event-target-shim@https://registry.npmjs.org/event-target-shim/-/event-target-shim-5.0.1.tgz 0ms (cache hit)
5388 http cache pirates@https://registry.npmjs.org/pirates/-/pirates-4.0.7.tgz 0ms (cache hit)
5389 http cache memoize-one@https://registry.npmjs.org/memoize-one/-/memoize-one-5.2.1.tgz 0ms (cache hit)
5390 http cache babel-jest@https://registry.npmjs.org/babel-jest/-/babel-jest-29.7.0.tgz 0ms (cache hit)
5391 http cache jest-environment-node@https://registry.npmjs.org/jest-environment-node/-/jest-environment-node-29.7.0.tgz 0ms (cache hit)
5392 http cache scheduler@https://registry.npmjs.org/scheduler/-/scheduler-0.26.0.tgz 0ms (cache hit)
5393 http cache abort-controller@https://registry.npmjs.org/abort-controller/-/abort-controller-3.0.0.tgz 0ms (cache hit)
5394 http cache @babel/plugin-syntax-top-level-await@https://registry.npmjs.org/@babel/plugin-syntax-top-level-await/-/plugin-syntax-top-level-await-7.14.5.tgz 0ms (cache hit)
5395 http cache @jest/create-cache-key-function@https://registry.npmjs.org/@jest/create-cache-key-function/-/create-cache-key-function-29.7.0.tgz 0ms (cache hit)
5396 http cache lighthouse-logger@https://registry.npmjs.org/lighthouse-logger/-/lighthouse-logger-1.4.2.tgz 0ms (cache hit)
5397 http cache balanced-match@https://registry.npmjs.org/balanced-match/-/balanced-match-1.0.2.tgz 0ms (cache hit)
5398 http cache deep-is@https://registry.npmjs.org/deep-is/-/deep-is-0.1.4.tgz 0ms (cache hit)
5399 http cache pngjs@https://registry.npmjs.org/pngjs/-/pngjs-3.4.0.tgz 0ms (cache hit)
5400 http cache braces@https://registry.npmjs.org/braces/-/braces-3.0.3.tgz 0ms (cache hit)
5401 http cache walker@https://registry.npmjs.org/walker/-/walker-1.0.8.tgz 0ms (cache hit)
5402 http cache jest-get-type@https://registry.npmjs.org/jest-get-type/-/jest-get-type-29.6.3.tgz 0ms (cache hit)
5403 http cache ts-interface-checker@https://registry.npmjs.org/ts-interface-checker/-/ts-interface-checker-0.1.13.tgz 0ms (cache hit)
5404 http cache jest-validate@https://registry.npmjs.org/jest-validate/-/jest-validate-29.7.0.tgz 0ms (cache hit)
5405 http cache agent-base@https://registry.npmjs.org/agent-base/-/agent-base-7.1.4.tgz 0ms (cache hit)
5406 http cache https-proxy-agent@https://registry.npmjs.org/https-proxy-agent/-/https-proxy-agent-7.0.6.tgz 0ms (cache hit)
5407 http cache @jest/schemas@https://registry.npmjs.org/@jest/schemas/-/schemas-29.6.3.tgz 0ms (cache hit)
5408 http cache jest-util@https://registry.npmjs.org/jest-util/-/jest-util-29.7.0.tgz 0ms (cache hit)
5409 http cache picomatch@https://registry.npmjs.org/picomatch/-/picomatch-2.3.2.tgz 0ms (cache hit)
5410 http cache stackframe@https://registry.npmjs.org/stackframe/-/stackframe-1.3.4.tgz 0ms (cache hit)
5411 http cache @sinclair/typebox@https://registry.npmjs.org/@sinclair/typebox/-/typebox-0.27.10.tgz 0ms (cache hit)
5412 http cache concat-map@https://registry.npmjs.org/concat-map/-/concat-map-0.0.1.tgz 0ms (cache hit)
5413 http cache source-map@https://registry.npmjs.org/source-map/-/source-map-0.5.7.tgz 0ms (cache hit)
5414 http cache source-map-js@https://registry.npmjs.org/source-map-js/-/source-map-js-1.2.1.tgz 0ms (cache hit)
5415 http cache flow-enums-runtime@https://registry.npmjs.org/flow-enums-runtime/-/flow-enums-runtime-0.0.6.tgz 0ms (cache hit)
5416 http cache error-stack-parser@https://registry.npmjs.org/error-stack-parser/-/error-stack-parser-2.1.4.tgz 0ms (cache hit)
5417 http cache negotiator@https://registry.npmjs.org/negotiator/-/negotiator-0.6.3.tgz 0ms (cache hit)
5418 http cache detect-libc@https://registry.npmjs.org/detect-libc/-/detect-libc-2.1.2.tgz 0ms (cache hit)
5419 http cache prelude-ls@https://registry.npmjs.org/prelude-ls/-/prelude-ls-1.2.1.tgz 0ms (cache hit)
5420 http cache type-check@https://registry.npmjs.org/type-check/-/type-check-0.4.0.tgz 0ms (cache hit)
5421 http cache resolve-pkg-maps@https://registry.npmjs.org/resolve-pkg-maps/-/resolve-pkg-maps-1.0.0.tgz 0ms (cache hit)
5422 http cache set-function-name@https://registry.npmjs.org/set-function-name/-/set-function-name-2.0.2.tgz 0ms (cache hit)
5423 http cache functions-have-names@https://registry.npmjs.org/functions-have-names/-/functions-have-names-1.2.3.tgz 0ms (cache hit)
5424 http cache side-channel@https://registry.npmjs.org/side-channel/-/side-channel-1.1.0.tgz 0ms (cache hit)
5425 http cache argparse@https://registry.npmjs.org/argparse/-/argparse-2.0.1.tgz 0ms (cache hit)
5426 http cache dunder-proto@https://registry.npmjs.org/dunder-proto/-/dunder-proto-1.0.1.tgz 0ms (cache hit)
5427 http cache keyv@https://registry.npmjs.org/keyv/-/keyv-4.5.4.tgz 0ms (cache hit)
5428 http cache @radix-ui/react-compose-refs@https://registry.npmjs.org/@radix-ui/react-compose-refs/-/react-compose-refs-1.1.2.tgz 0ms (cache hit)
5429 http cache stacktrace-parser@https://registry.npmjs.org/stacktrace-parser/-/stacktrace-parser-0.1.11.tgz 0ms (cache hit)
5430 http cache anser@https://registry.npmjs.org/anser/-/anser-1.4.10.tgz 0ms (cache hit)
5431 http cache whatwg-fetch@https://registry.npmjs.org/whatwg-fetch/-/whatwg-fetch-3.6.20.tgz 0ms (cache hit)
5432 http cache vaul@https://registry.npmjs.org/vaul/-/vaul-1.1.2.tgz 0ms (cache hit)
5433 http cache @expo/schema-utils@https://registry.npmjs.org/@expo/schema-utils/-/schema-utils-0.1.8.tgz 0ms (cache hit)
5434 http cache @radix-ui/react-slot@https://registry.npmjs.org/@radix-ui/react-slot/-/react-slot-1.2.0.tgz 0ms (cache hit)
5435 http cache react-devtools-core@https://registry.npmjs.org/react-devtools-core/-/react-devtools-core-6.1.5.tgz 0ms (cache hit)
5436 http cache @jest/types@https://registry.npmjs.org/@jest/types/-/types-29.6.3.tgz 0ms (cache hit)
5437 http cache commander@https://registry.npmjs.org/commander/-/commander-7.2.0.tgz 0ms (cache hit)
5438 http cache fontfaceobserver@https://registry.npmjs.org/fontfaceobserver/-/fontfaceobserver-2.3.0.tgz 0ms (cache hit)
5439 http cache @expo/require-utils@https://registry.npmjs.org/@expo/require-utils/-/require-utils-55.0.4.tgz 0ms (cache hit)
5440 http cache react-native-is-edge-to-edge@https://registry.npmjs.org/react-native-is-edge-to-edge/-/react-native-is-edge-to-edge-1.3.1.tgz 0ms (cache hit)
5441 http cache ws@https://registry.npmjs.org/ws/-/ws-7.5.10.tgz 0ms (cache hit)
5442 http cache jimp-compact@https://registry.npmjs.org/jimp-compact/-/jimp-compact-0.16.1.tgz 0ms (cache hit)
5443 http cache @radix-ui/react-use-controllable-state@https://registry.npmjs.org/@radix-ui/react-use-controllable-state/-/react-use-controllable-state-1.2.2.tgz 0ms (cache hit)
5444 http cache regexpu-core@https://registry.npmjs.org/regexpu-core/-/regexpu-core-6.4.0.tgz 0ms (cache hit)
5445 http cache @babel/plugin-transform-unicode-regex@https://registry.npmjs.org/@babel/plugin-transform-unicode-regex/-/plugin-transform-unicode-regex-7.27.1.tgz 0ms (cache hit)
5446 http cache @babel/plugin-transform-sticky-regex@https://registry.npmjs.org/@babel/plugin-transform-sticky-regex/-/plugin-transform-sticky-regex-7.27.1.tgz 0ms (cache hit)
5447 http cache @babel/helper-wrap-function@https://registry.npmjs.org/@babel/helper-wrap-function/-/helper-wrap-function-7.28.6.tgz 0ms (cache hit)
5448 http cache @babel/helper-create-regexp-features-plugin@https://registry.npmjs.org/@babel/helper-create-regexp-features-plugin/-/helper-create-regexp-features-plugin-7.28.5.tgz 0ms (cache hit)
5449 http cache @babel/plugin-transform-spread@https://registry.npmjs.org/@babel/plugin-transform-spread/-/plugin-transform-spread-7.28.6.tgz 0ms (cache hit)
5450 http cache @babel/plugin-transform-react-jsx-source@https://registry.npmjs.org/@babel/plugin-transform-react-jsx-source/-/plugin-transform-react-jsx-source-7.27.1.tgz 0ms (cache hit)
5451 http cache @babel/plugin-transform-shorthand-properties@https://registry.npmjs.org/@babel/plugin-transform-shorthand-properties/-/plugin-transform-shorthand-properties-7.27.1.tgz 0ms (cache hit)
5452 http cache @babel/helper-remap-async-to-generator@https://registry.npmjs.org/@babel/helper-remap-async-to-generator/-/helper-remap-async-to-generator-7.27.1.tgz 0ms (cache hit)
5453 http cache @babel/plugin-transform-optional-catch-binding@https://registry.npmjs.org/@babel/plugin-transform-optional-catch-binding/-/plugin-transform-optional-catch-binding-7.28.6.tgz 0ms (cache hit)
5454 http cache @babel/plugin-transform-optional-chaining@https://registry.npmjs.org/@babel/plugin-transform-optional-chaining/-/plugin-transform-optional-chaining-7.28.6.tgz 0ms (cache hit)
5455 http cache @babel/plugin-transform-react-jsx-self@https://registry.npmjs.org/@babel/plugin-transform-react-jsx-self/-/plugin-transform-react-jsx-self-7.27.1.tgz 0ms (cache hit)
5456 http cache @babel/plugin-transform-named-capturing-groups-regex@https://registry.npmjs.org/@babel/plugin-transform-named-capturing-groups-regex/-/plugin-transform-named-capturing-groups-regex-7.29.0.tgz 0ms (cache hit)
5457 http cache @babel/plugin-transform-literals@https://registry.npmjs.org/@babel/plugin-transform-literals/-/plugin-transform-literals-7.27.1.tgz 0ms (cache hit)
5458 http cache @babel/plugin-transform-logical-assignment-operators@https://registry.npmjs.org/@babel/plugin-transform-logical-assignment-operators/-/plugin-transform-logical-assignment-operators-7.28.6.tgz 0ms (cache hit)
5459 http cache @babel/plugin-transform-for-of@https://registry.npmjs.org/@babel/plugin-transform-for-of/-/plugin-transform-for-of-7.27.1.tgz 0ms (cache hit)
5460 http cache @babel/plugin-transform-class-properties@https://registry.npmjs.org/@babel/plugin-transform-class-properties/-/plugin-transform-class-properties-7.28.6.tgz 0ms (cache hit)
5461 http cache @babel/plugin-transform-function-name@https://registry.npmjs.org/@babel/plugin-transform-function-name/-/plugin-transform-function-name-7.27.1.tgz 0ms (cache hit)
5462 http cache @babel/plugin-transform-computed-properties@https://registry.npmjs.org/@babel/plugin-transform-computed-properties/-/plugin-transform-computed-properties-7.28.6.tgz 0ms (cache hit)
5463 http cache @babel/plugin-transform-arrow-functions@https://registry.npmjs.org/@babel/plugin-transform-arrow-functions/-/plugin-transform-arrow-functions-7.27.1.tgz 0ms (cache hit)
5464 http cache @babel/plugin-transform-classes@https://registry.npmjs.org/@babel/plugin-transform-classes/-/plugin-transform-classes-7.28.6.tgz 0ms (cache hit)
5465 http cache @babel/plugin-transform-async-to-generator@https://registry.npmjs.org/@babel/plugin-transform-async-to-generator/-/plugin-transform-async-to-generator-7.28.6.tgz 0ms (cache hit)
5466 http cache @babel/plugin-syntax-optional-chaining@https://registry.npmjs.org/@babel/plugin-syntax-optional-chaining/-/plugin-syntax-optional-chaining-7.8.3.tgz 0ms (cache hit)
5467 http cache @babel/plugin-transform-block-scoping@https://registry.npmjs.org/@babel/plugin-transform-block-scoping/-/plugin-transform-block-scoping-7.28.6.tgz 0ms (cache hit)
5468 http cache @babel/plugin-syntax-dynamic-import@https://registry.npmjs.org/@babel/plugin-syntax-dynamic-import/-/plugin-syntax-dynamic-import-7.8.3.tgz 0ms (cache hit)
5469 http cache @babel/plugin-transform-async-generator-functions@https://registry.npmjs.org/@babel/plugin-transform-async-generator-functions/-/plugin-transform-async-generator-functions-7.29.0.tgz 0ms (cache hit)
5470 http cache @babel/plugin-syntax-jsx@https://registry.npmjs.org/@babel/plugin-syntax-jsx/-/plugin-syntax-jsx-7.28.6.tgz 0ms (cache hit)
5471 http cache json-buffer@https://registry.npmjs.org/json-buffer/-/json-buffer-3.0.1.tgz 0ms (cache hit)
5472 http cache babel-plugin-polyfill-regenerator@https://registry.npmjs.org/babel-plugin-polyfill-regenerator/-/babel-plugin-polyfill-regenerator-0.6.8.tgz 0ms (cache hit)
5473 http cache @babel/plugin-transform-react-jsx@https://registry.npmjs.org/@babel/plugin-transform-react-jsx/-/plugin-transform-react-jsx-7.28.6.tgz 0ms (cache hit)
5474 http cache @babel/plugin-transform-react-pure-annotations@https://registry.npmjs.org/@babel/plugin-transform-react-pure-annotations/-/plugin-transform-react-pure-annotations-7.27.1.tgz 0ms (cache hit)
5475 http cache @babel/plugin-transform-typescript@https://registry.npmjs.org/@babel/plugin-transform-typescript/-/plugin-transform-typescript-7.28.6.tgz 0ms (cache hit)
5476 http cache @babel/plugin-transform-react-jsx-development@https://registry.npmjs.org/@babel/plugin-transform-react-jsx-development/-/plugin-transform-react-jsx-development-7.27.1.tgz 0ms (cache hit)
5477 http cache @babel/plugin-transform-destructuring@https://registry.npmjs.org/@babel/plugin-transform-destructuring/-/plugin-transform-destructuring-7.28.5.tgz 0ms (cache hit)
5478 http cache @babel/plugin-transform-react-display-name@https://registry.npmjs.org/@babel/plugin-transform-react-display-name/-/plugin-transform-react-display-name-7.28.0.tgz 0ms (cache hit)
5479 http cache @babel/helper-skip-transparent-expression-wrappers@https://registry.npmjs.org/@babel/helper-skip-transparent-expression-wrappers/-/helper-skip-transparent-expression-wrappers-7.27.1.tgz 0ms (cache hit)
5480 http cache @babel/helper-member-expression-to-functions@https://registry.npmjs.org/@babel/helper-member-expression-to-functions/-/helper-member-expression-to-functions-7.28.5.tgz 0ms (cache hit)
5481 http cache @babel/plugin-syntax-decorators@https://registry.npmjs.org/@babel/plugin-syntax-decorators/-/plugin-syntax-decorators-7.28.6.tgz 0ms (cache hit)
5482 http cache @babel/helper-replace-supers@https://registry.npmjs.org/@babel/helper-replace-supers/-/helper-replace-supers-7.28.6.tgz 0ms (cache hit)
5483 http cache @babel/helper-optimise-call-expression@https://registry.npmjs.org/@babel/helper-optimise-call-expression/-/helper-optimise-call-expression-7.27.1.tgz 0ms (cache hit)
5484 http cache babel-plugin-polyfill-corejs3@https://registry.npmjs.org/babel-plugin-polyfill-corejs3/-/babel-plugin-polyfill-corejs3-0.13.0.tgz 0ms (cache hit)
5485 http cache @babel/plugin-syntax-flow@https://registry.npmjs.org/@babel/plugin-syntax-flow/-/plugin-syntax-flow-7.28.6.tgz 0ms (cache hit)
5486 http cache babel-plugin-react-compiler@https://registry.npmjs.org/babel-plugin-react-compiler/-/babel-plugin-react-compiler-1.0.0.tgz 0ms (cache hit)
5487 http cache @babel/plugin-transform-nullish-coalescing-operator@https://registry.npmjs.org/@babel/plugin-transform-nullish-coalescing-operator/-/plugin-transform-nullish-coalescing-operator-7.28.6.tgz 0ms (cache hit)
5488 http cache @babel/helper-create-class-features-plugin@https://registry.npmjs.org/@babel/helper-create-class-features-plugin/-/helper-create-class-features-plugin-7.28.6.tgz 0ms (cache hit)
5489 http cache babel-plugin-transform-flow-enums@https://registry.npmjs.org/babel-plugin-transform-flow-enums/-/babel-plugin-transform-flow-enums-0.0.2.tgz 0ms (cache hit)
5490 http cache @babel/preset-react@https://registry.npmjs.org/@babel/preset-react/-/preset-react-7.28.5.tgz 0ms (cache hit)
5491 http cache @babel/helper-annotate-as-pure@https://registry.npmjs.org/@babel/helper-annotate-as-pure/-/helper-annotate-as-pure-7.27.3.tgz 0ms (cache hit)
5492 http cache @babel/plugin-syntax-nullish-coalescing-operator@https://registry.npmjs.org/@babel/plugin-syntax-nullish-coalescing-operator/-/plugin-syntax-nullish-coalescing-operator-7.8.3.tgz 0ms (cache hit)
5493 http cache @expo/image-utils@https://registry.npmjs.org/@expo/image-utils/-/image-utils-0.8.13.tgz 0ms (cache hit)
5494 http cache @babel/plugin-transform-parameters@https://registry.npmjs.org/@babel/plugin-transform-parameters/-/plugin-transform-parameters-7.27.7.tgz 0ms (cache hit)
5495 http cache @babel/plugin-transform-object-rest-spread@https://registry.npmjs.org/@babel/plugin-transform-object-rest-spread/-/plugin-transform-object-rest-spread-7.28.6.tgz 0ms (cache hit)
5496 http cache @babel/plugin-transform-class-static-block@https://registry.npmjs.org/@babel/plugin-transform-class-static-block/-/plugin-transform-class-static-block-7.28.6.tgz 0ms (cache hit)
5497 http cache @babel/plugin-transform-modules-commonjs@https://registry.npmjs.org/@babel/plugin-transform-modules-commonjs/-/plugin-transform-modules-commonjs-7.28.6.tgz 0ms (cache hit)
5498 http cache @babel/plugin-transform-private-methods@https://registry.npmjs.org/@babel/plugin-transform-private-methods/-/plugin-transform-private-methods-7.28.6.tgz 0ms (cache hit)
5499 http cache @babel/plugin-syntax-export-default-from@https://registry.npmjs.org/@babel/plugin-syntax-export-default-from/-/plugin-syntax-export-default-from-7.28.6.tgz 0ms (cache hit)
5500 http cache @babel/plugin-transform-flow-strip-types@https://registry.npmjs.org/@babel/plugin-transform-flow-strip-types/-/plugin-transform-flow-strip-types-7.27.1.tgz 0ms (cache hit)
5501 http cache @babel/plugin-proposal-decorators@https://registry.npmjs.org/@babel/plugin-proposal-decorators/-/plugin-proposal-decorators-7.29.0.tgz 0ms (cache hit)
5502 http cache @xmldom/xmldom@https://registry.npmjs.org/@xmldom/xmldom/-/xmldom-0.8.13.tgz 0ms (cache hit)
5503 http cache babel-plugin-polyfill-corejs2@https://registry.npmjs.org/babel-plugin-polyfill-corejs2/-/babel-plugin-polyfill-corejs2-0.4.17.tgz 0ms (cache hit)
5504 http cache @babel/helper-plugin-utils@https://registry.npmjs.org/@babel/helper-plugin-utils/-/helper-plugin-utils-7.28.6.tgz 0ms (cache hit)
5505 http cache @babel/plugin-proposal-export-default-from@https://registry.npmjs.org/@babel/plugin-proposal-export-default-from/-/plugin-proposal-export-default-from-7.27.1.tgz 0ms (cache hit)
5506 http cache @babel/plugin-transform-private-property-in-object@https://registry.npmjs.org/@babel/plugin-transform-private-property-in-object/-/plugin-transform-private-property-in-object-7.28.6.tgz 0ms (cache hit)
5507 http cache dotenv-expand@https://registry.npmjs.org/dotenv-expand/-/dotenv-expand-11.0.7.tgz 0ms (cache hit)
5508 http cache @babel/preset-typescript@https://registry.npmjs.org/@babel/preset-typescript/-/preset-typescript-7.28.5.tgz 0ms (cache hit)
5509 http cache dotenv@https://registry.npmjs.org/dotenv/-/dotenv-16.4.7.tgz 0ms (cache hit)
5510 http cache postcss@https://registry.npmjs.org/postcss/-/postcss-8.4.49.tgz 0ms (cache hit)
5511 http cache metro-minify-terser@https://registry.npmjs.org/metro-minify-terser/-/metro-minify-terser-0.83.3.tgz 0ms (cache hit)
5512 http cache metro-cache-key@https://registry.npmjs.org/metro-cache-key/-/metro-cache-key-0.83.3.tgz 0ms (cache hit)
5513 http cache @expo/spawn-async@https://registry.npmjs.org/@expo/spawn-async/-/spawn-async-1.7.2.tgz 0ms (cache hit)
5514 http cache lightningcss@https://registry.npmjs.org/lightningcss/-/lightningcss-1.32.0.tgz 0ms (cache hit)
5515 http cache resolve-workspace-root@https://registry.npmjs.org/resolve-workspace-root/-/resolve-workspace-root-2.0.1.tgz 0ms (cache hit)
5516 http cache xml2js@https://registry.npmjs.org/xml2js/-/xml2js-0.6.0.tgz 0ms (cache hit)
5517 http cache deepmerge@https://registry.npmjs.org/deepmerge/-/deepmerge-4.3.1.tgz 0ms (cache hit)
5518 http cache whatwg-url-without-unicode@https://registry.npmjs.org/whatwg-url-without-unicode/-/whatwg-url-without-unicode-8.0.0-3.tgz 0ms (cache hit)
5519 http cache @expo/config-types@https://registry.npmjs.org/@expo/config-types/-/config-types-54.0.10.tgz 0ms (cache hit)
5520 http cache @expo/json-file@https://registry.npmjs.org/@expo/json-file/-/json-file-10.0.13.tgz 0ms (cache hit)
5521 http cache react-refresh@https://registry.npmjs.org/react-refresh/-/react-refresh-0.14.2.tgz 0ms (cache hit)
5522 http cache @expo/env@https://registry.npmjs.org/@expo/env/-/env-2.0.11.tgz 0ms (cache hit)
5523 http cache babel-preset-expo@https://registry.npmjs.org/babel-preset-expo/-/babel-preset-expo-54.0.10.tgz 0ms (cache hit)
5524 http cache flat-cache@https://registry.npmjs.org/flat-cache/-/flat-cache-4.0.1.tgz 0ms (cache hit)
5525 http cache metro-babel-transformer@https://registry.npmjs.org/metro-babel-transformer/-/metro-babel-transformer-0.83.3.tgz 0ms (cache hit)
5526 http cache @babel/plugin-transform-numeric-separator@https://registry.npmjs.org/@babel/plugin-transform-numeric-separator/-/plugin-transform-numeric-separator-7.28.6.tgz 0ms (cache hit)
5527 http cache @expo/plist@https://registry.npmjs.org/@expo/plist/-/plist-0.4.8.tgz 0ms (cache hit)
5528 http cache iterator.prototype@https://registry.npmjs.org/iterator.prototype/-/iterator.prototype-1.1.5.tgz 0ms (cache hit)
5529 http cache prop-types@https://registry.npmjs.org/prop-types/-/prop-types-15.8.1.tgz 0ms (cache hit)
5530 http cache string.prototype.repeat@https://registry.npmjs.org/string.prototype.repeat/-/string.prototype.repeat-1.0.0.tgz 0ms (cache hit)
5531 http cache array.prototype.tosorted@https://registry.npmjs.org/array.prototype.tosorted/-/array.prototype.tosorted-1.1.4.tgz 0ms (cache hit)
5532 http cache string.prototype.matchall@https://registry.npmjs.org/string.prototype.matchall/-/string.prototype.matchall-4.0.12.tgz 0ms (cache hit)
5533 http cache is-symbol@https://registry.npmjs.org/is-symbol/-/is-symbol-1.1.1.tgz 0ms (cache hit)
5534 http cache object.entries@https://registry.npmjs.org/object.entries/-/object.entries-1.1.9.tgz 0ms (cache hit)
5535 http cache possible-typed-array-names@https://registry.npmjs.org/possible-typed-array-names/-/possible-typed-array-names-1.1.0.tgz 0ms (cache hit)
5536 http cache is-date-object@https://registry.npmjs.org/is-date-object/-/is-date-object-1.1.0.tgz 0ms (cache hit)
5537 http cache which-typed-array@https://registry.npmjs.org/which-typed-array/-/which-typed-array-1.1.20.tgz 0ms (cache hit)
5538 http cache array.prototype.findlast@https://registry.npmjs.org/array.prototype.findlast/-/array.prototype.findlast-1.2.5.tgz 0ms (cache hit)
5539 http cache string.prototype.trimstart@https://registry.npmjs.org/string.prototype.trimstart/-/string.prototype.trimstart-1.0.8.tgz 0ms (cache hit)
5540 http cache typed-array-byte-offset@https://registry.npmjs.org/typed-array-byte-offset/-/typed-array-byte-offset-1.0.4.tgz 0ms (cache hit)
5541 http cache stop-iteration-iterator@https://registry.npmjs.org/stop-iteration-iterator/-/stop-iteration-iterator-1.1.0.tgz 0ms (cache hit)
5542 http cache typed-array-length@https://registry.npmjs.org/typed-array-length/-/typed-array-length-1.0.7.tgz 0ms (cache hit)
5543 http cache string.prototype.trim@https://registry.npmjs.org/string.prototype.trim/-/string.prototype.trim-1.2.10.tgz 0ms (cache hit)
5544 http cache typed-array-byte-length@https://registry.npmjs.org/typed-array-byte-length/-/typed-array-byte-length-1.0.3.tgz 0ms (cache hit)
5545 http cache set-proto@https://registry.npmjs.org/set-proto/-/set-proto-1.0.0.tgz 0ms (cache hit)
5546 http cache @babel/plugin-syntax-typescript@https://registry.npmjs.org/@babel/plugin-syntax-typescript/-/plugin-syntax-typescript-7.28.6.tgz 0ms (cache hit)
5547 http cache safe-regex-test@https://registry.npmjs.org/safe-regex-test/-/safe-regex-test-1.1.0.tgz 0ms (cache hit)
5548 http cache regexp.prototype.flags@https://registry.npmjs.org/regexp.prototype.flags/-/regexp.prototype.flags-1.5.4.tgz 0ms (cache hit)
5549 http cache is-typed-array@https://registry.npmjs.org/is-typed-array/-/is-typed-array-1.1.15.tgz 0ms (cache hit)
5550 http cache is-weakref@https://registry.npmjs.org/is-weakref/-/is-weakref-1.1.1.tgz 0ms (cache hit)
5551 http cache object.assign@https://registry.npmjs.org/object.assign/-/object.assign-4.1.7.tgz 0ms (cache hit)
5552 http cache is-shared-array-buffer@https://registry.npmjs.org/is-shared-array-buffer/-/is-shared-array-buffer-1.0.4.tgz 0ms (cache hit)
5553 http cache safe-array-concat@https://registry.npmjs.org/safe-array-concat/-/safe-array-concat-1.1.3.tgz 0ms (cache hit)
5554 http cache is-set@https://registry.npmjs.org/is-set/-/is-set-2.0.3.tgz 0ms (cache hit)
5555 http cache is-regex@https://registry.npmjs.org/is-regex/-/is-regex-1.2.1.tgz 0ms (cache hit)
5556 http cache typed-array-buffer@https://registry.npmjs.org/typed-array-buffer/-/typed-array-buffer-1.0.3.tgz 0ms (cache hit)
5557 http cache is-callable@https://registry.npmjs.org/is-callable/-/is-callable-1.2.7.tgz 0ms (cache hit)
5558 http cache promise@https://registry.npmjs.org/promise/-/promise-8.3.0.tgz 0ms (cache hit)
5559 http cache unbox-primitive@https://registry.npmjs.org/unbox-primitive/-/unbox-primitive-1.1.0.tgz 0ms (cache hit)
5560 http cache internal-slot@https://registry.npmjs.org/internal-slot/-/internal-slot-1.1.0.tgz 0ms (cache hit)
5561 http cache globalthis@https://registry.npmjs.org/globalthis/-/globalthis-1.0.4.tgz 0ms (cache hit)
5562 http cache is-data-view@https://registry.npmjs.org/is-data-view/-/is-data-view-1.0.2.tgz 0ms (cache hit)
5563 http cache has-proto@https://registry.npmjs.org/has-proto/-/has-proto-1.2.0.tgz 0ms (cache hit)
5564 http cache @babel/plugin-transform-export-namespace-from@https://registry.npmjs.org/@babel/plugin-transform-export-namespace-from/-/plugin-transform-export-namespace-from-7.27.1.tgz 0ms (cache hit)
5565 http cache is-array-buffer@https://registry.npmjs.org/is-array-buffer/-/is-array-buffer-3.0.5.tgz 0ms (cache hit)
5566 http cache data-view-byte-offset@https://registry.npmjs.org/data-view-byte-offset/-/data-view-byte-offset-1.0.1.tgz 0ms (cache hit)
5567 http cache data-view-byte-length@https://registry.npmjs.org/data-view-byte-length/-/data-view-byte-length-1.0.2.tgz 0ms (cache hit)
5568 http cache get-symbol-description@https://registry.npmjs.org/get-symbol-description/-/get-symbol-description-1.1.0.tgz 0ms (cache hit)
5569 http cache array-buffer-byte-length@https://registry.npmjs.org/array-buffer-byte-length/-/array-buffer-byte-length-1.0.2.tgz 0ms (cache hit)
5570 http cache es-set-tostringtag@https://registry.npmjs.org/es-set-tostringtag/-/es-set-tostringtag-2.1.0.tgz 0ms (cache hit)
5571 http cache gopd@https://registry.npmjs.org/gopd/-/gopd-1.2.0.tgz 0ms (cache hit)
5572 http cache has-property-descriptors@https://registry.npmjs.org/has-property-descriptors/-/has-property-descriptors-1.0.2.tgz 0ms (cache hit)
5573 http cache set-function-length@https://registry.npmjs.org/set-function-length/-/set-function-length-1.2.2.tgz 0ms (cache hit)
5574 http cache es-shim-unscopables@https://registry.npmjs.org/es-shim-unscopables/-/es-shim-unscopables-1.1.0.tgz 0ms (cache hit)
5575 http cache data-view-buffer@https://registry.npmjs.org/data-view-buffer/-/data-view-buffer-1.0.2.tgz 0ms (cache hit)
5576 http cache available-typed-arrays@https://registry.npmjs.org/available-typed-arrays/-/available-typed-arrays-1.0.7.tgz 0ms (cache hit)
5577 http cache define-data-property@https://registry.npmjs.org/define-data-property/-/define-data-property-1.1.4.tgz 0ms (cache hit)
5578 http cache call-bind-apply-helpers@https://registry.npmjs.org/call-bind-apply-helpers/-/call-bind-apply-helpers-1.0.2.tgz 0ms (cache hit)
5579 http cache function.prototype.name@https://registry.npmjs.org/function.prototype.name/-/function.prototype.name-1.1.8.tgz 0ms (cache hit)
5580 http cache is-string@https://registry.npmjs.org/is-string/-/is-string-1.1.1.tgz 0ms (cache hit)
5581 http cache function-bind@https://registry.npmjs.org/function-bind/-/function-bind-1.1.2.tgz 0ms (cache hit)
5582 http cache es-to-primitive@https://registry.npmjs.org/es-to-primitive/-/es-to-primitive-1.3.0.tgz 0ms (cache hit)
5583 http cache es-define-property@https://registry.npmjs.org/es-define-property/-/es-define-property-1.0.1.tgz 0ms (cache hit)
5584 http cache define-properties@https://registry.npmjs.org/define-properties/-/define-properties-1.2.1.tgz 0ms (cache hit)
5585 http cache math-intrinsics@https://registry.npmjs.org/math-intrinsics/-/math-intrinsics-1.1.0.tgz 0ms (cache hit)
5586 http cache arraybuffer.prototype.slice@https://registry.npmjs.org/arraybuffer.prototype.slice/-/arraybuffer.prototype.slice-1.0.4.tgz 0ms (cache hit)
5587 http cache get-proto@https://registry.npmjs.org/get-proto/-/get-proto-1.0.1.tgz 0ms (cache hit)
5588 http cache call-bind@https://registry.npmjs.org/call-bind/-/call-bind-1.0.9.tgz 0ms (cache hit)
5589 http cache object.groupby@https://registry.npmjs.org/object.groupby/-/object.groupby-1.0.3.tgz 0ms (cache hit)
5590 http cache object.fromentries@https://registry.npmjs.org/object.fromentries/-/object.fromentries-2.0.8.tgz 0ms (cache hit)
5591 http cache call-bound@https://registry.npmjs.org/call-bound/-/call-bound-1.0.4.tgz 0ms (cache hit)
5592 http cache array.prototype.flat@https://registry.npmjs.org/array.prototype.flat/-/array.prototype.flat-1.3.3.tgz 0ms (cache hit)
5593 http cache is-core-module@https://registry.npmjs.org/is-core-module/-/is-core-module-2.16.1.tgz 0ms (cache hit)
5594 http cache string.prototype.trimend@https://registry.npmjs.org/string.prototype.trimend/-/string.prototype.trimend-1.0.9.tgz 0ms (cache hit)
5595 http cache doctrine@https://registry.npmjs.org/doctrine/-/doctrine-2.1.0.tgz 0ms (cache hit)
5596 http cache stable-hash@https://registry.npmjs.org/stable-hash/-/stable-hash-0.0.5.tgz 0ms (cache hit)
5597 http cache es-object-atoms@https://registry.npmjs.org/es-object-atoms/-/es-object-atoms-1.1.1.tgz 0ms (cache hit)
5598 http cache array.prototype.flatmap@https://registry.npmjs.org/array.prototype.flatmap/-/array.prototype.flatmap-1.3.3.tgz 0ms (cache hit)
5599 http cache array-includes@https://registry.npmjs.org/array-includes/-/array-includes-3.1.9.tgz 0ms (cache hit)
5600 http cache @typescript-eslint/tsconfig-utils@https://registry.npmjs.org/@typescript-eslint/tsconfig-utils/-/tsconfig-utils-8.58.2.tgz 0ms (cache hit)
5601 http cache get-intrinsic@https://registry.npmjs.org/get-intrinsic/-/get-intrinsic-1.3.0.tgz 0ms (cache hit)
5602 http cache get-tsconfig@https://registry.npmjs.org/get-tsconfig/-/get-tsconfig-4.14.0.tgz 0ms (cache hit)
5603 http cache tinyglobby@https://registry.npmjs.org/tinyglobby/-/tinyglobby-0.2.16.tgz 0ms (cache hit)
5604 http cache array.prototype.findlastindex@https://registry.npmjs.org/array.prototype.findlastindex/-/array.prototype.findlastindex-1.2.6.tgz 0ms (cache hit)
5605 http cache is-bun-module@https://registry.npmjs.org/is-bun-module/-/is-bun-module-2.0.0.tgz 0ms (cache hit)
5606 http cache own-keys@https://registry.npmjs.org/own-keys/-/own-keys-1.0.1.tgz 0ms (cache hit)
5607 http cache ts-api-utils@https://registry.npmjs.org/ts-api-utils/-/ts-api-utils-2.5.0.tgz 0ms (cache hit)
5608 http cache @typescript-eslint/project-service@https://registry.npmjs.org/@typescript-eslint/project-service/-/project-service-8.58.2.tgz 0ms (cache hit)
5609 http cache @typescript-eslint/visitor-keys@https://registry.npmjs.org/@typescript-eslint/visitor-keys/-/visitor-keys-8.58.2.tgz 0ms (cache hit)
5610 http cache eslint-plugin-react-hooks@https://registry.npmjs.org/eslint-plugin-react-hooks/-/eslint-plugin-react-hooks-5.2.0.tgz 0ms (cache hit)
5611 http cache @typescript-eslint/parser@https://registry.npmjs.org/@typescript-eslint/parser/-/parser-8.58.2.tgz 0ms (cache hit)
5612 http cache es-errors@https://registry.npmjs.org/es-errors/-/es-errors-1.3.0.tgz 0ms (cache hit)
5613 http cache @humanfs/types@https://registry.npmjs.org/@humanfs/types/-/types-0.15.0.tgz 0ms (cache hit)
5614 http cache fast-json-stable-stringify@https://registry.npmjs.org/fast-json-stable-stringify/-/fast-json-stable-stringify-2.1.0.tgz 0ms (cache hit)
5615 http cache levn@https://registry.npmjs.org/levn/-/levn-0.4.1.tgz 0ms (cache hit)
5616 http cache @humanfs/core@https://registry.npmjs.org/@humanfs/core/-/core-0.19.2.tgz 0ms (cache hit)
5617 http cache eslint-import-resolver-typescript@https://registry.npmjs.org/eslint-import-resolver-typescript/-/eslint-import-resolver-typescript-3.10.1.tgz 0ms (cache hit)
5618 http cache eslint-visitor-keys@https://registry.npmjs.org/eslint-visitor-keys/-/eslint-visitor-keys-4.2.1.tgz 0ms (cache hit)
5619 http cache esutils@https://registry.npmjs.org/esutils/-/esutils-2.0.3.tgz 0ms (cache hit)
5620 http cache json-stable-stringify-without-jsonify@https://registry.npmjs.org/json-stable-stringify-without-jsonify/-/json-stable-stringify-without-jsonify-1.0.1.tgz 0ms (cache hit)
5621 http cache esquery@https://registry.npmjs.org/esquery/-/esquery-1.7.0.tgz 0ms (cache hit)
5622 http cache eslint-scope@https://registry.npmjs.org/eslint-scope/-/eslint-scope-8.4.0.tgz 0ms (cache hit)
5623 http cache chalk@https://registry.npmjs.org/chalk/-/chalk-4.1.2.tgz 0ms (cache hit)
5624 http cache optionator@https://registry.npmjs.org/optionator/-/optionator-0.9.4.tgz 0ms (cache hit)
5625 http cache object.values@https://registry.npmjs.org/object.values/-/object.values-1.2.1.tgz 0ms (cache hit)
5626 http cache @humanwhocodes/retry@https://registry.npmjs.org/@humanwhocodes/retry/-/retry-0.4.3.tgz 0ms (cache hit)
5627 http cache espree@https://registry.npmjs.org/espree/-/espree-10.4.0.tgz 0ms (cache hit)
5628 http cache @humanfs/node@https://registry.npmjs.org/@humanfs/node/-/node-0.16.8.tgz 0ms (cache hit)
5629 http cache @humanwhocodes/module-importer@https://registry.npmjs.org/@humanwhocodes/module-importer/-/module-importer-1.0.1.tgz 0ms (cache hit)
5630 http cache object-keys@https://registry.npmjs.org/object-keys/-/object-keys-1.1.1.tgz 0ms (cache hit)
5631 http cache hasown@https://registry.npmjs.org/hasown/-/hasown-2.0.3.tgz 0ms (cache hit)
5632 http cache safe-push-apply@https://registry.npmjs.org/safe-push-apply/-/safe-push-apply-1.0.0.tgz 0ms (cache hit)
5633 http cache react-is@https://registry.npmjs.org/react-is/-/react-is-19.2.5.tgz 0ms (cache hit)
5634 http cache fast-deep-equal@https://registry.npmjs.org/fast-deep-equal/-/fast-deep-equal-3.1.3.tgz 0ms (cache hit)
5635 http cache sf-symbols-typescript@https://registry.npmjs.org/sf-symbols-typescript/-/sf-symbols-typescript-2.2.0.tgz 0ms (cache hit)
5636 http cache @babel/helper-string-parser@https://registry.npmjs.org/@babel/helper-string-parser/-/helper-string-parser-7.27.1.tgz 0ms (cache hit)
5637 http cache @babel/helper-module-imports@https://registry.npmjs.org/@babel/helper-module-imports/-/helper-module-imports-7.28.6.tgz 0ms (cache hit)
5638 http cache @babel/helper-validator-option@https://registry.npmjs.org/@babel/helper-validator-option/-/helper-validator-option-7.27.1.tgz 0ms (cache hit)
5639 http cache @babel/compat-data@https://registry.npmjs.org/@babel/compat-data/-/compat-data-7.29.0.tgz 0ms (cache hit)
5640 http cache debug@https://registry.npmjs.org/debug/-/debug-4.4.3.tgz 0ms (cache hit)
5641 http cache @jridgewell/trace-mapping@https://registry.npmjs.org/@jridgewell/trace-mapping/-/trace-mapping-0.3.31.tgz 0ms (cache hit)
5642 http cache @babel/helper-validator-identifier@https://registry.npmjs.org/@babel/helper-validator-identifier/-/helper-validator-identifier-7.28.5.tgz 0ms (cache hit)
5643 http cache @jridgewell/remapping@https://registry.npmjs.org/@jridgewell/remapping/-/remapping-2.3.5.tgz 0ms (cache hit)
5644 http cache gensync@https://registry.npmjs.org/gensync/-/gensync-1.0.0-beta.2.tgz 0ms (cache hit)
5645 http cache @babel/template@https://registry.npmjs.org/@babel/template/-/template-7.28.6.tgz 0ms (cache hit)
5646 http cache @babel/helper-compilation-targets@https://registry.npmjs.org/@babel/helper-compilation-targets/-/helper-compilation-targets-7.28.6.tgz 0ms (cache hit)
5647 http cache @babel/helper-module-transforms@https://registry.npmjs.org/@babel/helper-module-transforms/-/helper-module-transforms-7.28.6.tgz 0ms (cache hit)
5648 http cache @jridgewell/sourcemap-codec@https://registry.npmjs.org/@jridgewell/sourcemap-codec/-/sourcemap-codec-1.5.5.tgz 0ms (cache hit)
5649 http cache expo-symbols@https://registry.npmjs.org/expo-symbols/-/expo-symbols-1.0.8.tgz 0ms (cache hit)
5650 http cache expo-status-bar@https://registry.npmjs.org/expo-status-bar/-/expo-status-bar-3.0.9.tgz 0ms (cache hit)
5651 http cache @types/react@https://registry.npmjs.org/@types/react/-/react-19.1.17.tgz 0ms (cache hit)
5652 http cache @babel/code-frame@https://registry.npmjs.org/@babel/code-frame/-/code-frame-7.29.0.tgz 0ms (cache hit)
5653 http cache react@https://registry.npmjs.org/react/-/react-19.1.0.tgz 0ms (cache hit)
5654 http cache is-negative-zero@https://registry.npmjs.org/is-negative-zero/-/is-negative-zero-2.0.3.tgz 0ms (cache hit)
5655 http cache chalk@https://registry.npmjs.org/chalk/-/chalk-2.4.2.tgz 0ms (cache hit)
5656 http cache react-dom@https://registry.npmjs.org/react-dom/-/react-dom-19.1.0.tgz 0ms (cache hit)
5657 http cache chalk@https://registry.npmjs.org/chalk/-/chalk-2.4.2.tgz 0ms (cache hit)
5658 http cache debug@https://registry.npmjs.org/debug/-/debug-3.2.7.tgz 0ms (cache hit)
5659 http cache negotiator@https://registry.npmjs.org/negotiator/-/negotiator-0.6.4.tgz 0ms (cache hit)
5660 http cache debug@https://registry.npmjs.org/debug/-/debug-2.6.9.tgz 0ms (cache hit)
5661 http cache chalk@https://registry.npmjs.org/chalk/-/chalk-2.4.2.tgz 0ms (cache hit)
5662 http cache react-is@https://registry.npmjs.org/react-is/-/react-is-16.13.1.tgz 0ms (cache hit)
5663 http cache debug@https://registry.npmjs.org/debug/-/debug-2.6.9.tgz 0ms (cache hit)
5664 http cache commander@https://registry.npmjs.org/commander/-/commander-2.20.3.tgz 0ms (cache hit)
5665 http cache ws@https://registry.npmjs.org/ws/-/ws-6.2.3.tgz 0ms (cache hit)
5666 http cache debug@https://registry.npmjs.org/debug/-/debug-2.6.9.tgz 0ms (cache hit)
5667 http cache source-map@https://registry.npmjs.org/source-map/-/source-map-0.6.1.tgz 0ms (cache hit)
5668 http cache debug@https://registry.npmjs.org/debug/-/debug-2.6.9.tgz 0ms (cache hit)
5669 http cache debug@https://registry.npmjs.org/debug/-/debug-2.6.9.tgz 0ms (cache hit)
5670 http cache @radix-ui/react-primitive@https://registry.npmjs.org/@radix-ui/react-primitive/-/react-primitive-2.1.3.tgz 0ms (cache hit)
5671 http cache @radix-ui/react-slot@https://registry.npmjs.org/@radix-ui/react-slot/-/react-slot-1.2.3.tgz 0ms (cache hit)
5672 http cache @radix-ui/react-focus-scope@https://registry.npmjs.org/@radix-ui/react-focus-scope/-/react-focus-scope-1.1.7.tgz 0ms (cache hit)
5673 http cache promise@https://registry.npmjs.org/promise/-/promise-7.3.1.tgz 0ms (cache hit)
5674 http cache @radix-ui/react-dialog@https://registry.npmjs.org/@radix-ui/react-dialog/-/react-dialog-1.1.15.tgz 0ms (cache hit)
5675 http cache @radix-ui/react-dismissable-layer@https://registry.npmjs.org/@radix-ui/react-dismissable-layer/-/react-dismissable-layer-1.1.11.tgz 0ms (cache hit)
5676 http cache @radix-ui/react-portal@https://registry.npmjs.org/@radix-ui/react-portal/-/react-portal-1.1.9.tgz 0ms (cache hit)
5677 http cache commander@https://registry.npmjs.org/commander/-/commander-4.1.1.tgz 0ms (cache hit)
5678 http cache @radix-ui/react-presence@https://registry.npmjs.org/@radix-ui/react-presence/-/react-presence-1.1.5.tgz 0ms (cache hit)
5679 http cache webidl-conversions@https://registry.npmjs.org/webidl-conversions/-/webidl-conversions-5.0.0.tgz 0ms (cache hit)
5680 http cache react-is@https://registry.npmjs.org/react-is/-/react-is-18.3.1.tgz 0ms (cache hit)
5681 http cache brace-expansion@https://registry.npmjs.org/brace-expansion/-/brace-expansion-2.1.0.tgz 0ms (cache hit)
5682 http cache brace-expansion@https://registry.npmjs.org/brace-expansion/-/brace-expansion-2.1.0.tgz 0ms (cache hit)
5683 http cache xmlbuilder@https://registry.npmjs.org/xmlbuilder/-/xmlbuilder-11.0.1.tgz 0ms (cache hit)
5684 http cache @babel/code-frame@https://registry.npmjs.org/@babel/code-frame/-/code-frame-7.10.4.tgz 0ms (cache hit)
5685 http cache debug@https://registry.npmjs.org/debug/-/debug-3.2.7.tgz 0ms (cache hit)
5686 http cache debug@https://registry.npmjs.org/debug/-/debug-3.2.7.tgz 0ms (cache hit)
5687 http cache react-is@https://registry.npmjs.org/react-is/-/react-is-16.13.1.tgz 0ms (cache hit)
5688 http cache fdir@https://registry.npmjs.org/fdir/-/fdir-6.5.0.tgz 0ms (cache hit)
5689 http cache picomatch@https://registry.npmjs.org/picomatch/-/picomatch-4.0.4.tgz 0ms (cache hit)
5690 http cache eslint-visitor-keys@https://registry.npmjs.org/eslint-visitor-keys/-/eslint-visitor-keys-5.0.1.tgz 0ms (cache hit)
5691 http cache memoize-one@https://registry.npmjs.org/memoize-one/-/memoize-one-6.0.0.tgz 0ms (cache hit)
5692 http cache debug@https://registry.npmjs.org/debug/-/debug-3.2.7.tgz 0ms (cache hit)
5693 http cache @radix-ui/react-collection@https://registry.npmjs.org/@radix-ui/react-collection/-/react-collection-1.1.7.tgz 0ms (cache hit)
5694 http cache @radix-ui/react-slot@https://registry.npmjs.org/@radix-ui/react-slot/-/react-slot-1.2.3.tgz 0ms (cache hit)
5695 http cache @radix-ui/react-primitive@https://registry.npmjs.org/@radix-ui/react-primitive/-/react-primitive-2.1.3.tgz 0ms (cache hit)
5696 http cache @radix-ui/react-slot@https://registry.npmjs.org/@radix-ui/react-slot/-/react-slot-1.2.3.tgz 0ms (cache hit)
5697 http cache @radix-ui/react-presence@https://registry.npmjs.org/@radix-ui/react-presence/-/react-presence-1.1.5.tgz 0ms (cache hit)
5698 http cache commander@https://registry.npmjs.org/commander/-/commander-12.1.0.tgz 0ms (cache hit)
5699 http cache brace-expansion@https://registry.npmjs.org/brace-expansion/-/brace-expansion-2.1.0.tgz 0ms (cache hit)
5700 http cache @radix-ui/react-tabs@https://registry.npmjs.org/@radix-ui/react-tabs/-/react-tabs-1.1.13.tgz 0ms (cache hit)
5701 http cache @babel/helper-globals@https://registry.npmjs.org/@babel/helper-globals/-/helper-globals-7.28.0.tgz 0ms (cache hit)
5702 http cache ws@https://registry.npmjs.org/ws/-/ws-6.2.3.tgz 0ms (cache hit)
5703 http cache picomatch@https://registry.npmjs.org/picomatch/-/picomatch-3.0.2.tgz 0ms (cache hit)
5704 http cache ws@https://registry.npmjs.org/ws/-/ws-8.20.0.tgz 0ms (cache hit)
5705 http cache @radix-ui/react-roving-focus@https://registry.npmjs.org/@radix-ui/react-roving-focus/-/react-roving-focus-1.1.11.tgz 0ms (cache hit)
5706 http cache eslint-visitor-keys@https://registry.npmjs.org/eslint-visitor-keys/-/eslint-visitor-keys-3.4.3.tgz 0ms (cache hit)
5707 http cache type-fest@https://registry.npmjs.org/type-fest/-/type-fest-0.21.3.tgz 0ms (cache hit)
5708 http cache esprima@https://registry.npmjs.org/esprima/-/esprima-4.0.1.tgz 0ms (cache hit)
5709 http cache mime@https://registry.npmjs.org/mime/-/mime-1.6.0.tgz 0ms (cache hit)
5710 http cache napi-postinstall@https://registry.npmjs.org/napi-postinstall/-/napi-postinstall-0.3.4.tgz 0ms (cache hit)
5711 http cache regjsparser@https://registry.npmjs.org/regjsparser/-/regjsparser-0.13.1.tgz 0ms (cache hit)
5712 http cache ua-parser-js@https://registry.npmjs.org/ua-parser-js/-/ua-parser-js-1.0.41.tgz 0ms (cache hit)
5713 http cache rc@https://registry.npmjs.org/rc/-/rc-1.2.8.tgz 0ms (cache hit)
5714 http cache mkdirp@https://registry.npmjs.org/mkdirp/-/mkdirp-1.0.4.tgz 0ms (cache hit)
5715 http cache metro-symbolicate@https://registry.npmjs.org/metro-symbolicate/-/metro-symbolicate-0.83.3.tgz 0ms (cache hit)
5716 http cache acorn@https://registry.npmjs.org/acorn/-/acorn-8.16.0.tgz 0ms (cache hit)
5717 http cache which@https://registry.npmjs.org/which/-/which-2.0.2.tgz 1ms (cache hit)
5718 http cache nanoid@https://registry.npmjs.org/nanoid/-/nanoid-3.3.11.tgz 0ms (cache hit)
5719 http cache baseline-browser-mapping@https://registry.npmjs.org/baseline-browser-mapping/-/baseline-browser-mapping-2.10.20.tgz 0ms (cache hit)
5720 http cache jsesc@https://registry.npmjs.org/jsesc/-/jsesc-3.1.0.tgz 1ms (cache hit)
5721 http cache semver@https://registry.npmjs.org/semver/-/semver-6.3.1.tgz 0ms (cache hit)
5722 http cache json5@https://registry.npmjs.org/json5/-/json5-2.2.3.tgz 0ms (cache hit)
5723 http cache @babel/parser@https://registry.npmjs.org/@babel/parser/-/parser-7.29.2.tgz 0ms (cache hit)
5724 http cache semver@https://registry.npmjs.org/semver/-/semver-7.7.4.tgz 0ms (cache hit)
5725 http cache semver@https://registry.npmjs.org/semver/-/semver-7.7.4.tgz 0ms (cache hit)
5726 http cache semver@https://registry.npmjs.org/semver/-/semver-7.7.4.tgz 0ms (cache hit)
5727 http cache semver@https://registry.npmjs.org/semver/-/semver-7.7.4.tgz 0ms (cache hit)
5728 http cache semver@https://registry.npmjs.org/semver/-/semver-7.7.4.tgz 0ms (cache hit)
5729 http cache semver@https://registry.npmjs.org/semver/-/semver-7.7.4.tgz 0ms (cache hit)
5730 http cache json5@https://registry.npmjs.org/json5/-/json5-1.0.2.tgz 0ms (cache hit)
5731 http cache semver@https://registry.npmjs.org/semver/-/semver-7.7.4.tgz 0ms (cache hit)
5732 http cache semver@https://registry.npmjs.org/semver/-/semver-7.7.4.tgz 0ms (cache hit)
5733 http cache semver@https://registry.npmjs.org/semver/-/semver-7.7.4.tgz 0ms (cache hit)
5734 http cache semver@https://registry.npmjs.org/semver/-/semver-7.6.3.tgz 0ms (cache hit)
5735 http cache semver@https://registry.npmjs.org/semver/-/semver-7.7.4.tgz 0ms (cache hit)
5736 http cache semver@https://registry.npmjs.org/semver/-/semver-7.7.4.tgz 0ms (cache hit)
5737 http cache semver@https://registry.npmjs.org/semver/-/semver-7.7.2.tgz 0ms (cache hit)
5738 http cache semver@https://registry.npmjs.org/semver/-/semver-7.7.4.tgz 0ms (cache hit)
5739 http cache react-remove-scroll-bar@https://registry.npmjs.org/react-remove-scroll-bar/-/react-remove-scroll-bar-2.3.8.tgz 0ms (cache hit)
5740 http cache react-style-singleton@https://registry.npmjs.org/react-style-singleton/-/react-style-singleton-2.2.3.tgz 0ms (cache hit)
5741 http cache use-callback-ref@https://registry.npmjs.org/use-callback-ref/-/use-callback-ref-1.3.3.tgz 0ms (cache hit)
5742 http cache get-nonce@https://registry.npmjs.org/get-nonce/-/get-nonce-1.0.1.tgz 0ms (cache hit)
5743 http cache use-sidecar@https://registry.npmjs.org/use-sidecar/-/use-sidecar-1.1.3.tgz 0ms (cache hit)
5744 http cache chownr@https://registry.npmjs.org/chownr/-/chownr-3.0.0.tgz 0ms (cache hit)
5745 http cache react-remove-scroll@https://registry.npmjs.org/react-remove-scroll/-/react-remove-scroll-2.7.2.tgz 0ms (cache hit)
5746 http cache aria-hidden@https://registry.npmjs.org/aria-hidden/-/aria-hidden-1.2.6.tgz 0ms (cache hit)
5747 http cache minizlib@https://registry.npmjs.org/minizlib/-/minizlib-3.1.0.tgz 0ms (cache hit)
5748 http cache @isaacs/fs-minipass@https://registry.npmjs.org/@isaacs/fs-minipass/-/fs-minipass-4.0.1.tgz 0ms (cache hit)
5749 http cache wonka@https://registry.npmjs.org/wonka/-/wonka-6.3.6.tgz 0ms (cache hit)
5750 http cache prompts@https://registry.npmjs.org/prompts/-/prompts-2.4.2.tgz 0ms (cache hit)
5751 http cache @expo/package-manager@https://registry.npmjs.org/@expo/package-manager/-/package-manager-1.10.4.tgz 0ms (cache hit)
5752 http cache node-forge@https://registry.npmjs.org/node-forge/-/node-forge-1.4.0.tgz 0ms (cache hit)
5753 http cache tar@https://registry.npmjs.org/tar/-/tar-7.5.13.tgz 0ms (cache hit)
5754 http cache yargs-parser@https://registry.npmjs.org/yargs-parser/-/yargs-parser-21.1.1.tgz 0ms (cache hit)
5755 http cache plist@https://registry.npmjs.org/plist/-/plist-3.1.0.tgz 0ms (cache hit)
5756 http cache cliui@https://registry.npmjs.org/cliui/-/cliui-8.0.1.tgz 0ms (cache hit)
5757 http cache @expo/devcert@https://registry.npmjs.org/@expo/devcert/-/devcert-1.2.1.tgz 0ms (cache hit)
5758 http cache @expo/code-signing-certificates@https://registry.npmjs.org/@expo/code-signing-certificates/-/code-signing-certificates-0.0.6.tgz 0ms (cache hit)
5759 http cache depd@https://registry.npmjs.org/depd/-/depd-2.0.0.tgz 0ms (cache hit)
5760 http cache @expo/ws-tunnel@https://registry.npmjs.org/@expo/ws-tunnel/-/ws-tunnel-1.0.6.tgz 0ms (cache hit)
5761 http cache fbjs@https://registry.npmjs.org/fbjs/-/fbjs-3.0.5.tgz 0ms (cache hit)
5762 http cache @sinonjs/commons@https://registry.npmjs.org/@sinonjs/commons/-/commons-3.0.1.tgz 0ms (cache hit)
5763 http cache babel-preset-current-node-syntax@https://registry.npmjs.org/babel-preset-current-node-syntax/-/babel-preset-current-node-syntax-1.2.0.tgz 0ms (cache hit)
5764 http cache chromium-edge-launcher@https://registry.npmjs.org/chromium-edge-launcher/-/chromium-edge-launcher-0.2.0.tgz 0ms (cache hit)
5765 http cache jest-haste-map@https://registry.npmjs.org/jest-haste-map/-/jest-haste-map-29.7.0.tgz 0ms (cache hit)
5766 http cache vlq@https://registry.npmjs.org/vlq/-/vlq-1.0.1.tgz 0ms (cache hit)
5767 http cache ob1@https://registry.npmjs.org/ob1/-/ob1-0.83.3.tgz 0ms (cache hit)
5768 http cache @types/node@https://registry.npmjs.org/@types/node/-/node-25.6.0.tgz 0ms (cache hit)
5769 http cache minipass@https://registry.npmjs.org/minipass/-/minipass-7.1.3.tgz 0ms (cache hit)
5770 http cache path-scurry@https://registry.npmjs.org/path-scurry/-/path-scurry-2.0.2.tgz 0ms (cache hit)
5771 http cache jest-worker@https://registry.npmjs.org/jest-worker/-/jest-worker-29.7.0.tgz 0ms (cache hit)
5772 http cache @babel/helper-define-polyfill-provider@https://registry.npmjs.org/@babel/helper-define-polyfill-provider/-/helper-define-polyfill-provider-0.6.8.tgz 0ms (cache hit)
5773 http cache babel-plugin-syntax-hermes-parser@https://registry.npmjs.org/babel-plugin-syntax-hermes-parser/-/babel-plugin-syntax-hermes-parser-0.29.1.tgz 0ms (cache hit)
5774 http cache @react-native/babel-preset@https://registry.npmjs.org/@react-native/babel-preset/-/babel-preset-0.81.5.tgz 0ms (cache hit)
5775 http cache xmlbuilder@https://registry.npmjs.org/xmlbuilder/-/xmlbuilder-15.1.1.tgz 0ms (cache hit)
5776 http cache @babel/plugin-transform-runtime@https://registry.npmjs.org/@babel/plugin-transform-runtime/-/plugin-transform-runtime-7.29.0.tgz 0ms (cache hit)
5777 http cache @babel/plugin-transform-regenerator@https://registry.npmjs.org/@babel/plugin-transform-regenerator/-/plugin-transform-regenerator-7.29.0.tgz 0ms (cache hit)
5778 http cache metro-transform-worker@https://registry.npmjs.org/metro-transform-worker/-/metro-transform-worker-0.83.3.tgz 0ms (cache hit)
5779 http cache metro-source-map@https://registry.npmjs.org/metro-source-map/-/metro-source-map-0.83.3.tgz 0ms (cache hit)
5780 http cache metro-resolver@https://registry.npmjs.org/metro-resolver/-/metro-resolver-0.83.3.tgz 0ms (cache hit)
5781 http cache metro-config@https://registry.npmjs.org/metro-config/-/metro-config-0.83.3.tgz 0ms (cache hit)
5782 http cache metro-core@https://registry.npmjs.org/metro-core/-/metro-core-0.83.3.tgz 0ms (cache hit)
5783 http cache @expo/sdk-runtime-versions@https://registry.npmjs.org/@expo/sdk-runtime-versions/-/sdk-runtime-versions-1.0.0.tgz 0ms (cache hit)
5784 http cache metro-transform-plugins@https://registry.npmjs.org/metro-transform-plugins/-/metro-transform-plugins-0.83.3.tgz 0ms (cache hit)
5785 http cache xcode@https://registry.npmjs.org/xcode/-/xcode-3.0.1.tgz 0ms (cache hit)
5786 http cache metro-cache@https://registry.npmjs.org/metro-cache/-/metro-cache-0.83.3.tgz 0ms (cache hit)
5787 http cache glob@https://registry.npmjs.org/glob/-/glob-13.0.6.tgz 0ms (cache hit)
5788 http cache @ungap/structured-clone@https://registry.npmjs.org/@ungap/structured-clone/-/structured-clone-1.3.0.tgz 0ms (cache hit)
5789 http cache @babel/runtime@https://registry.npmjs.org/@babel/runtime/-/runtime-7.29.2.tgz 0ms (cache hit)
5790 http cache @expo/devtools@https://registry.npmjs.org/@expo/devtools/-/devtools-0.1.8.tgz 0ms (cache hit)
5791 http cache es-iterator-helpers@https://registry.npmjs.org/es-iterator-helpers/-/es-iterator-helpers-1.3.2.tgz 0ms (cache hit)
5792 http cache object-inspect@https://registry.npmjs.org/object-inspect/-/object-inspect-1.13.4.tgz 0ms (cache hit)
5793 http cache @expo/config@https://registry.npmjs.org/@expo/config/-/config-12.0.13.tgz 0ms (cache hit)
5794 http cache has-tostringtag@https://registry.npmjs.org/has-tostringtag/-/has-tostringtag-1.0.2.tgz 0ms (cache hit)
5795 http cache has-symbols@https://registry.npmjs.org/has-symbols/-/has-symbols-1.1.0.tgz 0ms (cache hit)
5796 http cache @typescript-eslint/types@https://registry.npmjs.org/@typescript-eslint/types/-/types-8.58.2.tgz 0ms (cache hit)
5797 http cache @typescript-eslint/typescript-estree@https://registry.npmjs.org/@typescript-eslint/typescript-estree/-/typescript-estree-8.58.2.tgz 0ms (cache hit)
5798 http cache @typescript-eslint/type-utils@https://registry.npmjs.org/@typescript-eslint/type-utils/-/type-utils-8.58.2.tgz 0ms (cache hit)
5799 http cache @typescript-eslint/scope-manager@https://registry.npmjs.org/@typescript-eslint/scope-manager/-/scope-manager-8.58.2.tgz 0ms (cache hit)
5800 http cache json-schema-traverse@https://registry.npmjs.org/json-schema-traverse/-/json-schema-traverse-0.4.1.tgz 0ms (cache hit)
5801 http cache eslint-plugin-import@https://registry.npmjs.org/eslint-plugin-import/-/eslint-plugin-import-2.32.0.tgz 0ms (cache hit)
5802 http cache @eslint/object-schema@https://registry.npmjs.org/@eslint/object-schema/-/object-schema-2.1.7.tgz 0ms (cache hit)
5803 http cache eslint-plugin-expo@https://registry.npmjs.org/eslint-plugin-expo/-/eslint-plugin-expo-1.0.0.tgz 0ms (cache hit)
5804 http cache cross-spawn@https://registry.npmjs.org/cross-spawn/-/cross-spawn-7.0.6.tgz 0ms (cache hit)
5805 http cache @eslint/config-helpers@https://registry.npmjs.org/@eslint/config-helpers/-/config-helpers-0.4.2.tgz 0ms (cache hit)
5806 http cache ajv@https://registry.npmjs.org/ajv/-/ajv-6.14.0.tgz 0ms (cache hit)
5807 http cache @eslint/core@https://registry.npmjs.org/@eslint/core/-/core-0.17.0.tgz 0ms (cache hit)
5808 http cache @eslint/js@https://registry.npmjs.org/@eslint/js/-/js-9.39.4.tgz 0ms (cache hit)
5809 http cache @eslint/plugin-kit@https://registry.npmjs.org/@eslint/plugin-kit/-/plugin-kit-0.4.1.tgz 0ms (cache hit)
5810 http cache eslint-plugin-react@https://registry.npmjs.org/eslint-plugin-react/-/eslint-plugin-react-7.37.5.tgz 0ms (cache hit)
5811 http cache caniuse-lite@https://registry.npmjs.org/caniuse-lite/-/caniuse-lite-1.0.30001788.tgz 0ms (cache hit)
5812 http cache @eslint/eslintrc@https://registry.npmjs.org/@eslint/eslintrc/-/eslintrc-3.3.5.tgz 0ms (cache hit)
5813 http cache getenv@https://registry.npmjs.org/getenv/-/getenv-2.0.0.tgz 0ms (cache hit)
5814 http cache node-releases@https://registry.npmjs.org/node-releases/-/node-releases-2.0.37.tgz 0ms (cache hit)
5815 http cache use-sync-external-store@https://registry.npmjs.org/use-sync-external-store/-/use-sync-external-store-1.6.0.tgz 0ms (cache hit)
5816 http cache @jridgewell/resolve-uri@https://registry.npmjs.org/@jridgewell/resolve-uri/-/resolve-uri-3.1.2.tgz 0ms (cache hit)
5817 http cache @jridgewell/gen-mapping@https://registry.npmjs.org/@jridgewell/gen-mapping/-/gen-mapping-0.3.13.tgz 0ms (cache hit)
5818 http cache @babel/helpers@https://registry.npmjs.org/@babel/helpers/-/helpers-7.29.2.tgz 0ms (cache hit)
5819 http cache eslint-config-expo@https://registry.npmjs.org/eslint-config-expo/-/eslint-config-expo-10.0.0.tgz 0ms (cache hit)
5820 http cache @babel/generator@https://registry.npmjs.org/@babel/generator/-/generator-7.29.1.tgz 0ms (cache hit)
5821 http cache yallist@https://registry.npmjs.org/yallist/-/yallist-5.0.0.tgz 0ms (cache hit)
5822 http cache lru-cache@https://registry.npmjs.org/lru-cache/-/lru-cache-10.4.3.tgz 0ms (cache hit)
5823 http cache minimatch@https://registry.npmjs.org/minimatch/-/minimatch-10.2.5.tgz 0ms (cache hit)
5824 http cache balanced-match@https://registry.npmjs.org/balanced-match/-/balanced-match-4.0.4.tgz 0ms (cache hit)
5825 http cache minimatch@https://registry.npmjs.org/minimatch/-/minimatch-9.0.9.tgz 0ms (cache hit)
5826 http cache brace-expansion@https://registry.npmjs.org/brace-expansion/-/brace-expansion-5.0.5.tgz 0ms (cache hit)
5827 http cache minimatch@https://registry.npmjs.org/minimatch/-/minimatch-9.0.9.tgz 0ms (cache hit)
5828 http cache brace-expansion@https://registry.npmjs.org/brace-expansion/-/brace-expansion-5.0.5.tgz 0ms (cache hit)
5829 http cache @react-native/virtualized-lists@https://registry.npmjs.org/@react-native/virtualized-lists/-/virtualized-lists-0.81.5.tgz 0ms (cache hit)
5830 http cache minimatch@https://registry.npmjs.org/minimatch/-/minimatch-10.2.5.tgz 0ms (cache hit)
5831 http cache balanced-match@https://registry.npmjs.org/balanced-match/-/balanced-match-4.0.4.tgz 0ms (cache hit)
5832 http cache use-latest-callback@https://registry.npmjs.org/use-latest-callback/-/use-latest-callback-0.2.6.tgz 0ms (cache hit)
5833 http cache qrcode-terminal@https://registry.npmjs.org/qrcode-terminal/-/qrcode-terminal-0.11.0.tgz 0ms (cache hit)
5834 http cache @expo/xcpretty@https://registry.npmjs.org/@expo/xcpretty/-/xcpretty-4.4.3.tgz 0ms (cache hit)
5835 http cache lan-network@https://registry.npmjs.org/lan-network/-/lan-network-0.1.7.tgz 0ms (cache hit)
5836 http cache uuid@https://registry.npmjs.org/uuid/-/uuid-7.0.3.tgz 0ms (cache hit)
5837 http cache minimatch@https://registry.npmjs.org/minimatch/-/minimatch-9.0.9.tgz 0ms (cache hit)
5838 http cache chrome-launcher@https://registry.npmjs.org/chrome-launcher/-/chrome-launcher-0.15.2.tgz 0ms (cache hit)
5839 http cache terser@https://registry.npmjs.org/terser/-/terser-5.46.1.tgz 0ms (cache hit)
5840 http cache image-size@https://registry.npmjs.org/image-size/-/image-size-1.2.1.tgz 0ms (cache hit)
5841 http cache js-yaml@https://registry.npmjs.org/js-yaml/-/js-yaml-4.1.1.tgz 0ms (cache hit)
5842 http cache typescript@https://registry.npmjs.org/typescript/-/typescript-5.9.3.tgz 0ms (cache hit)
5843 warn deprecated inflight@1.0.6: This module is not supported, and leaks memory. Do not use it. Check out lru-cache if you want a good and tested way to coalesce async requests by a key value, which is much more comprehensive and powerful.
5844 http cache undici@https://registry.npmjs.org/undici/-/undici-6.25.0.tgz 0ms (cache hit)
5845 http cache y18n@https://registry.npmjs.org/y18n/-/y18n-5.0.8.tgz 0ms (cache hit)
5846 http cache stream-buffers@https://registry.npmjs.org/stream-buffers/-/stream-buffers-2.2.0.tgz 0ms (cache hit)
5847 http cache inline-style-prefixer@https://registry.npmjs.org/inline-style-prefixer/-/inline-style-prefixer-7.0.1.tgz 0ms (cache hit)
5848 http cache css-in-js-utils@https://registry.npmjs.org/css-in-js-utils/-/css-in-js-utils-3.1.0.tgz 0ms (cache hit)
5849 http cache @egjs/hammerjs@https://registry.npmjs.org/@egjs/hammerjs/-/hammerjs-2.0.17.tgz 0ms (cache hit)
5850 http cache @react-native/dev-middleware@https://registry.npmjs.org/@react-native/dev-middleware/-/dev-middleware-0.81.5.tgz 0ms (cache hit)
5851 http cache @react-native/community-cli-plugin@https://registry.npmjs.org/@react-native/community-cli-plugin/-/community-cli-plugin-0.81.5.tgz 0ms (cache hit)
5852 http cache @babel/traverse--for-generate-function-map@https://registry.npmjs.org/@babel/traverse/-/traverse-7.29.0.tgz 0ms (cache hit)
5853 http cache hermes-estree@https://registry.npmjs.org/hermes-estree/-/hermes-estree-0.29.1.tgz 0ms (cache hit)
5854 http cache exponential-backoff@https://registry.npmjs.org/exponential-backoff/-/exponential-backoff-3.1.3.tgz 0ms (cache hit)
5855 http cache babel-plugin-react-native-web@https://registry.npmjs.org/babel-plugin-react-native-web/-/babel-plugin-react-native-web-0.21.2.tgz 0ms (cache hit)
5856 http cache yargs@https://registry.npmjs.org/yargs/-/yargs-17.7.2.tgz 0ms (cache hit)
5857 http cache hermes-parser@https://registry.npmjs.org/hermes-parser/-/hermes-parser-0.29.1.tgz 0ms (cache hit)
5858 http cache flatted@https://registry.npmjs.org/flatted/-/flatted-3.4.2.tgz 0ms (cache hit)
5859 http cache pretty-format@https://registry.npmjs.org/pretty-format/-/pretty-format-29.7.0.tgz 0ms (cache hit)
5860 http cache metro-runtime@https://registry.npmjs.org/metro-runtime/-/metro-runtime-0.83.3.tgz 0ms (cache hit)
5861 http cache @expo/metro-config@https://registry.npmjs.org/@expo/metro-config/-/metro-config-54.0.14.tgz 0ms (cache hit)
5862 http cache jsx-ast-utils@https://registry.npmjs.org/jsx-ast-utils/-/jsx-ast-utils-3.3.5.tgz 0ms (cache hit)
5863 http cache @expo/config-plugins@https://registry.npmjs.org/@expo/config-plugins/-/config-plugins-54.0.4.tgz 0ms (cache hit)
5864 http cache tsconfig-paths@https://registry.npmjs.org/tsconfig-paths/-/tsconfig-paths-3.15.0.tgz 0ms (cache hit)
5865 http cache @typescript-eslint/eslint-plugin@https://registry.npmjs.org/@typescript-eslint/eslint-plugin/-/eslint-plugin-8.58.2.tgz 0ms (cache hit)
5866 http cache uri-js@https://registry.npmjs.org/uri-js/-/uri-js-4.4.1.tgz 0ms (cache hit)
5867 http cache @eslint/config-array@https://registry.npmjs.org/@eslint/config-array/-/config-array-0.21.2.tgz 0ms (cache hit)
5868 http cache @react-navigation/routers@https://registry.npmjs.org/@react-navigation/routers/-/routers-7.5.3.tgz 0ms (cache hit)
5869 http cache @babel/traverse@https://registry.npmjs.org/@babel/traverse/-/traverse-7.29.0.tgz 0ms (cache hit)
5870 http cache @typescript-eslint/utils@https://registry.npmjs.org/@typescript-eslint/utils/-/utils-8.58.2.tgz 0ms (cache hit)
5871 http cache @babel/types@https://registry.npmjs.org/@babel/types/-/types-7.29.0.tgz 0ms (cache hit)
5872 http cache argparse@https://registry.npmjs.org/argparse/-/argparse-1.0.10.tgz 0ms (cache hit)
5873 http cache lru-cache@https://registry.npmjs.org/lru-cache/-/lru-cache-11.3.5.tgz 0ms (cache hit)
5874 http cache hermes-estree@https://registry.npmjs.org/hermes-estree/-/hermes-estree-0.32.0.tgz 0ms (cache hit)
5875 http cache @babel/core@https://registry.npmjs.org/@babel/core/-/core-7.29.0.tgz 0ms (cache hit)
5876 http cache hermes-parser@https://registry.npmjs.org/hermes-parser/-/hermes-parser-0.32.0.tgz 0ms (cache hit)
5877 http cache hermes-estree@https://registry.npmjs.org/hermes-estree/-/hermes-estree-0.32.0.tgz 0ms (cache hit)
5878 http cache @expo/fingerprint@https://registry.npmjs.org/@expo/fingerprint/-/fingerprint-0.15.4.tgz 0ms (cache hit)
5879 warn deprecated rimraf@3.0.2: Rimraf versions prior to v4 are no longer supported
5880 http cache @react-navigation/native-stack@https://registry.npmjs.org/@react-navigation/native-stack/-/native-stack-7.14.11.tgz 0ms (cache hit)
5881 http cache expo-server@https://registry.npmjs.org/expo-server/-/expo-server-1.0.5.tgz 0ms (cache hit)
5882 http cache @expo/prebuild-config@https://registry.npmjs.org/@expo/prebuild-config/-/prebuild-config-54.0.8.tgz 0ms (cache hit)
5883 http cache metro-file-map@https://registry.npmjs.org/metro-file-map/-/metro-file-map-0.83.3.tgz 1ms (cache hit)
5884 http cache @expo/metro-runtime@https://registry.npmjs.org/@expo/metro-runtime/-/metro-runtime-6.1.2.tgz 0ms (cache hit)
5885 http cache @expo/metro@https://registry.npmjs.org/@expo/metro/-/metro-54.2.0.tgz 0ms (cache hit)
5886 http cache @react-navigation/core@https://registry.npmjs.org/@react-navigation/core/-/core-7.17.2.tgz 0ms (cache hit)
5887 http cache @react-navigation/native@https://registry.npmjs.org/@react-navigation/native/-/native-7.2.2.tgz 0ms (cache hit)
5888 http cache @react-navigation/elements@https://registry.npmjs.org/@react-navigation/elements/-/elements-2.9.14.tgz 0ms (cache hit)
5889 http cache @expo/vector-icons@https://registry.npmjs.org/@expo/vector-icons/-/vector-icons-15.1.1.tgz 0ms (cache hit)
5890 http cache yaml@https://registry.npmjs.org/yaml/-/yaml-2.8.3.tgz 0ms (cache hit)
5891 http cache js-yaml@https://registry.npmjs.org/js-yaml/-/js-yaml-3.14.2.tgz 0ms (cache hit)
5892 warn deprecated glob@7.2.3: Old versions of glob are not supported, and contain widely publicized security vulnerabilities, which have been fixed in the current version. Please update. Support for old versions may be purchased (at exorbitant rates) by contacting i@izs.me
5893 warn deprecated glob@7.2.3: Old versions of glob are not supported, and contain widely publicized security vulnerabilities, which have been fixed in the current version. Please update. Support for old versions may be purchased (at exorbitant rates) by contacting i@izs.me
5894 warn deprecated glob@7.2.3: Old versions of glob are not supported, and contain widely publicized security vulnerabilities, which have been fixed in the current version. Please update. Support for old versions may be purchased (at exorbitant rates) by contacting i@izs.me
5895 warn deprecated glob@7.2.3: Old versions of glob are not supported, and contain widely publicized security vulnerabilities, which have been fixed in the current version. Please update. Support for old versions may be purchased (at exorbitant rates) by contacting i@izs.me
5896 http cache requireg@https://registry.npmjs.org/requireg/-/requireg-0.2.2.tgz 0ms (cache hit)
5897 http cache @react-native/codegen@https://registry.npmjs.org/@react-native/codegen/-/codegen-0.81.5.tgz 0ms (cache hit)
5898 http cache @react-navigation/bottom-tabs@https://registry.npmjs.org/@react-navigation/bottom-tabs/-/bottom-tabs-7.15.9.tgz 0ms (cache hit)
5899 http cache resolve@https://registry.npmjs.org/resolve/-/resolve-1.7.1.tgz 0ms (cache hit)
5900 http cache sucrase@https://registry.npmjs.org/sucrase/-/sucrase-3.35.1.tgz 0ms (cache hit)
5901 http cache resolve@https://registry.npmjs.org/resolve/-/resolve-2.0.0-next.6.tgz 0ms (cache hit)
5902 http cache eslint@https://registry.npmjs.org/eslint/-/eslint-9.39.4.tgz 0ms (cache hit)
5903 http cache resolve@https://registry.npmjs.org/resolve/-/resolve-1.22.12.tgz 0ms (cache hit)
5904 http cache resolve@https://registry.npmjs.org/resolve/-/resolve-1.22.12.tgz 0ms (cache hit)
5905 http cache metro@https://registry.npmjs.org/metro/-/metro-0.83.3.tgz 0ms (cache hit)
5906 http cache @react-native/debugger-frontend@https://registry.npmjs.org/@react-native/debugger-frontend/-/debugger-frontend-0.81.5.tgz 0ms (cache hit)
5907 http cache expo-asset@https://registry.npmjs.org/expo-asset/-/expo-asset-12.0.12.tgz 0ms (cache hit)
5908 http cache expo-keep-awake@https://registry.npmjs.org/expo-keep-awake/-/expo-keep-awake-15.0.8.tgz 0ms (cache hit)
5909 http cache expo-linking@https://registry.npmjs.org/expo-linking/-/expo-linking-8.0.11.tgz 0ms (cache hit)
5910 http cache expo-constants@https://registry.npmjs.org/expo-constants/-/expo-constants-18.0.13.tgz 0ms (cache hit)
5911 http cache expo-font@https://registry.npmjs.org/expo-font/-/expo-font-14.0.11.tgz 0ms (cache hit)
5912 http cache expo-splash-screen@https://registry.npmjs.org/expo-splash-screen/-/expo-splash-screen-31.0.13.tgz 0ms (cache hit)
5913 http cache expo-web-browser@https://registry.npmjs.org/expo-web-browser/-/expo-web-browser-15.0.10.tgz 0ms (cache hit)
5914 http cache expo@https://registry.npmjs.org/expo/-/expo-54.0.33.tgz 1ms (cache hit)
5915 http cache expo-file-system@https://registry.npmjs.org/expo-file-system/-/expo-file-system-19.0.21.tgz 0ms (cache hit)
5916 http cache react-native-worklets@https://registry.npmjs.org/react-native-worklets/-/react-native-worklets-0.5.1.tgz 0ms (cache hit)
5917 http cache expo-system-ui@https://registry.npmjs.org/expo-system-ui/-/expo-system-ui-6.0.9.tgz 0ms (cache hit)
5918 http cache expo-haptics@https://registry.npmjs.org/expo-haptics/-/expo-haptics-15.0.8.tgz 0ms (cache hit)
5919 http cache expo-image@https://registry.npmjs.org/expo-image/-/expo-image-3.0.11.tgz 0ms (cache hit)
5920 http cache react-native-safe-area-context@https://registry.npmjs.org/react-native-safe-area-context/-/react-native-safe-area-context-5.6.2.tgz 0ms (cache hit)
5921 http cache @react-native/gradle-plugin@https://registry.npmjs.org/@react-native/gradle-plugin/-/gradle-plugin-0.81.5.tgz 0ms (cache hit)
5922 http cache expo-modules-autolinking@https://registry.npmjs.org/expo-modules-autolinking/-/expo-modules-autolinking-3.0.24.tgz 0ms (cache hit)
5923 verbose stack Error: ENOTEMPTY: directory not empty, rmdir '/Users/dhyey/Documents/GitHub/GlobeHack/driver-app/node_modules/metro-babel-transformer/node_modules/hermes-parser/dist'
5924 error code ENOTEMPTY
5925 error syscall rmdir
5926 error path /Users/dhyey/Documents/GitHub/GlobeHack/driver-app/node_modules/metro-babel-transformer/node_modules/hermes-parser/dist
5927 error errno -66
5928 error ENOTEMPTY: directory not empty, rmdir '/Users/dhyey/Documents/GitHub/GlobeHack/driver-app/node_modules/metro-babel-transformer/node_modules/hermes-parser/dist'
5929 silly unfinished npm timer reify 1776554778525
5930 silly unfinished npm timer reify:unpack 1776554784613
5931 silly unfinished npm timer reifyNode:node_modules/metro-babel-transformer/node_modules/hermes-parser 1776554784617
5932 silly unfinished npm timer reifyNode:node_modules/expo-modules-core 1776554784618
5933 silly unfinished npm timer reifyNode:node_modules/es-abstract 1776554784619
5934 silly unfinished npm timer reifyNode:node_modules/react-native-web 1776554784621
5935 silly unfinished npm timer reifyNode:node_modules/react-native-reanimated 1776554784621
5936 silly unfinished npm timer reifyNode:node_modules/react-native-gesture-handler 1776554784621
5937 silly unfinished npm timer reifyNode:node_modules/expo-router 1776554784621
5938 silly unfinished npm timer reifyNode:node_modules/react-native-screens 1776554784621
5939 silly unfinished npm timer reifyNode:node_modules/react-native 1776554784621
5940 silly unfinished npm timer reifyNode:node_modules/expo/node_modules/@expo/cli 1776554784621
5941 verbose cwd /Users/dhyey/Documents/GitHub/GlobeHack/driver-app
5942 verbose os Darwin 25.3.0
5943 verbose node v24.14.1
5944 verbose npm  v11.11.0
5945 verbose exit -66
5946 verbose code -66
5947 error A complete log of this run can be found in: /Users/dhyey/Documents/GitHub/GlobeHack/server/.npm-cache/_logs/2026-04-18T23_26_18_276Z-debug-0.log
